{"type": "FeatureCollection", "features": [{"type": "Feature", "geometry": {"type": "LineString", "coordinates": [[-70.40224, -23.64764], [-70.39775, -23.64417]]}, "properties": {"name": "Avenida José Manuel Balmaceda", "highway": "trunk"}}, {"type": "Feature", "geometry": {"type": "LineString", "coordinates": [[-70.40259, -23.64772], [-70.40281, -23.65014], [-70.40263, -23.65194]]}, "properties": {"name": "Avenida Grecia", "highway": "trunk"}}, {"type": "Feature", "geometry": {"type": "LineString", "coordinates": [[-70.39625, -23.64018], [-70.39677, -23.64187]]}, "properties": {"name": "Avenida Séptimo de Linea", "highway": "trunk"}}, {"type": "Feature", "geometry": {"type": "LineString", "coordinates": [[-70.39775, -23.64417], [-70.39676, -23.64271], [-70.39567, -23.63877], [-70.39561, -23.63801]]}, "properties": {"name": "Avenida Séptimo de Linea", "highway": "trunk"}}, {"type": "Feature", "geometry": {"type": "LineString", "coordinates": [[-70.42182, -23.69606], [-70.42189, -23.69652]]}, "properties": {"name": "Avenida Ejército", "highway": "trunk"}}, {"type": "Feature", "geometry": {"type": "LineString", "coordinates": [[-70.28172, -23.69484], [-70.28418, -23.69508], [-70.28632, -23.69562], [-70.29103, -23.69745], [-70.29377, -23.698], [-70.29653, -23.69714], [-70.3034, -23.69602], [-70.30609, -23.69576], [-70.30767, -23.69537], [-70.31048, -23.69596], [-70.31366, -23.69614], [-70.31668, -23.69578], [-70.31832, -23.69621], [-70.32088, -23.69644], [-70.32315, -23.6973], [-70.32477, -23.69861], [-70.32647, -23.69951], [-70.32866, -23.69976], [-70.3309, -23.70063], [-70.3313, -23.70098], [-70.33215, -23.70362], [-70.33399, -23.70554], [-70.33551, -23.70506], [-70.33622, -23.70512], [-70.33863, -23.70371], [-70.33988, -23.70207], [-70.34099, -23.70126], [-70.34399, -23.70066], [-70.34564, -23.69961], [-70.34816, -23.69743], [-70.34946, -23.69601], [-70.35059, -23.69435], [-70.35171, -23.69327], [-70.35338, -23.69194], [-70.35698, -23.68961], [-70.36189, -23.68319], [-70.36247, -23.68213], [-70.36365, -23.67876], [-70.36753, -23.67614], [-70.37022, -23.67317], [-70.37058, -23.67179], [-70.37162, -23.67066], [-70.37216, -23.66977], [-70.37249, -23.66812], [-70.37231, -23.66667], [-70.37105, -23.66203], [-70.37102, -23.66119], [-70.37087, -23.66095], [-70.37047, -23.66106]]}, "properties": {"name": "Ruta B-472", "highway": "tertiary"}}, {"type": "Feature", "geometry": {"type": "LineString", "coordinates": [[-70.38689, -23.63111], [-70.38131, -23.63082]]}, "properties": {"name": "Paraguay", "highway": "tertiary"}}, {"type": "Feature", "geometry": {"type": "LineString", "coordinates": [[-70.38979, -23.642], [-70.3926, -23.64425]]}, "properties": {"name": "Almirante Latorre", "highway": "tertiary"}}, {"type": "Feature", "geometry": {"type": "LineString", "coordinates": [[-70.38192, -23.62566], [-70.38131, -23.62748], [-70.38136, -23.62861]]}, "properties": {"name": "Domingo Faustino Sarmiento", "highway": "secondary"}}, {"type": "Feature", "geometry": {"type": "LineString", "coordinates": [[-70.40252, -23.65214], [-70.40101, -23.65377]]}, "properties": {"name": "Copiapó", "highway": "secondary"}}, {"type": "Feature", "geometry": {"type": "LineString", "coordinates": [[-70.40149, -23.66482], [-70.40138, -23.66152]]}, "properties": {"name": "Avenida Bernardo O'Higgins", "highway": "residential"}}, {"type": "Feature", "geometry": {"type": "LineString", "coordinates": [[-70.37864, -23.63166], [-70.37874, -23.63019]]}, "properties": {"name": "1 Oriente", "highway": "residential"}}, {"type": "Feature", "geometry": {"type": "LineString", "coordinates": [[-70.37972, -23.63044], [-70.37972, -23.63077]]}, "properties": {"name": "Amado Nervo", "highway": "residential"}}, {"type": "Feature", "geometry": {"type": "LineString", "coordinates": [[-70.37972, -23.63077], [-70.37754, -23.63065]]}, "properties": {"name": "El Chaco", "highway": "residential"}}, {"type": "Feature", "geometry": {"type": "LineString", "coordinates": [[-70.38532, -23.6382], [-70.38546, -23.63645]]}, "properties": {"name": "Chiloé", "highway": "residential"}}, {"type": "Feature", "geometry": {"type": "LineString", "coordinates": [[-70.38579, -23.63], [-70.38696, -23.63006]]}, "properties": {"name": "Uruguay", "highway": "residential"}}, {"type": "Feature", "geometry": {"type": "LineString", "coordinates": [[-70.38207, -23.63311], [-70.38218, -23.63086]]}, "properties": {"name": "Peine", "highway": "residential"}}, {"type": "Feature", "geometry": {"type": "LineString", "coordinates": [[-70.38434, -23.63408], [-70.38787, -23.63441]]}, "properties": {"name": "Quito", "highway": "residential"}}, {"type": "Feature", "geometry": {"type": "LineString", "coordinates": [[-70.38391, -23.63204], [-70.38376, -23.63525]]}, "properties": {"name": "Andacollo", "highway": "residential"}}, {"type": "Feature", "geometry": {"type": "LineString", "coordinates": [[-70.38278, -23.63302], [-70.38282, -23.6324]]}, "properties": {"name": "San Pedro", "highway": "living_street"}}, {"type": "Feature", "geometry": {"type": "LineString", "coordinates": [[-70.38361, -23.63414], [-70.38327, -23.63412]]}, "properties": {"name": "Quito", "highway": "residential"}}, {"type": "Feature", "geometry": {"type": "LineString", "coordinates": [[-70.38684, -23.6322], [-70.388, -23.63227]]}, "properties": {"name": "México", "highway": "residential"}}, {"type": "Feature", "geometry": {"type": "LineString", "coordinates": [[-70.38105, -23.63079], [-70.37948, -23.6317], [-70.37938, -23.6329], [-70.37917, -23.63332]]}, "properties": {"name": "Salar de Pajonales", "highway": "secondary"}}, {"type": "Feature", "geometry": {"type": "LineString", "coordinates": [[-70.38426, -23.64306], [-70.38342, -23.64076], [-70.38343, -23.6396]]}, "properties": {"name": "Gaspar Cabrales", "highway": "residential"}}, {"type": "Feature", "geometry": {"type": "LineString", "coordinates": [[-70.38321, -23.64223], [-70.38579, -23.64082]]}, "properties": {"name": "Manutara", "highway": "residential"}}, {"type": "Feature", "geometry": {"type": "LineString", "coordinates": [[-70.38933, -23.62698], [-70.38565, -23.62724]]}, "properties": {"name": "Magallanes", "highway": "residential"}}, {"type": "Feature", "geometry": {"type": "LineString", "coordinates": [[-70.38407, -23.62733], [-70.38415, -23.62849]]}, "properties": {"name": "Los Donos", "highway": "living_street"}}, {"type": "Feature", "geometry": {"type": "LineString", "coordinates": [[-70.38565, -23.63756], [-70.38653, -23.63761]]}, "properties": {"name": "Zenteno", "highway": "residential"}}, {"type": "Feature", "geometry": {"type": "LineString", "coordinates": [[-70.38518, -23.63862], [-70.38533, -23.63883], [-70.38529, -23.63969]]}, "properties": {"name": "Chiloé", "highway": "residential"}}, {"type": "Feature", "geometry": {"type": "LineString", "coordinates": [[-70.38751, -23.6409], [-70.38865, -23.64093]]}, "properties": {"name": "Huanchaca", "highway": "residential"}}, {"type": "Feature", "geometry": {"type": "LineString", "coordinates": [[-70.39265, -23.64411], [-70.3914, -23.64098], [-70.39074, -23.6387]]}, "properties": {"name": "Caracoles", "highway": "residential"}}, {"type": "Feature", "geometry": {"type": "LineString", "coordinates": [[-70.39303, -23.64349], [-70.39279, -23.63873]]}, "properties": {"name": "Adamson", "highway": "residential"}}, {"type": "Feature", "geometry": {"type": "LineString", "coordinates": [[-70.38993, -23.63974], [-70.39346, -23.63975]]}, "properties": {"name": "Buenos Aires", "highway": "residential"}}, {"type": "Feature", "geometry": {"type": "LineString", "coordinates": [[-70.39343, -23.6408], [-70.38985, -23.64095]]}, "properties": {"name": "Huanchaca", "highway": "residential"}}, {"type": "Feature", "geometry": {"type": "LineString", "coordinates": [[-70.38978, -23.64222], [-70.39352, -23.64179]]}, "properties": {"name": "Eleuterio Ramírez", "highway": "residential"}}, {"type": "Feature", "geometry": {"type": "LineString", "coordinates": [[-70.39362, -23.64296], [-70.39362, -23.64286]]}, "properties": {"name": "Iquique", "highway": "primary"}}, {"type": "Feature", "geometry": {"type": "LineString", "coordinates": [[-70.39291, -23.63364], [-70.39379, -23.63368]]}, "properties": {"name": "Venezuela", "highway": "residential"}}, {"type": "Feature", "geometry": {"type": "LineString", "coordinates": [[-70.39288, -23.63415], [-70.39288, -23.63204]]}, "properties": {"name": "Coronel", "highway": "residential"}}, {"type": "Feature", "geometry": {"type": "LineString", "coordinates": [[-70.39376, -23.6342], [-70.39288, -23.63415]]}, "properties": {"name": "Riñihue", "highway": "residential"}}, {"type": "Feature", "geometry": {"type": "LineString", "coordinates": [[-70.39281, -23.63144], [-70.39296, -23.62855]]}, "properties": {"name": "Tarapacá", "highway": "residential"}}, {"type": "Feature", "geometry": {"type": "LineString", "coordinates": [[-70.39508, -23.63149], [-70.39291, -23.63145]]}, "properties": {"name": "Paraguay", "highway": "residential"}}, {"type": "Feature", "geometry": {"type": "LineString", "coordinates": [[-70.39622, -23.62976], [-70.39291, -23.62962]]}, "properties": {"name": "Tacna", "highway": "residential"}}, {"type": "Feature", "geometry": {"type": "LineString", "coordinates": [[-70.39235, -23.62247], [-70.39255, -23.6227]]}, "properties": {"name": "Iquique", "highway": "primary"}}, {"type": "Feature", "geometry": {"type": "LineString", "coordinates": [[-70.39003, -23.62122], [-70.39034, -23.62154]]}, "properties": {"name": "Avenida Sargento Aldea", "highway": "primary"}}, {"type": "Feature", "geometry": {"type": "LineString", "coordinates": [[-70.39605, -23.63057], [-70.39402, -23.63104]]}, "properties": {"name": "Uruguay", "highway": "residential"}}, {"type": "Feature", "geometry": {"type": "LineString", "coordinates": [[-70.39118, -23.62737], [-70.39633, -23.62758]]}, "properties": {"name": "Calama", "highway": "tertiary"}}, {"type": "Feature", "geometry": {"type": "LineString", "coordinates": [[-70.39274, -23.62813], [-70.39297, -23.62785], [-70.3931, -23.62559]]}, "properties": {"name": "Tarapacá", "highway": "residential"}}, {"type": "Feature", "geometry": {"type": "LineString", "coordinates": [[-70.39153, -23.62551], [-70.39298, -23.62521]]}, "properties": {"name": "Ovalle", "highway": "tertiary"}}, {"type": "Feature", "geometry": {"type": "LineString", "coordinates": [[-70.39243, -23.62535], [-70.39217, -23.62656]]}, "properties": {"name": "Chuquicamata", "highway": "residential"}}, {"type": "Feature", "geometry": {"type": "LineString", "coordinates": [[-70.39014, -23.62202], [-70.39007, -23.62171]]}, "properties": {"name": "Avenida Pedro Aguirre Cerda", "highway": "tertiary"}}, {"type": "Feature", "geometry": {"type": "LineString", "coordinates": [[-70.39509, -23.63138], [-70.39603, -23.63144]]}, "properties": {"name": "Paraguay", "highway": "residential"}}, {"type": "Feature", "geometry": {"type": "LineString", "coordinates": [[-70.38363, -23.62726], [-70.38823, -23.62479]]}, "properties": {"name": "Vallenar", "highway": "residential"}}, {"type": "Feature", "geometry": {"type": "LineString", "coordinates": [[-70.38885, -23.62825], [-70.38879, -23.62703]]}, "properties": {"name": "Agustín Edwards", "highway": "living_street"}}, {"type": "Feature", "geometry": {"type": "LineString", "coordinates": [[-70.3879, -23.6283], [-70.38785, -23.62708]]}, "properties": {"name": "Aurelia", "highway": "living_street"}}, {"type": "Feature", "geometry": {"type": "LineString", "coordinates": [[-70.39372, -23.64287], [-70.39362, -23.64296]]}, "properties": {"name": "Avenida Argentina", "highway": "primary"}}, {"type": "Feature", "geometry": {"type": "LineString", "coordinates": [[-70.38925, -23.64669], [-70.38952, -23.64589]]}, "properties": {"name": "Manuel Rodríguez", "highway": "residential"}}, {"type": "Feature", "geometry": {"type": "LineString", "coordinates": [[-70.39013, -23.64359], [-70.39088, -23.64287]]}, "properties": {"name": "Porras", "highway": "residential"}}, {"type": "Feature", "geometry": {"type": "LineString", "coordinates": [[-70.39159, -23.64478], [-70.38937, -23.6469]]}, "properties": {"name": "Méndez", "highway": "residential"}}, {"type": "Feature", "geometry": {"type": "LineString", "coordinates": [[-70.38892, -23.64877], [-70.39145, -23.64608]]}, "properties": {"name": "Covadonga", "highway": "tertiary"}}, {"type": "Feature", "geometry": {"type": "LineString", "coordinates": [[-70.40121, -23.65786], [-70.39264, -23.64967], [-70.38925, -23.64669]]}, "properties": {"name": "14 de Febrero", "highway": "residential"}}, {"type": "Feature", "geometry": {"type": "LineString", "coordinates": [[-70.39447, -23.64446], [-70.38966, -23.64957]]}, "properties": {"name": "Riquelme", "highway": "residential"}}, {"type": "Feature", "geometry": {"type": "LineString", "coordinates": [[-70.39044, -23.65036], [-70.39317, -23.64747]]}, "properties": {"name": "Serrano", "highway": "tertiary"}}, {"type": "Feature", "geometry": {"type": "LineString", "coordinates": [[-70.39373, -23.6436], [-70.39253, -23.6449]]}, "properties": {"name": "Covadonga", "highway": "residential"}}, {"type": "Feature", "geometry": {"type": "LineString", "coordinates": [[-70.38991, -23.64484], [-70.38971, -23.64327]]}, "properties": {"name": "Valdivia", "highway": "tertiary"}}, {"type": "Feature", "geometry": {"type": "LineString", "coordinates": [[-70.40315, -23.6443], [-70.40264, -23.64424], [-70.40231, -23.64446], [-70.40218, -23.64594], [-70.40154, -23.64665]]}, "properties": {"name": "Puerto Nuevo", "highway": "residential"}}, {"type": "Feature", "geometry": {"type": "LineString", "coordinates": [[-70.3958, -23.64956], [-70.39184, -23.65367]]}, "properties": {"name": "Capitán Arturo Prat Chacón", "highway": "residential"}}, {"type": "Feature", "geometry": {"type": "LineString", "coordinates": [[-70.39356, -23.65223], [-70.40067, -23.65891]]}, "properties": {"name": "Esmeralda", "highway": "residential"}}, {"type": "Feature", "geometry": {"type": "LineString", "coordinates": [[-70.39315, -23.66006], [-70.39382, -23.65996]]}, "properties": {"name": "21 de Mayo", "highway": "tertiary"}}, {"type": "Feature", "geometry": {"type": "LineString", "coordinates": [[-70.39958, -23.64551], [-70.39805, -23.64715]]}, "properties": {"name": "Arturo Prat", "highway": "residential"}}, {"type": "Feature", "geometry": {"type": "LineString", "coordinates": [[-70.39009, -23.63667], [-70.389, -23.63663]]}, "properties": {"name": "Montevideo", "highway": "tertiary"}}, {"type": "Feature", "geometry": {"type": "LineString", "coordinates": [[-70.38704, -23.62835], [-70.38694, -23.62716]]}, "properties": {"name": "Cardenal Carlos Oviedo Cavada", "highway": "tertiary"}}, {"type": "Feature", "geometry": {"type": "LineString", "coordinates": [[-70.38331, -23.63242], [-70.38254, -23.63238]]}, "properties": {"name": "Chile Nuevo", "highway": "living_street"}}, {"type": "Feature", "geometry": {"type": "LineString", "coordinates": [[-70.38216, -23.6314], [-70.38102, -23.63135]]}, "properties": {"name": "Alvarado", "highway": "living_street"}}, {"type": "Feature", "geometry": {"type": "LineString", "coordinates": [[-70.40151, -23.64983], [-70.40077, -23.65075]]}, "properties": {"name": "Orella", "highway": "tertiary"}}, {"type": "Feature", "geometry": {"type": "LineString", "coordinates": [[-70.39401, -23.65308], [-70.39406, -23.65302]]}, "properties": {"name": "Baquedano", "highway": "residential"}}, {"type": "Feature", "geometry": {"type": "LineString", "coordinates": [[-70.40131, -23.6469], [-70.40056, -23.64771]]}, "properties": {"name": "Maipú", "highway": "residential"}}, {"type": "Feature", "geometry": {"type": "LineString", "coordinates": [[-70.39114, -23.62482], [-70.39153, -23.62551]]}, "properties": {"name": "Avenida Mejillones", "highway": "tertiary"}}, {"type": "Feature", "geometry": {"type": "LineString", "coordinates": [[-70.39011, -23.62155], [-70.39012, -23.62159]]}, "properties": {"name": "Avenida Pedro Aguirre Cerda", "highway": "tertiary"}}, {"type": "Feature", "geometry": {"type": "LineString", "coordinates": [[-70.39638, -23.62633], [-70.39621, -23.62568], [-70.39416, -23.62251]]}, "properties": {"name": "Avenida Edmundo Pérez Zujovic", "highway": "trunk"}}, {"type": "Feature", "geometry": {"type": "LineString", "coordinates": [[-70.40243, -23.64745], [-70.40268, -23.64716]]}, "properties": {"name": "Teniente Luis Uribe", "highway": "residential"}}, {"type": "Feature", "geometry": {"type": "LineString", "coordinates": [[-70.40756, -23.67102], [-70.40531, -23.66607], [-70.40401, -23.66487], [-70.40375, -23.66441], [-70.40359, -23.6605], [-70.40256, -23.65755], [-70.40245, -23.65599], [-70.40259, -23.65409]]}, "properties": {"name": "Avenida Grecia", "highway": "trunk"}}, {"type": "Feature", "geometry": {"type": "LineString", "coordinates": [[-70.42156, -23.6974], [-70.42143, -23.69683], [-70.42156, -23.69616]]}, "properties": {"name": "Avenida Ejército", "highway": "secondary"}}, {"type": "Feature", "geometry": {"type": "LineString", "coordinates": [[-70.39292, -23.6228], [-70.39255, -23.6227]]}, "properties": {"name": "Avenida Sargento Aldea", "highway": "primary"}}, {"type": "Feature", "geometry": {"type": "LineString", "coordinates": [[-70.38871, -23.60906], [-70.3884, -23.6142]]}, "properties": {"name": "Avenida Pedro Aguirre Cerda", "highway": "primary"}}, {"type": "Feature", "geometry": {"type": "LineString", "coordinates": [[-70.40067, -23.64595], [-70.40106, -23.64551]]}, "properties": {"name": "General Manuel Baquedano", "highway": "residential"}}, {"type": "Feature", "geometry": {"type": "LineString", "coordinates": [[-70.40146, -23.64844], [-70.40151, -23.64983]]}, "properties": {"name": "Bilbao", "highway": "tertiary"}}, {"type": "Feature", "geometry": {"type": "LineString", "coordinates": [[-70.39676, -23.63809], [-70.39575, -23.63802]]}, "properties": {"name": "Zenteno", "highway": "residential"}}, {"type": "Feature", "geometry": {"type": "LineString", "coordinates": [[-70.41202, -23.67563], [-70.41147, -23.67422], [-70.41051, -23.67283], [-70.40756, -23.67102]]}, "properties": {"name": "Avenida República de Croacia", "highway": "trunk"}}, {"type": "Feature", "geometry": {"type": "LineString", "coordinates": [[-70.39303, -23.62278], [-70.39396, -23.6222]]}, "properties": {"name": "Pasaje Elqui", "highway": "primary"}}, {"type": "Feature", "geometry": {"type": "LineString", "coordinates": [[-70.40247, -23.65051], [-70.39714, -23.64645]]}, "properties": {"name": "José de San Martín", "highway": "tertiary"}}, {"type": "Feature", "geometry": {"type": "LineString", "coordinates": [[-70.39648, -23.62694], [-70.39642, -23.62845]]}, "properties": {"name": "Avenida Edmundo Pérez Zujovic", "highway": "trunk"}}, {"type": "Feature", "geometry": {"type": "LineString", "coordinates": [[-70.39248, -23.6234], [-70.39217, -23.62258]]}, "properties": {"name": "Iquique", "highway": "primary"}}, {"type": "Feature", "geometry": {"type": "LineString", "coordinates": [[-70.3947, -23.64008], [-70.3961, -23.64018]]}, "properties": {"name": "El Corregidor", "highway": "residential"}}, {"type": "Feature", "geometry": {"type": "LineString", "coordinates": [[-70.39625, -23.64018], [-70.39657, -23.63995], [-70.39676, -23.63809]]}, "properties": {"name": "Aníbal Pinto", "highway": "residential"}}, {"type": "Feature", "geometry": {"type": "LineString", "coordinates": [[-70.41116, -23.67497], [-70.41318, -23.68098]]}, "properties": {"name": "General Pedro Lagos", "highway": "residential"}}, {"type": "Feature", "geometry": {"type": "LineString", "coordinates": [[-70.41543, -23.69682], [-70.41608, -23.69655], [-70.41647, -23.69613], [-70.41663, -23.69548], [-70.41639, -23.69482]]}, "properties": {"name": "Avenida Angamos", "highway": "secondary"}}, {"type": "Feature", "geometry": {"type": "LineString", "coordinates": [[-70.41163, -23.68088], [-70.41056, -23.67757]]}, "properties": {"name": "Pedro Gamboni", "highway": "residential"}}, {"type": "Feature", "geometry": {"type": "LineString", "coordinates": [[-70.41365, -23.68084], [-70.41178, -23.68139]]}, "properties": {"name": "Manuel Caamaño", "highway": "residential"}}, {"type": "Feature", "geometry": {"type": "LineString", "coordinates": [[-70.41098, -23.67745], [-70.41226, -23.68125]]}, "properties": {"name": "Cornelio Vernaza", "highway": "residential"}}, {"type": "Feature", "geometry": {"type": "LineString", "coordinates": [[-70.39382, -23.65996], [-70.39609, -23.65747]]}, "properties": {"name": "21 de Mayo", "highway": "tertiary"}}, {"type": "Feature", "geometry": {"type": "LineString", "coordinates": [[-70.39387, -23.64388], [-70.39428, -23.64467]]}, "properties": {"name": "Iquique", "highway": "residential"}}, {"type": "Feature", "geometry": {"type": "LineString", "coordinates": [[-70.40161, -23.65427], [-70.40196, -23.66259]]}, "properties": {"name": "Avenida José Miguel Carrera", "highway": "secondary"}}, {"type": "Feature", "geometry": {"type": "LineString", "coordinates": [[-70.40012, -23.64737], [-70.4009, -23.64657]]}, "properties": {"name": "Argomedo", "highway": "residential"}}, {"type": "Feature", "geometry": {"type": "LineString", "coordinates": [[-70.40101, -23.64808], [-70.40178, -23.64726]]}, "properties": {"name": "Isaac Arce Ramírez", "highway": "residential"}}, {"type": "Feature", "geometry": {"type": "LineString", "coordinates": [[-70.40267, -23.65316], [-70.40305, -23.6533], [-70.40313, -23.65366], [-70.4027, -23.65397]]}, "properties": {"name": "Calle del Puerto", "highway": "residential"}}, {"type": "Feature", "geometry": {"type": "LineString", "coordinates": [[-70.39328, -23.65921], [-70.39404, -23.65846]]}, "properties": {"name": "Santiago Labarca", "highway": "residential"}}, {"type": "Feature", "geometry": {"type": "LineString", "coordinates": [[-70.3895, -23.64814], [-70.39275, -23.65119]]}, "properties": {"name": "Esmeralda", "highway": "residential"}}, {"type": "Feature", "geometry": {"type": "LineString", "coordinates": [[-70.39272, -23.65846], [-70.39334, -23.65786]]}, "properties": {"name": "Arellano", "highway": "residential"}}, {"type": "Feature", "geometry": {"type": "LineString", "coordinates": [[-70.39548, -23.65815], [-70.39275, -23.65593]]}, "properties": {"name": "Linares", "highway": "residential"}}, {"type": "Feature", "geometry": {"type": "LineString", "coordinates": [[-70.39355, -23.65953], [-70.39436, -23.65874]]}, "properties": {"name": "Pedro Lira", "highway": "residential"}}, {"type": "Feature", "geometry": {"type": "LineString", "coordinates": [[-70.39611, -23.65563], [-70.39695, -23.65651]]}, "properties": {"name": "Manuel Oyarzún", "highway": "residential"}}, {"type": "Feature", "geometry": {"type": "LineString", "coordinates": [[-70.38966, -23.64957], [-70.38932, -23.64937]]}, "properties": {"name": "Manuel Rodríguez", "highway": "residential"}}, {"type": "Feature", "geometry": {"type": "LineString", "coordinates": [[-70.3958, -23.65648], [-70.39607, -23.65629]]}, "properties": {"name": "Orella", "highway": "residential"}}, {"type": "Feature", "geometry": {"type": "LineString", "coordinates": [[-70.40299, -23.6604], [-70.3939, -23.66071]]}, "properties": {"name": "General José Velásquez", "highway": "residential"}}, {"type": "Feature", "geometry": {"type": "LineString", "coordinates": [[-70.39564, -23.65682], [-70.39484, -23.65763]]}, "properties": {"name": "Pasaje Amunátegui", "highway": "living_street"}}, {"type": "Feature", "geometry": {"type": "LineString", "coordinates": [[-70.39476, -23.6581], [-70.39521, -23.65844]]}, "properties": {"name": "Larraín Mancheno", "highway": "residential"}}, {"type": "Feature", "geometry": {"type": "LineString", "coordinates": [[-70.40175, -23.65237], [-70.40144, -23.65268]]}, "properties": {"name": "Pasaje Maximiliano Poblete", "highway": "living_street"}}, {"type": "Feature", "geometry": {"type": "LineString", "coordinates": [[-70.3901, -23.65212], [-70.39272, -23.65448]]}, "properties": {"name": "Curicó", "highway": "residential"}}, {"type": "Feature", "geometry": {"type": "LineString", "coordinates": [[-70.38984, -23.65572], [-70.38797, -23.65734]]}, "properties": {"name": "Capitán Arturo Prat Chacón", "highway": "residential"}}, {"type": "Feature", "geometry": {"type": "LineString", "coordinates": [[-70.39743, -23.67045], [-70.39876, -23.66988]]}, "properties": {"name": "Chillán", "highway": "residential"}}, {"type": "Feature", "geometry": {"type": "LineString", "coordinates": [[-70.3958, -23.65595], [-70.39663, -23.65696], [-70.39915, -23.65896]]}, "properties": {"name": "Cochrane", "highway": "residential"}}, {"type": "Feature", "geometry": {"type": "LineString", "coordinates": [[-70.38974, -23.66158], [-70.39006, -23.66227]]}, "properties": {"name": "Leucotón", "highway": "residential"}}, {"type": "Feature", "geometry": {"type": "LineString", "coordinates": [[-70.3916, -23.66537], [-70.39215, -23.66525]]}, "properties": {"name": "Avelino Contardo", "highway": "residential"}}, {"type": "Feature", "geometry": {"type": "LineString", "coordinates": [[-70.39174, -23.66022], [-70.39104, -23.66087], [-70.38889, -23.66118]]}, "properties": {"name": "Orella", "highway": "residential"}}, {"type": "Feature", "geometry": {"type": "LineString", "coordinates": [[-70.39071, -23.66466], [-70.38969, -23.66249], [-70.38708, -23.6579], [-70.38668, -23.65647], [-70.38637, -23.6535], [-70.38608, -23.65256]]}, "properties": {"name": "Avenida Circunvalación Padre Alberto Hurtado", "highway": "secondary"}}, {"type": "Feature", "geometry": {"type": "LineString", "coordinates": [[-70.39125, -23.65875], [-70.39015, -23.6572]]}, "properties": {"name": "Lastarria", "highway": "residential"}}, {"type": "Feature", "geometry": {"type": "LineString", "coordinates": [[-70.38973, -23.65764], [-70.39084, -23.65918]]}, "properties": {"name": "Andrés Bello", "highway": "residential"}}, {"type": "Feature", "geometry": {"type": "LineString", "coordinates": [[-70.39195, -23.66], [-70.39238, -23.66058], [-70.39289, -23.66059]]}, "properties": {"name": "JJ Vallejos", "highway": "residential"}}, {"type": "Feature", "geometry": {"type": "LineString", "coordinates": [[-70.39063, -23.66152], [-70.38985, -23.66181]]}, "properties": {"name": "Lientur", "highway": "residential"}}, {"type": "Feature", "geometry": {"type": "LineString", "coordinates": [[-70.39213, -23.66555], [-70.39219, -23.66449]]}, "properties": {"name": "Caupolicán", "highway": "residential"}}, {"type": "Feature", "geometry": {"type": "LineString", "coordinates": [[-70.39034, -23.65969], [-70.39252, -23.66436]]}, "properties": {"name": "Colo Colo", "highway": "residential"}}, {"type": "Feature", "geometry": {"type": "LineString", "coordinates": [[-70.3898, -23.65896], [-70.38926, -23.65815]]}, "properties": {"name": "Camilo Henríquez", "highway": "living_street"}}, {"type": "Feature", "geometry": {"type": "LineString", "coordinates": [[-70.39124, -23.65753], [-70.38875, -23.66004], [-70.38822, -23.66003]]}, "properties": {"name": "Maipú", "highway": "tertiary"}}, {"type": "Feature", "geometry": {"type": "LineString", "coordinates": [[-70.38934, -23.66173], [-70.39001, -23.66148]]}, "properties": {"name": "Lientur", "highway": "residential"}}, {"type": "Feature", "geometry": {"type": "LineString", "coordinates": [[-70.389, -23.66102], [-70.3888, -23.66063], [-70.38977, -23.6596]]}, "properties": {"name": "Quebrada Uribe", "highway": "residential"}}, {"type": "Feature", "geometry": {"type": "LineString", "coordinates": [[-70.39043, -23.66402], [-70.39285, -23.66311]]}, "properties": {"name": "Tegualda", "highway": "tertiary"}}, {"type": "Feature", "geometry": {"type": "LineString", "coordinates": [[-70.39199, -23.66456], [-70.38998, -23.66004]]}, "properties": {"name": "Caupolicán", "highway": "residential"}}, {"type": "Feature", "geometry": {"type": "LineString", "coordinates": [[-70.3926, -23.6632], [-70.39186, -23.66157]]}, "properties": {"name": "Fresia", "highway": "residential"}}, {"type": "Feature", "geometry": {"type": "LineString", "coordinates": [[-70.38734, -23.65824], [-70.38811, -23.65777]]}, "properties": {"name": "Quebrada Baquedano", "highway": "residential"}}, {"type": "Feature", "geometry": {"type": "LineString", "coordinates": [[-70.39135, -23.66058], [-70.39069, -23.65934]]}, "properties": {"name": "Andrés Bello", "highway": "residential"}}, {"type": "Feature", "geometry": {"type": "LineString", "coordinates": [[-70.39148, -23.66476], [-70.39031, -23.66217]]}, "properties": {"name": "Michimalongo", "highway": "residential"}}, {"type": "Feature", "geometry": {"type": "LineString", "coordinates": [[-70.39183, -23.66532], [-70.39166, -23.66469]]}, "properties": {"name": "Michimalongo", "highway": "residential"}}, {"type": "Feature", "geometry": {"type": "LineString", "coordinates": [[-70.38973, -23.6624], [-70.39237, -23.66138], [-70.39281, -23.66134], [-70.39292, -23.66154]]}, "properties": {"name": "Lientur", "highway": "residential"}}, {"type": "Feature", "geometry": {"type": "LineString", "coordinates": [[-70.39294, -23.66543], [-70.39401, -23.66496]]}, "properties": {"name": "Avelino Contardo", "highway": "residential"}}, {"type": "Feature", "geometry": {"type": "LineString", "coordinates": [[-70.3883, -23.65917], [-70.39065, -23.65666]]}, "properties": {"name": "General Manuel Baquedano", "highway": "residential"}}, {"type": "Feature", "geometry": {"type": "LineString", "coordinates": [[-70.39279, -23.66413], [-70.39406, -23.66377]]}, "properties": {"name": "Araucanía", "highway": "residential"}}, {"type": "Feature", "geometry": {"type": "LineString", "coordinates": [[-70.39328, -23.66529], [-70.39327, -23.66407]]}, "properties": {"name": "Las Brisas", "highway": "residential"}}, {"type": "Feature", "geometry": {"type": "LineString", "coordinates": [[-70.38809, -23.66008], [-70.38712, -23.65834], [-70.3873, -23.65815]]}, "properties": {"name": "Quebrada Baquedano", "highway": "residential"}}, {"type": "Feature", "geometry": {"type": "LineString", "coordinates": [[-70.38962, -23.6604], [-70.39001, -23.66148]]}, "properties": {"name": "Michimalongo", "highway": "residential"}}, {"type": "Feature", "geometry": {"type": "LineString", "coordinates": [[-70.39237, -23.66138], [-70.39174, -23.66022]]}, "properties": {"name": "Lastarria", "highway": "residential"}}, {"type": "Feature", "geometry": {"type": "LineString", "coordinates": [[-70.39207, -23.65949], [-70.39149, -23.65851]]}, "properties": {"name": "Miramar", "highway": "residential"}}, {"type": "Feature", "geometry": {"type": "LineString", "coordinates": [[-70.39315, -23.66006], [-70.39289, -23.66032], [-70.39285, -23.66311]]}, "properties": {"name": "Diagonal Sur", "highway": "secondary"}}, {"type": "Feature", "geometry": {"type": "LineString", "coordinates": [[-70.39291, -23.66194], [-70.39005, -23.66304]]}, "properties": {"name": "Rengo", "highway": "residential"}}, {"type": "Feature", "geometry": {"type": "LineString", "coordinates": [[-70.39454, -23.66579], [-70.39312, -23.66301]]}, "properties": {"name": "Guacolda", "highway": "residential"}}, {"type": "Feature", "geometry": {"type": "LineString", "coordinates": [[-70.39058, -23.66138], [-70.39109, -23.66121]]}, "properties": {"name": "Lientur", "highway": "living_street"}}, {"type": "Feature", "geometry": {"type": "LineString", "coordinates": [[-70.39328, -23.66484], [-70.39441, -23.66443]]}, "properties": {"name": "Avelino Contardo", "highway": "residential"}}, {"type": "Feature", "geometry": {"type": "LineString", "coordinates": [[-70.39278, -23.66431], [-70.39093, -23.66498]]}, "properties": {"name": "Araucanía", "highway": "residential"}}, {"type": "Feature", "geometry": {"type": "LineString", "coordinates": [[-70.38889, -23.66118], [-70.39177, -23.65825]]}, "properties": {"name": "Uribe", "highway": "residential"}}, {"type": "Feature", "geometry": {"type": "LineString", "coordinates": [[-70.38925, -23.65737], [-70.38846, -23.65815]]}, "properties": {"name": "Quebrada Baquedano", "highway": "living_street"}}, {"type": "Feature", "geometry": {"type": "LineString", "coordinates": [[-70.38949, -23.6579], [-70.39003, -23.65873]]}, "properties": {"name": "Sarmiento", "highway": "living_street"}}, {"type": "Feature", "geometry": {"type": "LineString", "coordinates": [[-70.39022, -23.66532], [-70.38912, -23.66499]]}, "properties": {"name": "Ingeniero Manterola", "highway": "living_street"}}, {"type": "Feature", "geometry": {"type": "LineString", "coordinates": [[-70.39074, -23.66572], [-70.3913, -23.66542]]}, "properties": {"name": "Teniente Urbina", "highway": "residential"}}, {"type": "Feature", "geometry": {"type": "LineString", "coordinates": [[-70.38656, -23.65931], [-70.38616, -23.6592]]}, "properties": {"name": "Venancio Díaz", "highway": "living_street"}}, {"type": "Feature", "geometry": {"type": "LineString", "coordinates": [[-70.38826, -23.64947], [-70.38766, -23.64901]]}, "properties": {"name": "Libertad", "highway": "residential"}}, {"type": "Feature", "geometry": {"type": "LineString", "coordinates": [[-70.38824, -23.61949], [-70.38662, -23.61979]]}, "properties": {"name": "Elqui", "highway": "residential"}}, {"type": "Feature", "geometry": {"type": "LineString", "coordinates": [[-70.38888, -23.66395], [-70.39005, -23.66432]]}, "properties": {"name": "Williams Rebolledo", "highway": "residential"}}, {"type": "Feature", "geometry": {"type": "LineString", "coordinates": [[-70.38223, -23.61337], [-70.38208, -23.6135]]}, "properties": {"name": "Avenida Antonio Rendic", "highway": "tertiary"}}, {"type": "Feature", "geometry": {"type": "LineString", "coordinates": [[-70.38714, -23.61969], [-70.38668, -23.61759]]}, "properties": {"name": "Progreso", "highway": "residential"}}, {"type": "Feature", "geometry": {"type": "LineString", "coordinates": [[-70.38641, -23.64869], [-70.38731, -23.65019]]}, "properties": {"name": "Huérfanos", "highway": "residential"}}, {"type": "Feature", "geometry": {"type": "LineString", "coordinates": [[-70.38995, -23.62397], [-70.38912, -23.62195]]}, "properties": {"name": "Pasaje Sur", "highway": "residential"}}, {"type": "Feature", "geometry": {"type": "LineString", "coordinates": [[-70.37909, -23.61251], [-70.38032, -23.61185], [-70.38187, -23.60963]]}, "properties": {"name": "El Roble", "highway": "residential"}}, {"type": "Feature", "geometry": {"type": "LineString", "coordinates": [[-70.37814, -23.61057], [-70.37839, -23.611], [-70.38031, -23.61111]]}, "properties": {"name": "Isabel Riquelme", "highway": "secondary"}}, {"type": "Feature", "geometry": {"type": "LineString", "coordinates": [[-70.37869, -23.61509], [-70.38566, -23.62617]]}, "properties": {"name": "Puerto Montt", "highway": "residential"}}, {"type": "Feature", "geometry": {"type": "LineString", "coordinates": [[-70.38942, -23.61876], [-70.391, -23.61851]]}, "properties": {"name": "Huasco", "highway": "residential"}}, {"type": "Feature", "geometry": {"type": "LineString", "coordinates": [[-70.39318, -23.66764], [-70.3913, -23.66805], [-70.39065, -23.66797], [-70.39039, -23.66825], [-70.38976, -23.66828]]}, "properties": {"name": "Las Américas", "highway": "residential"}}, {"type": "Feature", "geometry": {"type": "LineString", "coordinates": [[-70.39104, -23.66683], [-70.39205, -23.6669]]}, "properties": {"name": "Pacífico", "highway": "residential"}}, {"type": "Feature", "geometry": {"type": "LineString", "coordinates": [[-70.3868, -23.62055], [-70.38075, -23.62374]]}, "properties": {"name": "Don Hugo Robles Robles", "highway": "residential"}}, {"type": "Feature", "geometry": {"type": "LineString", "coordinates": [[-70.39327, -23.5919], [-70.39317, -23.59453]]}, "properties": {"name": "Avenida El Yodo", "highway": "tertiary"}}, {"type": "Feature", "geometry": {"type": "LineString", "coordinates": [[-70.38889, -23.66118], [-70.38902, -23.66167], [-70.38856, -23.66265]]}, "properties": {"name": "Hernán Mery", "highway": "residential"}}, {"type": "Feature", "geometry": {"type": "LineString", "coordinates": [[-70.38635, -23.6598], [-70.38671, -23.65892]]}, "properties": {"name": "Enrique Soto", "highway": "living_street"}}, {"type": "Feature", "geometry": {"type": "LineString", "coordinates": [[-70.38683, -23.66076], [-70.3873, -23.66006]]}, "properties": {"name": "Jose Caroca", "highway": "residential"}}, {"type": "Feature", "geometry": {"type": "LineString", "coordinates": [[-70.38873, -23.66346], [-70.38972, -23.66375]]}, "properties": {"name": "Luis Ugarte", "highway": "residential"}}, {"type": "Feature", "geometry": {"type": "LineString", "coordinates": [[-70.38862, -23.66308], [-70.38941, -23.66317]]}, "properties": {"name": "María Elizabeth", "highway": "residential"}}, {"type": "Feature", "geometry": {"type": "LineString", "coordinates": [[-70.38665, -23.66026], [-70.38732, -23.65868]]}, "properties": {"name": "Bernardo Vera y Pintado", "highway": "residential"}}, {"type": "Feature", "geometry": {"type": "LineString", "coordinates": [[-70.38728, -23.66162], [-70.38663, -23.6602], [-70.38595, -23.65952], [-70.38653, -23.65838]]}, "properties": {"name": "Martin Luther King", "highway": "residential"}}, {"type": "Feature", "geometry": {"type": "LineString", "coordinates": [[-70.38839, -23.62157], [-70.38905, -23.62142]]}, "properties": {"name": "Pasaje Pisagua", "highway": "residential"}}, {"type": "Feature", "geometry": {"type": "LineString", "coordinates": [[-70.38956, -23.66417], [-70.39005, -23.66304]]}, "properties": {"name": "Rengo", "highway": "residential"}}, {"type": "Feature", "geometry": {"type": "LineString", "coordinates": [[-70.38948, -23.66651], [-70.39029, -23.66777], [-70.39065, -23.66797]]}, "properties": {"name": "Humberto de Ramón", "highway": "residential"}}, {"type": "Feature", "geometry": {"type": "LineString", "coordinates": [[-70.38405, -23.61823], [-70.37895, -23.62094]]}, "properties": {"name": "Víctor Jara", "highway": "secondary"}}, {"type": "Feature", "geometry": {"type": "LineString", "coordinates": [[-70.39114, -23.66642], [-70.39189, -23.66651]]}, "properties": {"name": "Osvaldo Mendoza", "highway": "residential"}}, {"type": "Feature", "geometry": {"type": "LineString", "coordinates": [[-70.38828, -23.62706], [-70.3872, -23.62535]]}, "properties": {"name": "Calbuco", "highway": "residential"}}, {"type": "Feature", "geometry": {"type": "LineString", "coordinates": [[-70.37917, -23.62496], [-70.37983, -23.62463], [-70.38133, -23.62468]]}, "properties": {"name": "Samuel Morse", "highway": "residential"}}, {"type": "Feature", "geometry": {"type": "LineString", "coordinates": [[-70.38465, -23.62671], [-70.37768, -23.61565]]}, "properties": {"name": "Achao", "highway": "residential"}}, {"type": "Feature", "geometry": {"type": "LineString", "coordinates": [[-70.39214, -23.66712], [-70.39233, -23.66721]]}, "properties": {"name": "Pasaje Padre Alberto Hurtado", "highway": "residential"}}, {"type": "Feature", "geometry": {"type": "LineString", "coordinates": [[-70.38513, -23.61767], [-70.38484, -23.61429], [-70.3851, -23.61032]]}, "properties": {"name": "Azapa", "highway": "tertiary"}}, {"type": "Feature", "geometry": {"type": "LineString", "coordinates": [[-70.38523, -23.58956], [-70.38572, -23.59232]]}, "properties": {"name": "Avenida Morro del Solar", "highway": "residential"}}, {"type": "Feature", "geometry": {"type": "LineString", "coordinates": [[-70.38813, -23.62115], [-70.38895, -23.62099]]}, "properties": {"name": "Pasaje Freirina", "highway": "residential"}}, {"type": "Feature", "geometry": {"type": "LineString", "coordinates": [[-70.38251, -23.62658], [-70.38856, -23.62336]]}, "properties": {"name": "Taltal", "highway": "residential"}}, {"type": "Feature", "geometry": {"type": "LineString", "coordinates": [[-70.38733, -23.64207], [-70.38647, -23.63976]]}, "properties": {"name": "Manuel Antonio Matta", "highway": "tertiary"}}, {"type": "Feature", "geometry": {"type": "LineString", "coordinates": [[-70.39876, -23.66988], [-70.39661, -23.66684], [-70.39485, -23.6652], [-70.39356, -23.66243], [-70.39353, -23.66063], [-70.38957, -23.65527], [-70.38933, -23.6536], [-70.38961, -23.65274], [-70.38954, -23.65127], [-70.38892, -23.64899], [-70.38894, -23.64513]]}, "properties": {"name": "Avenida Andrés Sabella Gálvez", "highway": "secondary"}}, {"type": "Feature", "geometry": {"type": "LineString", "coordinates": [[-70.39454, -23.66579], [-70.39315, -23.66694], [-70.39258, -23.66704]]}, "properties": {"name": "La Concepción", "highway": "tertiary"}}, {"type": "Feature", "geometry": {"type": "LineString", "coordinates": [[-70.37955, -23.62187], [-70.38562, -23.61866]]}, "properties": {"name": "Huasco", "highway": "residential"}}, {"type": "Feature", "geometry": {"type": "LineString", "coordinates": [[-70.38924, -23.66361], [-70.38973, -23.6624]]}, "properties": {"name": "Lientur", "highway": "residential"}}, {"type": "Feature", "geometry": {"type": "LineString", "coordinates": [[-70.39006, -23.62275], [-70.38963, -23.62177]]}, "properties": {"name": "Toconao", "highway": "residential"}}, {"type": "Feature", "geometry": {"type": "LineString", "coordinates": [[-70.38837, -23.6132], [-70.39015, -23.6129]]}, "properties": {"name": "Salamanca", "highway": "residential"}}, {"type": "Feature", "geometry": {"type": "LineString", "coordinates": [[-70.39148, -23.62804], [-70.39095, -23.62485]]}, "properties": {"name": "Illapel", "highway": "tertiary"}}, {"type": "Feature", "geometry": {"type": "LineString", "coordinates": [[-70.39103, -23.61933], [-70.38956, -23.61938]]}, "properties": {"name": "Elqui", "highway": "residential"}}, {"type": "Feature", "geometry": {"type": "LineString", "coordinates": [[-70.38528, -23.6147], [-70.39038, -23.61385]]}, "properties": {"name": "Cobija", "highway": "tertiary"}}, {"type": "Feature", "geometry": {"type": "LineString", "coordinates": [[-70.39078, -23.66463], [-70.3906, -23.66486], [-70.39074, -23.66572], [-70.39114, -23.66642], [-70.39082, -23.66742]]}, "properties": {"name": "Los Cerrillos", "highway": "residential"}}, {"type": "Feature", "geometry": {"type": "LineString", "coordinates": [[-70.38725, -23.62078], [-70.38979, -23.62032]]}, "properties": {"name": "Don Hugo Robles Robles", "highway": "residential"}}, {"type": "Feature", "geometry": {"type": "LineString", "coordinates": [[-70.38918, -23.62193], [-70.38883, -23.6205]]}, "properties": {"name": "Ollagüe", "highway": "residential"}}, {"type": "Feature", "geometry": {"type": "LineString", "coordinates": [[-70.38893, -23.66303], [-70.38937, -23.66191]]}, "properties": {"name": "Orella", "highway": "residential"}}, {"type": "Feature", "geometry": {"type": "LineString", "coordinates": [[-70.38363, -23.62726], [-70.37889, -23.61974]]}, "properties": {"name": "Punta Arenas", "highway": "residential"}}, {"type": "Feature", "geometry": {"type": "LineString", "coordinates": [[-70.39108, -23.66622], [-70.39149, -23.66589]]}, "properties": {"name": "Oscar Jensen", "highway": "residential"}}, {"type": "Feature", "geometry": {"type": "LineString", "coordinates": [[-70.38604, -23.65093], [-70.38808, -23.64966]]}, "properties": {"name": "Covadonga", "highway": "tertiary"}}, {"type": "Feature", "geometry": {"type": "LineString", "coordinates": [[-70.38939, -23.62469], [-70.38847, -23.62517]]}, "properties": {"name": "La Serena", "highway": "residential"}}, {"type": "Feature", "geometry": {"type": "LineString", "coordinates": [[-70.38572, -23.61833], [-70.38679, -23.6181]]}, "properties": {"name": "Pasaje Huasco", "highway": "residential"}}, {"type": "Feature", "geometry": {"type": "LineString", "coordinates": [[-70.38809, -23.66008], [-70.38776, -23.66022], [-70.38685, -23.65992]]}, "properties": {"name": "Carlos Ibánez", "highway": "living_street"}}, {"type": "Feature", "geometry": {"type": "LineString", "coordinates": [[-70.38951, -23.62411], [-70.38874, -23.62208], [-70.38786, -23.6207], [-70.38716, -23.61749]]}, "properties": {"name": "Pasaje Loa", "highway": "residential"}}, {"type": "Feature", "geometry": {"type": "LineString", "coordinates": [[-70.38724, -23.66194], [-70.38799, -23.66141], [-70.38852, -23.66059]]}, "properties": {"name": "Uribe", "highway": "residential"}}, {"type": "Feature", "geometry": {"type": "LineString", "coordinates": [[-70.38416, -23.61943], [-70.3877, -23.62507]]}, "properties": {"name": "Osorno", "highway": "residential"}}, {"type": "Feature", "geometry": {"type": "LineString", "coordinates": [[-70.38694, -23.6203], [-70.38774, -23.62016]]}, "properties": {"name": "Chiu Chiu", "highway": "residential"}}, {"type": "Feature", "geometry": {"type": "LineString", "coordinates": [[-70.39101, -23.61875], [-70.39242, -23.61871]]}, "properties": {"name": "Huasco", "highway": "residential"}}, {"type": "Feature", "geometry": {"type": "LineString", "coordinates": [[-70.38882, -23.61609], [-70.39081, -23.61568]]}, "properties": {"name": "Vicuña", "highway": "residential"}}, {"type": "Feature", "geometry": {"type": "LineString", "coordinates": [[-70.3892, -23.61825], [-70.38801, -23.61845]]}, "properties": {"name": "Huasco", "highway": "residential"}}, {"type": "Feature", "geometry": {"type": "LineString", "coordinates": [[-70.37865, -23.61396], [-70.3792, -23.61482]]}, "properties": {"name": "Cardenal Carlos Oviedo Cavada", "highway": "residential"}}, {"type": "Feature", "geometry": {"type": "LineString", "coordinates": [[-70.39136, -23.66753], [-70.39149, -23.66696]]}, "properties": {"name": "Teniente Sánchez", "highway": "residential"}}, {"type": "Feature", "geometry": {"type": "LineString", "coordinates": [[-70.38201, -23.61462], [-70.37669, -23.61734]]}, "properties": {"name": "Independencia", "highway": "residential"}}, {"type": "Feature", "geometry": {"type": "LineString", "coordinates": [[-70.38969, -23.66789], [-70.39029, -23.66777]]}, "properties": {"name": "La Concepción", "highway": "living_street"}}, {"type": "Feature", "geometry": {"type": "LineString", "coordinates": [[-70.38934, -23.66606], [-70.38992, -23.66618]]}, "properties": {"name": "Oscar Jensen", "highway": "residential"}}, {"type": "Feature", "geometry": {"type": "LineString", "coordinates": [[-70.38526, -23.61588], [-70.39063, -23.61491]]}, "properties": {"name": "Montegrande", "highway": "residential"}}, {"type": "Feature", "geometry": {"type": "LineString", "coordinates": [[-70.37356, -23.6206], [-70.37684, -23.6196], [-70.38496, -23.6153]]}, "properties": {"name": "Montegrande", "highway": "residential"}}, {"type": "Feature", "geometry": {"type": "LineString", "coordinates": [[-70.39107, -23.62807], [-70.39065, -23.62673], [-70.38915, -23.6243]]}, "properties": {"name": "Loa", "highway": "tertiary"}}, {"type": "Feature", "geometry": {"type": "LineString", "coordinates": [[-70.38633, -23.6588], [-70.3876, -23.65919]]}, "properties": {"name": "Baquedano", "highway": "residential"}}, {"type": "Feature", "geometry": {"type": "LineString", "coordinates": [[-70.38895, -23.62634], [-70.39013, -23.62584]]}, "properties": {"name": "Ovalle", "highway": "residential"}}, {"type": "Feature", "geometry": {"type": "LineString", "coordinates": [[-70.38823, -23.62479], [-70.38955, -23.62409], [-70.39058, -23.62378]]}, "properties": {"name": "Vallenar", "highway": "residential"}}, {"type": "Feature", "geometry": {"type": "LineString", "coordinates": [[-70.3835, -23.61606], [-70.38903, -23.62488]]}, "properties": {"name": "Valdivia", "highway": "residential"}}, {"type": "Feature", "geometry": {"type": "LineString", "coordinates": [[-70.38973, -23.66517], [-70.39021, -23.66395]]}, "properties": {"name": "Germán Segura", "highway": "residential"}}, {"type": "Feature", "geometry": {"type": "LineString", "coordinates": [[-70.38494, -23.61329], [-70.38382, -23.61325], [-70.38266, -23.61258]]}, "properties": {"name": "Isabel Riquelme", "highway": "tertiary"}}, {"type": "Feature", "geometry": {"type": "LineString", "coordinates": [[-70.38776, -23.66022], [-70.38724, -23.66194]]}, "properties": {"name": "Maipú", "highway": "residential"}}, {"type": "Feature", "geometry": {"type": "LineString", "coordinates": [[-70.38793, -23.65975], [-70.38703, -23.65949]]}, "properties": {"name": "Venancio Díaz", "highway": "living_street"}}, {"type": "Feature", "geometry": {"type": "LineString", "coordinates": [[-70.38622, -23.61961], [-70.38013, -23.62278]]}, "properties": {"name": "Elqui", "highway": "residential"}}, {"type": "Feature", "geometry": {"type": "LineString", "coordinates": [[-70.39006, -23.66575], [-70.38923, -23.66554]]}, "properties": {"name": "Teniente Urbina", "highway": "living_street"}}, {"type": "Feature", "geometry": {"type": "LineString", "coordinates": [[-70.38741, -23.66112], [-70.38799, -23.66141]]}, "properties": {"name": "Ariste Hung", "highway": "residential"}}, {"type": "Feature", "geometry": {"type": "LineString", "coordinates": [[-70.37309, -23.61974], [-70.37647, -23.61865], [-70.38231, -23.61552]]}, "properties": {"name": "Cobija", "highway": "residential"}}, {"type": "Feature", "geometry": {"type": "LineString", "coordinates": [[-70.38983, -23.66705], [-70.39034, -23.66682]]}, "properties": {"name": "Pacífico", "highway": "residential"}}, {"type": "Feature", "geometry": {"type": "LineString", "coordinates": [[-70.401, -23.6775], [-70.40239, -23.67661], [-70.40245, -23.67609], [-70.4022, -23.67521]]}, "properties": {"name": "Radoslav Razmilic", "highway": "residential"}}, {"type": "Feature", "geometry": {"type": "LineString", "coordinates": [[-70.38824, -23.66045], [-70.38788, -23.66127]]}, "properties": {"name": "Quebrada Uribe", "highway": "residential"}}, {"type": "Feature", "geometry": {"type": "LineString", "coordinates": [[-70.3924, -23.66778], [-70.39174, -23.6662], [-70.39132, -23.66569]]}, "properties": {"name": "Pasaje Padre Alberto Hurtado", "highway": "residential"}}, {"type": "Feature", "geometry": {"type": "LineString", "coordinates": [[-70.38675, -23.61977], [-70.38662, -23.61868]]}, "properties": {"name": "Ayquina", "highway": "residential"}}, {"type": "Feature", "geometry": {"type": "LineString", "coordinates": [[-70.37712, -23.61587], [-70.38434, -23.62731]]}, "properties": {"name": "Aysén", "highway": "residential"}}, {"type": "Feature", "geometry": {"type": "LineString", "coordinates": [[-70.38252, -23.61904], [-70.38667, -23.62563]]}, "properties": {"name": "Maullín", "highway": "residential"}}, {"type": "Feature", "geometry": {"type": "LineString", "coordinates": [[-70.38961, -23.66744], [-70.39003, -23.66737]]}, "properties": {"name": "Pacífico", "highway": "living_street"}}, {"type": "Feature", "geometry": {"type": "LineString", "coordinates": [[-70.38974, -23.62176], [-70.38706, -23.62292]]}, "properties": {"name": "Pisagua", "highway": "secondary"}}, {"type": "Feature", "geometry": {"type": "LineString", "coordinates": [[-70.38847, -23.62056], [-70.38778, -23.61738]]}, "properties": {"name": "Ollagüe", "highway": "residential"}}, {"type": "Feature", "geometry": {"type": "LineString", "coordinates": [[-70.389, -23.66449], [-70.38989, -23.66475]]}, "properties": {"name": "Mateo Matamala", "highway": "living_street"}}, {"type": "Feature", "geometry": {"type": "LineString", "coordinates": [[-70.38357, -23.61302], [-70.38425, -23.61196]]}, "properties": {"name": "Mar de Chile", "highway": "residential"}}, {"type": "Feature", "geometry": {"type": "LineString", "coordinates": [[-70.37864, -23.60919], [-70.37885, -23.60689]]}, "properties": {"name": "Estado", "highway": "residential"}}, {"type": "Feature", "geometry": {"type": "LineString", "coordinates": [[-70.37805, -23.60916], [-70.37871, -23.60921], [-70.37915, -23.60948]]}, "properties": {"name": "Isabel La Católica", "highway": "residential"}}, {"type": "Feature", "geometry": {"type": "LineString", "coordinates": [[-70.38342, -23.60443], [-70.38347, -23.60393]]}, "properties": {"name": "Carlos Dávila", "highway": "residential"}}, {"type": "Feature", "geometry": {"type": "LineString", "coordinates": [[-70.37841, -23.60638], [-70.37846, -23.60573]]}, "properties": {"name": "Estado", "highway": "residential"}}, {"type": "Feature", "geometry": {"type": "LineString", "coordinates": [[-70.37846, -23.60477], [-70.37851, -23.60408]]}, "properties": {"name": "Estado", "highway": "residential"}}, {"type": "Feature", "geometry": {"type": "LineString", "coordinates": [[-70.38232, -23.60528], [-70.38449, -23.60546]]}, "properties": {"name": "San Diego", "highway": "residential"}}, {"type": "Feature", "geometry": {"type": "LineString", "coordinates": [[-70.37837, -23.60956], [-70.37833, -23.61052]]}, "properties": {"name": "Oriental", "highway": "residential"}}, {"type": "Feature", "geometry": {"type": "LineString", "coordinates": [[-70.37934, -23.61014], [-70.3799, -23.61018]]}, "properties": {"name": "Portugal", "highway": "residential"}}, {"type": "Feature", "geometry": {"type": "LineString", "coordinates": [[-70.37636, -23.60784], [-70.37768, -23.60784]]}, "properties": {"name": "San Cristóbal", "highway": "residential"}}, {"type": "Feature", "geometry": {"type": "LineString", "coordinates": [[-70.38459, -23.61101], [-70.38402, -23.61184]]}, "properties": {"name": "Coloso", "highway": "residential"}}, {"type": "Feature", "geometry": {"type": "LineString", "coordinates": [[-70.37776, -23.60567], [-70.37896, -23.60577]]}, "properties": {"name": "Merced", "highway": "residential"}}, {"type": "Feature", "geometry": {"type": "LineString", "coordinates": [[-70.38439, -23.61559], [-70.38428, -23.61479]]}, "properties": {"name": "Peñalolén", "highway": "residential"}}, {"type": "Feature", "geometry": {"type": "LineString", "coordinates": [[-70.37775, -23.60472], [-70.37903, -23.60482]]}, "properties": {"name": "Agustinas", "highway": "residential"}}, {"type": "Feature", "geometry": {"type": "LineString", "coordinates": [[-70.38346, -23.61237], [-70.38297, -23.61207]]}, "properties": {"name": "Portugal", "highway": "residential"}}, {"type": "Feature", "geometry": {"type": "LineString", "coordinates": [[-70.37993, -23.60984], [-70.38047, -23.60988]]}, "properties": {"name": "Mapocho", "highway": "residential"}}, {"type": "Feature", "geometry": {"type": "LineString", "coordinates": [[-70.38261, -23.6058], [-70.38223, -23.60923], [-70.38201, -23.60971]]}, "properties": {"name": "El Roble", "highway": "residential"}}, {"type": "Feature", "geometry": {"type": "LineString", "coordinates": [[-70.38163, -23.60664], [-70.38196, -23.60384]]}, "properties": {"name": "El Roble", "highway": "residential"}}, {"type": "Feature", "geometry": {"type": "LineString", "coordinates": [[-70.3783, -23.61004], [-70.37906, -23.61009]]}, "properties": {"name": "Portugal", "highway": "residential"}}, {"type": "Feature", "geometry": {"type": "LineString", "coordinates": [[-70.38143, -23.60938], [-70.38037, -23.61092]]}, "properties": {"name": "10 de Julio", "highway": "residential"}}, {"type": "Feature", "geometry": {"type": "LineString", "coordinates": [[-70.38088, -23.60566], [-70.38291, -23.60583]]}, "properties": {"name": "Capuchino", "highway": "living_street"}}, {"type": "Feature", "geometry": {"type": "LineString", "coordinates": [[-70.38377, -23.61378], [-70.38485, -23.61379]]}, "properties": {"name": "Tiltil", "highway": "residential"}}, {"type": "Feature", "geometry": {"type": "LineString", "coordinates": [[-70.38356, -23.60444], [-70.38337, -23.60639]]}, "properties": {"name": "Recoleta", "highway": "residential"}}, {"type": "Feature", "geometry": {"type": "LineString", "coordinates": [[-70.38042, -23.60511], [-70.38181, -23.60522]]}, "properties": {"name": "San Diego", "highway": "living_street"}}, {"type": "Feature", "geometry": {"type": "LineString", "coordinates": [[-70.37976, -23.60334], [-70.37858, -23.60189], [-70.3785, -23.59882]]}, "properties": {"name": "General Óscar Bonilla", "highway": "tertiary"}}, {"type": "Feature", "geometry": {"type": "LineString", "coordinates": [[-70.38376, -23.61427], [-70.38496, -23.61428]]}, "properties": {"name": "Yungay", "highway": "residential"}}, {"type": "Feature", "geometry": {"type": "LineString", "coordinates": [[-70.38444, -23.6168], [-70.38376, -23.61569], [-70.38382, -23.61325]]}, "properties": {"name": "Calle Loa", "highway": "residential"}}, {"type": "Feature", "geometry": {"type": "LineString", "coordinates": [[-70.38217, -23.60936], [-70.38409, -23.61037]]}, "properties": {"name": "La Reina", "highway": "residential"}}, {"type": "Feature", "geometry": {"type": "LineString", "coordinates": [[-70.38308, -23.60439], [-70.38287, -23.60633]]}, "properties": {"name": "Caliche", "highway": "residential"}}, {"type": "Feature", "geometry": {"type": "LineString", "coordinates": [[-70.37937, -23.60693], [-70.37846, -23.60685]]}, "properties": {"name": "Santa Lucía", "highway": "residential"}}, {"type": "Feature", "geometry": {"type": "LineString", "coordinates": [[-70.38444, -23.61093], [-70.385, -23.61007]]}, "properties": {"name": "Coloso", "highway": "residential"}}, {"type": "Feature", "geometry": {"type": "LineString", "coordinates": [[-70.38382, -23.61325], [-70.38464, -23.61217]]}, "properties": {"name": "Calle Loa", "highway": "residential"}}, {"type": "Feature", "geometry": {"type": "LineString", "coordinates": [[-70.38259, -23.60435], [-70.38263, -23.60388]]}, "properties": {"name": "Quinta Normal", "highway": "residential"}}, {"type": "Feature", "geometry": {"type": "LineString", "coordinates": [[-70.37767, -23.60827], [-70.38, -23.6086], [-70.38385, -23.61076]]}, "properties": {"name": "San Miguel", "highway": "residential"}}, {"type": "Feature", "geometry": {"type": "LineString", "coordinates": [[-70.38257, -23.6106], [-70.38357, -23.61118]]}, "properties": {"name": "Isabel La Católica", "highway": "residential"}}, {"type": "Feature", "geometry": {"type": "LineString", "coordinates": [[-70.38396, -23.60495], [-70.3841, -23.60397]]}, "properties": {"name": "Las Delicias", "highway": "residential"}}, {"type": "Feature", "geometry": {"type": "LineString", "coordinates": [[-70.37973, -23.60418], [-70.37774, -23.604]]}, "properties": {"name": "Monjitas", "highway": "residential"}}, {"type": "Feature", "geometry": {"type": "LineString", "coordinates": [[-70.38299, -23.60681], [-70.38431, -23.60694]]}, "properties": {"name": "Abate Molina", "highway": "living_street"}}, {"type": "Feature", "geometry": {"type": "LineString", "coordinates": [[-70.3796, -23.60728], [-70.38019, -23.60733]]}, "properties": {"name": "Pasaje San Francisco", "highway": "residential"}}, {"type": "Feature", "geometry": {"type": "LineString", "coordinates": [[-70.38418, -23.61131], [-70.38313, -23.61286]]}, "properties": {"name": "Coloso", "highway": "residential"}}, {"type": "Feature", "geometry": {"type": "LineString", "coordinates": [[-70.37894, -23.60594], [-70.37904, -23.60464]]}, "properties": {"name": "Estado", "highway": "residential"}}, {"type": "Feature", "geometry": {"type": "LineString", "coordinates": [[-70.37941, -23.60942], [-70.37997, -23.60947]]}, "properties": {"name": "Isabel La Católica", "highway": "residential"}}, {"type": "Feature", "geometry": {"type": "LineString", "coordinates": [[-70.37884, -23.60706], [-70.37778, -23.60698]]}, "properties": {"name": "Santa Lucía", "highway": "residential"}}, {"type": "Feature", "geometry": {"type": "LineString", "coordinates": [[-70.38437, -23.60647], [-70.37974, -23.60603]]}, "properties": {"name": "Merced", "highway": "residential"}}, {"type": "Feature", "geometry": {"type": "LineString", "coordinates": [[-70.38277, -23.60436], [-70.38265, -23.60481]]}, "properties": {"name": "Quinta Normal", "highway": "residential"}}, {"type": "Feature", "geometry": {"type": "LineString", "coordinates": [[-70.38439, -23.61204], [-70.38498, -23.61122]]}, "properties": {"name": "Mar de Chile", "highway": "residential"}}, {"type": "Feature", "geometry": {"type": "LineString", "coordinates": [[-70.38351, -23.60492], [-70.38454, -23.605]]}, "properties": {"name": "Agustinas", "highway": "residential"}}, {"type": "Feature", "geometry": {"type": "LineString", "coordinates": [[-70.38413, -23.61631], [-70.38497, -23.61585]]}, "properties": {"name": "Diaguita", "highway": "residential"}}, {"type": "Feature", "geometry": {"type": "LineString", "coordinates": [[-70.38386, -23.61176], [-70.3849, -23.61231]]}, "properties": {"name": "Mapocho", "highway": "residential"}}, {"type": "Feature", "geometry": {"type": "LineString", "coordinates": [[-70.37833, -23.61052], [-70.37901, -23.61056]]}, "properties": {"name": "San Pablo", "highway": "residential"}}, {"type": "Feature", "geometry": {"type": "LineString", "coordinates": [[-70.38445, -23.60984], [-70.38408, -23.60936], [-70.38427, -23.608], [-70.38474, -23.60716], [-70.38526, -23.6021], [-70.38572, -23.59232]]}, "properties": {"name": "Avenida Radomiro Tomic", "highway": "secondary"}}, {"type": "Feature", "geometry": {"type": "LineString", "coordinates": [[-70.37837, -23.60956], [-70.37901, -23.60947]]}, "properties": {"name": "Mapocho", "highway": "residential"}}, {"type": "Feature", "geometry": {"type": "LineString", "coordinates": [[-70.38046, -23.60991], [-70.38273, -23.61129]]}, "properties": {"name": "Mapocho", "highway": "residential"}}, {"type": "Feature", "geometry": {"type": "LineString", "coordinates": [[-70.39687, -23.59244], [-70.39529, -23.59234]]}, "properties": {"name": "Nicolás Tirado", "highway": "secondary"}}, {"type": "Feature", "geometry": {"type": "LineString", "coordinates": [[-70.38367, -23.61102], [-70.38432, -23.6114]]}, "properties": {"name": "Isabel La Católica", "highway": "residential"}}, {"type": "Feature", "geometry": {"type": "LineString", "coordinates": [[-70.37845, -23.60703], [-70.3785, -23.60639]]}, "properties": {"name": "Estado", "highway": "residential"}}, {"type": "Feature", "geometry": {"type": "LineString", "coordinates": [[-70.38293, -23.60728], [-70.38305, -23.60636]]}, "properties": {"name": "Carlos Dávila", "highway": "living_street"}}, {"type": "Feature", "geometry": {"type": "LineString", "coordinates": [[-70.37834, -23.59281], [-70.37858, -23.59268]]}, "properties": {"name": "Nicolás Tirado", "highway": "secondary"}}, {"type": "Feature", "geometry": {"type": "LineString", "coordinates": [[-70.38399, -23.60448], [-70.38191, -23.60428]]}, "properties": {"name": "Monjitas", "highway": "residential"}}, {"type": "Feature", "geometry": {"type": "LineString", "coordinates": [[-70.37847, -23.60458], [-70.37966, -23.6047]]}, "properties": {"name": "Agustinas", "highway": "residential"}}, {"type": "Feature", "geometry": {"type": "LineString", "coordinates": [[-70.38396, -23.60542], [-70.38384, -23.60642]]}, "properties": {"name": "Las Delicias", "highway": "residential"}}, {"type": "Feature", "geometry": {"type": "LineString", "coordinates": [[-70.37988, -23.61111], [-70.37981, -23.61103]]}, "properties": {"name": "Teatinos", "highway": "residential"}}, {"type": "Feature", "geometry": {"type": "LineString", "coordinates": [[-70.37787, -23.60828], [-70.37792, -23.60785]]}, "properties": {"name": "Oriental", "highway": "residential"}}, {"type": "Feature", "geometry": {"type": "LineString", "coordinates": [[-70.37776, -23.60519], [-70.37955, -23.60533]]}, "properties": {"name": "San Diego", "highway": "residential"}}, {"type": "Feature", "geometry": {"type": "LineString", "coordinates": [[-70.38224, -23.60577], [-70.38237, -23.60479]]}, "properties": {"name": "Quinta Normal", "highway": "living_street"}}, {"type": "Feature", "geometry": {"type": "LineString", "coordinates": [[-70.41368, -23.69479], [-70.41314, -23.69835], [-70.41261, -23.6983]]}, "properties": {"name": "Santa Rita", "highway": "residential"}}, {"type": "Feature", "geometry": {"type": "LineString", "coordinates": [[-70.41019, -23.69256], [-70.41143, -23.6925]]}, "properties": {"name": "Collico", "highway": "residential"}}, {"type": "Feature", "geometry": {"type": "LineString", "coordinates": [[-70.41172, -23.69742], [-70.41196, -23.69604]]}, "properties": {"name": "Mar del Plata", "highway": "tertiary"}}, {"type": "Feature", "geometry": {"type": "LineString", "coordinates": [[-70.4119, -23.69192], [-70.41018, -23.69209]]}, "properties": {"name": "Paillaco", "highway": "residential"}}, {"type": "Feature", "geometry": {"type": "LineString", "coordinates": [[-70.41095, -23.69652], [-70.41188, -23.69647]]}, "properties": {"name": "Santa Cecilia", "highway": "residential"}}, {"type": "Feature", "geometry": {"type": "LineString", "coordinates": [[-70.41321, -23.69794], [-70.41167, -23.69772]]}, "properties": {"name": "Santa Marta", "highway": "residential"}}, {"type": "Feature", "geometry": {"type": "LineString", "coordinates": [[-70.41114, -23.6974], [-70.41073, -23.69305]]}, "properties": {"name": "Santa Cruz", "highway": "residential"}}, {"type": "Feature", "geometry": {"type": "LineString", "coordinates": [[-70.41038, -23.69612], [-70.413, -23.69599]]}, "properties": {"name": "Santa Magdalena", "highway": "residential"}}, {"type": "Feature", "geometry": {"type": "LineString", "coordinates": [[-70.4115, -23.693], [-70.41136, -23.69198]]}, "properties": {"name": "Santa Clara", "highway": "residential"}}, {"type": "Feature", "geometry": {"type": "LineString", "coordinates": [[-70.4129, -23.69496], [-70.41019, -23.6951]]}, "properties": {"name": "Santa Margarita", "highway": "residential"}}, {"type": "Feature", "geometry": {"type": "LineString", "coordinates": [[-70.41144, -23.69606], [-70.41127, -23.69302]]}, "properties": {"name": "Santa Clara", "highway": "residential"}}, {"type": "Feature", "geometry": {"type": "LineString", "coordinates": [[-70.41375, -23.69751], [-70.41405, -23.69548]]}, "properties": {"name": "Santa María", "highway": "residential"}}, {"type": "Feature", "geometry": {"type": "LineString", "coordinates": [[-70.41016, -23.68602], [-70.41015, -23.68634], [-70.41171, -23.68997], [-70.41198, -23.69283]]}, "properties": {"name": "Mar del Plata", "highway": "tertiary"}}, {"type": "Feature", "geometry": {"type": "LineString", "coordinates": [[-70.41012, -23.68814], [-70.41089, -23.6881]]}, "properties": {"name": "Picolhue", "highway": "living_street"}}, {"type": "Feature", "geometry": {"type": "LineString", "coordinates": [[-70.41247, -23.69601], [-70.41218, -23.69779]]}, "properties": {"name": "Santa Inés", "highway": "residential"}}, {"type": "Feature", "geometry": {"type": "LineString", "coordinates": [[-70.41105, -23.68848], [-70.41013, -23.68851]]}, "properties": {"name": "Cunco", "highway": "living_street"}}, {"type": "Feature", "geometry": {"type": "LineString", "coordinates": [[-70.41187, -23.69457], [-70.41239, -23.69454]]}, "properties": {"name": "Rodrigo de Triana", "highway": "residential"}}, {"type": "Feature", "geometry": {"type": "LineString", "coordinates": [[-70.41026, -23.6941], [-70.41184, -23.69403]]}, "properties": {"name": "José Bernardo Tagle", "highway": "residential"}}, {"type": "Feature", "geometry": {"type": "LineString", "coordinates": [[-70.40951, -23.68774], [-70.41071, -23.68768]]}, "properties": {"name": "Vilcún", "highway": "residential"}}, {"type": "Feature", "geometry": {"type": "LineString", "coordinates": [[-70.41397, -23.69628], [-70.41298, -23.69615]]}, "properties": {"name": "Santa Magdalena", "highway": "residential"}}, {"type": "Feature", "geometry": {"type": "LineString", "coordinates": [[-70.41383, -23.69708], [-70.41182, -23.6968]]}, "properties": {"name": "Santa Mercedes", "highway": "residential"}}, {"type": "Feature", "geometry": {"type": "LineString", "coordinates": [[-70.40604, -23.69038], [-70.4057, -23.68905]]}, "properties": {"name": "Chimborazo", "highway": "residential"}}, {"type": "Feature", "geometry": {"type": "LineString", "coordinates": [[-70.40678, -23.6877], [-70.40671, -23.68717]]}, "properties": {"name": "Pasaje Pablo Schmidt", "highway": "living_street"}}, {"type": "Feature", "geometry": {"type": "LineString", "coordinates": [[-70.40687, -23.686], [-70.40697, -23.68677]]}, "properties": {"name": "Osvaldo Gómez", "highway": "residential"}}, {"type": "Feature", "geometry": {"type": "LineString", "coordinates": [[-70.41016, -23.69045], [-70.41121, -23.69044]]}, "properties": {"name": "Máfil", "highway": "residential"}}, {"type": "Feature", "geometry": {"type": "LineString", "coordinates": [[-70.40949, -23.68967], [-70.4095, -23.69119]]}, "properties": {"name": "Reumen", "highway": "residential"}}, {"type": "Feature", "geometry": {"type": "LineString", "coordinates": [[-70.40764, -23.68906], [-70.40658, -23.68955], [-70.40595, -23.69053], [-70.40575, -23.69136], [-70.40593, -23.69219]]}, "properties": {"name": "Mehuín", "highway": "tertiary"}}, {"type": "Feature", "geometry": {"type": "LineString", "coordinates": [[-70.40589, -23.68881], [-70.40661, -23.6893]]}, "properties": {"name": "Mercedes Astaburuaga", "highway": "residential"}}, {"type": "Feature", "geometry": {"type": "LineString", "coordinates": [[-70.40482, -23.68434], [-70.40596, -23.68399]]}, "properties": {"name": "Pasaje Alcaldesa Juana Saavedra", "highway": "residential"}}, {"type": "Feature", "geometry": {"type": "LineString", "coordinates": [[-70.4079, -23.68863], [-70.40955, -23.68854]]}, "properties": {"name": "Cunco", "highway": "residential"}}, {"type": "Feature", "geometry": {"type": "LineString", "coordinates": [[-70.40581, -23.68825], [-70.40721, -23.68916]]}, "properties": {"name": "Cerro Bayo", "highway": "residential"}}, {"type": "Feature", "geometry": {"type": "LineString", "coordinates": [[-70.41122, -23.68986], [-70.41121, -23.69097]]}, "properties": {"name": "Santa Clara", "highway": "residential"}}, {"type": "Feature", "geometry": {"type": "LineString", "coordinates": [[-70.40871, -23.6903], [-70.40844, -23.68903]]}, "properties": {"name": "Chumil", "highway": "residential"}}, {"type": "Feature", "geometry": {"type": "LineString", "coordinates": [[-70.40821, -23.69339], [-70.40796, -23.69268]]}, "properties": {"name": "Cerro Trapecio", "highway": "residential"}}, {"type": "Feature", "geometry": {"type": "LineString", "coordinates": [[-70.40831, -23.69432], [-70.40835, -23.69383]]}, "properties": {"name": "El Peñon", "highway": "living_street"}}, {"type": "Feature", "geometry": {"type": "LineString", "coordinates": [[-70.40861, -23.68983], [-70.40949, -23.68967]]}, "properties": {"name": "Huape", "highway": "residential"}}, {"type": "Feature", "geometry": {"type": "LineString", "coordinates": [[-70.40913, -23.68857], [-70.40901, -23.68617]]}, "properties": {"name": "Calafquén", "highway": "living_street"}}, {"type": "Feature", "geometry": {"type": "LineString", "coordinates": [[-70.40596, -23.68399], [-70.40619, -23.68645]]}, "properties": {"name": "Secundino Carrizo", "highway": "residential"}}, {"type": "Feature", "geometry": {"type": "LineString", "coordinates": [[-70.40957, -23.68898], [-70.40941, -23.68577]]}, "properties": {"name": "Reumen", "highway": "residential"}}, {"type": "Feature", "geometry": {"type": "LineString", "coordinates": [[-70.40907, -23.69329], [-70.41007, -23.69324]]}, "properties": {"name": "Santa Elena", "highway": "tertiary"}}, {"type": "Feature", "geometry": {"type": "LineString", "coordinates": [[-70.40912, -23.68829], [-70.40954, -23.68827]]}, "properties": {"name": "", "highway": "living_street"}}, {"type": "Feature", "geometry": {"type": "LineString", "coordinates": [[-70.40776, -23.68586], [-70.40781, -23.68811], [-70.40828, -23.69037]]}, "properties": {"name": "Antilhue", "highway": "residential"}}, {"type": "Feature", "geometry": {"type": "LineString", "coordinates": [[-70.40893, -23.68901], [-70.40908, -23.68974]]}, "properties": {"name": "Lumaco", "highway": "residential"}}, {"type": "Feature", "geometry": {"type": "LineString", "coordinates": [[-70.40922, -23.69246], [-70.40918, -23.69119]]}, "properties": {"name": "Reumen", "highway": "living_street"}}, {"type": "Feature", "geometry": {"type": "LineString", "coordinates": [[-70.4087, -23.68789], [-70.4091, -23.68787]]}, "properties": {"name": "", "highway": "living_street"}}, {"type": "Feature", "geometry": {"type": "LineString", "coordinates": [[-70.40531, -23.68514], [-70.40581, -23.68487]]}, "properties": {"name": "Regidor Humberto Escobar", "highway": "living_street"}}, {"type": "Feature", "geometry": {"type": "LineString", "coordinates": [[-70.40956, -23.69242], [-70.40956, -23.69327]]}, "properties": {"name": "Patricia González de Turner", "highway": "residential"}}, {"type": "Feature", "geometry": {"type": "LineString", "coordinates": [[-70.40865, -23.6868], [-70.40904, -23.68679]]}, "properties": {"name": "", "highway": "living_street"}}, {"type": "Feature", "geometry": {"type": "LineString", "coordinates": [[-70.40947, -23.69327], [-70.40946, -23.69242]]}, "properties": {"name": "Patricia González de Turner", "highway": "residential"}}, {"type": "Feature", "geometry": {"type": "LineString", "coordinates": [[-70.40604, -23.69038], [-70.40812, -23.69137]]}, "properties": {"name": "Monturaqui", "highway": "residential"}}, {"type": "Feature", "geometry": {"type": "LineString", "coordinates": [[-70.40767, -23.69197], [-70.40821, -23.69176]]}, "properties": {"name": "Pan de Azúcar", "highway": "residential"}}, {"type": "Feature", "geometry": {"type": "LineString", "coordinates": [[-70.40709, -23.68764], [-70.40701, -23.68712]]}, "properties": {"name": "Pasaje Clara Mardones de Mauret", "highway": "living_street"}}, {"type": "Feature", "geometry": {"type": "LineString", "coordinates": [[-70.41077, -23.69158], [-70.41183, -23.69146]]}, "properties": {"name": "Malihue", "highway": "residential"}}, {"type": "Feature", "geometry": {"type": "LineString", "coordinates": [[-70.41089, -23.69044], [-70.41088, -23.68986]]}, "properties": {"name": "Santa Cruz", "highway": "residential"}}, {"type": "Feature", "geometry": {"type": "LineString", "coordinates": [[-70.40828, -23.68759], [-70.4095, -23.68753]]}, "properties": {"name": "Vilcún", "highway": "residential"}}, {"type": "Feature", "geometry": {"type": "LineString", "coordinates": [[-70.40573, -23.68787], [-70.40564, -23.68729]]}, "properties": {"name": "Emilio Vaisse", "highway": "living_street"}}, {"type": "Feature", "geometry": {"type": "LineString", "coordinates": [[-70.41088, -23.68995], [-70.41016, -23.68995]]}, "properties": {"name": "Rapahue", "highway": "residential"}}, {"type": "Feature", "geometry": {"type": "LineString", "coordinates": [[-70.40739, -23.68758], [-70.40558, -23.68789]]}, "properties": {"name": "Antonio Salas Faúndez", "highway": "residential"}}, {"type": "Feature", "geometry": {"type": "LineString", "coordinates": [[-70.40597, -23.68512], [-70.40546, -23.6854]]}, "properties": {"name": "Regidor Ester Núñez de Quinteros", "highway": "living_street"}}, {"type": "Feature", "geometry": {"type": "LineString", "coordinates": [[-70.4107, -23.68995], [-70.41069, -23.6894]]}, "properties": {"name": "Santa Cruz", "highway": "residential"}}, {"type": "Feature", "geometry": {"type": "LineString", "coordinates": [[-70.40839, -23.69402], [-70.40865, -23.69408]]}, "properties": {"name": "El Peñon", "highway": "living_street"}}, {"type": "Feature", "geometry": {"type": "LineString", "coordinates": [[-70.40602, -23.68783], [-70.40593, -23.68723]]}, "properties": {"name": "Fidelia Valdés Pereira", "highway": "living_street"}}, {"type": "Feature", "geometry": {"type": "LineString", "coordinates": [[-70.40949, -23.69016], [-70.40828, -23.69037]]}, "properties": {"name": "Rapahue", "highway": "residential"}}, {"type": "Feature", "geometry": {"type": "LineString", "coordinates": [[-70.40533, -23.68953], [-70.40615, -23.68847]]}, "properties": {"name": "Juan Mandaleris K", "highway": "living_street"}}, {"type": "Feature", "geometry": {"type": "LineString", "coordinates": [[-70.40389, -23.67811], [-70.40463, -23.67914], [-70.40523, -23.67936], [-70.40701, -23.68229], [-70.40734, -23.68505], [-70.40742, -23.68792], [-70.40779, -23.68978]]}, "properties": {"name": "Antilhue", "highway": "secondary"}}, {"type": "Feature", "geometry": {"type": "LineString", "coordinates": [[-70.41078, -23.69206], [-70.41075, -23.69097]]}, "properties": {"name": "Santa Cruz", "highway": "residential"}}, {"type": "Feature", "geometry": {"type": "LineString", "coordinates": [[-70.4061, -23.68782], [-70.40524, -23.68901], [-70.40575, -23.69136]]}, "properties": {"name": "Cerro Sombrero", "highway": "residential"}}, {"type": "Feature", "geometry": {"type": "LineString", "coordinates": [[-70.40701, -23.68845], [-70.40686, -23.68769]]}, "properties": {"name": "Osvaldo Gómez A.", "highway": "residential"}}, {"type": "Feature", "geometry": {"type": "LineString", "coordinates": [[-70.40859, -23.68581], [-70.40877, -23.68901]]}, "properties": {"name": "Lumaco", "highway": "living_street"}}, {"type": "Feature", "geometry": {"type": "LineString", "coordinates": [[-70.41017, -23.69097], [-70.41177, -23.69097]]}, "properties": {"name": "Huellelhue", "highway": "residential"}}, {"type": "Feature", "geometry": {"type": "LineString", "coordinates": [[-70.41166, -23.68985], [-70.41069, -23.68986]]}, "properties": {"name": "Rapahue", "highway": "residential"}}, {"type": "Feature", "geometry": {"type": "LineString", "coordinates": [[-70.40833, -23.68861], [-70.40821, -23.68621]]}, "properties": {"name": "Chumil", "highway": "residential"}}, {"type": "Feature", "geometry": {"type": "LineString", "coordinates": [[-70.40779, -23.68768], [-70.40828, -23.68766]]}, "properties": {"name": "Vilcún", "highway": "residential"}}, {"type": "Feature", "geometry": {"type": "LineString", "coordinates": [[-70.40692, -23.68639], [-70.40619, -23.68645]]}, "properties": {"name": "Quillén", "highway": "residential"}}, {"type": "Feature", "geometry": {"type": "LineString", "coordinates": [[-70.40618, -23.68606], [-70.40736, -23.68596]]}, "properties": {"name": "Trumao", "highway": "residential"}}, {"type": "Feature", "geometry": {"type": "LineString", "coordinates": [[-70.4076, -23.68884], [-70.40635, -23.68802]]}, "properties": {"name": "Secundino Carrizo", "highway": "residential"}}, {"type": "Feature", "geometry": {"type": "LineString", "coordinates": [[-70.40779, -23.68978], [-70.40704, -23.6913], [-70.40754, -23.69267]]}, "properties": {"name": "Cerro Negro", "highway": "residential"}}, {"type": "Feature", "geometry": {"type": "LineString", "coordinates": [[-70.4058, -23.691], [-70.4066, -23.69139]]}, "properties": {"name": "Aguas Blancas", "highway": "residential"}}, {"type": "Feature", "geometry": {"type": "LineString", "coordinates": [[-70.40593, -23.69219], [-70.40812, -23.69137]]}, "properties": {"name": "Huellelhue", "highway": "residential"}}, {"type": "Feature", "geometry": {"type": "LineString", "coordinates": [[-70.406, -23.68432], [-70.40548, -23.68435]]}, "properties": {"name": "Gregorio Lobos Tambull", "highway": "living_street"}}, {"type": "Feature", "geometry": {"type": "LineString", "coordinates": [[-70.4061, -23.68533], [-70.40531, -23.68409]]}, "properties": {"name": "Humberto Albanese Cortés", "highway": "residential"}}, {"type": "Feature", "geometry": {"type": "LineString", "coordinates": [[-70.41016, -23.69026], [-70.40949, -23.69028]]}, "properties": {"name": "Rapahue", "highway": "residential"}}, {"type": "Feature", "geometry": {"type": "LineString", "coordinates": [[-70.40622, -23.68903], [-70.40585, -23.68952]]}, "properties": {"name": "Andrés Lan", "highway": "residential"}}, {"type": "Feature", "geometry": {"type": "LineString", "coordinates": [[-70.40881, -23.69252], [-70.40913, -23.69379], [-70.40888, -23.69493]]}, "properties": {"name": "Antilhue", "highway": "tertiary"}}, {"type": "Feature", "geometry": {"type": "LineString", "coordinates": [[-70.40992, -23.68672], [-70.40946, -23.68674]]}, "properties": {"name": "Colihue", "highway": "residential"}}, {"type": "Feature", "geometry": {"type": "LineString", "coordinates": [[-70.40649, -23.68776], [-70.40642, -23.68721]]}, "properties": {"name": "Pasaje Albino Seeger", "highway": "living_street"}}, {"type": "Feature", "geometry": {"type": "LineString", "coordinates": [[-70.40566, -23.6897], [-70.40585, -23.69074]]}, "properties": {"name": "San Carlos", "highway": "living_street"}}, {"type": "Feature", "geometry": {"type": "LineString", "coordinates": [[-70.40472, -23.68418], [-70.40615, -23.68648]]}, "properties": {"name": "Coilhue", "highway": "residential"}}, {"type": "Feature", "geometry": {"type": "LineString", "coordinates": [[-70.40903, -23.68948], [-70.41004, -23.68943]]}, "properties": {"name": "Huape", "highway": "residential"}}, {"type": "Feature", "geometry": {"type": "LineString", "coordinates": [[-70.40767, -23.68919], [-70.4066, -23.6913], [-70.40704, -23.69262]]}, "properties": {"name": "Cerro Cenicero", "highway": "residential"}}, {"type": "Feature", "geometry": {"type": "LineString", "coordinates": [[-70.40655, -23.69255], [-70.40622, -23.69177], [-70.4062, -23.69119], [-70.40721, -23.68916]]}, "properties": {"name": "Cerro Bayo", "highway": "residential"}}, {"type": "Feature", "geometry": {"type": "LineString", "coordinates": [[-70.4097, -23.69595], [-70.40964, -23.69502]]}, "properties": {"name": "Reumen", "highway": "residential"}}, {"type": "Feature", "geometry": {"type": "LineString", "coordinates": [[-70.42417, -23.70743], [-70.42359, -23.70814], [-70.4227, -23.70869]]}, "properties": {"name": "Subida del Arenal", "highway": "residential"}}, {"type": "Feature", "geometry": {"type": "LineString", "coordinates": [[-70.42159, -23.70699], [-70.42213, -23.70673], [-70.42188, -23.7061]]}, "properties": {"name": "Berta González", "highway": "residential"}}, {"type": "Feature", "geometry": {"type": "LineString", "coordinates": [[-70.4285, -23.71054], [-70.42899, -23.71167]]}, "properties": {"name": "Travesía de la Plaza", "highway": "residential"}}, {"type": "Feature", "geometry": {"type": "LineString", "coordinates": [[-70.4297, -23.70966], [-70.42438, -23.70757], [-70.42375, -23.70696], [-70.42349, -23.7062]]}, "properties": {"name": "Travesía del Mar", "highway": "residential"}}, {"type": "Feature", "geometry": {"type": "LineString", "coordinates": [[-70.42078, -23.70881], [-70.42125, -23.70812]]}, "properties": {"name": "Travesía del Cerro", "highway": "residential"}}, {"type": "Feature", "geometry": {"type": "LineString", "coordinates": [[-70.42282, -23.70676], [-70.42369, -23.70805]]}, "properties": {"name": "Travesía de la Plaza", "highway": "residential"}}, {"type": "Feature", "geometry": {"type": "LineString", "coordinates": [[-70.40847, -23.69539], [-70.40917, -23.69536]]}, "properties": {"name": "Santa Margarita", "highway": "residential"}}, {"type": "Feature", "geometry": {"type": "LineString", "coordinates": [[-70.42127, -23.70609], [-70.42163, -23.70709], [-70.42298, -23.70907], [-70.42359, -23.7095], [-70.42518, -23.71012]]}, "properties": {"name": "Travesía de los Vientos", "highway": "residential"}}, {"type": "Feature", "geometry": {"type": "LineString", "coordinates": [[-70.41518, -23.70413], [-70.41552, -23.70362]]}, "properties": {"name": "Los Atacameños", "highway": "residential"}}, {"type": "Feature", "geometry": {"type": "LineString", "coordinates": [[-70.40925, -23.69688], [-70.41045, -23.69682]]}, "properties": {"name": "Santa Mercedes", "highway": "tertiary"}}, {"type": "Feature", "geometry": {"type": "LineString", "coordinates": [[-70.4085, -23.69651], [-70.40646, -23.69662]]}, "properties": {"name": "Santa Mercedes", "highway": "residential"}}, {"type": "Feature", "geometry": {"type": "LineString", "coordinates": [[-70.42073, -23.70641], [-70.41884, -23.70596], [-70.41738, -23.70435]]}, "properties": {"name": "Mario Bahamondes", "highway": "residential"}}, {"type": "Feature", "geometry": {"type": "LineString", "coordinates": [[-70.41741, -23.70497], [-70.41692, -23.70541]]}, "properties": {"name": "Orchard", "highway": "residential"}}, {"type": "Feature", "geometry": {"type": "LineString", "coordinates": [[-70.40923, -23.69641], [-70.41028, -23.69637]]}, "properties": {"name": "Santa Cecilia", "highway": "residential"}}, {"type": "Feature", "geometry": {"type": "LineString", "coordinates": [[-70.42252, -23.7102], [-70.42334, -23.71049], [-70.42313, -23.71012], [-70.42353, -23.71026]]}, "properties": {"name": "Israel Roa", "highway": "residential"}}, {"type": "Feature", "geometry": {"type": "LineString", "coordinates": [[-70.40804, -23.69716], [-70.40803, -23.69654]]}, "properties": {"name": "Santa Mariana", "highway": "residential"}}, {"type": "Feature", "geometry": {"type": "LineString", "coordinates": [[-70.42428, -23.70584], [-70.42312, -23.70644], [-70.42198, -23.70766]]}, "properties": {"name": "Subida del Desierto", "highway": "residential"}}, {"type": "Feature", "geometry": {"type": "LineString", "coordinates": [[-70.4301, -23.71102], [-70.42966, -23.70997]]}, "properties": {"name": "Las Llamas", "highway": "residential"}}, {"type": "Feature", "geometry": {"type": "LineString", "coordinates": [[-70.40844, -23.69542], [-70.40854, -23.69719]]}, "properties": {"name": "Purey", "highway": "residential"}}, {"type": "Feature", "geometry": {"type": "LineString", "coordinates": [[-70.42461, -23.70767], [-70.42374, -23.70957]]}, "properties": {"name": "Subida Corta", "highway": "residential"}}, {"type": "Feature", "geometry": {"type": "LineString", "coordinates": [[-70.40839, -23.69609], [-70.40749, -23.69614]]}, "properties": {"name": "Purey", "highway": "living_street"}}, {"type": "Feature", "geometry": {"type": "LineString", "coordinates": [[-70.41631, -23.70407], [-70.41598, -23.70483]]}, "properties": {"name": "Catalina Massot", "highway": "residential"}}, {"type": "Feature", "geometry": {"type": "LineString", "coordinates": [[-70.41911, -23.70847], [-70.41919, -23.70767]]}, "properties": {"name": "Salar de Hamburgo", "highway": "residential"}}, {"type": "Feature", "geometry": {"type": "LineString", "coordinates": [[-70.41037, -23.69592], [-70.40921, -23.69597]]}, "properties": {"name": "Santa Magdalena", "highway": "residential"}}, {"type": "Feature", "geometry": {"type": "LineString", "coordinates": [[-70.42216, -23.71122], [-70.4201, -23.70964]]}, "properties": {"name": "Cerro Coloso", "highway": "residential"}}, {"type": "Feature", "geometry": {"type": "LineString", "coordinates": [[-70.4092, -23.6958], [-70.40846, -23.69583]]}, "properties": {"name": "Santa Magdalena", "highway": "residential"}}, {"type": "Feature", "geometry": {"type": "LineString", "coordinates": [[-70.41789, -23.70605], [-70.41779, -23.70543]]}, "properties": {"name": "José López", "highway": "living_street"}}, {"type": "Feature", "geometry": {"type": "LineString", "coordinates": [[-70.42176, -23.70937], [-70.42234, -23.70965]]}, "properties": {"name": "Avenida Escondida", "highway": "residential"}}, {"type": "Feature", "geometry": {"type": "LineString", "coordinates": [[-70.424, -23.709], [-70.4234, -23.70865], [-70.42239, -23.70722]]}, "properties": {"name": "Travesía del Mirador", "highway": "residential"}}, {"type": "Feature", "geometry": {"type": "LineString", "coordinates": [[-70.42105, -23.71041], [-70.42176, -23.70937]]}, "properties": {"name": "Salar de Punta Negra", "highway": "residential"}}, {"type": "Feature", "geometry": {"type": "LineString", "coordinates": [[-70.40898, -23.69474], [-70.40966, -23.6947]]}, "properties": {"name": "Santa Genoveva", "highway": "living_street"}}, {"type": "Feature", "geometry": {"type": "LineString", "coordinates": [[-70.42688, -23.71016], [-70.42775, -23.71213]]}, "properties": {"name": "Travesía del Mirador", "highway": "residential"}}, {"type": "Feature", "geometry": {"type": "LineString", "coordinates": [[-70.42717, -23.71179], [-70.42671, -23.71145], [-70.42649, -23.71095]]}, "properties": {"name": "Travesía del Sur", "highway": "residential"}}, {"type": "Feature", "geometry": {"type": "LineString", "coordinates": [[-70.42913, -23.71031], [-70.42961, -23.71142]]}, "properties": {"name": "Travesía de la Costa", "highway": "residential"}}, {"type": "Feature", "geometry": {"type": "LineString", "coordinates": [[-70.42738, -23.7082], [-70.42653, -23.70998]]}, "properties": {"name": "Subida del Jardín", "highway": "residential"}}, {"type": "Feature", "geometry": {"type": "LineString", "coordinates": [[-70.40513, -23.69682], [-70.40512, -23.69619]]}, "properties": {"name": "Santa Guillermina", "highway": "living_street"}}, {"type": "Feature", "geometry": {"type": "LineString", "coordinates": [[-70.43005, -23.70894], [-70.42945, -23.71019], [-70.42725, -23.71099]]}, "properties": {"name": "Subida del Sur", "highway": "residential"}}, {"type": "Feature", "geometry": {"type": "LineString", "coordinates": [[-70.40922, -23.69625], [-70.40849, -23.69629]]}, "properties": {"name": "Santa Cecilia", "highway": "residential"}}, {"type": "Feature", "geometry": {"type": "LineString", "coordinates": [[-70.40931, -23.69733], [-70.4108, -23.69723]]}, "properties": {"name": "Santa Guillermina", "highway": "residential"}}, {"type": "Feature", "geometry": {"type": "LineString", "coordinates": [[-70.4347, -23.71997], [-70.4343, -23.71892], [-70.43371, -23.71551], [-70.43294, -23.71281], [-70.43137, -23.70998], [-70.43001, -23.70901]]}, "properties": {"name": "Avenida Jaime Guzmán Errázuriz", "highway": "secondary"}}, {"type": "Feature", "geometry": {"type": "LineString", "coordinates": [[-70.41776, -23.70703], [-70.4177, -23.70745], [-70.41984, -23.70904], [-70.42308, -23.71095]]}, "properties": {"name": "Llullaillaco", "highway": "residential"}}, {"type": "Feature", "geometry": {"type": "LineString", "coordinates": [[-70.41574, -23.70465], [-70.41594, -23.70416]]}, "properties": {"name": "Borde Marino", "highway": "living_street"}}, {"type": "Feature", "geometry": {"type": "LineString", "coordinates": [[-70.42846, -23.70863], [-70.42791, -23.70977], [-70.42667, -23.71023]]}, "properties": {"name": "Subida de la Quebrada", "highway": "residential"}}, {"type": "Feature", "geometry": {"type": "LineString", "coordinates": [[-70.40721, -23.69708], [-70.40513, -23.69682], [-70.40328, -23.69685], [-70.40302, -23.6972], [-70.40086, -23.69684], [-70.39972, -23.69732], [-70.39776, -23.69892], [-70.39704, -23.69988]]}, "properties": {"name": "Santa Guillermina", "highway": "residential"}}, {"type": "Feature", "geometry": {"type": "LineString", "coordinates": [[-70.42532, -23.70716], [-70.42503, -23.7078]]}, "properties": {"name": "Subida Corta", "highway": "residential"}}, {"type": "Feature", "geometry": {"type": "LineString", "coordinates": [[-70.42789, -23.70978], [-70.42482, -23.70854]]}, "properties": {"name": "Travesía de la Plaza", "highway": "residential"}}, {"type": "Feature", "geometry": {"type": "LineString", "coordinates": [[-70.40716, -23.69595], [-70.40721, -23.69708]]}, "properties": {"name": "Santa Bárbara", "highway": "residential"}}, {"type": "Feature", "geometry": {"type": "LineString", "coordinates": [[-70.42091, -23.70702], [-70.42073, -23.70641], [-70.42034, -23.70592]]}, "properties": {"name": "Manuel Durán Díaz", "highway": "residential"}}, {"type": "Feature", "geometry": {"type": "LineString", "coordinates": [[-70.42667, -23.71023], [-70.42647, -23.70993], [-70.42453, -23.70917]]}, "properties": {"name": "Travesía del Mirador", "highway": "residential"}}, {"type": "Feature", "geometry": {"type": "LineString", "coordinates": [[-70.42168, -23.70717], [-70.42007, -23.70676], [-70.4185, -23.70668]]}, "properties": {"name": "José María Cassasas", "highway": "residential"}}, {"type": "Feature", "geometry": {"type": "LineString", "coordinates": [[-70.42156, -23.6974], [-70.42127, -23.69763]]}, "properties": {"name": "Avenida de la Minería", "highway": "trunk"}}, {"type": "Feature", "geometry": {"type": "LineString", "coordinates": [[-70.4263, -23.70777], [-70.42518, -23.71012]]}, "properties": {"name": "Subida del Agua", "highway": "residential"}}, {"type": "Feature", "geometry": {"type": "LineString", "coordinates": [[-70.4274, -23.71134], [-70.42687, -23.71154]]}, "properties": {"name": "Travesía del Sur", "highway": "residential"}}, {"type": "Feature", "geometry": {"type": "LineString", "coordinates": [[-70.42992, -23.70921], [-70.42491, -23.70723], [-70.42436, -23.70669], [-70.42413, -23.7059]]}, "properties": {"name": "Avenida Travesía de Coloso", "highway": "residential"}}, {"type": "Feature", "geometry": {"type": "LineString", "coordinates": [[-70.41438, -23.70353], [-70.41474, -23.7031]]}, "properties": {"name": "Los Aimaras", "highway": "residential"}}, {"type": "Feature", "geometry": {"type": "LineString", "coordinates": [[-70.42308, -23.71095], [-70.42291, -23.71138], [-70.42271, -23.71138]]}, "properties": {"name": "Cerro Rincones", "highway": "residential"}}, {"type": "Feature", "geometry": {"type": "LineString", "coordinates": [[-70.40851, -23.69673], [-70.40925, -23.6967]]}, "properties": {"name": "Santa Mercedes", "highway": "residential"}}, {"type": "Feature", "geometry": {"type": "LineString", "coordinates": [[-70.41408, -23.7033], [-70.41547, -23.70434]]}, "properties": {"name": "Los Quechuas", "highway": "residential"}}, {"type": "Feature", "geometry": {"type": "LineString", "coordinates": [[-70.40669, -23.697], [-70.40664, -23.69603]]}, "properties": {"name": "Santa Verónica", "highway": "residential"}}, {"type": "Feature", "geometry": {"type": "LineString", "coordinates": [[-70.42787, -23.71077], [-70.42836, -23.7119]]}, "properties": {"name": "Travesía del Estero", "highway": "residential"}}, {"type": "Feature", "geometry": {"type": "LineString", "coordinates": [[-70.42415, -23.70503], [-70.42195, -23.70609], [-70.42025, -23.70591], [-70.419, -23.70532], [-70.41775, -23.7037], [-70.41662, -23.70335]]}, "properties": {"name": "Claudio Arrau", "highway": "tertiary"}}, {"type": "Feature", "geometry": {"type": "LineString", "coordinates": [[-70.41894, -23.70634], [-70.41906, -23.70536]]}, "properties": {"name": "O. Bermudez", "highway": "residential"}}, {"type": "Feature", "geometry": {"type": "LineString", "coordinates": [[-70.43085, -23.71077], [-70.43047, -23.71031], [-70.42957, -23.70994]]}, "properties": {"name": "Los Guanacos", "highway": "residential"}}, {"type": "Feature", "geometry": {"type": "LineString", "coordinates": [[-70.40935, -23.69472], [-70.40932, -23.6942]]}, "properties": {"name": "Licantén", "highway": "living_street"}}, {"type": "Feature", "geometry": {"type": "LineString", "coordinates": [[-70.42151, -23.70922], [-70.42169, -23.70906], [-70.42243, -23.70948]]}, "properties": {"name": "Pasaje Samuel Román", "highway": "residential"}}, {"type": "Feature", "geometry": {"type": "LineString", "coordinates": [[-70.41797, -23.70388], [-70.41705, -23.70462]]}, "properties": {"name": "Garafuli", "highway": "residential"}}, {"type": "Feature", "geometry": {"type": "LineString", "coordinates": [[-70.41221, -23.68288], [-70.4132, -23.68264]]}, "properties": {"name": "Víctor Domingo Silva", "highway": "residential"}}, {"type": "Feature", "geometry": {"type": "LineString", "coordinates": [[-70.4149, -23.68448], [-70.41574, -23.68384]]}, "properties": {"name": "Maturana", "highway": "residential"}}, {"type": "Feature", "geometry": {"type": "LineString", "coordinates": [[-70.41525, -23.6842], [-70.41357, -23.68244]]}, "properties": {"name": "Las Heras", "highway": "residential"}}, {"type": "Feature", "geometry": {"type": "LineString", "coordinates": [[-70.4132, -23.68264], [-70.41401, -23.68356]]}, "properties": {"name": "Ramón Freire", "highway": "residential"}}, {"type": "Feature", "geometry": {"type": "LineString", "coordinates": [[-70.41225, -23.67978], [-70.41327, -23.67947]]}, "properties": {"name": "Pasaje Eduardo Murillo", "highway": "living_street"}}, {"type": "Feature", "geometry": {"type": "LineString", "coordinates": [[-70.40263, -23.67452], [-70.40685, -23.67279]]}, "properties": {"name": "Nicanor Plaza", "highway": "residential"}}, {"type": "Feature", "geometry": {"type": "LineString", "coordinates": [[-70.40564, -23.66863], [-70.40651, -23.67017], [-70.40712, -23.67009]]}, "properties": {"name": "Las Colonias", "highway": "residential"}}, {"type": "Feature", "geometry": {"type": "LineString", "coordinates": [[-70.40781, -23.67265], [-70.40711, -23.67291]]}, "properties": {"name": "Las Losas", "highway": "living_street"}}, {"type": "Feature", "geometry": {"type": "LineString", "coordinates": [[-70.40294, -23.65937], [-70.40312, -23.66366]]}, "properties": {"name": "Manuel Verbal", "highway": "residential"}}, {"type": "Feature", "geometry": {"type": "LineString", "coordinates": [[-70.40487, -23.66554], [-70.40359, -23.66608]]}, "properties": {"name": "Julio Pistelli", "highway": "residential"}}, {"type": "Feature", "geometry": {"type": "LineString", "coordinates": [[-70.40566, -23.67276], [-70.40664, -23.67232]]}, "properties": {"name": "Pasaje Angamos", "highway": "living_street"}}, {"type": "Feature", "geometry": {"type": "LineString", "coordinates": [[-70.40035, -23.66535], [-70.39919, -23.66561]]}, "properties": {"name": "Barón de la Riviere", "highway": "residential"}}, {"type": "Feature", "geometry": {"type": "LineString", "coordinates": [[-70.39622, -23.65905], [-70.39633, -23.65905]]}, "properties": {"name": "Salvador Reyes", "highway": "tertiary"}}, {"type": "Feature", "geometry": {"type": "LineString", "coordinates": [[-70.40188, -23.66261], [-70.39436, -23.66282]]}, "properties": {"name": "Antonino Toro", "highway": "residential"}}, {"type": "Feature", "geometry": {"type": "LineString", "coordinates": [[-70.40673, -23.67207], [-70.40765, -23.67419]]}, "properties": {"name": "Avenida Angamos", "highway": "living_street"}}, {"type": "Feature", "geometry": {"type": "LineString", "coordinates": [[-70.40394, -23.66526], [-70.40421, -23.66582]]}, "properties": {"name": "La Portada", "highway": "living_street"}}, {"type": "Feature", "geometry": {"type": "LineString", "coordinates": [[-70.40823, -23.67315], [-70.40922, -23.6719]]}, "properties": {"name": "El Quisco", "highway": "residential"}}, {"type": "Feature", "geometry": {"type": "LineString", "coordinates": [[-70.40009, -23.65893], [-70.40037, -23.66542], [-70.40106, -23.66724], [-70.40441, -23.67377]]}, "properties": {"name": "Galleguillos Lorca", "highway": "residential"}}, {"type": "Feature", "geometry": {"type": "LineString", "coordinates": [[-70.39666, -23.66168], [-70.40364, -23.66145]]}, "properties": {"name": "Antonio Poupín", "highway": "residential"}}, {"type": "Feature", "geometry": {"type": "LineString", "coordinates": [[-70.40288, -23.66367], [-70.40262, -23.66257]]}, "properties": {"name": "Francisco Carey", "highway": "residential"}}, {"type": "Feature", "geometry": {"type": "LineString", "coordinates": [[-70.40647, -23.66827], [-70.40501, -23.66895]]}, "properties": {"name": "Los Inmigrantes", "highway": "residential"}}, {"type": "Feature", "geometry": {"type": "LineString", "coordinates": [[-70.41006, -23.67486], [-70.41097, -23.67372]]}, "properties": {"name": "Zapallar", "highway": "residential"}}, {"type": "Feature", "geometry": {"type": "LineString", "coordinates": [[-70.40934, -23.67475], [-70.4101, -23.67386]]}, "properties": {"name": "Las Cruces", "highway": "residential"}}, {"type": "Feature", "geometry": {"type": "LineString", "coordinates": [[-70.40566, -23.67027], [-70.40635, -23.66997]]}, "properties": {"name": "La Hermandad", "highway": "residential"}}, {"type": "Feature", "geometry": {"type": "LineString", "coordinates": [[-70.40729, -23.67333], [-70.40805, -23.67303]]}, "properties": {"name": "La Chimba", "highway": "living_street"}}, {"type": "Feature", "geometry": {"type": "LineString", "coordinates": [[-70.41129, -23.67393], [-70.40699, -23.67101]]}, "properties": {"name": "José Toribio Medina", "highway": "residential"}}, {"type": "Feature", "geometry": {"type": "LineString", "coordinates": [[-70.402, -23.66369], [-70.40204, -23.6648]]}, "properties": {"name": "Osvaldo Varas", "highway": "residential"}}, {"type": "Feature", "geometry": {"type": "LineString", "coordinates": [[-70.40912, -23.67799], [-70.41249, -23.677]]}, "properties": {"name": "Pedro León Gallo", "highway": "tertiary"}}, {"type": "Feature", "geometry": {"type": "LineString", "coordinates": [[-70.39472, -23.6639], [-70.40312, -23.66366]]}, "properties": {"name": "Avelino Contardo", "highway": "residential"}}, {"type": "Feature", "geometry": {"type": "LineString", "coordinates": [[-70.40692, -23.67249], [-70.40762, -23.67222]]}, "properties": {"name": "La Rinconada", "highway": "living_street"}}, {"type": "Feature", "geometry": {"type": "LineString", "coordinates": [[-70.40187, -23.66004], [-70.40297, -23.66]]}, "properties": {"name": "Carrera", "highway": "residential"}}, {"type": "Feature", "geometry": {"type": "LineString", "coordinates": [[-70.40656, -23.67213], [-70.40744, -23.67183]]}, "properties": {"name": "Hornitos", "highway": "living_street"}}, {"type": "Feature", "geometry": {"type": "LineString", "coordinates": [[-70.40285, -23.67327], [-70.39955, -23.66667], [-70.3992, -23.66569], [-70.39915, -23.66486]]}, "properties": {"name": "Eduardo Orchard", "highway": "residential"}}, {"type": "Feature", "geometry": {"type": "LineString", "coordinates": [[-70.3995, -23.66798], [-70.40199, -23.67287]]}, "properties": {"name": "Limache", "highway": "residential"}}, {"type": "Feature", "geometry": {"type": "LineString", "coordinates": [[-70.39936, -23.66804], [-70.39921, -23.66676]]}, "properties": {"name": "Limache", "highway": "residential"}}, {"type": "Feature", "geometry": {"type": "LineString", "coordinates": [[-70.40098, -23.66953], [-70.39963, -23.67013]]}, "properties": {"name": "Chillán", "highway": "residential"}}, {"type": "Feature", "geometry": {"type": "LineString", "coordinates": [[-70.4034, -23.67303], [-70.40013, -23.66653]]}, "properties": {"name": "Quillota", "highway": "residential"}}, {"type": "Feature", "geometry": {"type": "LineString", "coordinates": [[-70.39606, -23.6656], [-70.39762, -23.66542]]}, "properties": {"name": "Viña del Mar", "highway": "residential"}}, {"type": "Feature", "geometry": {"type": "LineString", "coordinates": [[-70.39846, -23.66675], [-70.39843, -23.66579]]}, "properties": {"name": "Láscar", "highway": "living_street"}}, {"type": "Feature", "geometry": {"type": "LineString", "coordinates": [[-70.39781, -23.6671], [-70.39876, -23.6685]]}, "properties": {"name": "Veracruz", "highway": "residential"}}, {"type": "Feature", "geometry": {"type": "LineString", "coordinates": [[-70.3984, -23.66797], [-70.39887, -23.66774]]}, "properties": {"name": "Xochimilco", "highway": "living_street"}}, {"type": "Feature", "geometry": {"type": "LineString", "coordinates": [[-70.39591, -23.66278], [-70.39857, -23.66691]]}, "properties": {"name": "Hermógenes Alfaro", "highway": "residential"}}, {"type": "Feature", "geometry": {"type": "LineString", "coordinates": [[-70.39736, -23.66721], [-70.40074, -23.66639]]}, "properties": {"name": "Playa Blanca", "highway": "residential"}}, {"type": "Feature", "geometry": {"type": "LineString", "coordinates": [[-70.40424, -23.66737], [-70.40289, -23.66772], [-70.39954, -23.66915]]}, "properties": {"name": "Talca", "highway": "residential"}}, {"type": "Feature", "geometry": {"type": "LineString", "coordinates": [[-70.40374, -23.66756], [-70.40317, -23.66641]]}, "properties": {"name": "Niebla", "highway": "residential"}}, {"type": "Feature", "geometry": {"type": "LineString", "coordinates": [[-70.39546, -23.66497], [-70.39558, -23.66526], [-70.39683, -23.66614], [-70.3984, -23.66883]]}, "properties": {"name": "Manuel Rodríguez", "highway": "residential"}}, {"type": "Feature", "geometry": {"type": "LineString", "coordinates": [[-70.39775, -23.659], [-70.39795, -23.66425]]}, "properties": {"name": "Matías Rojas", "highway": "residential"}}, {"type": "Feature", "geometry": {"type": "LineString", "coordinates": [[-70.39634, -23.66555], [-70.39619, -23.66496]]}, "properties": {"name": "Santiago Benett", "highway": "living_street"}}, {"type": "Feature", "geometry": {"type": "LineString", "coordinates": [[-70.39683, -23.66614], [-70.39884, -23.66569]]}, "properties": {"name": "Barón de la Riviere", "highway": "residential"}}, {"type": "Feature", "geometry": {"type": "LineString", "coordinates": [[-70.40151, -23.67308], [-70.39954, -23.66915], [-70.39925, -23.66811]]}, "properties": {"name": "Matías Rojas", "highway": "residential"}}, {"type": "Feature", "geometry": {"type": "LineString", "coordinates": [[-70.39763, -23.66662], [-70.39734, -23.66603]]}, "properties": {"name": "Veracruz", "highway": "living_street"}}, {"type": "Feature", "geometry": {"type": "LineString", "coordinates": [[-70.39819, -23.66767], [-70.39888, -23.6673]]}, "properties": {"name": "Chapultepec", "highway": "living_street"}}, {"type": "Feature", "geometry": {"type": "LineString", "coordinates": [[-70.40001, -23.6709], [-70.40241, -23.66985]]}, "properties": {"name": "Angol", "highway": "residential"}}, {"type": "Feature", "geometry": {"type": "LineString", "coordinates": [[-70.40309, -23.67118], [-70.40107, -23.67218]]}, "properties": {"name": "Concepción", "highway": "residential"}}, {"type": "Feature", "geometry": {"type": "LineString", "coordinates": [[-70.39624, -23.65804], [-70.39741, -23.65902]]}, "properties": {"name": "Blanco Encalada", "highway": "residential"}}, {"type": "Feature", "geometry": {"type": "LineString", "coordinates": [[-70.39783, -23.659], [-70.4011, -23.65545]]}, "properties": {"name": "Coquimbo", "highway": "residential"}}, {"type": "Feature", "geometry": {"type": "LineString", "coordinates": [[-70.3994, -23.65895], [-70.40118, -23.65707]]}, "properties": {"name": "Aconcagua", "highway": "residential"}}, {"type": "Feature", "geometry": {"type": "LineString", "coordinates": [[-70.40341, -23.67729], [-70.40379, -23.67747]]}, "properties": {"name": "Guillermo Deisler", "highway": "residential"}}, {"type": "Feature", "geometry": {"type": "LineString", "coordinates": [[-70.40411, -23.67995], [-70.40281, -23.67814], [-70.40154, -23.67725]]}, "properties": {"name": "Osvaldo Silva Castellón", "highway": "residential"}}, {"type": "Feature", "geometry": {"type": "LineString", "coordinates": [[-70.405, -23.67538], [-70.40454, -23.67548], [-70.40404, -23.67442]]}, "properties": {"name": "Armando Moock", "highway": "residential"}}, {"type": "Feature", "geometry": {"type": "LineString", "coordinates": [[-70.39877, -23.67524], [-70.39788, -23.67467]]}, "properties": {"name": "Hualle", "highway": "living_street"}}, {"type": "Feature", "geometry": {"type": "LineString", "coordinates": [[-70.39942, -23.67523], [-70.40186, -23.67678], [-70.40349, -23.67681]]}, "properties": {"name": "Luis Franco Ávalos", "highway": "residential"}}, {"type": "Feature", "geometry": {"type": "LineString", "coordinates": [[-70.40114, -23.67565], [-70.40204, -23.67634], [-70.40331, -23.67639]]}, "properties": {"name": "Jorge Flores", "highway": "living_street"}}, {"type": "Feature", "geometry": {"type": "LineString", "coordinates": [[-70.40227, -23.67813], [-70.39883, -23.67582]]}, "properties": {"name": "Coronel Emilio Sotomayor", "highway": "residential"}}, {"type": "Feature", "geometry": {"type": "LineString", "coordinates": [[-70.41051, -23.6771], [-70.41126, -23.67688]]}, "properties": {"name": "Tejas Verdes", "highway": "residential"}}, {"type": "Feature", "geometry": {"type": "LineString", "coordinates": [[-70.40882, -23.67494], [-70.40901, -23.67537]]}, "properties": {"name": "Los Lilenes", "highway": "residential"}}, {"type": "Feature", "geometry": {"type": "LineString", "coordinates": [[-70.40448, -23.67971], [-70.40319, -23.67782], [-70.40249, -23.67734]]}, "properties": {"name": "Salar Grande", "highway": "living_street"}}, {"type": "Feature", "geometry": {"type": "LineString", "coordinates": [[-70.40465, -23.67304], [-70.4049, -23.67357]]}, "properties": {"name": "Pasaje Rosita Renard", "highway": "living_street"}}, {"type": "Feature", "geometry": {"type": "LineString", "coordinates": [[-70.4103, -23.67667], [-70.41111, -23.67645]]}, "properties": {"name": "Cartagena", "highway": "residential"}}, {"type": "Feature", "geometry": {"type": "LineString", "coordinates": [[-70.40614, -23.67854], [-70.40696, -23.67823]]}, "properties": {"name": "Pasaje José Martí", "highway": "living_street"}}, {"type": "Feature", "geometry": {"type": "LineString", "coordinates": [[-70.40311, -23.67949], [-70.40372, -23.67908], [-70.40389, -23.67811]]}, "properties": {"name": "Los Changos", "highway": "residential"}}, {"type": "Feature", "geometry": {"type": "LineString", "coordinates": [[-70.40682, -23.67788], [-70.40866, -23.6772]]}, "properties": {"name": "Mariano Latorre", "highway": "living_street"}}, {"type": "Feature", "geometry": {"type": "LineString", "coordinates": [[-70.40602, -23.67619], [-70.40521, -23.67648]]}, "properties": {"name": "Simón González", "highway": "living_street"}}, {"type": "Feature", "geometry": {"type": "LineString", "coordinates": [[-70.40603, -23.67838], [-70.40618, -23.67886]]}, "properties": {"name": "Carlos Pezoa Véliz", "highway": "residential"}}, {"type": "Feature", "geometry": {"type": "LineString", "coordinates": [[-70.39871, -23.67593], [-70.3999, -23.67475]]}, "properties": {"name": "Ariel Santibáñez", "highway": "residential"}}, {"type": "Feature", "geometry": {"type": "LineString", "coordinates": [[-70.40564, -23.67744], [-70.40843, -23.67641]]}, "properties": {"name": "Augusto D´Halmar", "highway": "residential"}}, {"type": "Feature", "geometry": {"type": "LineString", "coordinates": [[-70.3985, -23.67445], [-70.3997, -23.67495]]}, "properties": {"name": "El Pellín", "highway": "residential"}}, {"type": "Feature", "geometry": {"type": "LineString", "coordinates": [[-70.4058, -23.67783], [-70.40666, -23.67751]]}, "properties": {"name": "Pasaje Enrique Soto", "highway": "living_street"}}, {"type": "Feature", "geometry": {"type": "LineString", "coordinates": [[-70.3988, -23.67491], [-70.39895, -23.67463]]}, "properties": {"name": "Pasaje Mañio", "highway": "living_street"}}, {"type": "Feature", "geometry": {"type": "LineString", "coordinates": [[-70.40369, -23.67724], [-70.40249, -23.67734], [-70.40169, -23.67718]]}, "properties": {"name": "Guillermo Deisler", "highway": "residential"}}, {"type": "Feature", "geometry": {"type": "LineString", "coordinates": [[-70.40744, -23.68266], [-70.40828, -23.68265], [-70.40883, -23.68225]]}, "properties": {"name": "Altos del Mar", "highway": "residential"}}, {"type": "Feature", "geometry": {"type": "LineString", "coordinates": [[-70.40141, -23.67313], [-70.40358, -23.67215]]}, "properties": {"name": "Temuco", "highway": "residential"}}, {"type": "Feature", "geometry": {"type": "LineString", "coordinates": [[-70.40697, -23.67936], [-70.40565, -23.67632]]}, "properties": {"name": "Armando Carrera", "highway": "living_street"}}, {"type": "Feature", "geometry": {"type": "LineString", "coordinates": [[-70.40602, -23.67859], [-70.40603, -23.67838]]}, "properties": {"name": "Carlos Pezoa Velis", "highway": "residential"}}, {"type": "Feature", "geometry": {"type": "LineString", "coordinates": [[-70.41004, -23.67616], [-70.412, -23.67557]]}, "properties": {"name": "Nueve de Julio", "highway": "residential"}}, {"type": "Feature", "geometry": {"type": "LineString", "coordinates": [[-70.4065, -23.67376], [-70.40463, -23.67445]]}, "properties": {"name": "César Enrique Soto Moraga", "highway": "living_street"}}, {"type": "Feature", "geometry": {"type": "LineString", "coordinates": [[-70.40875, -23.67885], [-70.40619, -23.67306]]}, "properties": {"name": "Luis Silva Lezaeta", "highway": "living_street"}}, {"type": "Feature", "geometry": {"type": "LineString", "coordinates": [[-70.40784, -23.67463], [-70.40904, -23.67417]]}, "properties": {"name": "Santo Domingo", "highway": "living_street"}}, {"type": "Feature", "geometry": {"type": "LineString", "coordinates": [[-70.41227, -23.67635], [-70.41119, -23.67668]]}, "properties": {"name": "Dieciocho de Septiembre", "highway": "residential"}}, {"type": "Feature", "geometry": {"type": "LineString", "coordinates": [[-70.40587, -23.6757], [-70.40503, -23.67385]]}, "properties": {"name": "Rosita Renard", "highway": "living_street"}}, {"type": "Feature", "geometry": {"type": "LineString", "coordinates": [[-70.39739, -23.67487], [-70.3985, -23.67445]]}, "properties": {"name": "El Laurel", "highway": "living_street"}}, {"type": "Feature", "geometry": {"type": "LineString", "coordinates": [[-70.41108, -23.67457], [-70.41054, -23.6752]]}, "properties": {"name": "San Sebastián", "highway": "residential"}}, {"type": "Feature", "geometry": {"type": "LineString", "coordinates": [[-70.40492, -23.67288], [-70.40519, -23.67346]]}, "properties": {"name": "Pasaje Justo del Villar", "highway": "living_street"}}, {"type": "Feature", "geometry": {"type": "LineString", "coordinates": [[-70.40668, -23.6792], [-70.40729, -23.67897]]}, "properties": {"name": "Pasaje Eduardo Barrios", "highway": "living_street"}}, {"type": "Feature", "geometry": {"type": "LineString", "coordinates": [[-70.40974, -23.67782], [-70.41028, -23.67938]]}, "properties": {"name": "Mulato Gil", "highway": "residential"}}, {"type": "Feature", "geometry": {"type": "LineString", "coordinates": [[-70.40551, -23.67584], [-70.40587, -23.6757]]}, "properties": {"name": "Javier Rengifo", "highway": "residential"}}, {"type": "Feature", "geometry": {"type": "LineString", "coordinates": [[-70.40722, -23.6813], [-70.4079, -23.68267]]}, "properties": {"name": "Altos del Mar", "highway": "residential"}}, {"type": "Feature", "geometry": {"type": "LineString", "coordinates": [[-70.39846, -23.67557], [-70.39923, -23.67475]]}, "properties": {"name": "Los Avellanos", "highway": "residential"}}, {"type": "Feature", "geometry": {"type": "LineString", "coordinates": [[-70.41014, -23.6777], [-70.41078, -23.67954]]}, "properties": {"name": "Carlos Silva", "highway": "living_street"}}, {"type": "Feature", "geometry": {"type": "LineString", "coordinates": [[-70.40712, -23.6786], [-70.40898, -23.67791]]}, "properties": {"name": "Eusebio Lillo", "highway": "living_street"}}, {"type": "Feature", "geometry": {"type": "LineString", "coordinates": [[-70.38405, -23.64757], [-70.38469, -23.64741]]}, "properties": {"name": "4 Norte", "highway": "living_street"}}, {"type": "Feature", "geometry": {"type": "LineString", "coordinates": [[-70.38347, -23.65031], [-70.38498, -23.65066], [-70.38556, -23.65048]]}, "properties": {"name": "Bogotá", "highway": "living_street"}}, {"type": "Feature", "geometry": {"type": "LineString", "coordinates": [[-70.38489, -23.65441], [-70.38599, -23.65457]]}, "properties": {"name": "Monjas", "highway": "living_street"}}, {"type": "Feature", "geometry": {"type": "LineString", "coordinates": [[-70.38334, -23.64988], [-70.38481, -23.65013]]}, "properties": {"name": "Panamá", "highway": "residential"}}, {"type": "Feature", "geometry": {"type": "LineString", "coordinates": [[-70.38603, -23.65138], [-70.38627, -23.65166], [-70.38767, -23.65138], [-70.38787, -23.65154]]}, "properties": {"name": "Riquelme", "highway": "living_street"}}, {"type": "Feature", "geometry": {"type": "LineString", "coordinates": [[-70.38715, -23.65365], [-70.38747, -23.6555]]}, "properties": {"name": "Las Brisas", "highway": "living_street"}}, {"type": "Feature", "geometry": {"type": "LineString", "coordinates": [[-70.38432, -23.65248], [-70.3857, -23.65267]]}, "properties": {"name": "Serrano", "highway": "living_street"}}, {"type": "Feature", "geometry": {"type": "LineString", "coordinates": [[-70.39785, -23.67026], [-70.39886, -23.67163]]}, "properties": {"name": "El Tatio", "highway": "living_street"}}, {"type": "Feature", "geometry": {"type": "LineString", "coordinates": [[-70.3847, -23.64977], [-70.38539, -23.64955]]}, "properties": {"name": "Guayaquil", "highway": "living_street"}}, {"type": "Feature", "geometry": {"type": "LineString", "coordinates": [[-70.3904, -23.66483], [-70.3906, -23.66486]]}, "properties": {"name": "Tegualda", "highway": "residential"}}, {"type": "Feature", "geometry": {"type": "LineString", "coordinates": [[-70.38628, -23.65295], [-70.38792, -23.65241], [-70.38909, -23.65231]]}, "properties": {"name": "Galvarino", "highway": "residential"}}, {"type": "Feature", "geometry": {"type": "LineString", "coordinates": [[-70.38568, -23.64996], [-70.3868, -23.64934]]}, "properties": {"name": "Panamá", "highway": "living_street"}}, {"type": "Feature", "geometry": {"type": "LineString", "coordinates": [[-70.39203, -23.66611], [-70.3922, -23.66654]]}, "properties": {"name": "Avenida Circunvalación Padre Alberto Hurtado", "highway": "living_street"}}, {"type": "Feature", "geometry": {"type": "LineString", "coordinates": [[-70.3826, -23.65141], [-70.3832, -23.65122], [-70.38537, -23.65169]]}, "properties": {"name": "Covadonga", "highway": "residential"}}, {"type": "Feature", "geometry": {"type": "LineString", "coordinates": [[-70.38478, -23.65402], [-70.386, -23.65428]]}, "properties": {"name": "Cordillera", "highway": "living_street"}}, {"type": "Feature", "geometry": {"type": "LineString", "coordinates": [[-70.3888, -23.65602], [-70.38943, -23.65691]]}, "properties": {"name": "Chorrillos", "highway": "living_street"}}, {"type": "Feature", "geometry": {"type": "LineString", "coordinates": [[-70.39703, -23.66869], [-70.39809, -23.67016]]}, "properties": {"name": "Manuel Montt", "highway": "residential"}}, {"type": "Feature", "geometry": {"type": "LineString", "coordinates": [[-70.39478, -23.66759], [-70.39616, -23.6664]]}, "properties": {"name": "Sargento Santiago Amengual", "highway": "residential"}}, {"type": "Feature", "geometry": {"type": "LineString", "coordinates": [[-70.39657, -23.66898], [-70.39759, -23.67037]]}, "properties": {"name": "Diego Portales", "highway": "residential"}}, {"type": "Feature", "geometry": {"type": "LineString", "coordinates": [[-70.3883, -23.64871], [-70.38864, -23.64906]]}, "properties": {"name": "1 de mayo", "highway": "residential"}}, {"type": "Feature", "geometry": {"type": "LineString", "coordinates": [[-70.38524, -23.64911], [-70.38458, -23.64935]]}, "properties": {"name": "Ecuador", "highway": "living_street"}}, {"type": "Feature", "geometry": {"type": "LineString", "coordinates": [[-70.38702, -23.64974], [-70.38745, -23.64961], [-70.38755, -23.64973]]}, "properties": {"name": "Bogota", "highway": "living_street"}}, {"type": "Feature", "geometry": {"type": "LineString", "coordinates": [[-70.38444, -23.64886], [-70.3851, -23.64869]]}, "properties": {"name": "1 Norte", "highway": "living_street"}}, {"type": "Feature", "geometry": {"type": "LineString", "coordinates": [[-70.38241, -23.64682], [-70.3836, -23.64574]]}, "properties": {"name": "8 Norte", "highway": "living_street"}}, {"type": "Feature", "geometry": {"type": "LineString", "coordinates": [[-70.38378, -23.64669], [-70.38443, -23.64654]]}, "properties": {"name": "6 Norte", "highway": "living_street"}}, {"type": "Feature", "geometry": {"type": "LineString", "coordinates": [[-70.38867, -23.65384], [-70.38936, -23.65339]]}, "properties": {"name": "Simón Bolívar", "highway": "residential"}}, {"type": "Feature", "geometry": {"type": "LineString", "coordinates": [[-70.38417, -23.648], [-70.38483, -23.64785]]}, "properties": {"name": "3 Norte", "highway": "living_street"}}, {"type": "Feature", "geometry": {"type": "LineString", "coordinates": [[-70.38382, -23.64681], [-70.3827, -23.64787]]}, "properties": {"name": "6 Norte", "highway": "living_street"}}, {"type": "Feature", "geometry": {"type": "LineString", "coordinates": [[-70.38333, -23.64926], [-70.38421, -23.64846], [-70.38497, -23.64827]]}, "properties": {"name": "2 Norte", "highway": "living_street"}}, {"type": "Feature", "geometry": {"type": "LineString", "coordinates": [[-70.38967, -23.6568], [-70.38873, -23.65547]]}, "properties": {"name": "Miraflores", "highway": "residential"}}, {"type": "Feature", "geometry": {"type": "LineString", "coordinates": [[-70.38451, -23.65346], [-70.38595, -23.65371]]}, "properties": {"name": "Los Placeres", "highway": "living_street"}}, {"type": "Feature", "geometry": {"type": "LineString", "coordinates": [[-70.38656, -23.65557], [-70.38614, -23.65529], [-70.38502, -23.65524]]}, "properties": {"name": "Los Morros", "highway": "residential"}}, {"type": "Feature", "geometry": {"type": "LineString", "coordinates": [[-70.38767, -23.6507], [-70.3868, -23.65116]]}, "properties": {"name": "Pasaje Lautaro", "highway": "living_street"}}, {"type": "Feature", "geometry": {"type": "LineString", "coordinates": [[-70.38226, -23.64636], [-70.38252, -23.64716], [-70.3825, -23.64781], [-70.3828, -23.64817]]}, "properties": {"name": "Martin Luther King", "highway": "residential"}}, {"type": "Feature", "geometry": {"type": "LineString", "coordinates": [[-70.38487, -23.65471], [-70.38605, -23.65491]]}, "properties": {"name": "Ramadita", "highway": "living_street"}}, {"type": "Feature", "geometry": {"type": "LineString", "coordinates": [[-70.38685, -23.6515], [-70.38648, -23.65068]]}, "properties": {"name": "Pasaje Galvarino", "highway": "living_street"}}, {"type": "Feature", "geometry": {"type": "LineString", "coordinates": [[-70.38467, -23.64733], [-70.38486, -23.64728]]}, "properties": {"name": "Avenida Circunvalación Padre Alberto Hurtado", "highway": "residential"}}, {"type": "Feature", "geometry": {"type": "LineString", "coordinates": [[-70.38301, -23.64973], [-70.38352, -23.6516]]}, "properties": {"name": "Doce de Octubre", "highway": "living_street"}}, {"type": "Feature", "geometry": {"type": "LineString", "coordinates": [[-70.38808, -23.64966], [-70.38877, -23.6505]]}, "properties": {"name": "Libertad", "highway": "residential"}}, {"type": "Feature", "geometry": {"type": "LineString", "coordinates": [[-70.38554, -23.64948], [-70.38656, -23.64893]]}, "properties": {"name": "Guayaquil", "highway": "living_street"}}, {"type": "Feature", "geometry": {"type": "LineString", "coordinates": [[-70.38363, -23.65092], [-70.38514, -23.65109]]}, "properties": {"name": "César Urrutia", "highway": "residential"}}, {"type": "Feature", "geometry": {"type": "LineString", "coordinates": [[-70.38297, -23.64879], [-70.38412, -23.64782]]}, "properties": {"name": "4 Norte", "highway": "living_street"}}, {"type": "Feature", "geometry": {"type": "LineString", "coordinates": [[-70.38767, -23.65702], [-70.3887, -23.65624]]}, "properties": {"name": "Chacabuco", "highway": "living_street"}}, {"type": "Feature", "geometry": {"type": "LineString", "coordinates": [[-70.39354, -23.66518], [-70.39399, -23.66603], [-70.39519, -23.66723]]}, "properties": {"name": "Las Brisas", "highway": "residential"}}, {"type": "Feature", "geometry": {"type": "LineString", "coordinates": [[-70.38725, -23.65023], [-70.38758, -23.6506]]}, "properties": {"name": "Huérfanos", "highway": "residential"}}, {"type": "Feature", "geometry": {"type": "LineString", "coordinates": [[-70.38719, -23.64933], [-70.38766, -23.64901]]}, "properties": {"name": "Méndez", "highway": "residential"}}, {"type": "Feature", "geometry": {"type": "LineString", "coordinates": [[-70.3825, -23.64761], [-70.38261, -23.6473], [-70.38369, -23.64629]]}, "properties": {"name": "7 Norte", "highway": "living_street"}}, {"type": "Feature", "geometry": {"type": "LineString", "coordinates": [[-70.39845, -23.67188], [-70.39748, -23.67054]]}, "properties": {"name": "Pisana", "highway": "living_street"}}, {"type": "Feature", "geometry": {"type": "LineString", "coordinates": [[-70.39926, -23.67138], [-70.39829, -23.67008]]}, "properties": {"name": "Los Géiser", "highway": "living_street"}}, {"type": "Feature", "geometry": {"type": "LineString", "coordinates": [[-70.39439, -23.66726], [-70.39347, -23.66629], [-70.39303, -23.6654]]}, "properties": {"name": "Marina", "highway": "residential"}}, {"type": "Feature", "geometry": {"type": "LineString", "coordinates": [[-70.38755, -23.65176], [-70.38792, -23.65241]]}, "properties": {"name": "Pasaje Galvarino", "highway": "living_street"}}, {"type": "Feature", "geometry": {"type": "LineString", "coordinates": [[-70.38362, -23.64359], [-70.38341, -23.64464], [-70.38369, -23.64629], [-70.38582, -23.65304], [-70.38614, -23.65529]]}, "properties": {"name": "Alfonso Meléndez", "highway": "residential"}}, {"type": "Feature", "geometry": {"type": "LineString", "coordinates": [[-70.38286, -23.64833], [-70.38396, -23.6473]]}, "properties": {"name": "5 Norte", "highway": "living_street"}}, {"type": "Feature", "geometry": {"type": "LineString", "coordinates": [[-70.39418, -23.66703], [-70.3955, -23.66589]]}, "properties": {"name": "Progreso", "highway": "living_street"}}, {"type": "Feature", "geometry": {"type": "LineString", "coordinates": [[-70.38783, -23.65572], [-70.38697, -23.6565]]}, "properties": {"name": "Cervantes", "highway": "living_street"}}, {"type": "Feature", "geometry": {"type": "LineString", "coordinates": [[-70.38391, -23.64712], [-70.38456, -23.64698]]}, "properties": {"name": "5 Norte", "highway": "living_street"}}, {"type": "Feature", "geometry": {"type": "LineString", "coordinates": [[-70.38687, -23.65277], [-70.38701, -23.65327]]}, "properties": {"name": "Talcahuano", "highway": "residential"}}, {"type": "Feature", "geometry": {"type": "LineString", "coordinates": [[-70.3879, -23.65309], [-70.38774, -23.65247]]}, "properties": {"name": "Pasaje Carrera", "highway": "living_street"}}, {"type": "Feature", "geometry": {"type": "LineString", "coordinates": [[-70.38667, -23.65412], [-70.38686, -23.65564], [-70.38777, -23.65646]]}, "properties": {"name": "Camilo Henríquez", "highway": "living_street"}}, {"type": "Feature", "geometry": {"type": "LineString", "coordinates": [[-70.38524, -23.64911], [-70.38402, -23.64524]]}, "properties": {"name": "Avenida Circunvalación Padre Alberto Hurtado", "highway": "residential"}}, {"type": "Feature", "geometry": {"type": "LineString", "coordinates": [[-70.38439, -23.65295], [-70.38554, -23.6532], [-70.38582, -23.65304]]}, "properties": {"name": "Esperanza", "highway": "living_street"}}, {"type": "Feature", "geometry": {"type": "LineString", "coordinates": [[-70.38756, -23.65423], [-70.3883, -23.65412]]}, "properties": {"name": "Simón Bolívar", "highway": "residential"}}, {"type": "Feature", "geometry": {"type": "LineString", "coordinates": [[-70.3888, -23.65378], [-70.38884, -23.65436], [-70.38858, -23.65468]]}, "properties": {"name": "Cayetano Gutiérrez", "highway": "residential"}}, {"type": "Feature", "geometry": {"type": "LineString", "coordinates": [[-70.38747, -23.65318], [-70.38694, -23.65189]]}, "properties": {"name": "Vergara Bajo", "highway": "residential"}}, {"type": "Feature", "geometry": {"type": "LineString", "coordinates": [[-70.38681, -23.65221], [-70.38706, -23.65271]]}, "properties": {"name": "Pasaje Vergara", "highway": "living_street"}}, {"type": "Feature", "geometry": {"type": "LineString", "coordinates": [[-70.38608, -23.65256], [-70.38537, -23.65169]]}, "properties": {"name": "Riquelme", "highway": "residential"}}, {"type": "Feature", "geometry": {"type": "LineString", "coordinates": [[-70.38647, -23.65238], [-70.38665, -23.65284]]}, "properties": {"name": "Talcahuano", "highway": "living_street"}}, {"type": "Feature", "geometry": {"type": "LineString", "coordinates": [[-70.38304, -23.6491], [-70.38466, -23.64963]]}, "properties": {"name": "Guayaquil", "highway": "residential"}}, {"type": "Feature", "geometry": {"type": "LineString", "coordinates": [[-70.39756, -23.66851], [-70.3986, -23.66995]]}, "properties": {"name": "Antonio Varas", "highway": "residential"}}, {"type": "Feature", "geometry": {"type": "LineString", "coordinates": [[-70.38466, -23.64334], [-70.38487, -23.64504]]}, "properties": {"name": "Solín Juica", "highway": "residential"}}, {"type": "Feature", "geometry": {"type": "LineString", "coordinates": [[-70.38606, -23.6432], [-70.38371, -23.64347]]}, "properties": {"name": "Timonel Vargas", "highway": "residential"}}, {"type": "Feature", "geometry": {"type": "LineString", "coordinates": [[-70.38428, -23.63527], [-70.38421, -23.63747]]}, "properties": {"name": "Osorno", "highway": "residential"}}, {"type": "Feature", "geometry": {"type": "LineString", "coordinates": [[-70.38402, -23.64128], [-70.38489, -23.6414]]}, "properties": {"name": "Soberanía", "highway": "living_street"}}, {"type": "Feature", "geometry": {"type": "LineString", "coordinates": [[-70.38592, -23.6429], [-70.38356, -23.64316]]}, "properties": {"name": "Mancomunal", "highway": "residential"}}, {"type": "Feature", "geometry": {"type": "LineString", "coordinates": [[-70.38321, -23.63548], [-70.38446, -23.63571], [-70.38508, -23.63535]]}, "properties": {"name": "Lenox", "highway": "living_street"}}, {"type": "Feature", "geometry": {"type": "LineString", "coordinates": [[-70.38421, -23.63963], [-70.38417, -23.64077]]}, "properties": {"name": "Santa María", "highway": "living_street"}}, {"type": "Feature", "geometry": {"type": "LineString", "coordinates": [[-70.38532, -23.64447], [-70.38627, -23.64437]]}, "properties": {"name": "Carlos de la Fuente", "highway": "living_street"}}, {"type": "Feature", "geometry": {"type": "LineString", "coordinates": [[-70.38547, -23.64217], [-70.38545, -23.64294]]}, "properties": {"name": "Chiloé", "highway": "living_street"}}, {"type": "Feature", "geometry": {"type": "LineString", "coordinates": [[-70.37871, -23.63243], [-70.38007, -23.6324], [-70.38095, -23.63292]]}, "properties": {"name": "Salar de Pedernales", "highway": "residential"}}, {"type": "Feature", "geometry": {"type": "LineString", "coordinates": [[-70.38482, -23.6375], [-70.38485, -23.63643]]}, "properties": {"name": "Santa Fé", "highway": "living_street"}}, {"type": "Feature", "geometry": {"type": "LineString", "coordinates": [[-70.38165, -23.63416], [-70.38197, -23.63379], [-70.38194, -23.63312]]}, "properties": {"name": "Peine", "highway": "residential"}}, {"type": "Feature", "geometry": {"type": "LineString", "coordinates": [[-70.38628, -23.64151], [-70.38737, -23.64471]]}, "properties": {"name": "Alejandro Flores", "highway": "residential"}}, {"type": "Feature", "geometry": {"type": "LineString", "coordinates": [[-70.38659, -23.64228], [-70.38748, -23.64202]]}, "properties": {"name": "Eleuterio Ramírez", "highway": "residential"}}, {"type": "Feature", "geometry": {"type": "LineString", "coordinates": [[-70.38146, -23.63317], [-70.38147, -23.63358], [-70.38124, -23.6339]]}, "properties": {"name": "Paniri", "highway": "living_street"}}, {"type": "Feature", "geometry": {"type": "LineString", "coordinates": [[-70.3859, -23.64322], [-70.38606, -23.64394]]}, "properties": {"name": "José Cruizat", "highway": "residential"}}, {"type": "Feature", "geometry": {"type": "LineString", "coordinates": [[-70.37791, -23.63365], [-70.37847, -23.63412]]}, "properties": {"name": "Arabia", "highway": "living_street"}}, {"type": "Feature", "geometry": {"type": "LineString", "coordinates": [[-70.38721, -23.64313], [-70.38769, -23.64295]]}, "properties": {"name": "Pasaje 10 de Julio", "highway": "residential"}}, {"type": "Feature", "geometry": {"type": "LineString", "coordinates": [[-70.37702, -23.63414], [-70.37784, -23.6348]]}, "properties": {"name": "Belén", "highway": "living_street"}}, {"type": "Feature", "geometry": {"type": "LineString", "coordinates": [[-70.37803, -23.63158], [-70.37809, -23.63068]]}, "properties": {"name": "Dos Oriente", "highway": "residential"}}, {"type": "Feature", "geometry": {"type": "LineString", "coordinates": [[-70.38146, -23.63231], [-70.38142, -23.63317]]}, "properties": {"name": "Paniri", "highway": "living_street"}}, {"type": "Feature", "geometry": {"type": "LineString", "coordinates": [[-70.3821, -23.63252], [-70.38281, -23.63258]]}, "properties": {"name": "Chile Nuevo", "highway": "living_street"}}, {"type": "Feature", "geometry": {"type": "LineString", "coordinates": [[-70.38643, -23.64081], [-70.38689, -23.64083]]}, "properties": {"name": "Huanchaca", "highway": "residential"}}, {"type": "Feature", "geometry": {"type": "LineString", "coordinates": [[-70.37723, -23.63373], [-70.37814, -23.63448]]}, "properties": {"name": "Siria", "highway": "living_street"}}, {"type": "Feature", "geometry": {"type": "LineString", "coordinates": [[-70.38811, -23.642], [-70.38819, -23.63985]]}, "properties": {"name": "Pasaje Rosales", "highway": "residential"}}, {"type": "Feature", "geometry": {"type": "LineString", "coordinates": [[-70.38241, -23.63889], [-70.38366, -23.63873], [-70.38373, -23.63927]]}, "properties": {"name": "Pasaje Colón", "highway": "living_street"}}, {"type": "Feature", "geometry": {"type": "LineString", "coordinates": [[-70.38492, -23.63967], [-70.38498, -23.63876]]}, "properties": {"name": "Las Vegas", "highway": "residential"}}, {"type": "Feature", "geometry": {"type": "LineString", "coordinates": [[-70.38402, -23.64128], [-70.38361, -23.64131]]}, "properties": {"name": "Soberanía", "highway": "residential"}}, {"type": "Feature", "geometry": {"type": "LineString", "coordinates": [[-70.38166, -23.63192], [-70.38163, -23.63259]]}, "properties": {"name": "Paniri", "highway": "living_street"}}, {"type": "Feature", "geometry": {"type": "LineString", "coordinates": [[-70.385, -23.63314], [-70.38507, -23.6321]]}, "properties": {"name": "Santa Fé", "highway": "residential"}}, {"type": "Feature", "geometry": {"type": "LineString", "coordinates": [[-70.37751, -23.63168], [-70.38266, -23.63483]]}, "properties": {"name": "Rómulo Peña Maturana", "highway": "residential"}}, {"type": "Feature", "geometry": {"type": "LineString", "coordinates": [[-70.38253, -23.63256], [-70.38256, -23.63197]]}, "properties": {"name": "Socaire", "highway": "living_street"}}, {"type": "Feature", "geometry": {"type": "LineString", "coordinates": [[-70.38473, -23.63533], [-70.38475, -23.63422]]}, "properties": {"name": "Pasaje Santa Fé", "highway": "living_street"}}, {"type": "Feature", "geometry": {"type": "LineString", "coordinates": [[-70.37461, -23.63026], [-70.37771, -23.63232]]}, "properties": {"name": "Avenida Circunvalación Padre Alberto Hurtado", "highway": "secondary"}}, {"type": "Feature", "geometry": {"type": "LineString", "coordinates": [[-70.38197, -23.63379], [-70.38249, -23.63373]]}, "properties": {"name": "Esmeralda Silva", "highway": "residential"}}, {"type": "Feature", "geometry": {"type": "LineString", "coordinates": [[-70.38076, -23.63281], [-70.38035, -23.63339]]}, "properties": {"name": "Salar de Carcote", "highway": "residential"}}, {"type": "Feature", "geometry": {"type": "LineString", "coordinates": [[-70.37597, -23.63529], [-70.37659, -23.63503]]}, "properties": {"name": "Uno Oriente", "highway": "living_street"}}, {"type": "Feature", "geometry": {"type": "LineString", "coordinates": [[-70.37752, -23.63519], [-70.37684, -23.6346], [-70.37633, -23.63313]]}, "properties": {"name": "Monte Sinaí", "highway": "residential"}}, {"type": "Feature", "geometry": {"type": "LineString", "coordinates": [[-70.37871, -23.63191], [-70.37941, -23.63144]]}, "properties": {"name": "Salar de Tara", "highway": "residential"}}, {"type": "Feature", "geometry": {"type": "LineString", "coordinates": [[-70.38523, -23.64374], [-70.38536, -23.64498]]}, "properties": {"name": "Juan Véliz", "highway": "living_street"}}, {"type": "Feature", "geometry": {"type": "LineString", "coordinates": [[-70.3847, -23.64334], [-70.38465, -23.643]]}, "properties": {"name": "Solín Juica", "highway": "residential"}}, {"type": "Feature", "geometry": {"type": "LineString", "coordinates": [[-70.37584, -23.6334], [-70.37645, -23.63306], [-70.37732, -23.63214]]}, "properties": {"name": "Sicilia", "highway": "residential"}}, {"type": "Feature", "geometry": {"type": "LineString", "coordinates": [[-70.37985, -23.63141], [-70.38016, -23.63184]]}, "properties": {"name": "Salar de Talabre", "highway": "residential"}}, {"type": "Feature", "geometry": {"type": "LineString", "coordinates": [[-70.38446, -23.64508], [-70.3843, -23.64441]]}, "properties": {"name": "Jaime Creus Moret", "highway": "living_street"}}, {"type": "Feature", "geometry": {"type": "LineString", "coordinates": [[-70.37866, -23.6314], [-70.37975, -23.63146]]}, "properties": {"name": "Salar de Ascotán", "highway": "residential"}}, {"type": "Feature", "geometry": {"type": "LineString", "coordinates": [[-70.37609, -23.6355], [-70.37521, -23.63363]]}, "properties": {"name": "Pasaje Quito", "highway": "residential"}}, {"type": "Feature", "geometry": {"type": "LineString", "coordinates": [[-70.38271, -23.6352], [-70.38272, -23.63409]]}, "properties": {"name": "Navarino", "highway": "residential"}}, {"type": "Feature", "geometry": {"type": "LineString", "coordinates": [[-70.37458, -23.63146], [-70.37729, -23.63356]]}, "properties": {"name": "Líbano", "highway": "residential"}}, {"type": "Feature", "geometry": {"type": "LineString", "coordinates": [[-70.38312, -23.63778], [-70.38324, -23.6392], [-70.38352, -23.63959]]}, "properties": {"name": "La Calera", "highway": "residential"}}, {"type": "Feature", "geometry": {"type": "LineString", "coordinates": [[-70.38518, -23.63862], [-70.38446, -23.63814], [-70.3821, -23.63828]]}, "properties": {"name": "Lima", "highway": "residential"}}, {"type": "Feature", "geometry": {"type": "LineString", "coordinates": [[-70.37653, -23.63361], [-70.37775, -23.63235]]}, "properties": {"name": "Tres Oriente", "highway": "living_street"}}, {"type": "Feature", "geometry": {"type": "LineString", "coordinates": [[-70.38051, -23.63098], [-70.38101, -23.63157]]}, "properties": {"name": "Salar de Pular", "highway": "residential"}}, {"type": "Feature", "geometry": {"type": "LineString", "coordinates": [[-70.37864, -23.63282], [-70.37888, -23.63253]]}, "properties": {"name": "Uno Oriente", "highway": "living_street"}}, {"type": "Feature", "geometry": {"type": "LineString", "coordinates": [[-70.38271, -23.6352], [-70.38316, -23.63522]]}, "properties": {"name": "Río de Janeiro", "highway": "residential"}}, {"type": "Feature", "geometry": {"type": "LineString", "coordinates": [[-70.38643, -23.64392], [-70.38526, -23.64401]]}, "properties": {"name": "Caleuche", "highway": "living_street"}}, {"type": "Feature", "geometry": {"type": "LineString", "coordinates": [[-70.38434, -23.63408], [-70.38428, -23.63527]]}, "properties": {"name": "Osorno", "highway": "residential"}}, {"type": "Feature", "geometry": {"type": "LineString", "coordinates": [[-70.38554, -23.64398], [-70.38544, -23.64326]]}, "properties": {"name": "Santiago Arcos", "highway": "living_street"}}, {"type": "Feature", "geometry": {"type": "LineString", "coordinates": [[-70.38736, -23.64378], [-70.38793, -23.64324]]}, "properties": {"name": "Pasaje Providencia", "highway": "residential"}}, {"type": "Feature", "geometry": {"type": "LineString", "coordinates": [[-70.3756, -23.63439], [-70.37624, -23.63417]]}, "properties": {"name": "Tres Oriente", "highway": "living_street"}}, {"type": "Feature", "geometry": {"type": "LineString", "coordinates": [[-70.37761, -23.63401], [-70.37855, -23.6329]]}, "properties": {"name": "Uno Oriente", "highway": "residential"}}, {"type": "Feature", "geometry": {"type": "LineString", "coordinates": [[-70.38216, -23.63826], [-70.38222, -23.63819]]}, "properties": {"name": "Lima", "highway": "residential"}}, {"type": "Feature", "geometry": {"type": "LineString", "coordinates": [[-70.3855, -23.64372], [-70.38473, -23.64379]]}, "properties": {"name": "Caleuche", "highway": "living_street"}}, {"type": "Feature", "geometry": {"type": "LineString", "coordinates": [[-70.38428, -23.63817], [-70.38421, -23.63963]]}, "properties": {"name": "Los Vilos", "highway": "living_street"}}, {"type": "Feature", "geometry": {"type": "LineString", "coordinates": [[-70.38098, -23.63228], [-70.38164, -23.63232]]}, "properties": {"name": "Chile Nuevo", "highway": "living_street"}}, {"type": "Feature", "geometry": {"type": "LineString", "coordinates": [[-70.38487, -23.64022], [-70.38339, -23.64018]]}, "properties": {"name": "Antártica", "highway": "living_street"}}, {"type": "Feature", "geometry": {"type": "LineString", "coordinates": [[-70.38703, -23.64267], [-70.38749, -23.6425]]}, "properties": {"name": "Pasaje Independencia", "highway": "residential"}}, {"type": "Feature", "geometry": {"type": "LineString", "coordinates": [[-70.3834, -23.64257], [-70.38501, -23.64209], [-70.38586, -23.6408]]}, "properties": {"name": "Angelmó", "highway": "living_street"}}, {"type": "Feature", "geometry": {"type": "LineString", "coordinates": [[-70.38208, -23.6377], [-70.3826, -23.6395], [-70.38288, -23.63961]]}, "properties": {"name": "Talcahuano", "highway": "residential"}}, {"type": "Feature", "geometry": {"type": "LineString", "coordinates": [[-70.38746, -23.64374], [-70.38684, -23.6422]]}, "properties": {"name": "Minero Claveria", "highway": "residential"}}, {"type": "Feature", "geometry": {"type": "LineString", "coordinates": [[-70.37578, -23.63483], [-70.37687, -23.63443], [-70.37729, -23.63356], [-70.37814, -23.63263]]}, "properties": {"name": "Dos Oriente", "highway": "residential"}}, {"type": "Feature", "geometry": {"type": "LineString", "coordinates": [[-70.38, -23.63319], [-70.38048, -23.63248], [-70.38052, -23.63166], [-70.38017, -23.63118]]}, "properties": {"name": "Salar de Pujsa", "highway": "residential"}}, {"type": "Feature", "geometry": {"type": "LineString", "coordinates": [[-70.38209, -23.63262], [-70.38145, -23.63258]]}, "properties": {"name": "Chile Nuevo", "highway": "living_street"}}, {"type": "Feature", "geometry": {"type": "LineString", "coordinates": [[-70.38707, -23.64357], [-70.38736, -23.64352]]}, "properties": {"name": "", "highway": "living_street"}}, {"type": "Feature", "geometry": {"type": "LineString", "coordinates": [[-70.3738, -23.63024], [-70.37584, -23.6334], [-70.37678, -23.63539], [-70.37718, -23.63564]]}, "properties": {"name": "Jerusalén", "highway": "residential"}}, {"type": "Feature", "geometry": {"type": "LineString", "coordinates": [[-70.38421, -23.63747], [-70.38339, -23.63758], [-70.38219, -23.63809]]}, "properties": {"name": "Zenteno", "highway": "residential"}}, {"type": "Feature", "geometry": {"type": "LineString", "coordinates": [[-70.38684, -23.6422], [-70.38637, -23.64069], [-70.38647, -23.63976]]}, "properties": {"name": "Minero Claveria", "highway": "residential"}}, {"type": "Feature", "geometry": {"type": "LineString", "coordinates": [[-70.38514, -23.64197], [-70.38513, -23.64296]]}, "properties": {"name": "Rapa Nui", "highway": "residential"}}, {"type": "Feature", "geometry": {"type": "LineString", "coordinates": [[-70.38476, -23.64399], [-70.38525, -23.64392]]}, "properties": {"name": "Caleuche", "highway": "living_street"}}, {"type": "Feature", "geometry": {"type": "LineString", "coordinates": [[-70.3801, -23.63189], [-70.38007, -23.6324], [-70.37966, -23.633]]}, "properties": {"name": "Salar de Talabre", "highway": "residential"}}, {"type": "Feature", "geometry": {"type": "LineString", "coordinates": [[-70.37569, -23.63105], [-70.37487, -23.63196]]}, "properties": {"name": "Judea", "highway": "residential"}}, {"type": "Feature", "geometry": {"type": "LineString", "coordinates": [[-70.38018, -23.62939], [-70.3801, -23.62963]]}, "properties": {"name": "Pasaje Amado Nervo", "highway": "living_street"}}, {"type": "Feature", "geometry": {"type": "LineString", "coordinates": [[-70.37951, -23.62881], [-70.3786, -23.62941], [-70.37836, -23.62986]]}, "properties": {"name": "Abraham Lincoln", "highway": "residential"}}, {"type": "Feature", "geometry": {"type": "LineString", "coordinates": [[-70.3805, -23.63023], [-70.37875, -23.6298]]}, "properties": {"name": "Pasaje Paraguay", "highway": "living_street"}}, {"type": "Feature", "geometry": {"type": "LineString", "coordinates": [[-70.37507, -23.63316], [-70.37551, -23.63291]]}, "properties": {"name": "Galilea", "highway": "living_street"}}, {"type": "Feature", "geometry": {"type": "LineString", "coordinates": [[-70.37501, -23.63416], [-70.37603, -23.63375]]}, "properties": {"name": "Sicilia", "highway": "living_street"}}, {"type": "Feature", "geometry": {"type": "LineString", "coordinates": [[-70.37367, -23.6294], [-70.37437, -23.63]]}, "properties": {"name": "Guillermo Serey", "highway": "secondary"}}, {"type": "Feature", "geometry": {"type": "LineString", "coordinates": [[-70.37476, -23.63059], [-70.37426, -23.631]]}, "properties": {"name": "Libia", "highway": "living_street"}}, {"type": "Feature", "geometry": {"type": "LineString", "coordinates": [[-70.37827, -23.62821], [-70.37879, -23.62816], [-70.37884, -23.62872]]}, "properties": {"name": "Pasaje A", "highway": "residential"}}, {"type": "Feature", "geometry": {"type": "LineString", "coordinates": [[-70.37527, -23.63074], [-70.37458, -23.63146]]}, "properties": {"name": "Persa", "highway": "living_street"}}, {"type": "Feature", "geometry": {"type": "LineString", "coordinates": [[-70.37528, -23.62942], [-70.37497, -23.63053]]}, "properties": {"name": "Libia", "highway": "living_street"}}, {"type": "Feature", "geometry": {"type": "LineString", "coordinates": [[-70.37521, -23.63363], [-70.37578, -23.6333]]}, "properties": {"name": "Nazareno", "highway": "living_street"}}, {"type": "Feature", "geometry": {"type": "LineString", "coordinates": [[-70.37691, -23.63184], [-70.37559, -23.63305]]}, "properties": {"name": "Nazareno", "highway": "living_street"}}, {"type": "Feature", "geometry": {"type": "LineString", "coordinates": [[-70.37609, -23.6313], [-70.37508, -23.63226]]}, "properties": {"name": "Palestina", "highway": "living_street"}}, {"type": "Feature", "geometry": {"type": "LineString", "coordinates": [[-70.37572, -23.62945], [-70.37545, -23.63043], [-70.37586, -23.63066]]}, "properties": {"name": "Persa", "highway": "living_street"}}, {"type": "Feature", "geometry": {"type": "LineString", "coordinates": [[-70.38051, -23.62994], [-70.37924, -23.6296]]}, "properties": {"name": "Pasaje Pica", "highway": "living_street"}}, {"type": "Feature", "geometry": {"type": "LineString", "coordinates": [[-70.37903, -23.63026], [-70.37924, -23.6296], [-70.37885, -23.62884]]}, "properties": {"name": "San Andrés", "highway": "residential"}}, {"type": "Feature", "geometry": {"type": "LineString", "coordinates": [[-70.37699, -23.62974], [-70.37647, -23.63156]]}, "properties": {"name": "Galilea", "highway": "living_street"}}, {"type": "Feature", "geometry": {"type": "LineString", "coordinates": [[-70.37526, -23.63251], [-70.37487, -23.63274]]}, "properties": {"name": "Palestina", "highway": "living_street"}}, {"type": "Feature", "geometry": {"type": "LineString", "coordinates": [[-70.37586, -23.63066], [-70.37615, -23.62954]]}, "properties": {"name": "Judea", "highway": "living_street"}}, {"type": "Feature", "geometry": {"type": "LineString", "coordinates": [[-70.37987, -23.6288], [-70.37967, -23.62927], [-70.37881, -23.6297], [-70.37866, -23.63016]]}, "properties": {"name": "Altamira", "highway": "residential"}}, {"type": "Feature", "geometry": {"type": "LineString", "coordinates": [[-70.37647, -23.63156], [-70.37574, -23.63236]]}, "properties": {"name": "Galilea", "highway": "living_street"}}, {"type": "Feature", "geometry": {"type": "LineString", "coordinates": [[-70.37831, -23.62875], [-70.37818, -23.62797], [-70.3771, -23.62651], [-70.37669, -23.62619], [-70.37635, -23.62617]]}, "properties": {"name": "Centenario", "highway": "residential"}}, {"type": "Feature", "geometry": {"type": "LineString", "coordinates": [[-70.37528, -23.62942], [-70.37615, -23.62954]]}, "properties": {"name": "Paraguay", "highway": "residential"}}, {"type": "Feature", "geometry": {"type": "LineString", "coordinates": [[-70.37802, -23.62888], [-70.37798, -23.62999]]}, "properties": {"name": "Socompa", "highway": "residential"}}, {"type": "Feature", "geometry": {"type": "LineString", "coordinates": [[-70.37437, -23.63029], [-70.37403, -23.63063]]}, "properties": {"name": "Israel", "highway": "residential"}}, {"type": "Feature", "geometry": {"type": "LineString", "coordinates": [[-70.37658, -23.62964], [-70.37623, -23.63087], [-70.37664, -23.63103]]}, "properties": {"name": "Palestina", "highway": "living_street"}}, {"type": "Feature", "geometry": {"type": "LineString", "coordinates": [[-70.37523, -23.62666], [-70.37547, -23.62755]]}, "properties": {"name": "Paula Jaraquemada", "highway": "residential"}}, {"type": "Feature", "geometry": {"type": "LineString", "coordinates": [[-70.37582, -23.62394], [-70.37537, -23.62014], [-70.37632, -23.61758], [-70.3776, -23.61573]]}, "properties": {"name": "General Óscar Bonilla", "highway": "secondary"}}, {"type": "Feature", "geometry": {"type": "LineString", "coordinates": [[-70.37701, -23.62494], [-70.37599, -23.62452]]}, "properties": {"name": "Cienfuegos", "highway": "residential"}}, {"type": "Feature", "geometry": {"type": "LineString", "coordinates": [[-70.3758, -23.62683], [-70.37669, -23.62619]]}, "properties": {"name": "Claudio Gay", "highway": "residential"}}, {"type": "Feature", "geometry": {"type": "LineString", "coordinates": [[-70.37452, -23.62734], [-70.37499, -23.62594]]}, "properties": {"name": "Javiera Carrera", "highway": "living_street"}}, {"type": "Feature", "geometry": {"type": "LineString", "coordinates": [[-70.37438, -23.62833], [-70.37408, -23.62748]]}, "properties": {"name": "Clara Solovera", "highway": "living_street"}}, {"type": "Feature", "geometry": {"type": "LineString", "coordinates": [[-70.37526, -23.62802], [-70.37491, -23.62721]]}, "properties": {"name": "Lenka Franulic", "highway": "living_street"}}, {"type": "Feature", "geometry": {"type": "LineString", "coordinates": [[-70.37709, -23.62843], [-70.37613, -23.62863]]}, "properties": {"name": "Aurora Boreal", "highway": "living_street"}}, {"type": "Feature", "geometry": {"type": "LineString", "coordinates": [[-70.3761, -23.62853], [-70.37534, -23.6287]]}, "properties": {"name": "Aurora Boreal", "highway": "living_street"}}, {"type": "Feature", "geometry": {"type": "LineString", "coordinates": [[-70.37688, -23.62801], [-70.3778, -23.62745]]}, "properties": {"name": "Vicente Zegers", "highway": "living_street"}}, {"type": "Feature", "geometry": {"type": "LineString", "coordinates": [[-70.37564, -23.62641], [-70.37615, -23.62767]]}, "properties": {"name": "Sargento Candelaria Pérez", "highway": "residential"}}, {"type": "Feature", "geometry": {"type": "LineString", "coordinates": [[-70.37712, -23.62847], [-70.3781, -23.62786]]}, "properties": {"name": "Apoquindo", "highway": "living_street"}}, {"type": "Feature", "geometry": {"type": "LineString", "coordinates": [[-70.37389, -23.62287], [-70.3756, -23.62261]]}, "properties": {"name": "Carrizal", "highway": "living_street"}}, {"type": "Feature", "geometry": {"type": "LineString", "coordinates": [[-70.37747, -23.62701], [-70.37666, -23.62752]]}, "properties": {"name": "Cruz del Sur", "highway": "living_street"}}, {"type": "Feature", "geometry": {"type": "LineString", "coordinates": [[-70.37616, -23.62561], [-70.37659, -23.62582]]}, "properties": {"name": "Centenario", "highway": "residential"}}, {"type": "Feature", "geometry": {"type": "LineString", "coordinates": [[-70.37618, -23.62407], [-70.37722, -23.62448]]}, "properties": {"name": "Los Cóndores", "highway": "residential"}}, {"type": "Feature", "geometry": {"type": "LineString", "coordinates": [[-70.37536, -23.62026], [-70.3749, -23.62212]]}, "properties": {"name": "El Tambo", "highway": "residential"}}, {"type": "Feature", "geometry": {"type": "LineString", "coordinates": [[-70.37681, -23.62786], [-70.37593, -23.62806]]}, "properties": {"name": "Celia Castro", "highway": "living_street"}}, {"type": "Feature", "geometry": {"type": "LineString", "coordinates": [[-70.37779, -23.62281], [-70.37789, -23.62377]]}, "properties": {"name": "Alcalde Harris", "highway": "tertiary"}}, {"type": "Feature", "geometry": {"type": "LineString", "coordinates": [[-70.37667, -23.62755], [-70.37363, -23.62849]]}, "properties": {"name": "Cruz del Sur", "highway": "residential"}}, {"type": "Feature", "geometry": {"type": "LineString", "coordinates": [[-70.37573, -23.62543], [-70.37458, -23.62561]]}, "properties": {"name": "Marta Brunet", "highway": "residential"}}, {"type": "Feature", "geometry": {"type": "LineString", "coordinates": [[-70.37543, -23.62436], [-70.37446, -23.62455]]}, "properties": {"name": "Mollendo", "highway": "residential"}}, {"type": "Feature", "geometry": {"type": "LineString", "coordinates": [[-70.37408, -23.62374], [-70.3757, -23.6235]]}, "properties": {"name": "Tres Cruces", "highway": "living_street"}}, {"type": "Feature", "geometry": {"type": "LineString", "coordinates": [[-70.37436, -23.62412], [-70.37582, -23.62394]]}, "properties": {"name": "Elqui", "highway": "residential"}}, {"type": "Feature", "geometry": {"type": "LineString", "coordinates": [[-70.37619, -23.62904], [-70.37582, -23.62783]]}, "properties": {"name": "Paula Jaraquemada", "highway": "residential"}}, {"type": "Feature", "geometry": {"type": "LineString", "coordinates": [[-70.37645, -23.62705], [-70.37717, -23.62661]]}, "properties": {"name": "Américo Vespucio", "highway": "living_street"}}, {"type": "Feature", "geometry": {"type": "LineString", "coordinates": [[-70.37504, -23.62717], [-70.3739, -23.62754]]}, "properties": {"name": "Centenario", "highway": "tertiary"}}, {"type": "Feature", "geometry": {"type": "LineString", "coordinates": [[-70.37459, -23.62545], [-70.3739, -23.62754]]}, "properties": {"name": "Guillermo Serey", "highway": "residential"}}, {"type": "Feature", "geometry": {"type": "LineString", "coordinates": [[-70.37524, -23.62842], [-70.37693, -23.62813]]}, "properties": {"name": "Tres Marías", "highway": "living_street"}}, {"type": "Feature", "geometry": {"type": "LineString", "coordinates": [[-70.37585, -23.62699], [-70.37543, -23.62717]]}, "properties": {"name": "Agustín Cabrera", "highway": "residential"}}, {"type": "Feature", "geometry": {"type": "LineString", "coordinates": [[-70.37812, -23.62483], [-70.37761, -23.62457]]}, "properties": {"name": "Pasaje Alberto Hurtado", "highway": "residential"}}, {"type": "Feature", "geometry": {"type": "LineString", "coordinates": [[-70.37637, -23.62193], [-70.37652, -23.62348], [-70.37698, -23.62377]]}, "properties": {"name": "Bío Bío", "highway": "living_street"}}, {"type": "Feature", "geometry": {"type": "LineString", "coordinates": [[-70.37485, -23.62817], [-70.37452, -23.62734]]}, "properties": {"name": "Javiera Carrera", "highway": "living_street"}}, {"type": "Feature", "geometry": {"type": "LineString", "coordinates": [[-70.37673, -23.62182], [-70.37685, -23.62331]]}, "properties": {"name": "Tenglo", "highway": "living_street"}}, {"type": "Feature", "geometry": {"type": "LineString", "coordinates": [[-70.38027, -23.62798], [-70.38133, -23.62791]]}, "properties": {"name": "Francisco Vergara", "highway": "residential"}}, {"type": "Feature", "geometry": {"type": "LineString", "coordinates": [[-70.3815, -23.6269], [-70.38061, -23.6257]]}, "properties": {"name": "Diego Barros Arana", "highway": "living_street"}}, {"type": "Feature", "geometry": {"type": "LineString", "coordinates": [[-70.38011, -23.6262], [-70.38088, -23.62738]]}, "properties": {"name": "Colón", "highway": "residential"}}, {"type": "Feature", "geometry": {"type": "LineString", "coordinates": [[-70.3756, -23.61776], [-70.37515, -23.61633]]}, "properties": {"name": "Pasaje Pocuro", "highway": "living_street"}}, {"type": "Feature", "geometry": {"type": "LineString", "coordinates": [[-70.38105, -23.63079], [-70.38091, -23.6337]]}, "properties": {"name": "Cristóbal Colón", "highway": "residential"}}, {"type": "Feature", "geometry": {"type": "LineString", "coordinates": [[-70.37562, -23.6162], [-70.37611, -23.61763]]}, "properties": {"name": "España", "highway": "residential"}}, {"type": "Feature", "geometry": {"type": "LineString", "coordinates": [[-70.38055, -23.62573], [-70.37983, -23.62463]]}, "properties": {"name": "Diego Barros Arana", "highway": "residential"}}, {"type": "Feature", "geometry": {"type": "LineString", "coordinates": [[-70.3795, -23.62313], [-70.38035, -23.62313]]}, "properties": {"name": "Alexander Graham Bell", "highway": "living_street"}}, {"type": "Feature", "geometry": {"type": "LineString", "coordinates": [[-70.38025, -23.62758], [-70.3803, -23.62866]]}, "properties": {"name": "Amado Nervo", "highway": "living_street"}}, {"type": "Feature", "geometry": {"type": "LineString", "coordinates": [[-70.37887, -23.62463], [-70.37976, -23.62412], [-70.38099, -23.62414]]}, "properties": {"name": "Tomás Alba Edison", "highway": "living_street"}}, {"type": "Feature", "geometry": {"type": "LineString", "coordinates": [[-70.37194, -23.61719], [-70.37591, -23.61612]]}, "properties": {"name": "Rancagua", "highway": "residential"}}, {"type": "Feature", "geometry": {"type": "LineString", "coordinates": [[-70.38279, -23.6309], [-70.38271, -23.63197]]}, "properties": {"name": "Socaire", "highway": "residential"}}, {"type": "Feature", "geometry": {"type": "LineString", "coordinates": [[-70.38127, -23.62617], [-70.37985, -23.62695]]}, "properties": {"name": "Claudio Matte", "highway": "living_street"}}, {"type": "Feature", "geometry": {"type": "LineString", "coordinates": [[-70.37385, -23.61868], [-70.37477, -23.62026]]}, "properties": {"name": "Fresia", "highway": "residential"}}, {"type": "Feature", "geometry": {"type": "LineString", "coordinates": [[-70.37624, -23.61775], [-70.3773, -23.61936]]}, "properties": {"name": "12 de Octubre", "highway": "residential"}}, {"type": "Feature", "geometry": {"type": "LineString", "coordinates": [[-70.3823, -23.62857], [-70.3822, -23.62718]]}, "properties": {"name": "Dominador", "highway": "living_street"}}, {"type": "Feature", "geometry": {"type": "LineString", "coordinates": [[-70.37396, -23.62241], [-70.37395, -23.62189], [-70.37326, -23.61972]]}, "properties": {"name": "Machu Pichu", "highway": "residential"}}, {"type": "Feature", "geometry": {"type": "LineString", "coordinates": [[-70.38175, -23.62614], [-70.38235, -23.6271]]}, "properties": {"name": "Inés de Suárez", "highway": "living_street"}}, {"type": "Feature", "geometry": {"type": "LineString", "coordinates": [[-70.38056, -23.62749], [-70.37981, -23.62631]]}, "properties": {"name": "Diego de Almagro", "highway": "living_street"}}, {"type": "Feature", "geometry": {"type": "LineString", "coordinates": [[-70.38033, -23.62587], [-70.38135, -23.62737]]}, "properties": {"name": "Andrés Bello", "highway": "living_street"}}, {"type": "Feature", "geometry": {"type": "LineString", "coordinates": [[-70.38118, -23.62551], [-70.38058, -23.62466]]}, "properties": {"name": "Inés de Suárez", "highway": "living_street"}}, {"type": "Feature", "geometry": {"type": "LineString", "coordinates": [[-70.38178, -23.62784], [-70.38504, -23.62769]]}, "properties": {"name": "Francisco Vergara", "highway": "residential"}}, {"type": "Feature", "geometry": {"type": "LineString", "coordinates": [[-70.3762, -23.61449], [-70.37533, -23.61474]]}, "properties": {"name": "Megapuerto", "highway": "living_street"}}, {"type": "Feature", "geometry": {"type": "LineString", "coordinates": [[-70.38088, -23.62875], [-70.3809, -23.6296]]}, "properties": {"name": "Cristóbal Colón", "highway": "residential"}}, {"type": "Feature", "geometry": {"type": "LineString", "coordinates": [[-70.37344, -23.62016], [-70.37428, -23.61995]]}, "properties": {"name": "Pasaje Cobija", "highway": "living_street"}}, {"type": "Feature", "geometry": {"type": "LineString", "coordinates": [[-70.38018, -23.62518], [-70.38047, -23.62503]]}, "properties": {"name": "Nikola Tesla", "highway": "living_street"}}, {"type": "Feature", "geometry": {"type": "LineString", "coordinates": [[-70.37897, -23.62675], [-70.38011, -23.6262]]}, "properties": {"name": "Juan Sebastian Bach", "highway": "residential"}}, {"type": "Feature", "geometry": {"type": "LineString", "coordinates": [[-70.37793, -23.63067], [-70.37798, -23.62999]]}, "properties": {"name": "Socompa", "highway": "residential"}}, {"type": "Feature", "geometry": {"type": "LineString", "coordinates": [[-70.38502, -23.62728], [-70.38508, -23.62844]]}, "properties": {"name": "Osorno", "highway": "living_street"}}, {"type": "Feature", "geometry": {"type": "LineString", "coordinates": [[-70.3846, -23.62846], [-70.38455, -23.6273]]}, "properties": {"name": "Francisco Puelma", "highway": "living_street"}}, {"type": "Feature", "geometry": {"type": "LineString", "coordinates": [[-70.38367, -23.62851], [-70.38361, -23.62735]]}, "properties": {"name": "Luisis", "highway": "living_street"}}, {"type": "Feature", "geometry": {"type": "LineString", "coordinates": [[-70.3783, -23.6307], [-70.37836, -23.62986]]}, "properties": {"name": "Portezuelo", "highway": "residential"}}, {"type": "Feature", "geometry": {"type": "LineString", "coordinates": [[-70.38143, -23.62713], [-70.38279, -23.62702]]}, "properties": {"name": "Benito Juárez", "highway": "residential"}}, {"type": "Feature", "geometry": {"type": "LineString", "coordinates": [[-70.37913, -23.63074], [-70.37916, -23.63029]]}, "properties": {"name": "Altamira", "highway": "residential"}}, {"type": "Feature", "geometry": {"type": "LineString", "coordinates": [[-70.37998, -23.62867], [-70.37993, -23.62767]]}, "properties": {"name": "Rubén Darío", "highway": "living_street"}}, {"type": "Feature", "geometry": {"type": "LineString", "coordinates": [[-70.37444, -23.61507], [-70.37536, -23.61484]]}, "properties": {"name": "Pasaje El Tijar", "highway": "living_street"}}, {"type": "Feature", "geometry": {"type": "LineString", "coordinates": [[-70.38268, -23.6274], [-70.38276, -23.62855]]}, "properties": {"name": "Savona", "highway": "living_street"}}, {"type": "Feature", "geometry": {"type": "LineString", "coordinates": [[-70.37195, -23.61814], [-70.37206, -23.61787], [-70.37346, -23.61759]]}, "properties": {"name": "Sagasca", "highway": "living_street"}}, {"type": "Feature", "geometry": {"type": "LineString", "coordinates": [[-70.38092, -23.6256], [-70.38158, -23.62666]]}, "properties": {"name": "José Artigas", "highway": "living_street"}}, {"type": "Feature", "geometry": {"type": "LineString", "coordinates": [[-70.38313, -23.62923], [-70.38169, -23.63041]]}, "properties": {"name": "Orovilla", "highway": "living_street"}}, {"type": "Feature", "geometry": {"type": "LineString", "coordinates": [[-70.37457, -23.61551], [-70.37552, -23.61527]]}, "properties": {"name": "Cancha Rayada", "highway": "living_street"}}, {"type": "Feature", "geometry": {"type": "LineString", "coordinates": [[-70.37281, -23.61878], [-70.37309, -23.61974]]}, "properties": {"name": "Machu Pichu", "highway": "living_street"}}, {"type": "Feature", "geometry": {"type": "LineString", "coordinates": [[-70.37225, -23.61691], [-70.3725, -23.61781]]}, "properties": {"name": "Machu Pichu", "highway": "living_street"}}, {"type": "Feature", "geometry": {"type": "LineString", "coordinates": [[-70.37388, -23.61878], [-70.37337, -23.61894]]}, "properties": {"name": "Pasaje Independencia", "highway": "living_street"}}, {"type": "Feature", "geometry": {"type": "LineString", "coordinates": [[-70.37369, -23.61587], [-70.37459, -23.61561]]}, "properties": {"name": "Cancha Rayada", "highway": "residential"}}, {"type": "Feature", "geometry": {"type": "LineString", "coordinates": [[-70.3747, -23.61594], [-70.37568, -23.61571]]}, "properties": {"name": "Francisco Miranda", "highway": "living_street"}}, {"type": "Feature", "geometry": {"type": "LineString", "coordinates": [[-70.3756, -23.61955], [-70.3768, -23.6218]]}, "properties": {"name": "Tenglo", "highway": "residential"}}, {"type": "Feature", "geometry": {"type": "LineString", "coordinates": [[-70.37253, -23.61962], [-70.37296, -23.61929]]}, "properties": {"name": "Pasaje Independencia", "highway": "living_street"}}, {"type": "Feature", "geometry": {"type": "LineString", "coordinates": [[-70.38303, -23.62738], [-70.38251, -23.62658]]}, "properties": {"name": "Puerto Natales", "highway": "residential"}}, {"type": "Feature", "geometry": {"type": "LineString", "coordinates": [[-70.37584, -23.61884], [-70.37532, -23.61784], [-70.37435, -23.61475]]}, "properties": {"name": "Traiguén", "highway": "residential"}}, {"type": "Feature", "geometry": {"type": "LineString", "coordinates": [[-70.37621, -23.61785], [-70.37688, -23.61958], [-70.37845, -23.62246]]}, "properties": {"name": "Avenida España", "highway": "residential"}}, {"type": "Feature", "geometry": {"type": "LineString", "coordinates": [[-70.38565, -23.62724], [-70.38088, -23.62738], [-70.37959, -23.62775]]}, "properties": {"name": "Magallanes", "highway": "residential"}}, {"type": "Feature", "geometry": {"type": "LineString", "coordinates": [[-70.37382, -23.62146], [-70.37465, -23.62124]]}, "properties": {"name": "Pasaje Tacora", "highway": "living_street"}}, {"type": "Feature", "geometry": {"type": "LineString", "coordinates": [[-70.38052, -23.62509], [-70.3808, -23.62495]]}, "properties": {"name": "Nikola Tesla", "highway": "living_street"}}, {"type": "Feature", "geometry": {"type": "LineString", "coordinates": [[-70.37895, -23.62094], [-70.37659, -23.61719]]}, "properties": {"name": "Puerto Natales", "highway": "tertiary"}}, {"type": "Feature", "geometry": {"type": "LineString", "coordinates": [[-70.38203, -23.62712], [-70.38164, -23.62647]]}, "properties": {"name": "Dominador", "highway": "living_street"}}, {"type": "Feature", "geometry": {"type": "LineString", "coordinates": [[-70.37369, -23.62103], [-70.37453, -23.6208]]}, "properties": {"name": "Pasaje Miño", "highway": "living_street"}}, {"type": "Feature", "geometry": {"type": "LineString", "coordinates": [[-70.37371, -23.61829], [-70.37632, -23.61758]]}, "properties": {"name": "Independencia", "highway": "residential"}}, {"type": "Feature", "geometry": {"type": "LineString", "coordinates": [[-70.37349, -23.61547], [-70.37448, -23.61519]]}, "properties": {"name": "Pasaje El Tijar", "highway": "living_street"}}, {"type": "Feature", "geometry": {"type": "LineString", "coordinates": [[-70.39293, -23.62912], [-70.39401, -23.62917]]}, "properties": {"name": "Pasaje Tacna", "highway": "residential"}}, {"type": "Feature", "geometry": {"type": "LineString", "coordinates": [[-70.38341, -23.63055], [-70.38314, -23.63053], [-70.38143, -23.62898]]}, "properties": {"name": "Lasana", "highway": "residential"}}, {"type": "Feature", "geometry": {"type": "LineString", "coordinates": [[-70.38022, -23.62463], [-70.38084, -23.62562]]}, "properties": {"name": "José Artigas", "highway": "residential"}}, {"type": "Feature", "geometry": {"type": "LineString", "coordinates": [[-70.37952, -23.62646], [-70.38025, -23.62758]]}, "properties": {"name": "Amado Nervo", "highway": "living_street"}}, {"type": "Feature", "geometry": {"type": "LineString", "coordinates": [[-70.37963, -23.62869], [-70.37959, -23.62775], [-70.37863, -23.62602], [-70.3782, -23.62569]]}, "properties": {"name": "Abraham Lincoln", "highway": "residential"}}, {"type": "Feature", "geometry": {"type": "LineString", "coordinates": [[-70.37732, -23.62164], [-70.37584, -23.61884]]}, "properties": {"name": "Traiguén", "highway": "residential"}}, {"type": "Feature", "geometry": {"type": "LineString", "coordinates": [[-70.38323, -23.62853], [-70.38315, -23.62738]]}, "properties": {"name": "Domeyko", "highway": "living_street"}}, {"type": "Feature", "geometry": {"type": "LineString", "coordinates": [[-70.38088, -23.62738], [-70.38099, -23.62863]]}, "properties": {"name": "Colón", "highway": "living_street"}}, {"type": "Feature", "geometry": {"type": "LineString", "coordinates": [[-70.37626, -23.62197], [-70.37424, -23.61814], [-70.37364, -23.61624], [-70.37369, -23.61587]]}, "properties": {"name": "Biobío", "highway": "residential"}}, {"type": "Feature", "geometry": {"type": "LineString", "coordinates": [[-70.37297, -23.6177], [-70.37263, -23.61656]]}, "properties": {"name": "Pasaje Fresia", "highway": "living_street"}}, {"type": "Feature", "geometry": {"type": "LineString", "coordinates": [[-70.37854, -23.62424], [-70.37964, -23.6236], [-70.38067, -23.62362]]}, "properties": {"name": "Guillermo Marconi", "highway": "living_street"}}, {"type": "Feature", "geometry": {"type": "LineString", "coordinates": [[-70.38027, -23.62804], [-70.37995, -23.62805]]}, "properties": {"name": "Francisco Vergara", "highway": "residential"}}, {"type": "Feature", "geometry": {"type": "LineString", "coordinates": [[-70.38177, -23.62745], [-70.38183, -23.62859]]}, "properties": {"name": "Renacimiento", "highway": "residential"}}, {"type": "Feature", "geometry": {"type": "LineString", "coordinates": [[-70.37404, -23.61577], [-70.37478, -23.618], [-70.3756, -23.61955]]}, "properties": {"name": "Tenglo", "highway": "residential"}}, {"type": "Feature", "geometry": {"type": "LineString", "coordinates": [[-70.38033, -23.62587], [-70.38167, -23.62524]]}, "properties": {"name": "Juan Sebastian Bach", "highway": "residential"}}, {"type": "Feature", "geometry": {"type": "LineString", "coordinates": [[-70.39444, -23.63308], [-70.39392, -23.63306]]}, "properties": {"name": "Ecuador", "highway": "residential"}}, {"type": "Feature", "geometry": {"type": "LineString", "coordinates": [[-70.39421, -23.63938], [-70.39464, -23.63939]]}, "properties": {"name": "Procurador", "highway": "living_street"}}, {"type": "Feature", "geometry": {"type": "LineString", "coordinates": [[-70.39445, -23.63291], [-70.395, -23.63292]]}, "properties": {"name": "Pasaje Bellavista", "highway": "living_street"}}, {"type": "Feature", "geometry": {"type": "LineString", "coordinates": [[-70.39536, -23.62647], [-70.39638, -23.62651]]}, "properties": {"name": "Pisagua", "highway": "residential"}}, {"type": "Feature", "geometry": {"type": "LineString", "coordinates": [[-70.39482, -23.63664], [-70.39572, -23.63668]]}, "properties": {"name": "Montevideo", "highway": "residential"}}, {"type": "Feature", "geometry": {"type": "LineString", "coordinates": [[-70.3937, -23.63685], [-70.39481, -23.63688]]}, "properties": {"name": "Montevideo", "highway": "residential"}}, {"type": "Feature", "geometry": {"type": "LineString", "coordinates": [[-70.39346, -23.63418], [-70.3935, -23.63367]]}, "properties": {"name": "Rupanco", "highway": "residential"}}, {"type": "Feature", "geometry": {"type": "LineString", "coordinates": [[-70.39504, -23.6397], [-70.39506, -23.63926]]}, "properties": {"name": "La Independencia", "highway": "living_street"}}, {"type": "Feature", "geometry": {"type": "LineString", "coordinates": [[-70.39367, -23.63576], [-70.39377, -23.63576]]}, "properties": {"name": "Río de Janeiro", "highway": "residential"}}, {"type": "Feature", "geometry": {"type": "LineString", "coordinates": [[-70.39459, -23.63861], [-70.39554, -23.63865]]}, "properties": {"name": "Zenteno", "highway": "residential"}}, {"type": "Feature", "geometry": {"type": "LineString", "coordinates": [[-70.39554, -23.64079], [-70.39551, -23.64178]]}, "properties": {"name": "La Independencia", "highway": "living_street"}}, {"type": "Feature", "geometry": {"type": "LineString", "coordinates": [[-70.39573, -23.63462], [-70.39374, -23.63452]]}, "properties": {"name": "Quito", "highway": "residential"}}, {"type": "Feature", "geometry": {"type": "LineString", "coordinates": [[-70.39563, -23.63972], [-70.39471, -23.63969]]}, "properties": {"name": "La Frontera", "highway": "living_street"}}, {"type": "Feature", "geometry": {"type": "LineString", "coordinates": [[-70.39423, -23.64036], [-70.39535, -23.6404]]}, "properties": {"name": "El Corregidor", "highway": "living_street"}}, {"type": "Feature", "geometry": {"type": "LineString", "coordinates": [[-70.39552, -23.63357], [-70.39389, -23.63361]]}, "properties": {"name": "Venezuela", "highway": "residential"}}, {"type": "Feature", "geometry": {"type": "LineString", "coordinates": [[-70.39295, -23.63304], [-70.39382, -23.63308]]}, "properties": {"name": "Ecuador", "highway": "residential"}}, {"type": "Feature", "geometry": {"type": "LineString", "coordinates": [[-70.39473, -23.63797], [-70.39486, -23.63578]]}, "properties": {"name": "Bellavista", "highway": "residential"}}, {"type": "Feature", "geometry": {"type": "LineString", "coordinates": [[-70.39477, -23.64114], [-70.39553, -23.64115]]}, "properties": {"name": "La Cañada", "highway": "living_street"}}, {"type": "Feature", "geometry": {"type": "LineString", "coordinates": [[-70.39286, -23.63235], [-70.39386, -23.63241]]}, "properties": {"name": "Paipote", "highway": "residential"}}, {"type": "Feature", "geometry": {"type": "LineString", "coordinates": [[-70.39476, -23.64135], [-70.39429, -23.64127]]}, "properties": {"name": "La Cañada", "highway": "living_street"}}, {"type": "Feature", "geometry": {"type": "LineString", "coordinates": [[-70.39571, -23.6408], [-70.39574, -23.64017]]}, "properties": {"name": "Los Libertadores", "highway": "living_street"}}, {"type": "Feature", "geometry": {"type": "LineString", "coordinates": [[-70.39417, -23.63874], [-70.39467, -23.63876]]}, "properties": {"name": "Procurador", "highway": "living_street"}}, {"type": "Feature", "geometry": {"type": "LineString", "coordinates": [[-70.39545, -23.6346], [-70.39552, -23.63357]]}, "properties": {"name": "Irene Morales", "highway": "residential"}}, {"type": "Feature", "geometry": {"type": "LineString", "coordinates": [[-70.39438, -23.64134], [-70.39437, -23.64183], [-70.39483, -23.64188]]}, "properties": {"name": "Nuevo Extremo", "highway": "living_street"}}, {"type": "Feature", "geometry": {"type": "LineString", "coordinates": [[-70.39444, -23.63323], [-70.39499, -23.63323]]}, "properties": {"name": "Pasaje Bellavista", "highway": "living_street"}}, {"type": "Feature", "geometry": {"type": "LineString", "coordinates": [[-70.39549, -23.63397], [-70.39496, -23.63395]]}, "properties": {"name": "", "highway": "living_street"}}, {"type": "Feature", "geometry": {"type": "LineString", "coordinates": [[-70.39483, -23.642], [-70.39484, -23.64175]]}, "properties": {"name": "La Reconquista", "highway": "residential"}}, {"type": "Feature", "geometry": {"type": "LineString", "coordinates": [[-70.3966, -23.64182], [-70.39484, -23.64175]]}, "properties": {"name": "Nuevo Extremo", "highway": "living_street"}}, {"type": "Feature", "geometry": {"type": "LineString", "coordinates": [[-70.39423, -23.63982], [-70.39469, -23.63983]]}, "properties": {"name": "La Frontera", "highway": "living_street"}}, {"type": "Feature", "geometry": {"type": "LineString", "coordinates": [[-70.39546, -23.63425], [-70.39494, -23.63422]]}, "properties": {"name": "", "highway": "living_street"}}, {"type": "Feature", "geometry": {"type": "LineString", "coordinates": [[-70.39292, -23.63337], [-70.3938, -23.63342]]}, "properties": {"name": "Puyehue", "highway": "residential"}}, {"type": "Feature", "geometry": {"type": "LineString", "coordinates": [[-70.39552, -23.64124], [-70.39643, -23.64128]]}, "properties": {"name": "La Cañada", "highway": "living_street"}}, {"type": "Feature", "geometry": {"type": "LineString", "coordinates": [[-70.39319, -23.63417], [-70.39322, -23.63365]]}, "properties": {"name": "Ranco", "highway": "residential"}}, {"type": "Feature", "geometry": {"type": "LineString", "coordinates": [[-70.39332, -23.63306], [-70.39337, -23.63238]]}, "properties": {"name": "Lota", "highway": "residential"}}, {"type": "Feature", "geometry": {"type": "LineString", "coordinates": [[-70.39572, -23.6358], [-70.39584, -23.63589]]}, "properties": {"name": "Río de Janeiro", "highway": "residential"}}, {"type": "Feature", "geometry": {"type": "LineString", "coordinates": [[-70.3942, -23.6382], [-70.39429, -23.64127]]}, "properties": {"name": "Patria Nueva", "highway": "residential"}}, {"type": "Feature", "geometry": {"type": "LineString", "coordinates": [[-70.39605, -23.6405], [-70.39602, -23.64081], [-70.39476, -23.64075]]}, "properties": {"name": "Calicanto", "highway": "living_street"}}, {"type": "Feature", "geometry": {"type": "LineString", "coordinates": [[-70.39529, -23.64012], [-70.39532, -23.63971]]}, "properties": {"name": "La Independencia", "highway": "living_street"}}, {"type": "Feature", "geometry": {"type": "LineString", "coordinates": [[-70.39534, -23.64078], [-70.39536, -23.64015]]}, "properties": {"name": "La Independencia", "highway": "living_street"}}, {"type": "Feature", "geometry": {"type": "LineString", "coordinates": [[-70.39817, -23.64042], [-70.39684, -23.64124]]}, "properties": {"name": "La Cañada", "highway": "residential"}}, {"type": "Feature", "geometry": {"type": "LineString", "coordinates": [[-70.39377, -23.63576], [-70.39572, -23.6358]]}, "properties": {"name": "Río de Janeiro", "highway": "residential"}}, {"type": "Feature", "geometry": {"type": "LineString", "coordinates": [[-70.40626, -23.679], [-70.40661, -23.67934]]}, "properties": {"name": "Carlos Pezoa Véliz", "highway": "residential"}}, {"type": "Feature", "geometry": {"type": "LineString", "coordinates": [[-70.378, -23.61147], [-70.37708, -23.611]]}, "properties": {"name": "20 de Agosto", "highway": "living_street"}}, {"type": "Feature", "geometry": {"type": "LineString", "coordinates": [[-70.38219, -23.6122], [-70.38249, -23.61174]]}, "properties": {"name": "Patria Vieja", "highway": "living_street"}}, {"type": "Feature", "geometry": {"type": "LineString", "coordinates": [[-70.37777, -23.60633], [-70.37942, -23.60647]]}, "properties": {"name": "Abate Molina", "highway": "residential"}}, {"type": "Feature", "geometry": {"type": "LineString", "coordinates": [[-70.3807, -23.60742], [-70.38139, -23.60747]]}, "properties": {"name": "Pasaje San Francisco", "highway": "living_street"}}, {"type": "Feature", "geometry": {"type": "LineString", "coordinates": [[-70.39074, -23.60626], [-70.38893, -23.6063]]}, "properties": {"name": "Victoria", "highway": "residential"}}, {"type": "Feature", "geometry": {"type": "LineString", "coordinates": [[-70.37795, -23.61001], [-70.37714, -23.60951]]}, "properties": {"name": "Portugal", "highway": "living_street"}}, {"type": "Feature", "geometry": {"type": "LineString", "coordinates": [[-70.3783, -23.61199], [-70.37879, -23.612]]}, "properties": {"name": "Calbuco", "highway": "living_street"}}, {"type": "Feature", "geometry": {"type": "LineString", "coordinates": [[-70.38274, -23.60914], [-70.38355, -23.60921]]}, "properties": {"name": "Vitacura", "highway": "living_street"}}, {"type": "Feature", "geometry": {"type": "LineString", "coordinates": [[-70.38765, -23.60509], [-70.38673, -23.60773], [-70.38869, -23.60788]]}, "properties": {"name": "Ongolmo", "highway": "residential"}}, {"type": "Feature", "geometry": {"type": "LineString", "coordinates": [[-70.37695, -23.60784], [-70.37698, -23.60839]]}, "properties": {"name": "Crispín Reyes", "highway": "living_street"}}, {"type": "Feature", "geometry": {"type": "LineString", "coordinates": [[-70.38937, -23.60786], [-70.3894, -23.60709]]}, "properties": {"name": "Chaca", "highway": "residential"}}, {"type": "Feature", "geometry": {"type": "LineString", "coordinates": [[-70.38185, -23.6135], [-70.38211, -23.61339]]}, "properties": {"name": "Rancagua", "highway": "tertiary"}}, {"type": "Feature", "geometry": {"type": "LineString", "coordinates": [[-70.38362, -23.60873], [-70.38229, -23.60862]]}, "properties": {"name": "Las Condes", "highway": "residential"}}, {"type": "Feature", "geometry": {"type": "LineString", "coordinates": [[-70.37653, -23.60544], [-70.37716, -23.60546]]}, "properties": {"name": "Capuchino", "highway": "living_street"}}, {"type": "Feature", "geometry": {"type": "LineString", "coordinates": [[-70.38148, -23.60663], [-70.38129, -23.60848]]}, "properties": {"name": "Caliche", "highway": "residential"}}, {"type": "Feature", "geometry": {"type": "LineString", "coordinates": [[-70.38331, -23.60684], [-70.38312, -23.60869]]}, "properties": {"name": "Recoleta", "highway": "residential"}}, {"type": "Feature", "geometry": {"type": "LineString", "coordinates": [[-70.39077, -23.60695], [-70.39205, -23.6069]]}, "properties": {"name": "Andalién", "highway": "residential"}}, {"type": "Feature", "geometry": {"type": "LineString", "coordinates": [[-70.37534, -23.6074], [-70.37628, -23.60734]]}, "properties": {"name": "San Francisco", "highway": "living_street"}}, {"type": "Feature", "geometry": {"type": "LineString", "coordinates": [[-70.38997, -23.60784], [-70.38992, -23.60712]]}, "properties": {"name": "Dagoberto Godoy", "highway": "residential"}}, {"type": "Feature", "geometry": {"type": "LineString", "coordinates": [[-70.37776, -23.60588], [-70.37652, -23.60586]]}, "properties": {"name": "Merced", "highway": "residential"}}, {"type": "Feature", "geometry": {"type": "LineString", "coordinates": [[-70.37814, -23.61054], [-70.37706, -23.61006]]}, "properties": {"name": "San Pablo", "highway": "living_street"}}, {"type": "Feature", "geometry": {"type": "LineString", "coordinates": [[-70.38144, -23.61311], [-70.38208, -23.61224]]}, "properties": {"name": "Yerbas Buenas", "highway": "residential"}}, {"type": "Feature", "geometry": {"type": "LineString", "coordinates": [[-70.37868, -23.60877], [-70.37793, -23.60882]]}, "properties": {"name": "Matucana", "highway": "living_street"}}, {"type": "Feature", "geometry": {"type": "LineString", "coordinates": [[-70.37489, -23.59932], [-70.37452, -23.59414]]}, "properties": {"name": "Luis Cruz Martínez", "highway": "tertiary"}}, {"type": "Feature", "geometry": {"type": "LineString", "coordinates": [[-70.37643, -23.61357], [-70.37648, -23.61508]]}, "properties": {"name": "Pasaje Aysén", "highway": "residential"}}, {"type": "Feature", "geometry": {"type": "LineString", "coordinates": [[-70.38104, -23.61085], [-70.38162, -23.61117]]}, "properties": {"name": "Portugal", "highway": "living_street"}}, {"type": "Feature", "geometry": {"type": "LineString", "coordinates": [[-70.37698, -23.60653], [-70.37698, -23.60587]]}, "properties": {"name": "Crispín Reyes", "highway": "living_street"}}, {"type": "Feature", "geometry": {"type": "LineString", "coordinates": [[-70.37584, -23.60652], [-70.37499, -23.60649]]}, "properties": {"name": "Abate Molina", "highway": "living_street"}}, {"type": "Feature", "geometry": {"type": "LineString", "coordinates": [[-70.37641, -23.61429], [-70.37762, -23.61417]]}, "properties": {"name": "Cancha Rayada", "highway": "residential"}}, {"type": "Feature", "geometry": {"type": "LineString", "coordinates": [[-70.38074, -23.60702], [-70.38143, -23.60708]]}, "properties": {"name": "Santa Lucía", "highway": "living_street"}}, {"type": "Feature", "geometry": {"type": "LineString", "coordinates": [[-70.38983, -23.60387], [-70.38977, -23.60628]]}, "properties": {"name": "Dagoberto Godoy", "highway": "residential"}}, {"type": "Feature", "geometry": {"type": "LineString", "coordinates": [[-70.39069, -23.60503], [-70.39207, -23.605]]}, "properties": {"name": "Colorado", "highway": "residential"}}, {"type": "Feature", "geometry": {"type": "LineString", "coordinates": [[-70.37657, -23.60897], [-70.37738, -23.60882]]}, "properties": {"name": "Peatonal Dos", "highway": "living_street"}}, {"type": "Feature", "geometry": {"type": "LineString", "coordinates": [[-70.3817, -23.61351], [-70.38112, -23.61263]]}, "properties": {"name": "Plumerillo", "highway": "residential"}}, {"type": "Feature", "geometry": {"type": "LineString", "coordinates": [[-70.37777, -23.61559], [-70.37684, -23.61554]]}, "properties": {"name": "Pasaje Juan Albano", "highway": "living_street"}}, {"type": "Feature", "geometry": {"type": "LineString", "coordinates": [[-70.38244, -23.61171], [-70.38301, -23.61086]]}, "properties": {"name": "Patria Vieja", "highway": "living_street"}}, {"type": "Feature", "geometry": {"type": "LineString", "coordinates": [[-70.3893, -23.60137], [-70.3906, -23.60159]]}, "properties": {"name": "Punta Brava", "highway": "residential"}}, {"type": "Feature", "geometry": {"type": "LineString", "coordinates": [[-70.38122, -23.61174], [-70.38191, -23.61077]]}, "properties": {"name": "Patria Nva", "highway": "living_street"}}, {"type": "Feature", "geometry": {"type": "LineString", "coordinates": [[-70.39062, -23.60268], [-70.3892, -23.6026]]}, "properties": {"name": "Pozo Almonte", "highway": "residential"}}, {"type": "Feature", "geometry": {"type": "LineString", "coordinates": [[-70.38178, -23.61464], [-70.38006, -23.61203]]}, "properties": {"name": "Membrillar", "highway": "residential"}}, {"type": "Feature", "geometry": {"type": "LineString", "coordinates": [[-70.38314, -23.60962], [-70.3832, -23.60917]]}, "properties": {"name": "Las Delicias", "highway": "living_street"}}, {"type": "Feature", "geometry": {"type": "LineString", "coordinates": [[-70.38272, -23.60959], [-70.38335, -23.60965]]}, "properties": {"name": "La Reina", "highway": "living_street"}}, {"type": "Feature", "geometry": {"type": "LineString", "coordinates": [[-70.37671, -23.60745], [-70.37737, -23.60746]]}, "properties": {"name": "San Francisco", "highway": "living_street"}}, {"type": "Feature", "geometry": {"type": "LineString", "coordinates": [[-70.37754, -23.60702], [-70.3776, -23.60398]]}, "properties": {"name": "Avenida Los Leones", "highway": "residential"}}, {"type": "Feature", "geometry": {"type": "LineString", "coordinates": [[-70.38039, -23.61242], [-70.38084, -23.61216], [-70.38119, -23.6116]]}, "properties": {"name": "Quechereguas", "highway": "living_street"}}, {"type": "Feature", "geometry": {"type": "LineString", "coordinates": [[-70.39164, -23.60625], [-70.3916, -23.60377]]}, "properties": {"name": "Lautaro Espíndola", "highway": "residential"}}, {"type": "Feature", "geometry": {"type": "LineString", "coordinates": [[-70.38059, -23.60948], [-70.38114, -23.60979]]}, "properties": {"name": "Isabel La Católica", "highway": "living_street"}}, {"type": "Feature", "geometry": {"type": "LineString", "coordinates": [[-70.38066, -23.60788], [-70.38134, -23.60794]]}, "properties": {"name": "San Cristóbal", "highway": "living_street"}}, {"type": "Feature", "geometry": {"type": "LineString", "coordinates": [[-70.38983, -23.60387], [-70.38979, -23.60263]]}, "properties": {"name": "Dagoberto Godoy", "highway": "residential"}}, {"type": "Feature", "geometry": {"type": "LineString", "coordinates": [[-70.38208, -23.61214], [-70.38235, -23.61166]]}, "properties": {"name": "Patria Vieja", "highway": "living_street"}}, {"type": "Feature", "geometry": {"type": "LineString", "coordinates": [[-70.39206, -23.60624], [-70.39074, -23.60626]]}, "properties": {"name": "Victoria", "highway": "residential"}}, {"type": "Feature", "geometry": {"type": "LineString", "coordinates": [[-70.37813, -23.6121], [-70.37714, -23.61155]]}, "properties": {"name": "Osvaldo Múñoz", "highway": "living_street"}}, {"type": "Feature", "geometry": {"type": "LineString", "coordinates": [[-70.38975, -23.60711], [-70.38977, -23.60628]]}, "properties": {"name": "Dagoberto Godoy", "highway": "residential"}}, {"type": "Feature", "geometry": {"type": "LineString", "coordinates": [[-70.37498, -23.60693], [-70.37754, -23.60702]]}, "properties": {"name": "Santa Lucía", "highway": "residential"}}, {"type": "Feature", "geometry": {"type": "LineString", "coordinates": [[-70.37931, -23.61163], [-70.38073, -23.61401]]}, "properties": {"name": "Osorno", "highway": "living_street"}}, {"type": "Feature", "geometry": {"type": "LineString", "coordinates": [[-70.38133, -23.60803], [-70.38234, -23.60811]]}, "properties": {"name": "San Cristóbal", "highway": "residential"}}, {"type": "Feature", "geometry": {"type": "LineString", "coordinates": [[-70.38199, -23.61148], [-70.383, -23.61203]]}, "properties": {"name": "Portugal", "highway": "living_street"}}, {"type": "Feature", "geometry": {"type": "LineString", "coordinates": [[-70.37628, -23.60694], [-70.37628, -23.60646], [-70.37652, -23.60616], [-70.37655, -23.60347]]}, "properties": {"name": "Juan Bravo", "highway": "residential"}}, {"type": "Feature", "geometry": {"type": "LineString", "coordinates": [[-70.38287, -23.61077], [-70.38333, -23.60997]]}, "properties": {"name": "Las Delicias", "highway": "living_street"}}, {"type": "Feature", "geometry": {"type": "LineString", "coordinates": [[-70.37715, -23.60587], [-70.37716, -23.60514]]}, "properties": {"name": "Crispín Reyes", "highway": "living_street"}}, {"type": "Feature", "geometry": {"type": "LineString", "coordinates": [[-70.38926, -23.60386], [-70.38901, -23.60421]]}, "properties": {"name": "Avenida Pedro Aguirre Cerda", "highway": "secondary"}}, {"type": "Feature", "geometry": {"type": "LineString", "coordinates": [[-70.39184, -23.60784], [-70.39196, -23.60624]]}, "properties": {"name": "Avenida Edmundo Pérez Zujovic", "highway": "living_street"}}, {"type": "Feature", "geometry": {"type": "LineString", "coordinates": [[-70.37653, -23.60555], [-70.37501, -23.60554]]}, "properties": {"name": "Capuchino", "highway": "residential"}}, {"type": "Feature", "geometry": {"type": "LineString", "coordinates": [[-70.37775, -23.60514], [-70.37699, -23.60513]]}, "properties": {"name": "San Diego", "highway": "living_street"}}, {"type": "Feature", "geometry": {"type": "LineString", "coordinates": [[-70.38079, -23.60657], [-70.38248, -23.60672]]}, "properties": {"name": "Abate Molina", "highway": "residential"}}, {"type": "Feature", "geometry": {"type": "LineString", "coordinates": [[-70.3764, -23.61478], [-70.37766, -23.61464]]}, "properties": {"name": "Yerbas Buenas", "highway": "residential"}}, {"type": "Feature", "geometry": {"type": "LineString", "coordinates": [[-70.37628, -23.60694], [-70.37636, -23.60784]]}, "properties": {"name": "Juan Bravo", "highway": "living_street"}}, {"type": "Feature", "geometry": {"type": "LineString", "coordinates": [[-70.37648, -23.61508], [-70.37773, -23.61514]]}, "properties": {"name": "Francisco Miranda", "highway": "residential"}}, {"type": "Feature", "geometry": {"type": "LineString", "coordinates": [[-70.37645, -23.61383], [-70.37765, -23.6137]]}, "properties": {"name": "Quechereguas", "highway": "residential"}}, {"type": "Feature", "geometry": {"type": "LineString", "coordinates": [[-70.37714, -23.607], [-70.3771, -23.60629]]}, "properties": {"name": "Crispín Reyes", "highway": "living_street"}}, {"type": "Feature", "geometry": {"type": "LineString", "coordinates": [[-70.38357, -23.60908], [-70.38411, -23.60911]]}, "properties": {"name": "Las Condes", "highway": "living_street"}}, {"type": "Feature", "geometry": {"type": "LineString", "coordinates": [[-70.37583, -23.60693], [-70.37584, -23.60635]]}, "properties": {"name": "Manuel Thompson", "highway": "living_street"}}, {"type": "Feature", "geometry": {"type": "LineString", "coordinates": [[-70.38238, -23.6077], [-70.38431, -23.60788]]}, "properties": {"name": "Pasaje San Francisco", "highway": "residential"}}, {"type": "Feature", "geometry": {"type": "LineString", "coordinates": [[-70.37211, -23.60138], [-70.37228, -23.60184], [-70.37503, -23.60159]]}, "properties": {"name": "Pantaleón Cortés", "highway": "residential"}}, {"type": "Feature", "geometry": {"type": "LineString", "coordinates": [[-70.37955, -23.60802], [-70.38012, -23.60807]]}, "properties": {"name": "Las Condes", "highway": "residential"}}, {"type": "Feature", "geometry": {"type": "LineString", "coordinates": [[-70.37699, -23.60545], [-70.37699, -23.60471]]}, "properties": {"name": "Crispín Reyes", "highway": "living_street"}}, {"type": "Feature", "geometry": {"type": "LineString", "coordinates": [[-70.37712, -23.60653], [-70.37628, -23.60652]]}, "properties": {"name": "Abate Molina", "highway": "living_street"}}, {"type": "Feature", "geometry": {"type": "LineString", "coordinates": [[-70.38173, -23.61067], [-70.38227, -23.60986]]}, "properties": {"name": "Patria Nueva", "highway": "living_street"}}, {"type": "Feature", "geometry": {"type": "LineString", "coordinates": [[-70.38294, -23.61024], [-70.38355, -23.60921], [-70.38382, -23.60689]]}, "properties": {"name": "Las Delicias", "highway": "residential"}}, {"type": "Feature", "geometry": {"type": "LineString", "coordinates": [[-70.38234, -23.60818], [-70.38317, -23.60824]]}, "properties": {"name": "San Cristóbal", "highway": "residential"}}, {"type": "Feature", "geometry": {"type": "LineString", "coordinates": [[-70.38062, -23.60832], [-70.3813, -23.60839]]}, "properties": {"name": "Las Condes", "highway": "living_street"}}, {"type": "Feature", "geometry": {"type": "LineString", "coordinates": [[-70.3839, -23.60973], [-70.38439, -23.60996]]}, "properties": {"name": "Vitacura", "highway": "living_street"}}, {"type": "Feature", "geometry": {"type": "LineString", "coordinates": [[-70.37671, -23.60784], [-70.37671, -23.60695]]}, "properties": {"name": "Crispín Reyes", "highway": "living_street"}}, {"type": "Feature", "geometry": {"type": "LineString", "coordinates": [[-70.38343, -23.60948], [-70.38397, -23.60976], [-70.3842, -23.60965]]}, "properties": {"name": "Vitacura", "highway": "living_street"}}, {"type": "Feature", "geometry": {"type": "LineString", "coordinates": [[-70.38279, -23.60866], [-70.38269, -23.60957]]}, "properties": {"name": "Carlos Dávila", "highway": "residential"}}, {"type": "Feature", "geometry": {"type": "LineString", "coordinates": [[-70.38728, -23.60631], [-70.3888, -23.60643]]}, "properties": {"name": "Merced", "highway": "unclassified"}}, {"type": "Feature", "geometry": {"type": "LineString", "coordinates": [[-70.38243, -23.60725], [-70.38326, -23.60731]]}, "properties": {"name": "Santa Lucía", "highway": "living_street"}}, {"type": "Feature", "geometry": {"type": "LineString", "coordinates": [[-70.37562, -23.59517], [-70.3766, -23.59513]]}, "properties": {"name": "Eduardo Vigil", "highway": "living_street"}}, {"type": "Feature", "geometry": {"type": "LineString", "coordinates": [[-70.37302, -23.5989], [-70.3738, -23.59886]]}, "properties": {"name": "", "highway": "living_street"}}, {"type": "Feature", "geometry": {"type": "LineString", "coordinates": [[-70.37654, -23.60455], [-70.37504, -23.60454]]}, "properties": {"name": "Agustinas", "highway": "residential"}}, {"type": "Feature", "geometry": {"type": "LineString", "coordinates": [[-70.38222, -23.60286], [-70.38482, -23.603]]}, "properties": {"name": "Rapel", "highway": "residential"}}, {"type": "Feature", "geometry": {"type": "LineString", "coordinates": [[-70.37443, -23.60079], [-70.37498, -23.60076]]}, "properties": {"name": "Juan Antonio Ríos", "highway": "living_street"}}, {"type": "Feature", "geometry": {"type": "LineString", "coordinates": [[-70.3787, -23.59739], [-70.37885, -23.59934]]}, "properties": {"name": "General Óscar Bonilla", "highway": "living_street"}}, {"type": "Feature", "geometry": {"type": "LineString", "coordinates": [[-70.37997, -23.60084], [-70.38104, -23.60077]]}, "properties": {"name": "Domingo Santa María", "highway": "living_street"}}, {"type": "Feature", "geometry": {"type": "LineString", "coordinates": [[-70.38414, -23.60354], [-70.38472, -23.60358]]}, "properties": {"name": "Pasaje Irarrázabal", "highway": "living_street"}}, {"type": "Feature", "geometry": {"type": "LineString", "coordinates": [[-70.37767, -23.59727], [-70.37746, -23.59882], [-70.37769, -23.60203]]}, "properties": {"name": "Artuto Pérez Canto", "highway": "living_street"}}, {"type": "Feature", "geometry": {"type": "LineString", "coordinates": [[-70.38526, -23.59723], [-70.38317, -23.59724]]}, "properties": {"name": "Juan Glasinovic", "highway": "residential"}}, {"type": "Feature", "geometry": {"type": "LineString", "coordinates": [[-70.37654, -23.60397], [-70.37557, -23.60397]]}, "properties": {"name": "Monjitas", "highway": "living_street"}}, {"type": "Feature", "geometry": {"type": "LineString", "coordinates": [[-70.38002, -23.60179], [-70.38101, -23.60173]]}, "properties": {"name": "Pantaleón Cortés", "highway": "living_street"}}, {"type": "Feature", "geometry": {"type": "LineString", "coordinates": [[-70.37496, -23.6035], [-70.37302, -23.60359]]}, "properties": {"name": "Irarrázabal", "highway": "residential"}}, {"type": "Feature", "geometry": {"type": "LineString", "coordinates": [[-70.38319, -23.60063], [-70.38432, -23.60057]]}, "properties": {"name": "Domingo Santa María", "highway": "living_street"}}, {"type": "Feature", "geometry": {"type": "LineString", "coordinates": [[-70.37394, -23.6017], [-70.37405, -23.60353]]}, "properties": {"name": "Ana María Ibaceta", "highway": "residential"}}, {"type": "Feature", "geometry": {"type": "LineString", "coordinates": [[-70.38097, -23.59557], [-70.37854, -23.5955]]}, "properties": {"name": "Juan Gutenberg", "highway": "residential"}}, {"type": "Feature", "geometry": {"type": "LineString", "coordinates": [[-70.37365, -23.60173], [-70.37343, -23.59934]]}, "properties": {"name": "Juan Ferra", "highway": "living_street"}}, {"type": "Feature", "geometry": {"type": "LineString", "coordinates": [[-70.37812, -23.60206], [-70.37806, -23.60142]]}, "properties": {"name": "Pasaje Julio Montt Salamanca", "highway": "living_street"}}, {"type": "Feature", "geometry": {"type": "LineString", "coordinates": [[-70.38541, -23.59899], [-70.38198, -23.59918]]}, "properties": {"name": "Juvenal Morla", "highway": "tertiary"}}, {"type": "Feature", "geometry": {"type": "LineString", "coordinates": [[-70.37556, -23.60512], [-70.37556, -23.60454]]}, "properties": {"name": "Hernán Naranjo", "highway": "living_street"}}, {"type": "Feature", "geometry": {"type": "LineString", "coordinates": [[-70.3767, -23.59685], [-70.37722, -23.59692]]}, "properties": {"name": "Mateo de Toro y Zambrano", "highway": "living_street"}}, {"type": "Feature", "geometry": {"type": "LineString", "coordinates": [[-70.379, -23.60247], [-70.37903, -23.60232], [-70.37885, -23.6023]]}, "properties": {"name": "Pasaje Vilama", "highway": "residential"}}, {"type": "Feature", "geometry": {"type": "LineString", "coordinates": [[-70.37439, -23.60016], [-70.37494, -23.60013]]}, "properties": {"name": "Eduardo Barrios", "highway": "living_street"}}, {"type": "Feature", "geometry": {"type": "LineString", "coordinates": [[-70.38087, -23.59978], [-70.38202, -23.59972]]}, "properties": {"name": "Eduardo Barrios", "highway": "living_street"}}, {"type": "Feature", "geometry": {"type": "LineString", "coordinates": [[-70.3793, -23.59932], [-70.37924, -23.59826]]}, "properties": {"name": "Eloísa Viuda de Zurita", "highway": "residential"}}, {"type": "Feature", "geometry": {"type": "LineString", "coordinates": [[-70.38213, -23.59972], [-70.38324, -23.59965]]}, "properties": {"name": "Eduardo Barrios", "highway": "living_street"}}, {"type": "Feature", "geometry": {"type": "LineString", "coordinates": [[-70.3788, -23.59738], [-70.37873, -23.59652]]}, "properties": {"name": "General Óscar Bonilla", "highway": "living_street"}}, {"type": "Feature", "geometry": {"type": "LineString", "coordinates": [[-70.38031, -23.59822], [-70.38042, -23.60035]]}, "properties": {"name": "Ingeniero Hyatt", "highway": "living_street"}}, {"type": "Feature", "geometry": {"type": "LineString", "coordinates": [[-70.37374, -23.59767], [-70.37218, -23.59777]]}, "properties": {"name": "Juan Glasinovic", "highway": "living_street"}}, {"type": "Feature", "geometry": {"type": "LineString", "coordinates": [[-70.37704, -23.59623], [-70.37775, -23.59619]]}, "properties": {"name": "Gonzalo Mardones", "highway": "living_street"}}, {"type": "Feature", "geometry": {"type": "LineString", "coordinates": [[-70.37498, -23.6008], [-70.37597, -23.60075]]}, "properties": {"name": "Juan Antonio Ríos", "highway": "living_street"}}, {"type": "Feature", "geometry": {"type": "LineString", "coordinates": [[-70.38552, -23.59629], [-70.38522, -23.5963]]}, "properties": {"name": "Mateo de Toro y Zambrano", "highway": "tertiary"}}, {"type": "Feature", "geometry": {"type": "LineString", "coordinates": [[-70.37465, -23.6061], [-70.37462, -23.60553], [-70.37408, -23.60452], [-70.37405, -23.60353]]}, "properties": {"name": "Ana María Ibaceta", "highway": "living_street"}}, {"type": "Feature", "geometry": {"type": "LineString", "coordinates": [[-70.37262, -23.5985], [-70.37378, -23.59844]]}, "properties": {"name": "Sargento Candelaria", "highway": "residential"}}, {"type": "Feature", "geometry": {"type": "LineString", "coordinates": [[-70.37585, -23.59987], [-70.37641, -23.59985]]}, "properties": {"name": "José Obrero", "highway": "living_street"}}, {"type": "Feature", "geometry": {"type": "LineString", "coordinates": [[-70.37467, -23.59605], [-70.37783, -23.59585]]}, "properties": {"name": "Juan Gutenberg", "highway": "living_street"}}, {"type": "Feature", "geometry": {"type": "LineString", "coordinates": [[-70.37557, -23.60412], [-70.37557, -23.60355]]}, "properties": {"name": "Hernán Naranjo", "highway": "living_street"}}, {"type": "Feature", "geometry": {"type": "LineString", "coordinates": [[-70.37658, -23.59485], [-70.37671, -23.59696]]}, "properties": {"name": "Eduardo Cornelio", "highway": "living_street"}}, {"type": "Feature", "geometry": {"type": "LineString", "coordinates": [[-70.37628, -23.59694], [-70.37622, -23.59594]]}, "properties": {"name": "Juan Bravo", "highway": "living_street"}}, {"type": "Feature", "geometry": {"type": "LineString", "coordinates": [[-70.37943, -23.60056], [-70.37938, -23.59983]]}, "properties": {"name": "Eloisa Viuda de Zurita", "highway": "living_street"}}, {"type": "Feature", "geometry": {"type": "LineString", "coordinates": [[-70.37857, -23.60039], [-70.37909, -23.60036]]}, "properties": {"name": "Juan Antonio Ríos", "highway": "living_street"}}, {"type": "Feature", "geometry": {"type": "LineString", "coordinates": [[-70.37816, -23.60283], [-70.37814, -23.60348]]}, "properties": {"name": "Pasaje Julio Montt Salamanca", "highway": "living_street"}}, {"type": "Feature", "geometry": {"type": "LineString", "coordinates": [[-70.378, -23.59939], [-70.37805, -23.59847]]}, "properties": {"name": "Julio Montt Salamanca", "highway": "living_street"}}, {"type": "Feature", "geometry": {"type": "LineString", "coordinates": [[-70.37516, -23.59689], [-70.37499, -23.59409]]}, "properties": {"name": "Hernán Naranjo", "highway": "living_street"}}, {"type": "Feature", "geometry": {"type": "LineString", "coordinates": [[-70.37711, -23.59764], [-70.37745, -23.59775], [-70.37744, -23.59812]]}, "properties": {"name": "", "highway": "living_street"}}, {"type": "Feature", "geometry": {"type": "LineString", "coordinates": [[-70.37608, -23.60636], [-70.37608, -23.60496]]}, "properties": {"name": "Manuel Thompson", "highway": "living_street"}}, {"type": "Feature", "geometry": {"type": "LineString", "coordinates": [[-70.37358, -23.60456], [-70.37396, -23.60453]]}, "properties": {"name": "Agustinas", "highway": "living_street"}}, {"type": "Feature", "geometry": {"type": "LineString", "coordinates": [[-70.37757, -23.5962], [-70.37755, -23.59586]]}, "properties": {"name": "Pasaje Oriental", "highway": "living_street"}}, {"type": "Feature", "geometry": {"type": "LineString", "coordinates": [[-70.377, -23.6043], [-70.377, -23.60355]]}, "properties": {"name": "Crispín Reyes", "highway": "living_street"}}, {"type": "Feature", "geometry": {"type": "LineString", "coordinates": [[-70.38081, -23.59727], [-70.38078, -23.59873], [-70.38108, -23.60126]]}, "properties": {"name": "Huamachuco", "highway": "residential"}}, {"type": "Feature", "geometry": {"type": "LineString", "coordinates": [[-70.37328, -23.60177], [-70.37305, -23.59938]]}, "properties": {"name": "Río Bueno", "highway": "living_street"}}, {"type": "Feature", "geometry": {"type": "LineString", "coordinates": [[-70.37595, -23.60209], [-70.37504, -23.60211]]}, "properties": {"name": "Vilama", "highway": "residential"}}, {"type": "Feature", "geometry": {"type": "LineString", "coordinates": [[-70.3771, -23.59708], [-70.37473, -23.59687]]}, "properties": {"name": "Mateo de Toro y Zambrano", "highway": "tertiary"}}, {"type": "Feature", "geometry": {"type": "LineString", "coordinates": [[-70.37752, -23.59349], [-70.37857, -23.59348]]}, "properties": {"name": "Mariano Farandato", "highway": "living_street"}}, {"type": "Feature", "geometry": {"type": "LineString", "coordinates": [[-70.38006, -23.60224], [-70.37903, -23.60232]]}, "properties": {"name": "Pasaje Vilama", "highway": "residential"}}, {"type": "Feature", "geometry": {"type": "LineString", "coordinates": [[-70.38432, -23.59635], [-70.38429, -23.5981]]}, "properties": {"name": "Pedro Lobos", "highway": "residential"}}, {"type": "Feature", "geometry": {"type": "LineString", "coordinates": [[-70.37963, -23.60134], [-70.37959, -23.60056]]}, "properties": {"name": "Eloisa Viuda de Zurita", "highway": "living_street"}}, {"type": "Feature", "geometry": {"type": "LineString", "coordinates": [[-70.37567, -23.59404], [-70.37572, -23.5949]]}, "properties": {"name": "Manuel Thompson", "highway": "living_street"}}, {"type": "Feature", "geometry": {"type": "LineString", "coordinates": [[-70.37852, -23.5974], [-70.38183, -23.59722]]}, "properties": {"name": "Juan Glasinovic", "highway": "residential"}}, {"type": "Feature", "geometry": {"type": "LineString", "coordinates": [[-70.37981, -23.59823], [-70.3819, -23.5982]]}, "properties": {"name": "Sargento Candelaria Pérez", "highway": "residential"}}, {"type": "Feature", "geometry": {"type": "LineString", "coordinates": [[-70.377, -23.60305], [-70.377, -23.6034]]}, "properties": {"name": "Crispín Reyes", "highway": "living_street"}}, {"type": "Feature", "geometry": {"type": "LineString", "coordinates": [[-70.37923, -23.59649], [-70.37916, -23.59547]]}, "properties": {"name": "Eloísa Viuda de Zurita", "highway": "living_street"}}, {"type": "Feature", "geometry": {"type": "LineString", "coordinates": [[-70.37681, -23.59451], [-70.37676, -23.59365]]}, "properties": {"name": "Elías Aránguiz", "highway": "living_street"}}, {"type": "Feature", "geometry": {"type": "LineString", "coordinates": [[-70.38425, -23.59904], [-70.38434, -23.60107]]}, "properties": {"name": "Pedro Lobos", "highway": "residential"}}, {"type": "Feature", "geometry": {"type": "LineString", "coordinates": [[-70.38278, -23.6021], [-70.38272, -23.60116]]}, "properties": {"name": "Lorenzo Arenas", "highway": "living_street"}}, {"type": "Feature", "geometry": {"type": "LineString", "coordinates": [[-70.38229, -23.60377], [-70.38198, -23.59918]]}, "properties": {"name": "Bandera", "highway": "tertiary"}}, {"type": "Feature", "geometry": {"type": "LineString", "coordinates": [[-70.37911, -23.60058], [-70.37995, -23.60054]]}, "properties": {"name": "Juan Antonio Ríos", "highway": "living_street"}}, {"type": "Feature", "geometry": {"type": "LineString", "coordinates": [[-70.3851, -23.59807], [-70.38323, -23.59816]]}, "properties": {"name": "Sargento Candelaria Pérez", "highway": "residential"}}, {"type": "Feature", "geometry": {"type": "LineString", "coordinates": [[-70.38673, -23.60085], [-70.38531, -23.601]]}, "properties": {"name": "Ruiz Tagle", "highway": "residential"}}, {"type": "Feature", "geometry": {"type": "LineString", "coordinates": [[-70.38034, -23.59561], [-70.38027, -23.59465]]}, "properties": {"name": "Ingeniero Hyatt", "highway": "living_street"}}, {"type": "Feature", "geometry": {"type": "LineString", "coordinates": [[-70.37857, -23.60264], [-70.37938, -23.60353]]}, "properties": {"name": "Talagante", "highway": "living_street"}}, {"type": "Feature", "geometry": {"type": "LineString", "coordinates": [[-70.37653, -23.60496], [-70.37556, -23.60496]]}, "properties": {"name": "San Diego", "highway": "living_street"}}, {"type": "Feature", "geometry": {"type": "LineString", "coordinates": [[-70.37453, -23.60351], [-70.37443, -23.60166]]}, "properties": {"name": "Nilda Madrid", "highway": "residential"}}, {"type": "Feature", "geometry": {"type": "LineString", "coordinates": [[-70.38326, -23.59865], [-70.3844, -23.59857]]}, "properties": {"name": "Jacinto Benavente", "highway": "living_street"}}, {"type": "Feature", "geometry": {"type": "LineString", "coordinates": [[-70.37276, -23.60361], [-70.37293, -23.60459]]}, "properties": {"name": "Pasaje Hilaricos", "highway": "residential"}}, {"type": "Feature", "geometry": {"type": "LineString", "coordinates": [[-70.37595, -23.60035], [-70.37686, -23.60027]]}, "properties": {"name": "Eduardo Barrios", "highway": "living_street"}}, {"type": "Feature", "geometry": {"type": "LineString", "coordinates": [[-70.37781, -23.59478], [-70.37785, -23.59309]]}, "properties": {"name": "Arturo Pérez Canto", "highway": "living_street"}}, {"type": "Feature", "geometry": {"type": "LineString", "coordinates": [[-70.37958, -23.60228], [-70.38023, -23.60297], [-70.38057, -23.60298]]}, "properties": {"name": "Pasaje Eloisa Zurita", "highway": "living_street"}}, {"type": "Feature", "geometry": {"type": "LineString", "coordinates": [[-70.37716, -23.60471], [-70.37716, -23.60398]]}, "properties": {"name": "Crispín Reyes", "highway": "living_street"}}, {"type": "Feature", "geometry": {"type": "LineString", "coordinates": [[-70.37638, -23.60305], [-70.37639, -23.60152]]}, "properties": {"name": "Juan Bravo", "highway": "residential"}}, {"type": "Feature", "geometry": {"type": "LineString", "coordinates": [[-70.37814, -23.59476], [-70.38509, -23.59438]]}, "properties": {"name": "Leonardo da Vinci", "highway": "residential"}}, {"type": "Feature", "geometry": {"type": "LineString", "coordinates": [[-70.37378, -23.59931], [-70.37402, -23.6017]]}, "properties": {"name": "Ana María Ibaceta", "highway": "living_street"}}, {"type": "Feature", "geometry": {"type": "LineString", "coordinates": [[-70.3795, -23.60228], [-70.37943, -23.60135]]}, "properties": {"name": "Pasaje Eloisa Zurita", "highway": "living_street"}}, {"type": "Feature", "geometry": {"type": "LineString", "coordinates": [[-70.37903, -23.59548], [-70.37897, -23.59472]]}, "properties": {"name": "Eloísa Viuda de Zurita", "highway": "living_street"}}, {"type": "Feature", "geometry": {"type": "LineString", "coordinates": [[-70.37684, -23.6023], [-70.3756, -23.60231]]}, "properties": {"name": "Vilama", "highway": "residential"}}, {"type": "Feature", "geometry": {"type": "LineString", "coordinates": [[-70.37857, -23.60264], [-70.37854, -23.60349]]}, "properties": {"name": "Porvenir", "highway": "living_street"}}, {"type": "Feature", "geometry": {"type": "LineString", "coordinates": [[-70.38431, -23.60788], [-70.38498, -23.60199], [-70.38489, -23.59853], [-70.38526, -23.59746], [-70.38522, -23.5963]]}, "properties": {"name": "Miguel Carrera", "highway": "tertiary"}}, {"type": "Feature", "geometry": {"type": "LineString", "coordinates": [[-70.38526, -23.60196], [-70.38218, -23.60214]]}, "properties": {"name": "Vilama", "highway": "residential"}}, {"type": "Feature", "geometry": {"type": "LineString", "coordinates": [[-70.37232, -23.6023], [-70.37215, -23.60235], [-70.3722, -23.60294], [-70.37255, -23.60362], [-70.37272, -23.60467]]}, "properties": {"name": "Calle Huantajaya", "highway": "residential"}}, {"type": "Feature", "geometry": {"type": "LineString", "coordinates": [[-70.38067, -23.59728], [-70.38062, -23.59654]]}, "properties": {"name": "Huamachuco", "highway": "residential"}}, {"type": "Feature", "geometry": {"type": "LineString", "coordinates": [[-70.37567, -23.59597], [-70.3756, -23.59491]]}, "properties": {"name": "Manuel Thompson", "highway": "living_street"}}, {"type": "Feature", "geometry": {"type": "LineString", "coordinates": [[-70.37267, -23.59941], [-70.37253, -23.59688]]}, "properties": {"name": "Juan Ferraro", "highway": "residential"}}, {"type": "Feature", "geometry": {"type": "LineString", "coordinates": [[-70.37698, -23.59945], [-70.37712, -23.59803]]}, "properties": {"name": "Oriental", "highway": "living_street"}}, {"type": "Feature", "geometry": {"type": "LineString", "coordinates": [[-70.3801, -23.60265], [-70.38101, -23.60262]]}, "properties": {"name": "Enrique Villegas", "highway": "residential"}}, {"type": "Feature", "geometry": {"type": "LineString", "coordinates": [[-70.37553, -23.60157], [-70.37549, -23.60078]]}, "properties": {"name": "Hernán Naranjo", "highway": "living_street"}}, {"type": "Feature", "geometry": {"type": "LineString", "coordinates": [[-70.37857, -23.59373], [-70.38085, -23.59369]]}, "properties": {"name": "Mariano Farandato", "highway": "residential"}}, {"type": "Feature", "geometry": {"type": "LineString", "coordinates": [[-70.37644, -23.59453], [-70.37737, -23.59446]]}, "properties": {"name": "Ingeniero San Román", "highway": "living_street"}}, {"type": "Feature", "geometry": {"type": "LineString", "coordinates": [[-70.38101, -23.60262], [-70.381, -23.60126]]}, "properties": {"name": "Huamachuco", "highway": "residential"}}, {"type": "Feature", "geometry": {"type": "LineString", "coordinates": [[-70.37683, -23.60305], [-70.37685, -23.60149]]}, "properties": {"name": "Crispín Reyes", "highway": "residential"}}, {"type": "Feature", "geometry": {"type": "LineString", "coordinates": [[-70.38523, -23.59764], [-70.38429, -23.59767]]}, "properties": {"name": "Gaspar Acosta", "highway": "living_street"}}, {"type": "Feature", "geometry": {"type": "LineString", "coordinates": [[-70.3797, -23.59647], [-70.37853, -23.59653]]}, "properties": {"name": "Mateo de Toro y Zambrano", "highway": "tertiary"}}, {"type": "Feature", "geometry": {"type": "LineString", "coordinates": [[-70.37343, -23.59934], [-70.37328, -23.59685]]}, "properties": {"name": "Juan Ferra", "highway": "living_street"}}, {"type": "Feature", "geometry": {"type": "LineString", "coordinates": [[-70.37589, -23.60033], [-70.37581, -23.59948]]}, "properties": {"name": "Manuel Thompson", "highway": "living_street"}}, {"type": "Feature", "geometry": {"type": "LineString", "coordinates": [[-70.37383, -23.59931], [-70.37357, -23.59436]]}, "properties": {"name": "Ana María Ibaceta", "highway": "residential"}}, {"type": "Feature", "geometry": {"type": "LineString", "coordinates": [[-70.37582, -23.59631], [-70.37513, -23.59634]]}, "properties": {"name": "Gonzalo Mardones", "highway": "living_street"}}, {"type": "Feature", "geometry": {"type": "LineString", "coordinates": [[-70.37604, -23.60355], [-70.37603, -23.60272]]}, "properties": {"name": "Manuel Thompson", "highway": "residential"}}, {"type": "Feature", "geometry": {"type": "LineString", "coordinates": [[-70.38134, -23.59821], [-70.38131, -23.59725]]}, "properties": {"name": "Anacleto Solorza", "highway": "living_street"}}, {"type": "Feature", "geometry": {"type": "LineString", "coordinates": [[-70.375, -23.606], [-70.37608, -23.60602]]}, "properties": {"name": "Merced", "highway": "living_street"}}, {"type": "Feature", "geometry": {"type": "LineString", "coordinates": [[-70.37558, -23.60347], [-70.3756, -23.6021]]}, "properties": {"name": "Hernán Naranjo", "highway": "residential"}}, {"type": "Feature", "geometry": {"type": "LineString", "coordinates": [[-70.37609, -23.60412], [-70.37505, -23.60412]]}, "properties": {"name": "Monjitas", "highway": "living_street"}}, {"type": "Feature", "geometry": {"type": "LineString", "coordinates": [[-70.37443, -23.60166], [-70.37419, -23.59928]]}, "properties": {"name": "Nilda Madrid", "highway": "residential"}}, {"type": "Feature", "geometry": {"type": "LineString", "coordinates": [[-70.37817, -23.5929], [-70.37811, -23.59727]]}, "properties": {"name": "Julio Montt Salamanca", "highway": "living_street"}}, {"type": "Feature", "geometry": {"type": "LineString", "coordinates": [[-70.37906, -23.59985], [-70.37991, -23.5998]]}, "properties": {"name": "Eduardo Barrios", "highway": "living_street"}}, {"type": "Feature", "geometry": {"type": "LineString", "coordinates": [[-70.38421, -23.60157], [-70.385, -23.60153]]}, "properties": {"name": "Pasaje Pedro Ramón López", "highway": "living_street"}}, {"type": "Feature", "geometry": {"type": "LineString", "coordinates": [[-70.37834, -23.59281], [-70.37722, -23.5935]]}, "properties": {"name": "Guardiamarina Arturo Fernández", "highway": "secondary"}}, {"type": "Feature", "geometry": {"type": "LineString", "coordinates": [[-70.38084, -23.59773], [-70.37851, -23.59785]]}, "properties": {"name": "Gaspar Acosta", "highway": "living_street"}}, {"type": "Feature", "geometry": {"type": "LineString", "coordinates": [[-70.37243, -23.60102], [-70.37436, -23.60086]]}, "properties": {"name": "Juan Antonio Ríos", "highway": "living_street"}}, {"type": "Feature", "geometry": {"type": "LineString", "coordinates": [[-70.37994, -23.60037], [-70.3843, -23.60014]]}, "properties": {"name": "Juan Antonio Ríos", "highway": "residential"}}, {"type": "Feature", "geometry": {"type": "LineString", "coordinates": [[-70.37317, -23.60358], [-70.3731, -23.60272]]}, "properties": {"name": "Pasaje 4", "highway": "living_street"}}, {"type": "Feature", "geometry": {"type": "LineString", "coordinates": [[-70.38083, -23.58933], [-70.38107, -23.58669]]}, "properties": {"name": "Huamachuco", "highway": "tertiary"}}, {"type": "Feature", "geometry": {"type": "LineString", "coordinates": [[-70.37749, -23.5943], [-70.37753, -23.5933]]}, "properties": {"name": "Ebenezer", "highway": "living_street"}}, {"type": "Feature", "geometry": {"type": "LineString", "coordinates": [[-70.37853, -23.59653], [-70.3778, -23.59655]]}, "properties": {"name": "Mateo de Toro y Zambrano", "highway": "living_street"}}, {"type": "Feature", "geometry": {"type": "LineString", "coordinates": [[-70.37739, -23.59587], [-70.37732, -23.59481]]}, "properties": {"name": "Manuel Muñoz", "highway": "living_street"}}, {"type": "Feature", "geometry": {"type": "LineString", "coordinates": [[-70.38322, -23.5991], [-70.38329, -23.60208]]}, "properties": {"name": "El Roble", "highway": "residential"}}, {"type": "Feature", "geometry": {"type": "LineString", "coordinates": [[-70.37307, -23.60221], [-70.37397, -23.60215]]}, "properties": {"name": "Vilama", "highway": "residential"}}, {"type": "Feature", "geometry": {"type": "LineString", "coordinates": [[-70.37305, -23.59938], [-70.3729, -23.59687]]}, "properties": {"name": "Río Bueno", "highway": "living_street"}}, {"type": "Feature", "geometry": {"type": "LineString", "coordinates": [[-70.37917, -23.60136], [-70.37902, -23.59933]]}, "properties": {"name": "Juan Petrina", "highway": "living_street"}}, {"type": "Feature", "geometry": {"type": "LineString", "coordinates": [[-70.37609, -23.59488], [-70.37603, -23.5939]]}, "properties": {"name": "Juan Bravo", "highway": "living_street"}}, {"type": "Feature", "geometry": {"type": "LineString", "coordinates": [[-70.37593, -23.60098], [-70.37696, -23.6009]]}, "properties": {"name": "Juan Antonio Ríos", "highway": "living_street"}}, {"type": "Feature", "geometry": {"type": "LineString", "coordinates": [[-70.37639, -23.59378], [-70.37646, -23.59486]]}, "properties": {"name": "Eduardo Cornelio", "highway": "living_street"}}, {"type": "Feature", "geometry": {"type": "LineString", "coordinates": [[-70.37509, -23.59565], [-70.37565, -23.59563]]}, "properties": {"name": "Romilio Concha", "highway": "living_street"}}, {"type": "Feature", "geometry": {"type": "LineString", "coordinates": [[-70.3773, -23.60147], [-70.37718, -23.59944]]}, "properties": {"name": "Pasaje Oriental", "highway": "living_street"}}, {"type": "Feature", "geometry": {"type": "LineString", "coordinates": [[-70.37668, -23.6015], [-70.37638, -23.59946]]}, "properties": {"name": "Juan Bravo", "highway": "residential"}}, {"type": "Feature", "geometry": {"type": "LineString", "coordinates": [[-70.38387, -23.59812], [-70.38381, -23.59722]]}, "properties": {"name": "Juan Agustín Cornejo", "highway": "living_street"}}, {"type": "Feature", "geometry": {"type": "LineString", "coordinates": [[-70.37582, -23.59614], [-70.37623, -23.59612]]}, "properties": {"name": "Pasaje Juan Gutenberg", "highway": "living_street"}}, {"type": "Feature", "geometry": {"type": "LineString", "coordinates": [[-70.38443, -23.59903], [-70.38437, -23.59809]]}, "properties": {"name": "Pedro Lobos", "highway": "living_street"}}, {"type": "Feature", "geometry": {"type": "LineString", "coordinates": [[-70.37506, -23.59529], [-70.37562, -23.59525]]}, "properties": {"name": "Eduardo Vigil", "highway": "living_street"}}, {"type": "Feature", "geometry": {"type": "LineString", "coordinates": [[-70.37453, -23.60535], [-70.37444, -23.60352]]}, "properties": {"name": "Nilda Madrid", "highway": "living_street"}}, {"type": "Feature", "geometry": {"type": "LineString", "coordinates": [[-70.37941, -23.59545], [-70.37934, -23.5947]]}, "properties": {"name": "Joaquín Fabres", "highway": "living_street"}}, {"type": "Feature", "geometry": {"type": "LineString", "coordinates": [[-70.37703, -23.59801], [-70.37825, -23.59835]]}, "properties": {"name": "Pasaje Mateo de Toro y Zambrano", "highway": "living_street"}}, {"type": "Feature", "geometry": {"type": "LineString", "coordinates": [[-70.37609, -23.60455], [-70.37609, -23.60397]]}, "properties": {"name": "Manuel Thompson", "highway": "living_street"}}, {"type": "Feature", "geometry": {"type": "LineString", "coordinates": [[-70.37218, -23.60281], [-70.3731, -23.60272]]}, "properties": {"name": "Flor de Chile", "highway": "residential"}}, {"type": "Feature", "geometry": {"type": "LineString", "coordinates": [[-70.37638, -23.60272], [-70.37505, -23.60272]]}, "properties": {"name": "Flor de Chile", "highway": "residential"}}, {"type": "Feature", "geometry": {"type": "LineString", "coordinates": [[-70.37716, -23.6043], [-70.37654, -23.60429]]}, "properties": {"name": "Monjitas", "highway": "living_street"}}, {"type": "Feature", "geometry": {"type": "LineString", "coordinates": [[-70.38238, -23.59915], [-70.38213, -23.59927], [-70.38231, -23.60213]]}, "properties": {"name": "Bandera", "highway": "living_street"}}, {"type": "Feature", "geometry": {"type": "LineString", "coordinates": [[-70.3843, -23.60014], [-70.385, -23.6001]]}, "properties": {"name": "Juan Antonio Ríos", "highway": "residential"}}, {"type": "Feature", "geometry": {"type": "LineString", "coordinates": [[-70.37595, -23.6023], [-70.37596, -23.60154]]}, "properties": {"name": "Manuel Thompson", "highway": "residential"}}, {"type": "Feature", "geometry": {"type": "LineString", "coordinates": [[-70.37967, -23.59609], [-70.381, -23.59601]]}, "properties": {"name": "Arturo Alessandri", "highway": "living_street"}}, {"type": "Feature", "geometry": {"type": "LineString", "coordinates": [[-70.38375, -23.60016], [-70.38371, -23.59908]]}, "properties": {"name": "Juan Agustín Cornejo", "highway": "living_street"}}, {"type": "Feature", "geometry": {"type": "LineString", "coordinates": [[-70.3827, -23.60016], [-70.38275, -23.60116]]}, "properties": {"name": "Lorenzo Arenas", "highway": "living_street"}}, {"type": "Feature", "geometry": {"type": "LineString", "coordinates": [[-70.37706, -23.59658], [-70.37748, -23.59659]]}, "properties": {"name": "Mateo de Toro y Zambrano", "highway": "living_street"}}, {"type": "Feature", "geometry": {"type": "LineString", "coordinates": [[-70.38051, -23.60176], [-70.38058, -23.60265]]}, "properties": {"name": "Ingeniero Hyatt", "highway": "living_street"}}, {"type": "Feature", "geometry": {"type": "LineString", "coordinates": [[-70.3801, -23.60265], [-70.38001, -23.60277]]}, "properties": {"name": "Nicolás González", "highway": "living_street"}}, {"type": "Feature", "geometry": {"type": "LineString", "coordinates": [[-70.37596, -23.60154], [-70.37595, -23.60035]]}, "properties": {"name": "Manuel Thompson", "highway": "living_street"}}, {"type": "Feature", "geometry": {"type": "LineString", "coordinates": [[-70.37852, -23.59695], [-70.37973, -23.5969]]}, "properties": {"name": "Almirante Miguel Grau", "highway": "living_street"}}, {"type": "Feature", "geometry": {"type": "LineString", "coordinates": [[-70.38228, -23.60168], [-70.38326, -23.60162]]}, "properties": {"name": "Ramón López", "highway": "living_street"}}, {"type": "Feature", "geometry": {"type": "LineString", "coordinates": [[-70.38081, -23.5987], [-70.38193, -23.59863]]}, "properties": {"name": "Julio Benavente", "highway": "living_street"}}, {"type": "Feature", "geometry": {"type": "LineString", "coordinates": [[-70.38157, -23.60123], [-70.38149, -23.60018]]}, "properties": {"name": "Anacleto Solorza", "highway": "living_street"}}, {"type": "Feature", "geometry": {"type": "LineString", "coordinates": [[-70.3776, -23.60398], [-70.377, -23.60398]]}, "properties": {"name": "Monjitas", "highway": "living_street"}}, {"type": "Feature", "geometry": {"type": "LineString", "coordinates": [[-70.37515, -23.59669], [-70.37584, -23.59665]]}, "properties": {"name": "Mateo de Toro y Zambrano", "highway": "living_street"}}, {"type": "Feature", "geometry": {"type": "LineString", "coordinates": [[-70.37628, -23.60152], [-70.37626, -23.60096]]}, "properties": {"name": "Juan Bravo", "highway": "living_street"}}, {"type": "Feature", "geometry": {"type": "LineString", "coordinates": [[-70.3842, -23.60242], [-70.3849, -23.60246]]}, "properties": {"name": "Pasaje Vilama", "highway": "living_street"}}, {"type": "Feature", "geometry": {"type": "LineString", "coordinates": [[-70.37581, -23.59596], [-70.37586, -23.59692]]}, "properties": {"name": "Manuel Thompson", "highway": "living_street"}}, {"type": "Feature", "geometry": {"type": "LineString", "coordinates": [[-70.377, -23.60305], [-70.37604, -23.60305]]}, "properties": {"name": "Enrique Villegas", "highway": "residential"}}, {"type": "Feature", "geometry": {"type": "LineString", "coordinates": [[-70.37564, -23.59558], [-70.37662, -23.59553]]}, "properties": {"name": "Romilio Concha", "highway": "living_street"}}, {"type": "Feature", "geometry": {"type": "LineString", "coordinates": [[-70.37228, -23.59944], [-70.37256, -23.60244]]}, "properties": {"name": "Pasaje Santa Rosa de Huara", "highway": "living_street"}}, {"type": "Feature", "geometry": {"type": "LineString", "coordinates": [[-70.3822, -23.6025], [-70.38277, -23.6025]]}, "properties": {"name": "Bandera", "highway": "living_street"}}, {"type": "Feature", "geometry": {"type": "LineString", "coordinates": [[-70.37244, -23.59568], [-70.3724, -23.59437]]}, "properties": {"name": "Río Blanco", "highway": "living_street"}}, {"type": "Feature", "geometry": {"type": "LineString", "coordinates": [[-70.38032, -23.59373], [-70.38024, -23.59269]]}, "properties": {"name": "Ingeniero Hyatt", "highway": "living_street"}}, {"type": "Feature", "geometry": {"type": "LineString", "coordinates": [[-70.37578, -23.599], [-70.37672, -23.59893]]}, "properties": {"name": "Jacinto Benavente", "highway": "living_street"}}, {"type": "Feature", "geometry": {"type": "LineString", "coordinates": [[-70.37857, -23.59327], [-70.37979, -23.59322]]}, "properties": {"name": "Fermín Vivaceta", "highway": "living_street"}}, {"type": "Feature", "geometry": {"type": "LineString", "coordinates": [[-70.37482, -23.59833], [-70.37574, -23.59828]]}, "properties": {"name": "Sargento Candelaria", "highway": "living_street"}}, {"type": "Feature", "geometry": {"type": "LineString", "coordinates": [[-70.37376, -23.59798], [-70.37426, -23.59796]]}, "properties": {"name": "Juan Glasinovic", "highway": "residential"}}, {"type": "Feature", "geometry": {"type": "LineString", "coordinates": [[-70.3729, -23.59687], [-70.37279, -23.59437]]}, "properties": {"name": "Río Bueno", "highway": "living_street"}}, {"type": "Feature", "geometry": {"type": "LineString", "coordinates": [[-70.38465, -23.58693], [-70.38446, -23.58963], [-70.38497, -23.59234]]}, "properties": {"name": "Morro de Arica", "highway": "tertiary"}}, {"type": "Feature", "geometry": {"type": "LineString", "coordinates": [[-70.37363, -23.59555], [-70.37464, -23.59551]]}, "properties": {"name": "Romilio Concha", "highway": "residential"}}, {"type": "Feature", "geometry": {"type": "LineString", "coordinates": [[-70.37532, -23.59845], [-70.37574, -23.59845]]}, "properties": {"name": "Sargento Candelaria", "highway": "living_street"}}, {"type": "Feature", "geometry": {"type": "LineString", "coordinates": [[-70.37527, -23.59787], [-70.37522, -23.59689]]}, "properties": {"name": "Hernán Naranjo", "highway": "living_street"}}, {"type": "Feature", "geometry": {"type": "LineString", "coordinates": [[-70.37683, -23.59763], [-70.3757, -23.59769]]}, "properties": {"name": "Juan Glasinovic", "highway": "living_street"}}, {"type": "Feature", "geometry": {"type": "LineString", "coordinates": [[-70.38293, -23.59358], [-70.38084, -23.59361]]}, "properties": {"name": "Mariano Farandato", "highway": "living_street"}}, {"type": "Feature", "geometry": {"type": "LineString", "coordinates": [[-70.37199, -23.59437], [-70.37213, -23.59569]]}, "properties": {"name": "Río Baker", "highway": "residential"}}, {"type": "Feature", "geometry": {"type": "LineString", "coordinates": [[-70.37545, -23.60036], [-70.37531, -23.5983]]}, "properties": {"name": "Hernán Naranjo", "highway": "living_street"}}, {"type": "Feature", "geometry": {"type": "LineString", "coordinates": [[-70.37576, -23.59859], [-70.3767, -23.59854]]}, "properties": {"name": "Sargento Candelaria", "highway": "living_street"}}, {"type": "Feature", "geometry": {"type": "LineString", "coordinates": [[-70.37379, -23.59866], [-70.3743, -23.59862]]}, "properties": {"name": "Sargento Candelaria", "highway": "residential"}}, {"type": "Feature", "geometry": {"type": "LineString", "coordinates": [[-70.37648, -23.59765], [-70.37644, -23.59695]]}, "properties": {"name": "Crispín Reyes", "highway": "living_street"}}, {"type": "Feature", "geometry": {"type": "LineString", "coordinates": [[-70.37479, -23.59789], [-70.37571, -23.59785]]}, "properties": {"name": "Juan Glasinovic", "highway": "living_street"}}, {"type": "Feature", "geometry": {"type": "LineString", "coordinates": [[-70.37286, -23.59621], [-70.37366, -23.59617]]}, "properties": {"name": "Juan Gutenberg", "highway": "residential"}}, {"type": "Feature", "geometry": {"type": "LineString", "coordinates": [[-70.37364, -23.59565], [-70.37213, -23.59569]]}, "properties": {"name": "Romilio Concha", "highway": "residential"}}, {"type": "Feature", "geometry": {"type": "LineString", "coordinates": [[-70.3741, -23.59553], [-70.37403, -23.59429]]}, "properties": {"name": "Nilda Madrid", "highway": "residential"}}, {"type": "Feature", "geometry": {"type": "LineString", "coordinates": [[-70.3793, -23.5947], [-70.37924, -23.59369]]}, "properties": {"name": "Eloísa Viuda de Zurita", "highway": "living_street"}}, {"type": "Feature", "geometry": {"type": "LineString", "coordinates": [[-70.37618, -23.59857], [-70.37604, -23.59693]]}, "properties": {"name": "Juan Bravo", "highway": "living_street"}}, {"type": "Feature", "geometry": {"type": "LineString", "coordinates": [[-70.37433, -23.59927], [-70.37414, -23.59608]]}, "properties": {"name": "Nilda Madrid", "highway": "residential"}}, {"type": "Feature", "geometry": {"type": "LineString", "coordinates": [[-70.37328, -23.59685], [-70.37318, -23.59436]]}, "properties": {"name": "Juan Ferra", "highway": "living_street"}}, {"type": "Feature", "geometry": {"type": "LineString", "coordinates": [[-70.37976, -23.5942], [-70.38088, -23.59414]]}, "properties": {"name": "Ramón Barros Luco", "highway": "living_street"}}, {"type": "Feature", "geometry": {"type": "LineString", "coordinates": [[-70.382, -23.59598], [-70.38308, -23.59591]]}, "properties": {"name": "Arturo Alessandri", "highway": "living_street"}}, {"type": "Feature", "geometry": {"type": "LineString", "coordinates": [[-70.38406, -23.59586], [-70.38519, -23.59581]]}, "properties": {"name": "Arturo Alessandri", "highway": "living_street"}}, {"type": "Feature", "geometry": {"type": "LineString", "coordinates": [[-70.38315, -23.59685], [-70.38433, -23.59678]]}, "properties": {"name": "Almirante Grau", "highway": "living_street"}}, {"type": "Feature", "geometry": {"type": "LineString", "coordinates": [[-70.38409, -23.59636], [-70.38403, -23.59541]]}, "properties": {"name": "Pedro Lobos", "highway": "residential"}}, {"type": "Feature", "geometry": {"type": "LineString", "coordinates": [[-70.38538, -23.59955], [-70.38682, -23.59961]]}, "properties": {"name": "Pantaleón Cortés", "highway": "residential"}}, {"type": "Feature", "geometry": {"type": "LineString", "coordinates": [[-70.38415, -23.59541], [-70.38409, -23.59444]]}, "properties": {"name": "Pedro Lobos", "highway": "residential"}}, {"type": "Feature", "geometry": {"type": "LineString", "coordinates": [[-70.38196, -23.59552], [-70.38515, -23.59535]]}, "properties": {"name": "Juan Gutenberg", "highway": "residential"}}, {"type": "Feature", "geometry": {"type": "LineString", "coordinates": [[-70.38413, -23.59498], [-70.38193, -23.5951]]}, "properties": {"name": "Ricardo Mora", "highway": "living_street"}}, {"type": "Feature", "geometry": {"type": "LineString", "coordinates": [[-70.38464, -23.59538], [-70.38457, -23.59441]]}, "properties": {"name": "Luis Ling", "highway": "living_street"}}, {"type": "Feature", "geometry": {"type": "LineString", "coordinates": [[-70.39267, -23.60075], [-70.38939, -23.60022]]}, "properties": {"name": "Artesanía", "highway": "tertiary"}}, {"type": "Feature", "geometry": {"type": "LineString", "coordinates": [[-70.37502, -23.5946], [-70.3757, -23.59456]]}, "properties": {"name": "Ingeniero San Román", "highway": "living_street"}}, {"type": "Feature", "geometry": {"type": "LineString", "coordinates": [[-70.38562, -23.59423], [-70.38961, -23.59441]]}, "properties": {"name": "Juan Gutenberg", "highway": "residential"}}, {"type": "Feature", "geometry": {"type": "LineString", "coordinates": [[-70.38204, -23.59647], [-70.38185, -23.5941]]}, "properties": {"name": "Bandera", "highway": "living_street"}}, {"type": "Feature", "geometry": {"type": "LineString", "coordinates": [[-70.39008, -23.60033], [-70.39028, -23.59944], [-70.39088, -23.59831]]}, "properties": {"name": "El Salitre", "highway": "residential"}}, {"type": "Feature", "geometry": {"type": "LineString", "coordinates": [[-70.38478, -23.59724], [-70.38473, -23.59633]]}, "properties": {"name": "Luis Ling", "highway": "living_street"}}, {"type": "Feature", "geometry": {"type": "LineString", "coordinates": [[-70.38349, -23.59447], [-70.38342, -23.59346]]}, "properties": {"name": "Juan Agustín Cornejo", "highway": "living_street"}}, {"type": "Feature", "geometry": {"type": "LineString", "coordinates": [[-70.38191, -23.5894], [-70.38188, -23.5925]]}, "properties": {"name": "Bandera", "highway": "residential"}}, {"type": "Feature", "geometry": {"type": "LineString", "coordinates": [[-70.38443, -23.59246], [-70.38451, -23.59351]]}, "properties": {"name": "Luis Ling", "highway": "living_street"}}, {"type": "Feature", "geometry": {"type": "LineString", "coordinates": [[-70.38359, -23.58952], [-70.38392, -23.59239]]}, "properties": {"name": "Pedro Lobos", "highway": "residential"}}, {"type": "Feature", "geometry": {"type": "LineString", "coordinates": [[-70.38405, -23.59353], [-70.38503, -23.59349]]}, "properties": {"name": "Mariano Farandato", "highway": "living_street"}}, {"type": "Feature", "geometry": {"type": "LineString", "coordinates": [[-70.3829, -23.59303], [-70.38401, -23.59298]]}, "properties": {"name": "Fermín Vivaceta", "highway": "living_street"}}, {"type": "Feature", "geometry": {"type": "LineString", "coordinates": [[-70.38081, -23.59316], [-70.38192, -23.59308]]}, "properties": {"name": "Fermín Vivaceta", "highway": "living_street"}}, {"type": "Feature", "geometry": {"type": "LineString", "coordinates": [[-70.38243, -23.59351], [-70.38237, -23.59257]]}, "properties": {"name": "Lorenzo Arenas", "highway": "living_street"}}, {"type": "Feature", "geometry": {"type": "LineString", "coordinates": [[-70.38397, -23.59249], [-70.38408, -23.59397]]}, "properties": {"name": "Pedro Lobos", "highway": "living_street"}}, {"type": "Feature", "geometry": {"type": "LineString", "coordinates": [[-70.38079, -23.5917], [-70.38288, -23.5917]]}, "properties": {"name": "Lorenzo Torres", "highway": "living_street"}}, {"type": "Feature", "geometry": {"type": "LineString", "coordinates": [[-70.38142, -23.59458], [-70.38136, -23.59358]]}, "properties": {"name": "Anacleto Solorza", "highway": "living_street"}}, {"type": "Feature", "geometry": {"type": "LineString", "coordinates": [[-70.38198, -23.59409], [-70.38296, -23.59404]]}, "properties": {"name": "Ramón Barros Luco", "highway": "living_street"}}, {"type": "Feature", "geometry": {"type": "LineString", "coordinates": [[-70.38392, -23.59398], [-70.38506, -23.59392]]}, "properties": {"name": "Ramón Barros Luco", "highway": "living_street"}}, {"type": "Feature", "geometry": {"type": "LineString", "coordinates": [[-70.38441, -23.59237], [-70.38424, -23.59097]]}, "properties": {"name": "Luis Ling", "highway": "living_street"}}, {"type": "Feature", "geometry": {"type": "LineString", "coordinates": [[-70.38867, -23.58915], [-70.38981, -23.58921]]}, "properties": {"name": "Sargento Manuel Silva", "highway": "tertiary"}}, {"type": "Feature", "geometry": {"type": "LineString", "coordinates": [[-70.38386, -23.59169], [-70.38483, -23.59168]]}, "properties": {"name": "Teniente Coronel Adolfo Holley Sur", "highway": "residential"}}, {"type": "Feature", "geometry": {"type": "LineString", "coordinates": [[-70.38351, -23.59242], [-70.3832, -23.58949]]}, "properties": {"name": "Juan Antonio Cornejo", "highway": "living_street"}}, {"type": "Feature", "geometry": {"type": "LineString", "coordinates": [[-70.37426, -23.57743], [-70.37693, -23.57826], [-70.38173, -23.57859]]}, "properties": {"name": "Padre Juan Orione Feltri", "highway": "tertiary"}}, {"type": "Feature", "geometry": {"type": "LineString", "coordinates": [[-70.38238, -23.5917], [-70.38239, -23.58943]]}, "properties": {"name": "Lorenzo Arenas", "highway": "living_street"}}, {"type": "Feature", "geometry": {"type": "LineString", "coordinates": [[-70.38288, -23.59152], [-70.38378, -23.59148]]}, "properties": {"name": "Teniente Coronel Adolfo Holley Norte", "highway": "residential"}}, {"type": "Feature", "geometry": {"type": "LineString", "coordinates": [[-70.38137, -23.59252], [-70.38136, -23.5917]]}, "properties": {"name": "Anacleto Solorza", "highway": "living_street"}}, {"type": "Feature", "geometry": {"type": "LineString", "coordinates": [[-70.38539, -23.5903], [-70.38664, -23.58979]]}, "properties": {"name": "Estación Amincha", "highway": "residential"}}, {"type": "Feature", "geometry": {"type": "LineString", "coordinates": [[-70.38118, -23.5917], [-70.3812, -23.59099]]}, "properties": {"name": "Anacleto Solorza", "highway": "living_street"}}, {"type": "Feature", "geometry": {"type": "LineString", "coordinates": [[-70.38411, -23.59027], [-70.38414, -23.59097]]}, "properties": {"name": "Luis Ling", "highway": "living_street"}}, {"type": "Feature", "geometry": {"type": "LineString", "coordinates": [[-70.38477, -23.59133], [-70.38557, -23.59136]]}, "properties": {"name": "Teniente Coronel Adolfo Holley Norte", "highway": "living_street"}}, {"type": "Feature", "geometry": {"type": "LineString", "coordinates": [[-70.38557, -23.58941], [-70.38621, -23.59073]]}, "properties": {"name": "Estación Cere", "highway": "living_street"}}, {"type": "Feature", "geometry": {"type": "LineString", "coordinates": [[-70.38557, -23.59136], [-70.38619, -23.59117]]}, "properties": {"name": "Teniente Coronel Adolfo Holley Norte", "highway": "living_street"}}, {"type": "Feature", "geometry": {"type": "LineString", "coordinates": [[-70.38607, -23.59179], [-70.38622, -23.59104], [-70.38608, -23.59078]]}, "properties": {"name": "Pasaje Estación Cere", "highway": "living_street"}}, {"type": "Feature", "geometry": {"type": "LineString", "coordinates": [[-70.38242, -23.59195], [-70.38287, -23.59195]]}, "properties": {"name": "Pasaje Zúñiga", "highway": "living_street"}}, {"type": "Feature", "geometry": {"type": "LineString", "coordinates": [[-70.38693, -23.58997], [-70.38788, -23.59188]]}, "properties": {"name": "Héroes de la Concepción", "highway": "tertiary"}}, {"type": "Feature", "geometry": {"type": "LineString", "coordinates": [[-70.39015, -23.58803], [-70.38988, -23.59162]]}, "properties": {"name": "Avenida Pedro Aguirre Cerda", "highway": "residential"}}, {"type": "Feature", "geometry": {"type": "LineString", "coordinates": [[-70.38188, -23.592], [-70.38287, -23.59218]]}, "properties": {"name": "Emilio Correa", "highway": "living_street"}}, {"type": "Feature", "geometry": {"type": "LineString", "coordinates": [[-70.38622, -23.59104], [-70.38737, -23.59127]]}, "properties": {"name": "Teniente Coronel Adolfo Holley Norte", "highway": "living_street"}}, {"type": "Feature", "geometry": {"type": "LineString", "coordinates": [[-70.38603, -23.58922], [-70.38668, -23.59053]]}, "properties": {"name": "Estación Ujina", "highway": "living_street"}}, {"type": "Feature", "geometry": {"type": "LineString", "coordinates": [[-70.38645, -23.59063], [-70.3858, -23.58932]]}, "properties": {"name": "Estación Polapi", "highway": "living_street"}}, {"type": "Feature", "geometry": {"type": "LineString", "coordinates": [[-70.38153, -23.5917], [-70.38152, -23.59098]]}, "properties": {"name": "Federico Sepúlveda", "highway": "living_street"}}, {"type": "Feature", "geometry": {"type": "LineString", "coordinates": [[-70.38597, -23.59083], [-70.38531, -23.58952]]}, "properties": {"name": "Estación Carrito Bayos", "highway": "living_street"}}, {"type": "Feature", "geometry": {"type": "LineString", "coordinates": [[-70.38483, -23.59168], [-70.38562, -23.59171]]}, "properties": {"name": "Teniente Coronel Adolfo Holley Sur", "highway": "living_street"}}, {"type": "Feature", "geometry": {"type": "LineString", "coordinates": [[-70.38109, -23.59254], [-70.38109, -23.5917]]}, "properties": {"name": "Pedro Mondaca", "highway": "living_street"}}, {"type": "Feature", "geometry": {"type": "LineString", "coordinates": [[-70.38386, -23.59174], [-70.38287, -23.59178]]}, "properties": {"name": "Teniente Coronel Adolfo Holley Sur", "highway": "residential"}}, {"type": "Feature", "geometry": {"type": "LineString", "coordinates": [[-70.3916, -23.6003], [-70.39205, -23.60044]]}, "properties": {"name": "Danilo Moreno Acevedo", "highway": "living_street"}}, {"type": "Feature", "geometry": {"type": "LineString", "coordinates": [[-70.39346, -23.59827], [-70.39423, -23.59694]]}, "properties": {"name": "Andrómeda", "highway": "living_street"}}, {"type": "Feature", "geometry": {"type": "LineString", "coordinates": [[-70.39174, -23.60131], [-70.39204, -23.60135]]}, "properties": {"name": "Lautaro Espíndola", "highway": "living_street"}}, {"type": "Feature", "geometry": {"type": "LineString", "coordinates": [[-70.39063, -23.60296], [-70.39128, -23.60294]]}, "properties": {"name": "Pozo Almonte", "highway": "living_street"}}, {"type": "Feature", "geometry": {"type": "LineString", "coordinates": [[-70.39166, -23.60014], [-70.3913, -23.60171]]}, "properties": {"name": "Miguel Manríquez", "highway": "living_street"}}, {"type": "Feature", "geometry": {"type": "LineString", "coordinates": [[-70.39595, -23.59476], [-70.3957, -23.59521]]}, "properties": {"name": "Neón", "highway": "living_street"}}, {"type": "Feature", "geometry": {"type": "LineString", "coordinates": [[-70.39486, -23.59687], [-70.3942, -23.59653]]}, "properties": {"name": "Estaño", "highway": "living_street"}}, {"type": "Feature", "geometry": {"type": "LineString", "coordinates": [[-70.39491, -23.59728], [-70.39289, -23.59626]]}, "properties": {"name": "Molibdeno", "highway": "residential"}}, {"type": "Feature", "geometry": {"type": "LineString", "coordinates": [[-70.39294, -23.59801], [-70.39371, -23.59668]]}, "properties": {"name": "El Oro", "highway": "residential"}}, {"type": "Feature", "geometry": {"type": "LineString", "coordinates": [[-70.38996, -23.60212], [-70.38999, -23.60149]]}, "properties": {"name": "Dagoberto Godoy", "highway": "living_street"}}, {"type": "Feature", "geometry": {"type": "LineString", "coordinates": [[-70.39097, -23.60165], [-70.39134, -23.6]]}, "properties": {"name": "Las Areniscas", "highway": "living_street"}}, {"type": "Feature", "geometry": {"type": "LineString", "coordinates": [[-70.39165, -23.60178], [-70.39186, -23.60062]]}, "properties": {"name": "Lautaro Espíndola", "highway": "living_street"}}, {"type": "Feature", "geometry": {"type": "LineString", "coordinates": [[-70.39604, -23.59598], [-70.39579, -23.59588], [-70.3963, -23.59485]]}, "properties": {"name": "Magnesio", "highway": "living_street"}}, {"type": "Feature", "geometry": {"type": "LineString", "coordinates": [[-70.3906, -23.60202], [-70.39179, -23.60222]]}, "properties": {"name": "Camarones", "highway": "living_street"}}, {"type": "Feature", "geometry": {"type": "LineString", "coordinates": [[-70.39337, -23.59959], [-70.39442, -23.59785], [-70.39663, -23.59526], [-70.39671, -23.59503], [-70.39652, -23.59489]]}, "properties": {"name": "Avenida Edmundo Pérez Zujovic", "highway": "tertiary"}}, {"type": "Feature", "geometry": {"type": "LineString", "coordinates": [[-70.38924, -23.60205], [-70.39061, -23.60218]]}, "properties": {"name": "Camarones", "highway": "living_street"}}, {"type": "Feature", "geometry": {"type": "LineString", "coordinates": [[-70.39221, -23.59978], [-70.3924, -23.59986]]}, "properties": {"name": "Danilo Moreno Acevedo", "highway": "living_street"}}, {"type": "Feature", "geometry": {"type": "LineString", "coordinates": [[-70.39195, -23.60063], [-70.39275, -23.59927]]}, "properties": {"name": "Lautaro Espíndola", "highway": "living_street"}}, {"type": "Feature", "geometry": {"type": "LineString", "coordinates": [[-70.39528, -23.59457], [-70.39403, -23.59684]]}, "properties": {"name": "El Oro", "highway": "residential"}}, {"type": "Feature", "geometry": {"type": "LineString", "coordinates": [[-70.3931, -23.59452], [-70.39317, -23.59453]]}, "properties": {"name": "El Azufre", "highway": "tertiary"}}, {"type": "Feature", "geometry": {"type": "LineString", "coordinates": [[-70.3935, -23.59521], [-70.3931, -23.59584]]}, "properties": {"name": "El Mercurio", "highway": "living_street"}}, {"type": "Feature", "geometry": {"type": "LineString", "coordinates": [[-70.39322, -23.59815], [-70.39399, -23.59682]]}, "properties": {"name": "Gatico", "highway": "living_street"}}, {"type": "Feature", "geometry": {"type": "LineString", "coordinates": [[-70.39368, -23.59838], [-70.39446, -23.59705]]}, "properties": {"name": "Alianza", "highway": "living_street"}}, {"type": "Feature", "geometry": {"type": "LineString", "coordinates": [[-70.39545, -23.59461], [-70.39547, -23.5951]]}, "properties": {"name": "Silicio", "highway": "living_street"}}, {"type": "Feature", "geometry": {"type": "LineString", "coordinates": [[-70.39065, -23.60337], [-70.3913, -23.60334]]}, "properties": {"name": "Alto Hospicio", "highway": "living_street"}}, {"type": "Feature", "geometry": {"type": "LineString", "coordinates": [[-70.39468, -23.59716], [-70.39532, -23.59609]]}, "properties": {"name": "Sodio", "highway": "living_street"}}, {"type": "Feature", "geometry": {"type": "LineString", "coordinates": [[-70.38958, -23.59767], [-70.3915, -23.59862]]}, "properties": {"name": "Onix", "highway": "tertiary"}}, {"type": "Feature", "geometry": {"type": "LineString", "coordinates": [[-70.39187, -23.60034], [-70.39257, -23.59918]]}, "properties": {"name": "Washington Muñoz", "highway": "living_street"}}, {"type": "Feature", "geometry": {"type": "LineString", "coordinates": [[-70.39168, -23.60271], [-70.39204, -23.60135], [-70.39302, -23.59941]]}, "properties": {"name": "Padre Gonzalo Errázuriz", "highway": "residential"}}, {"type": "Feature", "geometry": {"type": "LineString", "coordinates": [[-70.39249, -23.59972], [-70.39276, -23.59986]]}, "properties": {"name": "Danilo Moreno Acevedo", "highway": "living_street"}}, {"type": "Feature", "geometry": {"type": "LineString", "coordinates": [[-70.39202, -23.60009], [-70.39256, -23.60021]]}, "properties": {"name": "Mario Silva", "highway": "living_street"}}, {"type": "Feature", "geometry": {"type": "LineString", "coordinates": [[-70.39316, -23.59504], [-70.39576, -23.59631]]}, "properties": {"name": "El Litio", "highway": "residential"}}, {"type": "Feature", "geometry": {"type": "LineString", "coordinates": [[-70.39114, -23.60016], [-70.39129, -23.60019]]}, "properties": {"name": "Las Arcillas", "highway": "living_street"}}, {"type": "Feature", "geometry": {"type": "LineString", "coordinates": [[-70.39483, -23.59456], [-70.39365, -23.59665]]}, "properties": {"name": "La Plata", "highway": "living_street"}}, {"type": "Feature", "geometry": {"type": "LineString", "coordinates": [[-70.39097, -23.60207], [-70.391, -23.6024], [-70.39139, -23.60245]]}, "properties": {"name": "Oficina Victoria", "highway": "living_street"}}, {"type": "Feature", "geometry": {"type": "LineString", "coordinates": [[-70.39135, -23.60269], [-70.39212, -23.60272]]}, "properties": {"name": "Pozo Almonte", "highway": "residential"}}, {"type": "Feature", "geometry": {"type": "LineString", "coordinates": [[-70.39436, -23.59455], [-70.39327, -23.59646]]}, "properties": {"name": "El Níquel", "highway": "living_street"}}, {"type": "Feature", "geometry": {"type": "LineString", "coordinates": [[-70.39312, -23.5938], [-70.38973, -23.59379]]}, "properties": {"name": "Liparita", "highway": "unclassified"}}, {"type": "Feature", "geometry": {"type": "LineString", "coordinates": [[-70.39162, -23.59224], [-70.39151, -23.59616], [-70.39099, -23.59709]]}, "properties": {"name": "El Salitre", "highway": "unclassified"}}, {"type": "Feature", "geometry": {"type": "LineString", "coordinates": [[-70.39522, -23.59457], [-70.39529, -23.59234]]}, "properties": {"name": "El Oro", "highway": "residential"}}, {"type": "Feature", "geometry": {"type": "LineString", "coordinates": [[-70.39165, -23.59993], [-70.39221, -23.59899]]}, "properties": {"name": "Miguel Manríquez", "highway": "living_street"}}, {"type": "Feature", "geometry": {"type": "LineString", "coordinates": [[-70.39339, -23.58418], [-70.39328, -23.58417]]}, "properties": {"name": "Los Tamarugos", "highway": "residential"}}, {"type": "Feature", "geometry": {"type": "LineString", "coordinates": [[-70.39209, -23.58977], [-70.39123, -23.59], [-70.38999, -23.58988]]}, "properties": {"name": "Los Naranjos", "highway": "residential"}}, {"type": "Feature", "geometry": {"type": "LineString", "coordinates": [[-70.39427, -23.59114], [-70.39456, -23.592]]}, "properties": {"name": "Las Rocas", "highway": "living_street"}}, {"type": "Feature", "geometry": {"type": "LineString", "coordinates": [[-70.39389, -23.58927], [-70.39419, -23.59019]]}, "properties": {"name": "Los Laureles", "highway": "living_street"}}, {"type": "Feature", "geometry": {"type": "LineString", "coordinates": [[-70.39055, -23.58388], [-70.39329, -23.58409]]}, "properties": {"name": "Los Tamarugos", "highway": "residential"}}, {"type": "Feature", "geometry": {"type": "LineString", "coordinates": [[-70.39428, -23.59198], [-70.39263, -23.58685]]}, "properties": {"name": "Las Rocas", "highway": "living_street"}}, {"type": "Feature", "geometry": {"type": "LineString", "coordinates": [[-70.39195, -23.59081], [-70.39466, -23.59006]]}, "properties": {"name": "Los Jacarandaes", "highway": "residential"}}, {"type": "Feature", "geometry": {"type": "LineString", "coordinates": [[-70.39403, -23.59119], [-70.39489, -23.59093]]}, "properties": {"name": "El Encuentro", "highway": "living_street"}}, {"type": "Feature", "geometry": {"type": "LineString", "coordinates": [[-70.39224, -23.59182], [-70.39164, -23.58989]]}, "properties": {"name": "Los Maitenes", "highway": "living_street"}}, {"type": "Feature", "geometry": {"type": "LineString", "coordinates": [[-70.39503, -23.59194], [-70.3948, -23.59123], [-70.39491, -23.59084], [-70.39431, -23.58916]]}, "properties": {"name": "Del Alto", "highway": "residential"}}, {"type": "Feature", "geometry": {"type": "LineString", "coordinates": [[-70.39413, -23.59021], [-70.39447, -23.59108]]}, "properties": {"name": "Los Laureles", "highway": "living_street"}}, {"type": "Feature", "geometry": {"type": "LineString", "coordinates": [[-70.39563, -23.58988], [-70.39385, -23.58731], [-70.39328, -23.58601]]}, "properties": {"name": "Avenida Edmundo Pérez Zujovic", "highway": "residential"}}, {"type": "Feature", "geometry": {"type": "LineString", "coordinates": [[-70.38991, -23.58801], [-70.39015, -23.58803]]}, "properties": {"name": "Los Chañares", "highway": "residential"}}, {"type": "Feature", "geometry": {"type": "LineString", "coordinates": [[-70.39344, -23.58764], [-70.39385, -23.58816]]}, "properties": {"name": "Del Alto", "highway": "living_street"}}, {"type": "Feature", "geometry": {"type": "LineString", "coordinates": [[-70.39328, -23.58417], [-70.39053, -23.58398]]}, "properties": {"name": "Los Tamarugos", "highway": "residential"}}, {"type": "Feature", "geometry": {"type": "LineString", "coordinates": [[-70.39209, -23.58977], [-70.39228, -23.59072]]}, "properties": {"name": "Los Pinos", "highway": "living_street"}}, {"type": "Feature", "geometry": {"type": "LineString", "coordinates": [[-70.38715, -23.58989], [-70.38789, -23.58945]]}, "properties": {"name": "Estación Latorre", "highway": "residential"}}, {"type": "Feature", "geometry": {"type": "LineString", "coordinates": [[-70.38786, -23.58944], [-70.38795, -23.58845]]}, "properties": {"name": "Cerro Topáter", "highway": "living_street"}}, {"type": "Feature", "geometry": {"type": "LineString", "coordinates": [[-70.39178, -23.59031], [-70.39221, -23.5902]]}, "properties": {"name": "Los Pinos", "highway": "living_street"}}, {"type": "Feature", "geometry": {"type": "LineString", "coordinates": [[-70.38629, -23.58865], [-70.3887, -23.58883]]}, "properties": {"name": "Estación Baquedano", "highway": "living_street"}}, {"type": "Feature", "geometry": {"type": "LineString", "coordinates": [[-70.39122, -23.58403], [-70.39109, -23.58331], [-70.39054, -23.58316]]}, "properties": {"name": "Los Pequenes", "highway": "residential"}}, {"type": "Feature", "geometry": {"type": "LineString", "coordinates": [[-70.39322, -23.58477], [-70.39048, -23.58456]]}, "properties": {"name": "Los Cipreces", "highway": "living_street"}}, {"type": "Feature", "geometry": {"type": "LineString", "coordinates": [[-70.39033, -23.58627], [-70.39152, -23.58636]]}, "properties": {"name": "Los Sauces", "highway": "living_street"}}, {"type": "Feature", "geometry": {"type": "LineString", "coordinates": [[-70.39112, -23.59056], [-70.38993, -23.59048]]}, "properties": {"name": "Los Álamos", "highway": "living_street"}}, {"type": "Feature", "geometry": {"type": "LineString", "coordinates": [[-70.38615, -23.58833], [-70.38987, -23.58859]]}, "properties": {"name": "Los Limoneros", "highway": "residential"}}, {"type": "Feature", "geometry": {"type": "LineString", "coordinates": [[-70.38821, -23.58783], [-70.38738, -23.58777]]}, "properties": {"name": "Las Gaviotas", "highway": "residential"}}, {"type": "Feature", "geometry": {"type": "LineString", "coordinates": [[-70.39272, -23.58623], [-70.39291, -23.58676]]}, "properties": {"name": "Las Rocas", "highway": "living_street"}}, {"type": "Feature", "geometry": {"type": "LineString", "coordinates": [[-70.39193, -23.58287], [-70.39101, -23.58232]]}, "properties": {"name": "Los Playeros", "highway": "residential"}}, {"type": "Feature", "geometry": {"type": "LineString", "coordinates": [[-70.38552, -23.57778], [-70.38513, -23.58193]]}, "properties": {"name": "Víctor Farías", "highway": "tertiary"}}, {"type": "Feature", "geometry": {"type": "LineString", "coordinates": [[-70.39155, -23.58317], [-70.39197, -23.58296]]}, "properties": {"name": "Los Suris", "highway": "residential"}}, {"type": "Feature", "geometry": {"type": "LineString", "coordinates": [[-70.38611, -23.58826], [-70.38619, -23.58746]]}, "properties": {"name": "Choapa", "highway": "living_street"}}, {"type": "Feature", "geometry": {"type": "LineString", "coordinates": [[-70.3869, -23.58838], [-70.38697, -23.58752]]}, "properties": {"name": "Chiry", "highway": "living_street"}}, {"type": "Feature", "geometry": {"type": "LineString", "coordinates": [[-70.39239, -23.58632], [-70.39257, -23.58686]]}, "properties": {"name": "Los Almendros", "highway": "living_street"}}, {"type": "Feature", "geometry": {"type": "LineString", "coordinates": [[-70.39043, -23.58515], [-70.39162, -23.58524]]}, "properties": {"name": "Los Canelos", "highway": "living_street"}}, {"type": "Feature", "geometry": {"type": "LineString", "coordinates": [[-70.38785, -23.58716], [-70.38773, -23.58843]]}, "properties": {"name": "Inahue", "highway": "living_street"}}, {"type": "Feature", "geometry": {"type": "LineString", "coordinates": [[-70.38721, -23.58905], [-70.38715, -23.58989], [-70.38697, -23.59005]]}, "properties": {"name": "Chollay", "highway": "residential"}}, {"type": "Feature", "geometry": {"type": "LineString", "coordinates": [[-70.38652, -23.58835], [-70.3866, -23.58707]]}, "properties": {"name": "Chaihuín", "highway": "living_street"}}, {"type": "Feature", "geometry": {"type": "LineString", "coordinates": [[-70.38552, -23.58703], [-70.38693, -23.58997]]}, "properties": {"name": "Héroes de la Concepción", "highway": "tertiary"}}, {"type": "Feature", "geometry": {"type": "LineString", "coordinates": [[-70.38907, -23.58854], [-70.38917, -23.58726]]}, "properties": {"name": "Las Golondrinas", "highway": "residential"}}, {"type": "Feature", "geometry": {"type": "LineString", "coordinates": [[-70.38568, -23.58742], [-70.3874, -23.58755]]}, "properties": {"name": "Las Gaviotas", "highway": "residential"}}, {"type": "Feature", "geometry": {"type": "LineString", "coordinates": [[-70.39169, -23.58875], [-70.39009, -23.58863]]}, "properties": {"name": "Los Limoneros", "highway": "residential"}}, {"type": "Feature", "geometry": {"type": "LineString", "coordinates": [[-70.38732, -23.5884], [-70.38745, -23.58713]]}, "properties": {"name": "Chollay", "highway": "residential"}}, {"type": "Feature", "geometry": {"type": "LineString", "coordinates": [[-70.3905, -23.5823], [-70.39267, -23.58239]]}, "properties": {"name": "Los Ñandú", "highway": "residential"}}, {"type": "Feature", "geometry": {"type": "LineString", "coordinates": [[-70.39071, -23.57899], [-70.39114, -23.5742], [-70.39072, -23.57015]]}, "properties": {"name": "Avenida Pedro Aguirre Cerda", "highway": "primary"}}, {"type": "Feature", "geometry": {"type": "LineString", "coordinates": [[-70.38863, -23.58949], [-70.38873, -23.58852]]}, "properties": {"name": "Pilmaiquén", "highway": "residential"}}, {"type": "Feature", "geometry": {"type": "LineString", "coordinates": [[-70.39022, -23.58743], [-70.39179, -23.58751]]}, "properties": {"name": "Los Tilos", "highway": "living_street"}}, {"type": "Feature", "geometry": {"type": "LineString", "coordinates": [[-70.38862, -23.5885], [-70.3887, -23.58772]]}, "properties": {"name": "Pilmaiquén", "highway": "living_street"}}, {"type": "Feature", "geometry": {"type": "LineString", "coordinates": [[-70.39203, -23.59109], [-70.39162, -23.59119]]}, "properties": {"name": "Los Jacarandaes", "highway": "living_street"}}, {"type": "Feature", "geometry": {"type": "LineString", "coordinates": [[-70.39005, -23.58918], [-70.39189, -23.58932]]}, "properties": {"name": "Los Nogales", "highway": "residential"}}, {"type": "Feature", "geometry": {"type": "LineString", "coordinates": [[-70.39058, -23.58272], [-70.39142, -23.58301], [-70.39173, -23.58406]]}, "properties": {"name": "Las Guayatas", "highway": "residential"}}, {"type": "Feature", "geometry": {"type": "LineString", "coordinates": [[-70.39061, -23.58231], [-70.39051, -23.58348], [-70.3908, -23.5836], [-70.39079, -23.584]]}, "properties": {"name": "Los Pequenes", "highway": "living_street"}}, {"type": "Feature", "geometry": {"type": "LineString", "coordinates": [[-70.39216, -23.5859], [-70.39038, -23.5857]]}, "properties": {"name": "Los Cerezos", "highway": "living_street"}}, {"type": "Feature", "geometry": {"type": "LineString", "coordinates": [[-70.39325, -23.58663], [-70.39309, -23.5861]]}, "properties": {"name": "Edmundo Pérez Zujovic", "highway": "living_street"}}, {"type": "Feature", "geometry": {"type": "LineString", "coordinates": [[-70.39053, -23.58398], [-70.39027, -23.58684]]}, "properties": {"name": "Avenida Pedro Aguirre Cerda", "highway": "residential"}}, {"type": "Feature", "geometry": {"type": "LineString", "coordinates": [[-70.39212, -23.5863], [-70.39328, -23.58601]]}, "properties": {"name": "Los Cerezos", "highway": "living_street"}}, {"type": "Feature", "geometry": {"type": "LineString", "coordinates": [[-70.38822, -23.58768], [-70.38913, -23.58775]]}, "properties": {"name": "Las Gaviotas", "highway": "residential"}}, {"type": "Feature", "geometry": {"type": "LineString", "coordinates": [[-70.3857, -23.587], [-70.38557, -23.58718]]}, "properties": {"name": "Juan Bolívar", "highway": "residential"}}, {"type": "Feature", "geometry": {"type": "LineString", "coordinates": [[-70.39077, -23.57937], [-70.39066, -23.5807]]}, "properties": {"name": "Avenida Pedro Aguirre Cerda", "highway": "primary"}}, {"type": "Feature", "geometry": {"type": "LineString", "coordinates": [[-70.39311, -23.58605], [-70.39216, -23.5859]]}, "properties": {"name": "Los Cerezos", "highway": "living_street"}}, {"type": "Feature", "geometry": {"type": "LineString", "coordinates": [[-70.38863, -23.58949], [-70.38664, -23.58938]]}, "properties": {"name": "Don Milenko", "highway": "residential"}}, {"type": "Feature", "geometry": {"type": "LineString", "coordinates": [[-70.3895, -23.58729], [-70.38946, -23.58784]]}, "properties": {"name": "Las Torcazas", "highway": "living_street"}}, {"type": "Feature", "geometry": {"type": "LineString", "coordinates": [[-70.3899, -23.59106], [-70.39108, -23.59115]]}, "properties": {"name": "Los Jacarandaes", "highway": "living_street"}}, {"type": "Feature", "geometry": {"type": "LineString", "coordinates": [[-70.39103, -23.59172], [-70.39124, -23.58927]]}, "properties": {"name": "Los Manzanos", "highway": "residential"}}, {"type": "Feature", "geometry": {"type": "LineString", "coordinates": [[-70.3874, -23.58761], [-70.38572, -23.58749]]}, "properties": {"name": "Las Gaviotas", "highway": "residential"}}, {"type": "Feature", "geometry": {"type": "LineString", "coordinates": [[-70.38816, -23.58847], [-70.38826, -23.58719]]}, "properties": {"name": "Cerro Topáter", "highway": "residential"}}, {"type": "Feature", "geometry": {"type": "LineString", "coordinates": [[-70.38982, -23.58823], [-70.3891, -23.58817]]}, "properties": {"name": "Las Garzas", "highway": "living_street"}}, {"type": "Feature", "geometry": {"type": "LineString", "coordinates": [[-70.38239, -23.58851], [-70.38253, -23.58679]]}, "properties": {"name": "Lorenzo Arenas", "highway": "living_street"}}, {"type": "Feature", "geometry": {"type": "LineString", "coordinates": [[-70.38146, -23.58756], [-70.38153, -23.58672]]}, "properties": {"name": "Pasaje Anacleto Solorza", "highway": "living_street"}}, {"type": "Feature", "geometry": {"type": "LineString", "coordinates": [[-70.38009, -23.59066], [-70.38081, -23.59065]]}, "properties": {"name": "Antonio Martínez", "highway": "living_street"}}, {"type": "Feature", "geometry": {"type": "LineString", "coordinates": [[-70.38184, -23.5894], [-70.38198, -23.58759]]}, "properties": {"name": "Bandera", "highway": "living_street"}}, {"type": "Feature", "geometry": {"type": "LineString", "coordinates": [[-70.38293, -23.58814], [-70.38455, -23.58824]]}, "properties": {"name": "Soldado Emilio Rubilar", "highway": "residential"}}, {"type": "Feature", "geometry": {"type": "LineString", "coordinates": [[-70.3846, -23.59041], [-70.38542, -23.59046]]}, "properties": {"name": "Villa Chacabuco", "highway": "living_street"}}, {"type": "Feature", "geometry": {"type": "LineString", "coordinates": [[-70.37524, -23.59002], [-70.37529, -23.58787], [-70.37502, -23.58645]]}, "properties": {"name": "Cerro Linzor", "highway": "living_street"}}, {"type": "Feature", "geometry": {"type": "LineString", "coordinates": [[-70.3776, -23.58802], [-70.37983, -23.58804]]}, "properties": {"name": "Vicente Muñoz", "highway": "residential"}}, {"type": "Feature", "geometry": {"type": "LineString", "coordinates": [[-70.38456, -23.59017], [-70.38538, -23.59021]]}, "properties": {"name": "Villa Oficina Puelma", "highway": "living_street"}}, {"type": "Feature", "geometry": {"type": "LineString", "coordinates": [[-70.37975, -23.59213], [-70.38188, -23.59212]]}, "properties": {"name": "Emilio Correa", "highway": "living_street"}}, {"type": "Feature", "geometry": {"type": "LineString", "coordinates": [[-70.38047, -23.58805], [-70.38048, -23.58665]]}, "properties": {"name": "Ingeniero Hyatt", "highway": "living_street"}}, {"type": "Feature", "geometry": {"type": "LineString", "coordinates": [[-70.38091, -23.58841], [-70.3829, -23.58855]]}, "properties": {"name": "Pasaje Juan Rojas", "highway": "living_street"}}, {"type": "Feature", "geometry": {"type": "LineString", "coordinates": [[-70.38402, -23.59028], [-70.38396, -23.58954]]}, "properties": {"name": "Luis Ling", "highway": "living_street"}}, {"type": "Feature", "geometry": {"type": "LineString", "coordinates": [[-70.38451, -23.58879], [-70.38495, -23.58881], [-70.38596, -23.58841]]}, "properties": {"name": "Soldado Vicente Muñoz", "highway": "living_street"}}, {"type": "Feature", "geometry": {"type": "LineString", "coordinates": [[-70.37629, -23.58915], [-70.37668, -23.59094]]}, "properties": {"name": "Río Maule", "highway": "residential"}}, {"type": "Feature", "geometry": {"type": "LineString", "coordinates": [[-70.38008, -23.59098], [-70.38014, -23.58928]]}, "properties": {"name": "Ingeniero Hyatt", "highway": "living_street"}}, {"type": "Feature", "geometry": {"type": "LineString", "coordinates": [[-70.3791, -23.59186], [-70.37939, -23.59188]]}, "properties": {"name": "Pasaje Bonilla", "highway": "living_street"}}, {"type": "Feature", "geometry": {"type": "LineString", "coordinates": [[-70.3819, -23.58984], [-70.38239, -23.58984]]}, "properties": {"name": "José Espinoza", "highway": "living_street"}}, {"type": "Feature", "geometry": {"type": "LineString", "coordinates": [[-70.38015, -23.59213], [-70.38016, -23.59147]]}, "properties": {"name": "Ingeniero Hyatt", "highway": "living_street"}}, {"type": "Feature", "geometry": {"type": "LineString", "coordinates": [[-70.37862, -23.59226], [-70.37975, -23.59226]]}, "properties": {"name": "Emilio Correa", "highway": "living_street"}}, {"type": "Feature", "geometry": {"type": "LineString", "coordinates": [[-70.38036, -23.59098], [-70.38033, -23.59213]]}, "properties": {"name": "Ingeniero Hyatt", "highway": "living_street"}}, {"type": "Feature", "geometry": {"type": "LineString", "coordinates": [[-70.37939, -23.59226], [-70.37938, -23.59146]]}, "properties": {"name": "Eloísa Viuda de Zurita", "highway": "living_street"}}, {"type": "Feature", "geometry": {"type": "LineString", "coordinates": [[-70.37878, -23.59002], [-70.38082, -23.59006]]}, "properties": {"name": "Enrique Coke", "highway": "living_street"}}, {"type": "Feature", "geometry": {"type": "LineString", "coordinates": [[-70.37975, -23.59262], [-70.37977, -23.59098]]}, "properties": {"name": "Nicolás González", "highway": "living_street"}}, {"type": "Feature", "geometry": {"type": "LineString", "coordinates": [[-70.38286, -23.58899], [-70.38087, -23.58884]]}, "properties": {"name": "Soldado Ángel Muñoz", "highway": "living_street"}}, {"type": "Feature", "geometry": {"type": "LineString", "coordinates": [[-70.38451, -23.58993], [-70.38534, -23.58998]]}, "properties": {"name": "Villa Oficina Francisco Vergara", "highway": "living_street"}}, {"type": "Feature", "geometry": {"type": "LineString", "coordinates": [[-70.38099, -23.58753], [-70.38297, -23.58766]]}, "properties": {"name": "Félix Contreras", "highway": "living_street"}}, {"type": "Feature", "geometry": {"type": "LineString", "coordinates": [[-70.3792, -23.58835], [-70.38024, -23.58838]]}, "properties": {"name": "Pasaje Juan Rojas", "highway": "living_street"}}, {"type": "Feature", "geometry": {"type": "LineString", "coordinates": [[-70.38024, -23.58854], [-70.3809, -23.58856]]}, "properties": {"name": "Pasaje Juan Rojas", "highway": "living_street"}}, {"type": "Feature", "geometry": {"type": "LineString", "coordinates": [[-70.38491, -23.58924], [-70.38575, -23.58891]]}, "properties": {"name": "Soldado Juan Rojas", "highway": "living_street"}}, {"type": "Feature", "geometry": {"type": "LineString", "coordinates": [[-70.37761, -23.58768], [-70.37984, -23.58771]]}, "properties": {"name": "Soldado Emilio Rubilar", "highway": "living_street"}}, {"type": "Feature", "geometry": {"type": "LineString", "coordinates": [[-70.38149, -23.58717], [-70.3825, -23.58724]]}, "properties": {"name": "Soldado Enrique Reyes", "highway": "living_street"}}, {"type": "Feature", "geometry": {"type": "LineString", "coordinates": [[-70.37413, -23.58784], [-70.37653, -23.58787]]}, "properties": {"name": "Punta Blanca", "highway": "residential"}}, {"type": "Feature", "geometry": {"type": "LineString", "coordinates": [[-70.37614, -23.59093], [-70.37618, -23.58772], [-70.37582, -23.58604]]}, "properties": {"name": "Cerro Pedregal", "highway": "tertiary"}}, {"type": "Feature", "geometry": {"type": "LineString", "coordinates": [[-70.38082, -23.59006], [-70.38123, -23.59007]]}, "properties": {"name": "Enrique Coke", "highway": "living_street"}}, {"type": "Feature", "geometry": {"type": "LineString", "coordinates": [[-70.37421, -23.58849], [-70.37618, -23.58853]]}, "properties": {"name": "Pasaje Juan Rojas", "highway": "residential"}}, {"type": "Feature", "geometry": {"type": "LineString", "coordinates": [[-70.375, -23.58786], [-70.3752, -23.58913]]}, "properties": {"name": "Cerro Overo", "highway": "living_street"}}, {"type": "Feature", "geometry": {"type": "LineString", "coordinates": [[-70.37439, -23.58999], [-70.37617, -23.59004]]}, "properties": {"name": "Heriberto Novoa", "highway": "residential"}}, {"type": "Feature", "geometry": {"type": "LineString", "coordinates": [[-70.37905, -23.59226], [-70.37919, -23.59097]]}, "properties": {"name": "Pasaje Bonilla", "highway": "living_street"}}, {"type": "Feature", "geometry": {"type": "LineString", "coordinates": [[-70.37977, -23.59098], [-70.37981, -23.58926]]}, "properties": {"name": "Nicolás González", "highway": "living_street"}}, {"type": "Feature", "geometry": {"type": "LineString", "coordinates": [[-70.38499, -23.58837], [-70.38541, -23.58822]]}, "properties": {"name": "Soldado Emilio Rubilar", "highway": "living_street"}}, {"type": "Feature", "geometry": {"type": "LineString", "coordinates": [[-70.37948, -23.59097], [-70.37949, -23.59033]]}, "properties": {"name": "Pasaje Bonilla", "highway": "living_street"}}, {"type": "Feature", "geometry": {"type": "LineString", "coordinates": [[-70.38286, -23.59022], [-70.38367, -23.59018]]}, "properties": {"name": "Enrique Coke", "highway": "living_street"}}, {"type": "Feature", "geometry": {"type": "LineString", "coordinates": [[-70.37922, -23.5877], [-70.37924, -23.58657]]}, "properties": {"name": "Pasaje Óscar Bonilla", "highway": "living_street"}}, {"type": "Feature", "geometry": {"type": "LineString", "coordinates": [[-70.38525, -23.5879], [-70.38563, -23.58776]]}, "properties": {"name": "Federico Sepúlveda", "highway": "living_street"}}, {"type": "Feature", "geometry": {"type": "LineString", "coordinates": [[-70.38464, -23.59063], [-70.38546, -23.59068]]}, "properties": {"name": "Villa Oficina Coya Sur", "highway": "living_street"}}, {"type": "Feature", "geometry": {"type": "LineString", "coordinates": [[-70.37949, -23.59065], [-70.37877, -23.59064]]}, "properties": {"name": "Antonio Martínez", "highway": "living_street"}}, {"type": "Feature", "geometry": {"type": "LineString", "coordinates": [[-70.37923, -23.58698], [-70.37985, -23.587]]}, "properties": {"name": "Soldado Enrique Reyes", "highway": "living_street"}}, {"type": "Feature", "geometry": {"type": "LineString", "coordinates": [[-70.37468, -23.59029], [-70.37617, -23.59031]]}, "properties": {"name": "Antonio Martínez", "highway": "residential"}}, {"type": "Feature", "geometry": {"type": "LineString", "coordinates": [[-70.37922, -23.58736], [-70.381, -23.58741]]}, "properties": {"name": "Félix Contreras", "highway": "residential"}}, {"type": "Feature", "geometry": {"type": "LineString", "coordinates": [[-70.38047, -23.59066], [-70.38045, -23.5893]]}, "properties": {"name": "Pasaje Huamachuco", "highway": "living_street"}}, {"type": "Feature", "geometry": {"type": "LineString", "coordinates": [[-70.37413, -23.58784], [-70.37439, -23.58999]]}, "properties": {"name": "Circunvalación Norte", "highway": "residential"}}, {"type": "Feature", "geometry": {"type": "LineString", "coordinates": [[-70.37981, -23.58926], [-70.37986, -23.58661]]}, "properties": {"name": "Nicolás González", "highway": "residential"}}, {"type": "Feature", "geometry": {"type": "LineString", "coordinates": [[-70.38458, -23.58788], [-70.38502, -23.58791]]}, "properties": {"name": "Federico Sepúlveda", "highway": "living_street"}}, {"type": "Feature", "geometry": {"type": "LineString", "coordinates": [[-70.38053, -23.58854], [-70.38053, -23.58805]]}, "properties": {"name": "Ingeniero Hyatt", "highway": "living_street"}}, {"type": "Feature", "geometry": {"type": "LineString", "coordinates": [[-70.3851, -23.58696], [-70.38487, -23.58959]]}, "properties": {"name": "Pasaje Morro de Arica", "highway": "living_street"}}, {"type": "Feature", "geometry": {"type": "LineString", "coordinates": [[-70.37713, -23.59192], [-70.37865, -23.59194]]}, "properties": {"name": "Emilio Correa", "highway": "residential"}}, {"type": "Feature", "geometry": {"type": "LineString", "coordinates": [[-70.37546, -23.58645], [-70.37572, -23.58788], [-70.37566, -23.59091]]}, "properties": {"name": "Cerro Chacaya", "highway": "living_street"}}, {"type": "Feature", "geometry": {"type": "LineString", "coordinates": [[-70.38593, -23.58927], [-70.38505, -23.5875]]}, "properties": {"name": "Pasaje Héroes de la Concepción", "highway": "living_street"}}, {"type": "Feature", "geometry": {"type": "LineString", "coordinates": [[-70.37912, -23.59064], [-70.37913, -23.59003]]}, "properties": {"name": "Pasaje Bonilla", "highway": "living_street"}}, {"type": "Feature", "geometry": {"type": "LineString", "coordinates": [[-70.3819, -23.59025], [-70.38286, -23.59025]]}, "properties": {"name": "Enrique Coke", "highway": "living_street"}}, {"type": "Feature", "geometry": {"type": "LineString", "coordinates": [[-70.37914, -23.59146], [-70.38035, -23.59147]]}, "properties": {"name": "Lorenzo Torres", "highway": "living_street"}}, {"type": "Feature", "geometry": {"type": "LineString", "coordinates": [[-70.37484, -23.59001], [-70.37456, -23.58786]]}, "properties": {"name": "Cerro Guanaqueros", "highway": "living_street"}}, {"type": "Feature", "geometry": {"type": "LineString", "coordinates": [[-70.37804, -23.59193], [-70.37808, -23.59095]]}, "properties": {"name": "Pasaje Solón Salas Fuentealba", "highway": "living_street"}}, {"type": "Feature", "geometry": {"type": "LineString", "coordinates": [[-70.37913, -23.59032], [-70.38009, -23.59033]]}, "properties": {"name": "Heriberto Novoa", "highway": "living_street"}}, {"type": "Feature", "geometry": {"type": "LineString", "coordinates": [[-70.38122, -23.59058], [-70.3819, -23.59058]]}, "properties": {"name": "Antonio Martínez", "highway": "living_street"}}, {"type": "Feature", "geometry": {"type": "LineString", "coordinates": [[-70.38368, -23.59029], [-70.38457, -23.59025]]}, "properties": {"name": "Enrique Coke", "highway": "living_street"}}, {"type": "Feature", "geometry": {"type": "LineString", "coordinates": [[-70.3792, -23.58888], [-70.38087, -23.5889]]}, "properties": {"name": "Soldado Ángel Muñoz", "highway": "living_street"}}, {"type": "Feature", "geometry": {"type": "LineString", "coordinates": [[-70.37524, -23.5909], [-70.37525, -23.59029]]}, "properties": {"name": "Cerro Linzor", "highway": "living_street"}}, {"type": "Feature", "geometry": {"type": "LineString", "coordinates": [[-70.38016, -23.58705], [-70.38047, -23.58706]]}, "properties": {"name": "Soldado Enrique Reyes", "highway": "living_street"}}, {"type": "Feature", "geometry": {"type": "LineString", "coordinates": [[-70.37751, -23.59294], [-70.37753, -23.59193]]}, "properties": {"name": "Raúl Cisternas", "highway": "living_street"}}, {"type": "Feature", "geometry": {"type": "LineString", "coordinates": [[-70.38287, -23.59041], [-70.38368, -23.59037]]}, "properties": {"name": "Enrique Coke", "highway": "living_street"}}, {"type": "Feature", "geometry": {"type": "LineString", "coordinates": [[-70.37426, -23.58715], [-70.37608, -23.5872]]}, "properties": {"name": "Félix Contreras", "highway": "residential"}}, {"type": "Feature", "geometry": {"type": "LineString", "coordinates": [[-70.38095, -23.58796], [-70.38195, -23.58802]]}, "properties": {"name": "Soldado Emilio Rubilar", "highway": "living_street"}}, {"type": "Feature", "geometry": {"type": "LineString", "coordinates": [[-70.38123, -23.58976], [-70.3819, -23.58977]]}, "properties": {"name": "José Espinoza", "highway": "living_street"}}, {"type": "Feature", "geometry": {"type": "LineString", "coordinates": [[-70.38023, -23.58889], [-70.38025, -23.58804]]}, "properties": {"name": "Nicolás González", "highway": "living_street"}}, {"type": "Feature", "geometry": {"type": "LineString", "coordinates": [[-70.37759, -23.59193], [-70.37761, -23.59095]]}, "properties": {"name": "Raúl Cisternas", "highway": "living_street"}}, {"type": "Feature", "geometry": {"type": "LineString", "coordinates": [[-70.3812, -23.59099], [-70.38124, -23.58935]]}, "properties": {"name": "Anacleto Solorza", "highway": "living_street"}}, {"type": "Feature", "geometry": {"type": "LineString", "coordinates": [[-70.37795, -23.58917], [-70.37803, -23.58652]]}, "properties": {"name": "Pasaje Solón Salas Fuentealba", "highway": "living_street"}}, {"type": "Feature", "geometry": {"type": "LineString", "coordinates": [[-70.37802, -23.58144], [-70.37708, -23.58135]]}, "properties": {"name": "Julio Montt Salamanca", "highway": "residential"}}, {"type": "Feature", "geometry": {"type": "LineString", "coordinates": [[-70.37906, -23.58411], [-70.37403, -23.58384]]}, "properties": {"name": "Ignacio Carrera Pinto", "highway": "tertiary"}}, {"type": "Feature", "geometry": {"type": "LineString", "coordinates": [[-70.3776, -23.58851], [-70.37881, -23.58852]]}, "properties": {"name": "Pasaje Juan Rojas", "highway": "living_street"}}, {"type": "Feature", "geometry": {"type": "LineString", "coordinates": [[-70.37579, -23.58472], [-70.37773, -23.58484]]}, "properties": {"name": "Río Palena", "highway": "living_street"}}, {"type": "Feature", "geometry": {"type": "LineString", "coordinates": [[-70.37747, -23.58237], [-70.37708, -23.5865]]}, "properties": {"name": "Detective Luis Carrasco", "highway": "residential"}}, {"type": "Feature", "geometry": {"type": "LineString", "coordinates": [[-70.37717, -23.59004], [-70.37718, -23.58916]]}, "properties": {"name": "Luis Carrasco Blu", "highway": "living_street"}}, {"type": "Feature", "geometry": {"type": "LineString", "coordinates": [[-70.37835, -23.58918], [-70.37839, -23.58653]]}, "properties": {"name": "Pasaje Carlos Pérez Bretti", "highway": "living_street"}}, {"type": "Feature", "geometry": {"type": "LineString", "coordinates": [[-70.37797, -23.58209], [-70.37922, -23.58218]]}, "properties": {"name": "El Laco", "highway": "residential"}}, {"type": "Feature", "geometry": {"type": "LineString", "coordinates": [[-70.37566, -23.58563], [-70.37891, -23.58574]]}, "properties": {"name": "Río Doñihue", "highway": "residential"}}, {"type": "Feature", "geometry": {"type": "LineString", "coordinates": [[-70.37759, -23.59055], [-70.37877, -23.59056]]}, "properties": {"name": "Antonio Martínez", "highway": "living_street"}}, {"type": "Feature", "geometry": {"type": "LineString", "coordinates": [[-70.37769, -23.58527], [-70.37894, -23.58538]]}, "properties": {"name": "Río Limarí", "highway": "living_street"}}, {"type": "Feature", "geometry": {"type": "LineString", "coordinates": [[-70.3783, -23.58211], [-70.37812, -23.58404]]}, "properties": {"name": "Detective Solón Salas Fuentealba", "highway": "residential"}}, {"type": "Feature", "geometry": {"type": "LineString", "coordinates": [[-70.37759, -23.59004], [-70.37647, -23.59003]]}, "properties": {"name": "Heriberto Novoa", "highway": "living_street"}}, {"type": "Feature", "geometry": {"type": "LineString", "coordinates": [[-70.37858, -23.58407], [-70.37874, -23.58214]]}, "properties": {"name": "Pasaje Carlos Pérez Bretti", "highway": "residential"}}, {"type": "Feature", "geometry": {"type": "LineString", "coordinates": [[-70.37775, -23.58469], [-70.379, -23.58479]]}, "properties": {"name": "Río Palena", "highway": "living_street"}}, {"type": "Feature", "geometry": {"type": "LineString", "coordinates": [[-70.377, -23.58742], [-70.37697, -23.5865]]}, "properties": {"name": "Luis Carrasco Blu", "highway": "living_street"}}, {"type": "Feature", "geometry": {"type": "LineString", "coordinates": [[-70.37537, -23.5843], [-70.37777, -23.58446]]}, "properties": {"name": "Río Salado", "highway": "living_street"}}, {"type": "Feature", "geometry": {"type": "LineString", "coordinates": [[-70.37456, -23.58645], [-70.37481, -23.58786]]}, "properties": {"name": "Cerro Overo", "highway": "living_street"}}, {"type": "Feature", "geometry": {"type": "LineString", "coordinates": [[-70.37717, -23.5896], [-70.37644, -23.5896]]}, "properties": {"name": "José Espinoza", "highway": "living_street"}}, {"type": "Feature", "geometry": {"type": "LineString", "coordinates": [[-70.37582, -23.58604], [-70.37411, -23.58416], [-70.37403, -23.58384]]}, "properties": {"name": "Cerro Pedregal", "highway": "tertiary"}}, {"type": "Feature", "geometry": {"type": "LineString", "coordinates": [[-70.37954, -23.58888], [-70.37954, -23.58836]]}, "properties": {"name": "Eloísa Viuda de Zurita", "highway": "living_street"}}, {"type": "Feature", "geometry": {"type": "LineString", "coordinates": [[-70.374, -23.58643], [-70.37593, -23.58646]]}, "properties": {"name": "Cabo Juan Bolívar", "highway": "residential"}}, {"type": "Feature", "geometry": {"type": "LineString", "coordinates": [[-70.37759, -23.59095], [-70.37761, -23.58651]]}, "properties": {"name": "Raúl Cisternas", "highway": "residential"}}, {"type": "Feature", "geometry": {"type": "LineString", "coordinates": [[-70.37915, -23.58312], [-70.37691, -23.58296]]}, "properties": {"name": "El Abra", "highway": "living_street"}}, {"type": "Feature", "geometry": {"type": "LineString", "coordinates": [[-70.37711, -23.58916], [-70.37714, -23.58743]]}, "properties": {"name": "Luis Carrasco Blu", "highway": "living_street"}}, {"type": "Feature", "geometry": {"type": "LineString", "coordinates": [[-70.37808, -23.58568], [-70.37823, -23.58405]]}, "properties": {"name": "Detective Solón Salas Fuentealba", "highway": "residential"}}, {"type": "Feature", "geometry": {"type": "LineString", "coordinates": [[-70.3765, -23.58915], [-70.37659, -23.58649]]}, "properties": {"name": "Río Maule", "highway": "residential"}}, {"type": "Feature", "geometry": {"type": "LineString", "coordinates": [[-70.37839, -23.58653], [-70.37843, -23.5857]]}, "properties": {"name": "Pasaje Carlos Pérez Bretti", "highway": "residential"}}, {"type": "Feature", "geometry": {"type": "LineString", "coordinates": [[-70.37654, -23.58743], [-70.37761, -23.58744]]}, "properties": {"name": "Soldado Emilio Rubilar", "highway": "living_street"}}, {"type": "Feature", "geometry": {"type": "LineString", "coordinates": [[-70.37918, -23.58921], [-70.37921, -23.58803]]}, "properties": {"name": "Pasaje Óscar Bonilla", "highway": "living_street"}}, {"type": "Feature", "geometry": {"type": "LineString", "coordinates": [[-70.37651, -23.59046], [-70.37759, -23.59047]]}, "properties": {"name": "Antonio Martínez", "highway": "living_street"}}, {"type": "Feature", "geometry": {"type": "LineString", "coordinates": [[-70.37794, -23.59028], [-70.37795, -23.58917]]}, "properties": {"name": "Pasaje Solón Salas Fuentealba", "highway": "living_street"}}, {"type": "Feature", "geometry": {"type": "LineString", "coordinates": [[-70.37699, -23.58713], [-70.37761, -23.58714]]}, "properties": {"name": "Félix Contreras", "highway": "living_street"}}, {"type": "Feature", "geometry": {"type": "LineString", "coordinates": [[-70.37652, -23.58824], [-70.3776, -23.58827]]}, "properties": {"name": "Pasaje Juan Rojas", "highway": "living_street"}}, {"type": "Feature", "geometry": {"type": "LineString", "coordinates": [[-70.37413, -23.58784], [-70.374, -23.58643]]}, "properties": {"name": "Circunvalación Norte", "highway": "residential"}}, {"type": "Feature", "geometry": {"type": "LineString", "coordinates": [[-70.37439, -23.58785], [-70.37408, -23.58644]]}, "properties": {"name": "Cerro Guanaqueros", "highway": "residential"}}, {"type": "Feature", "geometry": {"type": "LineString", "coordinates": [[-70.37858, -23.58407], [-70.37847, -23.58534]]}, "properties": {"name": "Pasaje Carlos Pérez Bretti", "highway": "living_street"}}, {"type": "Feature", "geometry": {"type": "LineString", "coordinates": [[-70.37877, -23.59029], [-70.37759, -23.59027]]}, "properties": {"name": "Heriberto Novoa", "highway": "living_street"}}, {"type": "Feature", "geometry": {"type": "LineString", "coordinates": [[-70.37827, -23.59029], [-70.37829, -23.58918]]}, "properties": {"name": "Pasaje Carlos Pérez Bretti", "highway": "living_street"}}, {"type": "Feature", "geometry": {"type": "LineString", "coordinates": [[-70.38382, -23.583], [-70.38504, -23.58307]]}, "properties": {"name": "Turi", "highway": "residential"}}, {"type": "Feature", "geometry": {"type": "LineString", "coordinates": [[-70.37376, -23.57882], [-70.37716, -23.58014]]}, "properties": {"name": "María Elena", "highway": "residential"}}, {"type": "Feature", "geometry": {"type": "LineString", "coordinates": [[-70.38198, -23.58517], [-70.38199, -23.58428]]}, "properties": {"name": "Lorenzo Arenas", "highway": "living_street"}}, {"type": "Feature", "geometry": {"type": "LineString", "coordinates": [[-70.38142, -23.58228], [-70.38252, -23.58235]]}, "properties": {"name": "El Laco", "highway": "living_street"}}, {"type": "Feature", "geometry": {"type": "LineString", "coordinates": [[-70.3774, -23.57691], [-70.37405, -23.57586]]}, "properties": {"name": "Río Toltén", "highway": "residential"}}, {"type": "Feature", "geometry": {"type": "LineString", "coordinates": [[-70.38641, -23.57868], [-70.3866, -23.57629]]}, "properties": {"name": "Pasaje Cerro Ñielol", "highway": "living_street"}}, {"type": "Feature", "geometry": {"type": "LineString", "coordinates": [[-70.37381, -23.58465], [-70.37447, -23.58456]]}, "properties": {"name": "Pasaje Río Palena", "highway": "living_street"}}, {"type": "Feature", "geometry": {"type": "LineString", "coordinates": [[-70.38917, -23.57921], [-70.38912, -23.57641]]}, "properties": {"name": "Sierra Nevada", "highway": "residential"}}, {"type": "Feature", "geometry": {"type": "LineString", "coordinates": [[-70.37433, -23.58601], [-70.37429, -23.58505]]}, "properties": {"name": "Pasaje Cerro Overo", "highway": "living_street"}}, {"type": "Feature", "geometry": {"type": "LineString", "coordinates": [[-70.39362, -23.57688], [-70.3912, -23.57668]]}, "properties": {"name": "Chacalluta", "highway": "secondary"}}, {"type": "Feature", "geometry": {"type": "LineString", "coordinates": [[-70.38779, -23.57879], [-70.38798, -23.57641]]}, "properties": {"name": "Volcán Licancabur", "highway": "residential"}}, {"type": "Feature", "geometry": {"type": "LineString", "coordinates": [[-70.37817, -23.57947], [-70.37892, -23.57952]]}, "properties": {"name": "Pasaje San Isidro", "highway": "living_street"}}, {"type": "Feature", "geometry": {"type": "LineString", "coordinates": [[-70.37539, -23.58535], [-70.37596, -23.58511]]}, "properties": {"name": "Dinka llic", "highway": "living_street"}}, {"type": "Feature", "geometry": {"type": "LineString", "coordinates": [[-70.38275, -23.58137], [-70.38308, -23.58138]]}, "properties": {"name": "Sloman", "highway": "living_street"}}, {"type": "Feature", "geometry": {"type": "LineString", "coordinates": [[-70.3845, -23.58474], [-70.38469, -23.58229]]}, "properties": {"name": "Ayquina", "highway": "living_street"}}, {"type": "Feature", "geometry": {"type": "LineString", "coordinates": [[-70.38312, -23.58096], [-70.38154, -23.58085]]}, "properties": {"name": "Pasaje Camar", "highway": "living_street"}}, {"type": "Feature", "geometry": {"type": "LineString", "coordinates": [[-70.38226, -23.58429], [-70.38226, -23.58418]]}, "properties": {"name": "Miscanti", "highway": "living_street"}}, {"type": "Feature", "geometry": {"type": "LineString", "coordinates": [[-70.38157, -23.58624], [-70.38246, -23.58626]]}, "properties": {"name": "Pasaje Río Doñihue", "highway": "living_street"}}, {"type": "Feature", "geometry": {"type": "LineString", "coordinates": [[-70.37853, -23.58068], [-70.37857, -23.58024]]}, "properties": {"name": "Pasaje Solón Salas Fuentealba", "highway": "living_street"}}, {"type": "Feature", "geometry": {"type": "LineString", "coordinates": [[-70.38413, -23.58569], [-70.38451, -23.58646]]}, "properties": {"name": "Río Millahue", "highway": "living_street"}}, {"type": "Feature", "geometry": {"type": "LineString", "coordinates": [[-70.38296, -23.57938], [-70.38302, -23.57868]]}, "properties": {"name": "Pasaje Río Imperial", "highway": "living_street"}}, {"type": "Feature", "geometry": {"type": "LineString", "coordinates": [[-70.38204, -23.57969], [-70.38213, -23.57862]]}, "properties": {"name": "Pasaje Anacleto Solorza", "highway": "living_street"}}, {"type": "Feature", "geometry": {"type": "LineString", "coordinates": [[-70.3851, -23.58232], [-70.38339, -23.58222]]}, "properties": {"name": "Quitor", "highway": "living_street"}}, {"type": "Feature", "geometry": {"type": "LineString", "coordinates": [[-70.38354, -23.58548], [-70.38399, -23.58643]]}, "properties": {"name": "Pasaje Río Imperial", "highway": "living_street"}}, {"type": "Feature", "geometry": {"type": "LineString", "coordinates": [[-70.37425, -23.58331], [-70.37685, -23.58349]]}, "properties": {"name": "Juan Agustín Cornejo", "highway": "living_street"}}, {"type": "Feature", "geometry": {"type": "LineString", "coordinates": [[-70.38295, -23.58413], [-70.38305, -23.58287]]}, "properties": {"name": "Pasaje Río Imperial", "highway": "living_street"}}, {"type": "Feature", "geometry": {"type": "LineString", "coordinates": [[-70.37429, -23.58189], [-70.37416, -23.58284]]}, "properties": {"name": "Pasaje Cerro Pedregal", "highway": "living_street"}}, {"type": "Feature", "geometry": {"type": "LineString", "coordinates": [[-70.3869, -23.57872], [-70.38709, -23.57633]]}, "properties": {"name": "Valle del Encanto", "highway": "residential"}}, {"type": "Feature", "geometry": {"type": "LineString", "coordinates": [[-70.38201, -23.58048], [-70.38205, -23.58006]]}, "properties": {"name": "Pasaje Anacleto Solorza", "highway": "living_street"}}, {"type": "Feature", "geometry": {"type": "LineString", "coordinates": [[-70.38502, -23.58649], [-70.38297, -23.58636]]}, "properties": {"name": "Río Claro", "highway": "living_street"}}, {"type": "Feature", "geometry": {"type": "LineString", "coordinates": [[-70.38416, -23.58478], [-70.38277, -23.58535]]}, "properties": {"name": "Río Palena", "highway": "living_street"}}, {"type": "Feature", "geometry": {"type": "LineString", "coordinates": [[-70.37591, -23.58554], [-70.376, -23.58472]]}, "properties": {"name": "René Peri", "highway": "living_street"}}, {"type": "Feature", "geometry": {"type": "LineString", "coordinates": [[-70.38022, -23.58118], [-70.38151, -23.58124]]}, "properties": {"name": "Sloman", "highway": "living_street"}}, {"type": "Feature", "geometry": {"type": "LineString", "coordinates": [[-70.37934, -23.58074], [-70.37735, -23.5806], [-70.37608, -23.58021]]}, "properties": {"name": "Pasaje Camar", "highway": "living_street"}}, {"type": "Feature", "geometry": {"type": "LineString", "coordinates": [[-70.37993, -23.57954], [-70.37986, -23.58033]]}, "properties": {"name": "Pasaje Óscar Bonilla", "highway": "living_street"}}, {"type": "Feature", "geometry": {"type": "LineString", "coordinates": [[-70.37982, -23.58074], [-70.37975, -23.58156]]}, "properties": {"name": "Pasaje Óscar Bonilla", "highway": "living_street"}}, {"type": "Feature", "geometry": {"type": "LineString", "coordinates": [[-70.38882, -23.57886], [-70.38902, -23.57649]]}, "properties": {"name": "Valle Nevado", "highway": "living_street"}}, {"type": "Feature", "geometry": {"type": "LineString", "coordinates": [[-70.37545, -23.58486], [-70.37549, -23.58431]]}, "properties": {"name": "Josefa Fajardo Gajardo", "highway": "living_street"}}, {"type": "Feature", "geometry": {"type": "LineString", "coordinates": [[-70.38769, -23.59192], [-70.38756, -23.59165]]}, "properties": {"name": "Héroes de la Conpcecion", "highway": "tertiary"}}, {"type": "Feature", "geometry": {"type": "LineString", "coordinates": [[-70.38253, -23.58218], [-70.38312, -23.58221]]}, "properties": {"name": "Pasaje Quitor", "highway": "living_street"}}, {"type": "Feature", "geometry": {"type": "LineString", "coordinates": [[-70.3823, -23.58585], [-70.38216, -23.58517]]}, "properties": {"name": "Lorenzo Arenas", "highway": "living_street"}}, {"type": "Feature", "geometry": {"type": "LineString", "coordinates": [[-70.38118, -23.58524], [-70.37897, -23.58509]]}, "properties": {"name": "Río Palena", "highway": "residential"}}, {"type": "Feature", "geometry": {"type": "LineString", "coordinates": [[-70.37946, -23.58512], [-70.37955, -23.58414]]}, "properties": {"name": "Pasaje Óscar Bonilla", "highway": "residential"}}, {"type": "Feature", "geometry": {"type": "LineString", "coordinates": [[-70.38517, -23.58154], [-70.38339, -23.58144]]}, "properties": {"name": "Sloman", "highway": "residential"}}, {"type": "Feature", "geometry": {"type": "LineString", "coordinates": [[-70.38135, -23.58323], [-70.38348, -23.58337]]}, "properties": {"name": "El Abra", "highway": "residential"}}, {"type": "Feature", "geometry": {"type": "LineString", "coordinates": [[-70.38203, -23.58322], [-70.38209, -23.58237]]}, "properties": {"name": "Lorenzo Arenas", "highway": "living_street"}}, {"type": "Feature", "geometry": {"type": "LineString", "coordinates": [[-70.38264, -23.58467], [-70.38123, -23.58473]]}, "properties": {"name": "Río Salado", "highway": "living_street"}}, {"type": "Feature", "geometry": {"type": "LineString", "coordinates": [[-70.38372, -23.58587], [-70.38453, -23.58553]]}, "properties": {"name": "Pasaje Río Doñihue", "highway": "living_street"}}, {"type": "Feature", "geometry": {"type": "LineString", "coordinates": [[-70.38162, -23.58428], [-70.38178, -23.5823]]}, "properties": {"name": "Pasaje Anacleto Solorza", "highway": "living_street"}}, {"type": "Feature", "geometry": {"type": "LineString", "coordinates": [[-70.38119, -23.58514], [-70.38272, -23.5851]]}, "properties": {"name": "Río Palena", "highway": "living_street"}}, {"type": "Feature", "geometry": {"type": "LineString", "coordinates": [[-70.3825, -23.5825], [-70.3832, -23.58255]]}, "properties": {"name": "El Laco", "highway": "living_street"}}, {"type": "Feature", "geometry": {"type": "LineString", "coordinates": [[-70.37429, -23.58189], [-70.37482, -23.58242], [-70.37482, -23.58287]]}, "properties": {"name": "Luis Urzúa", "highway": "living_street"}}, {"type": "Feature", "geometry": {"type": "LineString", "coordinates": [[-70.37609, -23.57865], [-70.37691, -23.57894], [-70.38081, -23.57923]]}, "properties": {"name": "Pasaje Coya Sur", "highway": "living_street"}}, {"type": "Feature", "geometry": {"type": "LineString", "coordinates": [[-70.38025, -23.58589], [-70.38043, -23.58421]]}, "properties": {"name": "Pasaje Ingeniero Hyatt", "highway": "living_street"}}, {"type": "Feature", "geometry": {"type": "LineString", "coordinates": [[-70.38118, -23.57963], [-70.38124, -23.57897]]}, "properties": {"name": "Pasaje Huamachuco", "highway": "living_street"}}, {"type": "Feature", "geometry": {"type": "LineString", "coordinates": [[-70.37807, -23.58065], [-70.37848, -23.57548]]}, "properties": {"name": "Raúl Cisternas", "highway": "residential"}}, {"type": "Feature", "geometry": {"type": "LineString", "coordinates": [[-70.37871, -23.58108], [-70.37815, -23.58104]]}, "properties": {"name": "Julio Montt Salamanca", "highway": "living_street"}}, {"type": "Feature", "geometry": {"type": "LineString", "coordinates": [[-70.3789, -23.57982], [-70.37895, -23.57909]]}, "properties": {"name": "Pasaje Carlos Pérez Bretti", "highway": "living_street"}}, {"type": "Feature", "geometry": {"type": "LineString", "coordinates": [[-70.38286, -23.58018], [-70.38325, -23.5802]]}, "properties": {"name": "Pasaje Paposo", "highway": "living_street"}}, {"type": "Feature", "geometry": {"type": "LineString", "coordinates": [[-70.38831, -23.57883], [-70.38852, -23.57645]]}, "properties": {"name": "Pasaje Las Peñas", "highway": "living_street"}}, {"type": "Feature", "geometry": {"type": "LineString", "coordinates": [[-70.38272, -23.58177], [-70.3829, -23.57975]]}, "properties": {"name": "Pasaje Río Imperial", "highway": "residential"}}, {"type": "Feature", "geometry": {"type": "LineString", "coordinates": [[-70.38332, -23.57978], [-70.37945, -23.57951]]}, "properties": {"name": "Pasaje San Isidro", "highway": "living_street"}}, {"type": "Feature", "geometry": {"type": "LineString", "coordinates": [[-70.38253, -23.58679], [-70.38238, -23.58584]]}, "properties": {"name": "Lorenzo Arenas", "highway": "living_street"}}, {"type": "Feature", "geometry": {"type": "LineString", "coordinates": [[-70.38613, -23.57617], [-70.38591, -23.5788]]}, "properties": {"name": "Futaleufú", "highway": "residential"}}, {"type": "Feature", "geometry": {"type": "LineString", "coordinates": [[-70.38074, -23.57997], [-70.38244, -23.58009]]}, "properties": {"name": "Pasaje Paposo", "highway": "living_street"}}, {"type": "Feature", "geometry": {"type": "LineString", "coordinates": [[-70.37988, -23.58515], [-70.37996, -23.58417]]}, "properties": {"name": "Nicolás González", "highway": "living_street"}}, {"type": "Feature", "geometry": {"type": "LineString", "coordinates": [[-70.37942, -23.57985], [-70.37861, -23.5798]]}, "properties": {"name": "Paposo", "highway": "living_street"}}, {"type": "Feature", "geometry": {"type": "LineString", "coordinates": [[-70.38734, -23.57875], [-70.38754, -23.57637]]}, "properties": {"name": "Pasaje Río Simpson", "highway": "living_street"}}, {"type": "Feature", "geometry": {"type": "LineString", "coordinates": [[-70.37483, -23.58474], [-70.37508, -23.58451], [-70.37523, -23.58289]]}, "properties": {"name": "Juan de Dios Reyes", "highway": "living_street"}}, {"type": "Feature", "geometry": {"type": "LineString", "coordinates": [[-70.38068, -23.58592], [-70.38083, -23.58424]]}, "properties": {"name": "Pasaje Huamachuco", "highway": "living_street"}}, {"type": "Feature", "geometry": {"type": "LineString", "coordinates": [[-70.38102, -23.58165], [-70.38113, -23.58042]]}, "properties": {"name": "Pasaje Huamachuco", "highway": "living_street"}}, {"type": "Feature", "geometry": {"type": "LineString", "coordinates": [[-70.38401, -23.57765], [-70.39064, -23.57819]]}, "properties": {"name": "Juan Pablo II", "highway": "tertiary"}}, {"type": "Feature", "geometry": {"type": "LineString", "coordinates": [[-70.37814, -23.58509], [-70.37849, -23.58512]]}, "properties": {"name": "Pasaje Río Grande", "highway": "living_street"}}, {"type": "Feature", "geometry": {"type": "LineString", "coordinates": [[-70.37613, -23.58647], [-70.37628, -23.58436]]}, "properties": {"name": "Río Petorca", "highway": "residential"}}, {"type": "Feature", "geometry": {"type": "LineString", "coordinates": [[-70.38497, -23.58406], [-70.38416, -23.584]]}, "properties": {"name": "Río Palena", "highway": "residential"}}, {"type": "Feature", "geometry": {"type": "LineString", "coordinates": [[-70.38151, -23.58124], [-70.38235, -23.58128]]}, "properties": {"name": "Sloman", "highway": "living_street"}}, {"type": "Feature", "geometry": {"type": "LineString", "coordinates": [[-70.38256, -23.58176], [-70.38248, -23.58285]]}, "properties": {"name": "El Roble", "highway": "residential"}}, {"type": "Feature", "geometry": {"type": "LineString", "coordinates": [[-70.38255, -23.57864], [-70.38231, -23.58174]]}, "properties": {"name": "El Roble", "highway": "residential"}}, {"type": "Feature", "geometry": {"type": "LineString", "coordinates": [[-70.38285, -23.58577], [-70.38114, -23.58578]]}, "properties": {"name": "Río Limarí", "highway": "living_street"}}, {"type": "Feature", "geometry": {"type": "LineString", "coordinates": [[-70.38153, -23.58672], [-70.38161, -23.58581]]}, "properties": {"name": "Pasaje Anacleto Solorza", "highway": "living_street"}}, {"type": "Feature", "geometry": {"type": "LineString", "coordinates": [[-70.38299, -23.57909], [-70.38252, -23.57905]]}, "properties": {"name": "Pasaje Mantos Blancos", "highway": "living_street"}}, {"type": "Feature", "geometry": {"type": "LineString", "coordinates": [[-70.37582, -23.58604], [-70.37616, -23.58597]]}, "properties": {"name": "Valle de la Luna", "highway": "living_street"}}, {"type": "Feature", "geometry": {"type": "LineString", "coordinates": [[-70.37863, -23.5795], [-70.37857, -23.58024]]}, "properties": {"name": "Pasaje Solón Salas Fuentealba", "highway": "living_street"}}, {"type": "Feature", "geometry": {"type": "LineString", "coordinates": [[-70.37395, -23.58601], [-70.37505, -23.586], [-70.37546, -23.58565]]}, "properties": {"name": "Pasaje Río Doñihue", "highway": "living_street"}}, {"type": "Feature", "geometry": {"type": "LineString", "coordinates": [[-70.3821, -23.57903], [-70.37997, -23.57888]]}, "properties": {"name": "Pasaje Mantos Blancos", "highway": "living_street"}}, {"type": "Feature", "geometry": {"type": "LineString", "coordinates": [[-70.38189, -23.58171], [-70.38195, -23.58125]]}, "properties": {"name": "Pasaje Anacleto Solorza", "highway": "living_street"}}, {"type": "Feature", "geometry": {"type": "LineString", "coordinates": [[-70.37507, -23.58645], [-70.37505, -23.586]]}, "properties": {"name": "Pasaje Cerro Linzor", "highway": "living_street"}}, {"type": "Feature", "geometry": {"type": "LineString", "coordinates": [[-70.38063, -23.5812], [-70.38086, -23.57853]]}, "properties": {"name": "Ingeniero Hyatt", "highway": "living_street"}}, {"type": "Feature", "geometry": {"type": "LineString", "coordinates": [[-70.37471, -23.58501], [-70.37477, -23.586]]}, "properties": {"name": "Pasaje Cerro Linzor", "highway": "living_street"}}, {"type": "Feature", "geometry": {"type": "LineString", "coordinates": [[-70.38387, -23.58223], [-70.3838, -23.58337]]}, "properties": {"name": "Conchi", "highway": "living_street"}}, {"type": "Feature", "geometry": {"type": "LineString", "coordinates": [[-70.379, -23.58484], [-70.3812, -23.58499]]}, "properties": {"name": "Río Salado", "highway": "residential"}}, {"type": "Feature", "geometry": {"type": "LineString", "coordinates": [[-70.3823, -23.58283], [-70.38248, -23.58285]]}, "properties": {"name": "Turi", "highway": "living_street"}}, {"type": "Feature", "geometry": {"type": "LineString", "coordinates": [[-70.38019, -23.58159], [-70.38045, -23.5785]]}, "properties": {"name": "Nicolás González", "highway": "living_street"}}, {"type": "Feature", "geometry": {"type": "LineString", "coordinates": [[-70.38332, -23.58336], [-70.38328, -23.58399], [-70.38373, -23.58496]]}, "properties": {"name": "Río Millahue", "highway": "living_street"}}, {"type": "Feature", "geometry": {"type": "LineString", "coordinates": [[-70.38207, -23.57932], [-70.38339, -23.57941]]}, "properties": {"name": "Pasaje Coya Sur", "highway": "living_street"}}, {"type": "Feature", "geometry": {"type": "LineString", "coordinates": [[-70.38513, -23.58193], [-70.38335, -23.58184]]}, "properties": {"name": "Julio Montt Salamanca", "highway": "residential"}}, {"type": "Feature", "geometry": {"type": "LineString", "coordinates": [[-70.38882, -23.57886], [-70.38592, -23.57864]]}, "properties": {"name": "Farellones", "highway": "living_street"}}, {"type": "Feature", "geometry": {"type": "LineString", "coordinates": [[-70.38183, -23.57738], [-70.37964, -23.57723]]}, "properties": {"name": "Pasaje Río Loncomilla", "highway": "living_street"}}, {"type": "Feature", "geometry": {"type": "LineString", "coordinates": [[-70.38101, -23.57654], [-70.3797, -23.57645]]}, "properties": {"name": "Río Lontué", "highway": "residential"}}, {"type": "Feature", "geometry": {"type": "LineString", "coordinates": [[-70.38086, -23.57853], [-70.38107, -23.57575]]}, "properties": {"name": "Ingeniero Hyatt", "highway": "residential"}}, {"type": "Feature", "geometry": {"type": "LineString", "coordinates": [[-70.37915, -23.57723], [-70.37788, -23.57715]]}, "properties": {"name": "Pasaje Río Loncomilla", "highway": "living_street"}}, {"type": "Feature", "geometry": {"type": "LineString", "coordinates": [[-70.37878, -23.57721], [-70.37892, -23.57552]]}, "properties": {"name": "Pasaje Solón Salas Fuentealba", "highway": "living_street"}}, {"type": "Feature", "geometry": {"type": "LineString", "coordinates": [[-70.38008, -23.57763], [-70.37995, -23.57916]]}, "properties": {"name": "Pasaje Óscar Bonilla", "highway": "living_street"}}, {"type": "Feature", "geometry": {"type": "LineString", "coordinates": [[-70.37882, -23.57673], [-70.37967, -23.57678]]}, "properties": {"name": "Pasaje Río Longaví", "highway": "living_street"}}, {"type": "Feature", "geometry": {"type": "LineString", "coordinates": [[-70.3797, -23.5764], [-70.37746, -23.57624]]}, "properties": {"name": "Río Lontué", "highway": "living_street"}}, {"type": "Feature", "geometry": {"type": "LineString", "coordinates": [[-70.37684, -23.57681], [-70.37727, -23.57579]]}, "properties": {"name": "Neftalí Agrella", "highway": "living_street"}}, {"type": "Feature", "geometry": {"type": "LineString", "coordinates": [[-70.37744, -23.57648], [-70.37654, -23.57627]]}, "properties": {"name": "Pasaje Elías Lafertte", "highway": "living_street"}}, {"type": "Feature", "geometry": {"type": "LineString", "coordinates": [[-70.38092, -23.57772], [-70.3818, -23.57778]]}, "properties": {"name": "Río Lircay", "highway": "residential"}}, {"type": "Feature", "geometry": {"type": "LineString", "coordinates": [[-70.3801, -23.57726], [-70.38017, -23.57648]]}, "properties": {"name": "Pasaje Óscar Bonilla", "highway": "living_street"}}, {"type": "Feature", "geometry": {"type": "LineString", "coordinates": [[-70.37862, -23.57906], [-70.37876, -23.57758]]}, "properties": {"name": "Pasaje Solón Salas Fuentealba", "highway": "living_street"}}, {"type": "Feature", "geometry": {"type": "LineString", "coordinates": [[-70.37426, -23.57743], [-70.37481, -23.57612]]}, "properties": {"name": "Los Chungungos", "highway": "tertiary"}}, {"type": "Feature", "geometry": {"type": "LineString", "coordinates": [[-70.37573, -23.57956], [-70.37631, -23.5781]]}, "properties": {"name": "Neftalí Agrella", "highway": "residential"}}, {"type": "Feature", "geometry": {"type": "LineString", "coordinates": [[-70.37901, -23.57909], [-70.37919, -23.57675]]}, "properties": {"name": "Pasaje Carlos Pérez Bretti", "highway": "living_street"}}, {"type": "Feature", "geometry": {"type": "LineString", "coordinates": [[-70.3796, -23.57764], [-70.37735, -23.57748]]}, "properties": {"name": "Río Lircay", "highway": "living_street"}}, {"type": "Feature", "geometry": {"type": "LineString", "coordinates": [[-70.38044, -23.57808], [-70.38051, -23.57729]]}, "properties": {"name": "Nicolás González", "highway": "living_street"}}, {"type": "Feature", "geometry": {"type": "LineString", "coordinates": [[-70.38126, -23.57856], [-70.38133, -23.57775]]}, "properties": {"name": "Pasaje Huamachuco", "highway": "living_street"}}, {"type": "Feature", "geometry": {"type": "LineString", "coordinates": [[-70.38048, -23.57766], [-70.3796, -23.5776]]}, "properties": {"name": "Río Lircay", "highway": "living_street"}}, {"type": "Feature", "geometry": {"type": "LineString", "coordinates": [[-70.37965, -23.57703], [-70.37917, -23.577]]}, "properties": {"name": "Río Toltén", "highway": "living_street"}}, {"type": "Feature", "geometry": {"type": "LineString", "coordinates": [[-70.38064, -23.57571], [-70.38057, -23.57651]]}, "properties": {"name": "Nicolás González", "highway": "living_street"}}, {"type": "Feature", "geometry": {"type": "LineString", "coordinates": [[-70.38137, -23.57735], [-70.38144, -23.57657]]}, "properties": {"name": "Pasaje Huamachuco", "highway": "living_street"}}, {"type": "Feature", "geometry": {"type": "LineString", "coordinates": [[-70.3774, -23.57691], [-70.3788, -23.57701]]}, "properties": {"name": "Río Toltén", "highway": "living_street"}}, {"type": "Feature", "geometry": {"type": "LineString", "coordinates": [[-70.37659, -23.58649], [-70.37754, -23.57542]]}, "properties": {"name": "Río Maule", "highway": "tertiary"}}, {"type": "Feature", "geometry": {"type": "LineString", "coordinates": [[-70.37761, -23.58017], [-70.37803, -23.57547]]}, "properties": {"name": "Detective Luis Carrasco Blu", "highway": "residential"}}, {"type": "Feature", "geometry": {"type": "LineString", "coordinates": [[-70.38004, -23.57805], [-70.38088, -23.57811]]}, "properties": {"name": "Pasaje Río Cachapoal", "highway": "living_street"}}, {"type": "Feature", "geometry": {"type": "LineString", "coordinates": [[-70.37501, -23.5793], [-70.37528, -23.57863]]}, "properties": {"name": "Pasaje Loa Auquénidos", "highway": "living_street"}}, {"type": "Feature", "geometry": {"type": "LineString", "coordinates": [[-70.37733, -23.57783], [-70.37648, -23.57768]]}, "properties": {"name": "Juan Lorenzo Mandiola", "highway": "living_street"}}, {"type": "Feature", "geometry": {"type": "LineString", "coordinates": [[-70.37406, -23.57858], [-70.3757, -23.57912]]}, "properties": {"name": "San Isidro", "highway": "living_street"}}, {"type": "Feature", "geometry": {"type": "LineString", "coordinates": [[-70.37449, -23.57518], [-70.37417, -23.57525], [-70.37339, -23.5787]]}, "properties": {"name": "Pasaje Circunvalación Norte", "highway": "living_street"}}, {"type": "Feature", "geometry": {"type": "LineString", "coordinates": [[-70.37669, -23.57718], [-70.37702, -23.57729]]}, "properties": {"name": "Gustavo Le Paige", "highway": "living_street"}}, {"type": "Feature", "geometry": {"type": "LineString", "coordinates": [[-70.37463, -23.57649], [-70.37395, -23.57625]]}, "properties": {"name": "Gustavo Le Paige", "highway": "living_street"}}, {"type": "Feature", "geometry": {"type": "LineString", "coordinates": [[-70.37431, -23.5779], [-70.37597, -23.57844]]}, "properties": {"name": "Pasaje Los Gorriones", "highway": "residential"}}, {"type": "Feature", "geometry": {"type": "LineString", "coordinates": [[-70.37555, -23.5795], [-70.37668, -23.57675]]}, "properties": {"name": "Raúl Campana", "highway": "residential"}}, {"type": "Feature", "geometry": {"type": "LineString", "coordinates": [[-70.37444, -23.57697], [-70.37383, -23.57677]]}, "properties": {"name": "Juan Lorenzo Mandiola", "highway": "living_street"}}, {"type": "Feature", "geometry": {"type": "LineString", "coordinates": [[-70.37593, -23.57905], [-70.37768, -23.57942]]}, "properties": {"name": "Pasaje San Isidro", "highway": "living_street"}}, {"type": "Feature", "geometry": {"type": "LineString", "coordinates": [[-70.37573, -23.57742], [-70.37463, -23.57705]]}, "properties": {"name": "Juan Lorenzo Mandiola", "highway": "living_street"}}, {"type": "Feature", "geometry": {"type": "LineString", "coordinates": [[-70.37602, -23.57697], [-70.37485, -23.57655]]}, "properties": {"name": "Gustavo Le Paige", "highway": "living_street"}}, {"type": "Feature", "geometry": {"type": "LineString", "coordinates": [[-70.3751, -23.57771], [-70.37584, -23.57647]]}, "properties": {"name": "Pasaje Chela Lira", "highway": "living_street"}}, {"type": "Feature", "geometry": {"type": "LineString", "coordinates": [[-70.37583, -23.57881], [-70.37417, -23.57827]]}, "properties": {"name": "Pasaje Coya Sur", "highway": "living_street"}}, {"type": "Feature", "geometry": {"type": "LineString", "coordinates": [[-70.38406, -23.57724], [-70.38556, -23.57736]]}, "properties": {"name": "Pasaje Estación Coquimbo", "highway": "living_street"}}, {"type": "Feature", "geometry": {"type": "LineString", "coordinates": [[-70.38527, -23.58044], [-70.3835, -23.58032]]}, "properties": {"name": "Paposo", "highway": "living_street"}}, {"type": "Feature", "geometry": {"type": "LineString", "coordinates": [[-70.384, -23.58073], [-70.38343, -23.5807]]}, "properties": {"name": "Pasaje María Elena", "highway": "living_street"}}, {"type": "Feature", "geometry": {"type": "LineString", "coordinates": [[-70.38397, -23.58109], [-70.38337, -23.58105]]}, "properties": {"name": "Pasaje Camar", "highway": "living_street"}}, {"type": "Feature", "geometry": {"type": "LineString", "coordinates": [[-70.38475, -23.58151], [-70.38501, -23.57817]]}, "properties": {"name": "Pasaje Punta de Rieles", "highway": "living_street"}}, {"type": "Feature", "geometry": {"type": "LineString", "coordinates": [[-70.38463, -23.57771], [-70.38477, -23.57611]]}, "properties": {"name": "Pampa Unión", "highway": "living_street"}}, {"type": "Feature", "geometry": {"type": "LineString", "coordinates": [[-70.38511, -23.57733], [-70.38517, -23.57657]]}, "properties": {"name": "Pasaje Punta de Rieles", "highway": "living_street"}}, {"type": "Feature", "geometry": {"type": "LineString", "coordinates": [[-70.38562, -23.57662], [-70.3842, -23.57647]]}, "properties": {"name": "Pasaje Estación Alemania", "highway": "living_street"}}, {"type": "Feature", "geometry": {"type": "LineString", "coordinates": [[-70.38548, -23.5782], [-70.38389, -23.57809]]}, "properties": {"name": "Pasaje Gabriel Silva", "highway": "living_street"}}, {"type": "Feature", "geometry": {"type": "LineString", "coordinates": [[-70.38394, -23.58146], [-70.3842, -23.57811]]}, "properties": {"name": "Pasaje Cupo", "highway": "living_street"}}, {"type": "Feature", "geometry": {"type": "LineString", "coordinates": [[-70.38538, -23.57932], [-70.38377, -23.57921]]}, "properties": {"name": "Pasaje Coya Sur", "highway": "living_street"}}, {"type": "Feature", "geometry": {"type": "LineString", "coordinates": [[-70.39165, -23.5773], [-70.39156, -23.57833]]}, "properties": {"name": "Pudahuel", "highway": "living_street"}}, {"type": "Feature", "geometry": {"type": "LineString", "coordinates": [[-70.39232, -23.57676], [-70.39226, -23.57736]]}, "properties": {"name": "Los Cóndores", "highway": "residential"}}, {"type": "Feature", "geometry": {"type": "LineString", "coordinates": [[-70.39099, -23.57725], [-70.39325, -23.57742]]}, "properties": {"name": "Chamiza", "highway": "residential"}}, {"type": "Feature", "geometry": {"type": "LineString", "coordinates": [[-70.38968, -23.57885], [-70.38984, -23.57699]]}, "properties": {"name": "Pasaje Piedras Negras", "highway": "living_street"}}, {"type": "Feature", "geometry": {"type": "LineString", "coordinates": [[-70.39272, -23.57739], [-70.39268, -23.57775], [-70.39234, -23.57771]]}, "properties": {"name": "Mataveri", "highway": "living_street"}}, {"type": "Feature", "geometry": {"type": "LineString", "coordinates": [[-70.39257, -23.57839], [-70.39094, -23.57829]]}, "properties": {"name": "Gabriel Silva", "highway": "residential"}}, {"type": "Feature", "geometry": {"type": "LineString", "coordinates": [[-70.39228, -23.57837], [-70.39237, -23.57736]]}, "properties": {"name": "Los Cóndores", "highway": "living_street"}}, {"type": "Feature", "geometry": {"type": "LineString", "coordinates": [[-70.39232, -23.578], [-70.39282, -23.57806]]}, "properties": {"name": "Paranal", "highway": "living_street"}}, {"type": "Feature", "geometry": {"type": "LineString", "coordinates": [[-70.39307, -23.57741], [-70.39312, -23.57682]]}, "properties": {"name": "Edmundo Pérez Zujovic", "highway": "residential"}}, {"type": "Feature", "geometry": {"type": "LineString", "coordinates": [[-70.39072, -23.57894], [-70.38916, -23.5788]]}, "properties": {"name": "Río de los Cipreses", "highway": "living_street"}}, {"type": "Feature", "geometry": {"type": "LineString", "coordinates": [[-70.39194, -23.57834], [-70.39201, -23.57733]]}, "properties": {"name": "Cerro Moreno", "highway": "living_street"}}, {"type": "Feature", "geometry": {"type": "LineString", "coordinates": [[-70.38924, -23.57808], [-70.38933, -23.57695]]}, "properties": {"name": "Pasaje Las Cascadas", "highway": "living_street"}}, {"type": "Feature", "geometry": {"type": "LineString", "coordinates": [[-70.39013, -23.57889], [-70.39029, -23.57702]]}, "properties": {"name": "Mañihuales", "highway": "living_street"}}, {"type": "Feature", "geometry": {"type": "LineString", "coordinates": [[-70.39291, -23.57552], [-70.3928, -23.57679]]}, "properties": {"name": "Mataveri", "highway": "residential"}}, {"type": "Feature", "geometry": {"type": "LineString", "coordinates": [[-70.39342, -23.57639], [-70.39395, -23.57642]]}, "properties": {"name": "Hualpencillo", "highway": "living_street"}}, {"type": "Feature", "geometry": {"type": "LineString", "coordinates": [[-70.39079, -23.57706], [-70.38913, -23.57693]]}, "properties": {"name": "Licán Ray", "highway": "living_street"}}, {"type": "Feature", "geometry": {"type": "LineString", "coordinates": [[-70.39138, -23.57541], [-70.39107, -23.5783]]}, "properties": {"name": "Pedro Aguirre Cerda", "highway": "residential"}}, {"type": "Feature", "geometry": {"type": "LineString", "coordinates": [[-70.39043, -23.57645], [-70.39053, -23.57533]]}, "properties": {"name": "Carrizal Bajo", "highway": "living_street"}}, {"type": "Feature", "geometry": {"type": "LineString", "coordinates": [[-70.38552, -23.65217], [-70.38394, -23.65183]]}, "properties": {"name": "Riquelme", "highway": "living_street"}}, {"type": "Feature", "geometry": {"type": "LineString", "coordinates": [[-70.3827, -23.64787], [-70.38394, -23.65183]]}, "properties": {"name": "Martin Luther King", "highway": "residential"}}, {"type": "Feature", "geometry": {"type": "LineString", "coordinates": [[-70.37367, -23.62195], [-70.37477, -23.62168]]}, "properties": {"name": "Pasaje Soco", "highway": "living_street"}}, {"type": "Feature", "geometry": {"type": "LineString", "coordinates": [[-70.4301, -23.71339], [-70.42942, -23.71188]]}, "properties": {"name": "Valle Apacible", "highway": "residential"}}, {"type": "Feature", "geometry": {"type": "LineString", "coordinates": [[-70.43314, -23.71311], [-70.43107, -23.71395], [-70.43058, -23.71502], [-70.43015, -23.71538], [-70.42959, -23.71539], [-70.42869, -23.71485]]}, "properties": {"name": "Avenida Agustín Samsó Sivori", "highway": "residential"}}, {"type": "Feature", "geometry": {"type": "LineString", "coordinates": [[-70.43188, -23.71416], [-70.43121, -23.71282]]}, "properties": {"name": "Valle del Viento", "highway": "residential"}}, {"type": "Feature", "geometry": {"type": "LineString", "coordinates": [[-70.43001, -23.7132], [-70.43047, -23.71299]]}, "properties": {"name": "Valle Hermoso", "highway": "living_street"}}, {"type": "Feature", "geometry": {"type": "LineString", "coordinates": [[-70.43023, -23.71255], [-70.43041, -23.71245], [-70.42994, -23.71194]]}, "properties": {"name": "Valle Soleado", "highway": "residential"}}, {"type": "Feature", "geometry": {"type": "LineString", "coordinates": [[-70.43058, -23.71319], [-70.43076, -23.71315], [-70.43088, -23.71337], [-70.43076, -23.71346], [-70.43058, -23.71319], [-70.42982, -23.71166]]}, "properties": {"name": "Valle Soleado", "highway": "residential"}}, {"type": "Feature", "geometry": {"type": "LineString", "coordinates": [[-70.43014, -23.71476], [-70.42992, -23.71498], [-70.42961, -23.71492], [-70.42895, -23.71375], [-70.42956, -23.71371]]}, "properties": {"name": "Gerardo Zúñiga", "highway": "residential"}}, {"type": "Feature", "geometry": {"type": "LineString", "coordinates": [[-70.43041, -23.71287], [-70.43108, -23.71258]]}, "properties": {"name": "Valle del Ocaso", "highway": "residential"}}, {"type": "Feature", "geometry": {"type": "LineString", "coordinates": [[-70.42755, -23.70789], [-70.4301, -23.70884]]}, "properties": {"name": "Travesía de Coloso", "highway": "residential"}}, {"type": "Feature", "geometry": {"type": "LineString", "coordinates": [[-70.4275, -23.70801], [-70.42792, -23.70724]]}, "properties": {"name": "Subida del Jardín", "highway": "residential"}}, {"type": "Feature", "geometry": {"type": "LineString", "coordinates": [[-70.43087, -23.70937], [-70.43103, -23.70907], [-70.43034, -23.7083]]}, "properties": {"name": "", "highway": "unclassified"}}, {"type": "Feature", "geometry": {"type": "LineString", "coordinates": [[-70.40787, -23.67279], [-70.40812, -23.67249]]}, "properties": {"name": "Punta de Tralca", "highway": "residential"}}, {"type": "Feature", "geometry": {"type": "LineString", "coordinates": [[-70.40762, -23.67222], [-70.41108, -23.67457]]}, "properties": {"name": "Navidad", "highway": "residential"}}, {"type": "Feature", "geometry": {"type": "LineString", "coordinates": [[-70.40918, -23.67426], [-70.40971, -23.6736]]}, "properties": {"name": "El Tabo", "highway": "living_street"}}, {"type": "Feature", "geometry": {"type": "LineString", "coordinates": [[-70.40245, -23.65599], [-70.40234, -23.65487]]}, "properties": {"name": "Avenida Grecia", "highway": "residential"}}, {"type": "Feature", "geometry": {"type": "LineString", "coordinates": [[-70.40102, -23.65723], [-70.40252, -23.65713]]}, "properties": {"name": "Hugo Silva Endeiza", "highway": "residential"}}, {"type": "Feature", "geometry": {"type": "LineString", "coordinates": [[-70.39835, -23.65162], [-70.40101, -23.65377]]}, "properties": {"name": "Manuel Antonio Matta", "highway": "tertiary"}}, {"type": "Feature", "geometry": {"type": "LineString", "coordinates": [[-70.4047, -23.66606], [-70.40482, -23.66627]]}, "properties": {"name": "Collahuasi", "highway": "living_street"}}, {"type": "Feature", "geometry": {"type": "LineString", "coordinates": [[-70.40423, -23.66607], [-70.40442, -23.66644]]}, "properties": {"name": "Aucanquilcha", "highway": "living_street"}}, {"type": "Feature", "geometry": {"type": "LineString", "coordinates": [[-70.40383, -23.66402], [-70.40396, -23.66464], [-70.40534, -23.66593], [-70.40736, -23.67046], [-70.40765, -23.67073]]}, "properties": {"name": "Avenida Grecia", "highway": "trunk"}}, {"type": "Feature", "geometry": {"type": "LineString", "coordinates": [[-70.40661, -23.67934], [-70.4064, -23.67932]]}, "properties": {"name": "Carlos Pezoa Véliz", "highway": "residential"}}, {"type": "Feature", "geometry": {"type": "LineString", "coordinates": [[-70.40671, -23.68004], [-70.40619, -23.67968], [-70.40571, -23.67872], [-70.40247, -23.67483], [-70.40247, -23.67448]]}, "properties": {"name": "Luis Undurraga", "highway": "residential"}}, {"type": "Feature", "geometry": {"type": "LineString", "coordinates": [[-70.41491, -23.68284], [-70.41316, -23.68422]]}, "properties": {"name": "Sangra", "highway": "tertiary"}}, {"type": "Feature", "geometry": {"type": "LineString", "coordinates": [[-70.40343, -23.67309], [-70.40392, -23.67397]]}, "properties": {"name": "Quillota", "highway": "residential"}}, {"type": "Feature", "geometry": {"type": "LineString", "coordinates": [[-70.41298, -23.6842], [-70.41312, -23.68413]]}, "properties": {"name": "Sangra", "highway": "tertiary"}}, {"type": "Feature", "geometry": {"type": "LineString", "coordinates": [[-70.405, -23.67801], [-70.40525, -23.67781]]}, "properties": {"name": "Augusto D´Halmar", "highway": "residential"}}, {"type": "Feature", "geometry": {"type": "LineString", "coordinates": [[-70.40564, -23.67744], [-70.40518, -23.67642], [-70.40405, -23.67547], [-70.40289, -23.67334]]}, "properties": {"name": "Carlos Pezoa Véliz", "highway": "residential"}}, {"type": "Feature", "geometry": {"type": "LineString", "coordinates": [[-70.40183, -23.67377], [-70.40285, -23.67327]]}, "properties": {"name": "Homero Ávila", "highway": "secondary"}}, {"type": "Feature", "geometry": {"type": "LineString", "coordinates": [[-70.40955, -23.67313], [-70.40903, -23.67367], [-70.40748, -23.67425]]}, "properties": {"name": "Rebeca Matte", "highway": "residential"}}, {"type": "Feature", "geometry": {"type": "LineString", "coordinates": [[-70.39408, -23.66174], [-70.39522, -23.66171]]}, "properties": {"name": "Rengo", "highway": "residential"}}, {"type": "Feature", "geometry": {"type": "LineString", "coordinates": [[-70.3935, -23.66176], [-70.39292, -23.66176]]}, "properties": {"name": "Rengo", "highway": "residential"}}, {"type": "Feature", "geometry": {"type": "LineString", "coordinates": [[-70.38714, -23.6484], [-70.38542, -23.64907]]}, "properties": {"name": "Ecuador", "highway": "residential"}}, {"type": "Feature", "geometry": {"type": "LineString", "coordinates": [[-70.37823, -23.62209], [-70.37932, -23.62151]]}, "properties": {"name": "La Unión", "highway": "living_street"}}, {"type": "Feature", "geometry": {"type": "LineString", "coordinates": [[-70.3798, -23.62228], [-70.37839, -23.62316]]}, "properties": {"name": "Albert Einstein", "highway": "living_street"}}, {"type": "Feature", "geometry": {"type": "LineString", "coordinates": [[-70.37436, -23.62412], [-70.37524, -23.62655]]}, "properties": {"name": "Paula Jaraquemada", "highway": "residential"}}, {"type": "Feature", "geometry": {"type": "LineString", "coordinates": [[-70.37798, -23.62312], [-70.37832, -23.62294]]}, "properties": {"name": "Albert Einstein", "highway": "living_street"}}, {"type": "Feature", "geometry": {"type": "LineString", "coordinates": [[-70.37717, -23.62303], [-70.37703, -23.62173]]}, "properties": {"name": "Culcur", "highway": "living_street"}}, {"type": "Feature", "geometry": {"type": "LineString", "coordinates": [[-70.3781, -23.62188], [-70.37853, -23.62167]]}, "properties": {"name": "Pucón", "highway": "living_street"}}, {"type": "Feature", "geometry": {"type": "LineString", "coordinates": [[-70.37803, -23.62341], [-70.37839, -23.62325]]}, "properties": {"name": "Pasaje Einstein", "highway": "living_street"}}, {"type": "Feature", "geometry": {"type": "LineString", "coordinates": [[-70.37808, -23.6237], [-70.3784, -23.62351]]}, "properties": {"name": "Pasaje Dixon", "highway": "living_street"}}, {"type": "Feature", "geometry": {"type": "LineString", "coordinates": [[-70.37944, -23.6253], [-70.37842, -23.62403], [-70.37851, -23.62373], [-70.37816, -23.62262]]}, "properties": {"name": "Franklin", "highway": "residential"}}, {"type": "Feature", "geometry": {"type": "LineString", "coordinates": [[-70.37816, -23.62399], [-70.37844, -23.62387]]}, "properties": {"name": "Pasaje Alexander Graham Bell", "highway": "living_street"}}, {"type": "Feature", "geometry": {"type": "LineString", "coordinates": [[-70.37983, -23.62463], [-70.37949, -23.62308], [-70.37924, -23.62269]]}, "properties": {"name": "Barros Arana", "highway": "living_street"}}, {"type": "Feature", "geometry": {"type": "LineString", "coordinates": [[-70.37881, -23.62515], [-70.37944, -23.6253], [-70.38003, -23.62498]]}, "properties": {"name": "Nikola Tesla", "highway": "residential"}}, {"type": "Feature", "geometry": {"type": "LineString", "coordinates": [[-70.38133, -23.62468], [-70.38739, -23.62148]]}, "properties": {"name": "Peñuela", "highway": "residential"}}, {"type": "Feature", "geometry": {"type": "LineString", "coordinates": [[-70.38915, -23.6243], [-70.38513, -23.61767]]}, "properties": {"name": "Loa", "highway": "tertiary"}}, {"type": "Feature", "geometry": {"type": "LineString", "coordinates": [[-70.37603, -23.62628], [-70.37312, -23.61636], [-70.37337, -23.61573], [-70.37336, -23.61502]]}, "properties": {"name": "Fresia", "highway": "tertiary"}}, {"type": "Feature", "geometry": {"type": "LineString", "coordinates": [[-70.38006, -23.61203], [-70.37987, -23.61165], [-70.37821, -23.61157]]}, "properties": {"name": "20 de Agosto", "highway": "residential"}}, {"type": "Feature", "geometry": {"type": "LineString", "coordinates": [[-70.37797, -23.60744], [-70.3796, -23.60758]]}, "properties": {"name": "San Cristóbal", "highway": "residential"}}, {"type": "Feature", "geometry": {"type": "LineString", "coordinates": [[-70.38265, -23.60481], [-70.38038, -23.60464]]}, "properties": {"name": "Agustinas", "highway": "residential"}}, {"type": "Feature", "geometry": {"type": "LineString", "coordinates": [[-70.37634, -23.60638], [-70.37579, -23.60635]]}, "properties": {"name": "Abate Molina", "highway": "living_street"}}, {"type": "Feature", "geometry": {"type": "LineString", "coordinates": [[-70.37797, -23.59288], [-70.378, -23.59193]]}, "properties": {"name": "Pasaje Solón Salas Fuentealba", "highway": "living_street"}}, {"type": "Feature", "geometry": {"type": "LineString", "coordinates": [[-70.37755, -23.59305], [-70.37797, -23.59288]]}, "properties": {"name": "Guardiamarina Arturo Fernández", "highway": "residential"}}, {"type": "Feature", "geometry": {"type": "LineString", "coordinates": [[-70.37761, -23.58719], [-70.37883, -23.58721]]}, "properties": {"name": "Félix Contreras", "highway": "living_street"}}, {"type": "Feature", "geometry": {"type": "LineString", "coordinates": [[-70.38415, -23.58411], [-70.38463, -23.57771]]}, "properties": {"name": "Pampa Unión", "highway": "residential"}}, {"type": "Feature", "geometry": {"type": "LineString", "coordinates": [[-70.39009, -23.63667], [-70.39243, -23.63678]]}, "properties": {"name": "Montevideo", "highway": "residential"}}, {"type": "Feature", "geometry": {"type": "LineString", "coordinates": [[-70.39181, -23.63872], [-70.39191, -23.63676]]}, "properties": {"name": "Lima", "highway": "residential"}}, {"type": "Feature", "geometry": {"type": "LineString", "coordinates": [[-70.39163, -23.63774], [-70.39237, -23.63777]]}, "properties": {"name": "Zenteno", "highway": "residential"}}, {"type": "Feature", "geometry": {"type": "LineString", "coordinates": [[-70.40906, -23.68728], [-70.40949, -23.68726]]}, "properties": {"name": "", "highway": "living_street"}}, {"type": "Feature", "geometry": {"type": "LineString", "coordinates": [[-70.40827, -23.68732], [-70.40867, -23.6873]]}, "properties": {"name": "", "highway": "living_street"}}, {"type": "Feature", "geometry": {"type": "LineString", "coordinates": [[-70.40837, -23.69085], [-70.40949, -23.69065]]}, "properties": {"name": "Máfil", "highway": "residential"}}, {"type": "Feature", "geometry": {"type": "LineString", "coordinates": [[-70.40896, -23.6849], [-70.409, -23.68579]]}, "properties": {"name": "Condominio Alcazar del Mar", "highway": "living_street"}}, {"type": "Feature", "geometry": {"type": "LineString", "coordinates": [[-70.40778, -23.68623], [-70.40943, -23.68616]]}, "properties": {"name": "Quillén", "highway": "living_street"}}, {"type": "Feature", "geometry": {"type": "LineString", "coordinates": [[-70.40945, -23.68644], [-70.40823, -23.68649]]}, "properties": {"name": "Colihue", "highway": "living_street"}}, {"type": "Feature", "geometry": {"type": "LineString", "coordinates": [[-70.41016, -23.6894], [-70.41145, -23.68939]]}, "properties": {"name": "Huape", "highway": "residential"}}, {"type": "Feature", "geometry": {"type": "LineString", "coordinates": [[-70.40984, -23.68573], [-70.4095, -23.68467], [-70.40949, -23.68294], [-70.40934, -23.6826], [-70.40671, -23.68004], [-70.40577, -23.67839], [-70.40429, -23.67648], [-70.40183, -23.67377]]}, "properties": {"name": "Avenida Argentina", "highway": "primary"}}, {"type": "Feature", "geometry": {"type": "LineString", "coordinates": [[-70.40984, -23.68573], [-70.40776, -23.68586]]}, "properties": {"name": "Trumao", "highway": "residential"}}, {"type": "Feature", "geometry": {"type": "LineString", "coordinates": [[-70.42156, -23.69519], [-70.41639, -23.69482]]}, "properties": {"name": "Avenida Cerro Paranal", "highway": "secondary"}}, {"type": "Feature", "geometry": {"type": "LineString", "coordinates": [[-70.37757, -23.58651], [-70.37781, -23.58402]]}, "properties": {"name": "Raúl Cisternas", "highway": "living_street"}}, {"type": "Feature", "geometry": {"type": "LineString", "coordinates": [[-70.40293, -23.66475], [-70.39829, -23.66489]]}, "properties": {"name": "Díaz Gana", "highway": "tertiary"}}, {"type": "Feature", "geometry": {"type": "LineString", "coordinates": [[-70.4019, -23.6545], [-70.40166, -23.65477]]}, "properties": {"name": "Coquimbo", "highway": "residential"}}, {"type": "Feature", "geometry": {"type": "LineString", "coordinates": [[-70.39154, -23.59482], [-70.3931, -23.59488]]}, "properties": {"name": "El Azufre", "highway": "residential"}}, {"type": "Feature", "geometry": {"type": "LineString", "coordinates": [[-70.38721, -23.63328], [-70.38718, -23.63437]]}, "properties": {"name": "Riñihue", "highway": "living_street"}}, {"type": "Feature", "geometry": {"type": "LineString", "coordinates": [[-70.38805, -23.63156], [-70.38745, -23.63153]]}, "properties": {"name": "Sausalito", "highway": "living_street"}}, {"type": "Feature", "geometry": {"type": "LineString", "coordinates": [[-70.38919, -23.63178], [-70.38804, -23.63172]]}, "properties": {"name": "Sausalito", "highway": "residential"}}, {"type": "Feature", "geometry": {"type": "LineString", "coordinates": [[-70.38797, -23.6328], [-70.38859, -23.63283]]}, "properties": {"name": "Isluga", "highway": "residential"}}, {"type": "Feature", "geometry": {"type": "LineString", "coordinates": [[-70.3862, -23.63322], [-70.38626, -23.63217]]}, "properties": {"name": "Pasaje Bolivia", "highway": "residential"}}, {"type": "Feature", "geometry": {"type": "LineString", "coordinates": [[-70.38741, -23.63223], [-70.38747, -23.63114]]}, "properties": {"name": "Llanquihue", "highway": "living_street"}}, {"type": "Feature", "geometry": {"type": "LineString", "coordinates": [[-70.38856, -23.63337], [-70.38861, -23.63231]]}, "properties": {"name": "Volcán Antuco", "highway": "residential"}}, {"type": "Feature", "geometry": {"type": "LineString", "coordinates": [[-70.38803, -23.63189], [-70.38743, -23.63186]]}, "properties": {"name": "Playa Ancha", "highway": "living_street"}}, {"type": "Feature", "geometry": {"type": "LineString", "coordinates": [[-70.38611, -23.63585], [-70.38618, -23.63494]]}, "properties": {"name": "Río de Janeiro", "highway": "living_street"}}, {"type": "Feature", "geometry": {"type": "LineString", "coordinates": [[-70.3881, -23.63068], [-70.38924, -23.63073]]}, "properties": {"name": "Uruguay", "highway": "residential"}}, {"type": "Feature", "geometry": {"type": "LineString", "coordinates": [[-70.39362, -23.57688], [-70.39464, -23.57547]]}, "properties": {"name": "Avenida Edmundo Pérez Zujovic", "highway": "tertiary"}}, {"type": "Feature", "geometry": {"type": "LineString", "coordinates": [[-70.39503, -23.59194], [-70.39529, -23.59234]]}, "properties": {"name": "Del Alto", "highway": "residential"}}, {"type": "Feature", "geometry": {"type": "LineString", "coordinates": [[-70.39431, -23.58916], [-70.39511, -23.58895]]}, "properties": {"name": "Los Naranjos", "highway": "residential"}}, {"type": "Feature", "geometry": {"type": "LineString", "coordinates": [[-70.39315, -23.58838], [-70.39427, -23.58789]]}, "properties": {"name": "Del Paso", "highway": "living_street"}}, {"type": "Feature", "geometry": {"type": "LineString", "coordinates": [[-70.38487, -23.58531], [-70.38552, -23.58703]]}, "properties": {"name": "Víctor Farías", "highway": "tertiary"}}, {"type": "Feature", "geometry": {"type": "LineString", "coordinates": [[-70.39454, -23.58968], [-70.39473, -23.5895], [-70.39439, -23.58925]]}, "properties": {"name": "Del Alto", "highway": "living_street"}}, {"type": "Feature", "geometry": {"type": "LineString", "coordinates": [[-70.3948, -23.59051], [-70.39496, -23.59038], [-70.39467, -23.59012]]}, "properties": {"name": "Del Alto", "highway": "living_street"}}, {"type": "Feature", "geometry": {"type": "LineString", "coordinates": [[-70.3933, -23.59969], [-70.39267, -23.60075]]}, "properties": {"name": "Avenida Edmundo Pérez Zujovic", "highway": "residential"}}, {"type": "Feature", "geometry": {"type": "LineString", "coordinates": [[-70.39238, -23.59069], [-70.39276, -23.59186]]}, "properties": {"name": "Los Pinos", "highway": "living_street"}}, {"type": "Feature", "geometry": {"type": "LineString", "coordinates": [[-70.39209, -23.58977], [-70.39158, -23.58828]]}, "properties": {"name": "Los Pinos", "highway": "residential"}}, {"type": "Feature", "geometry": {"type": "LineString", "coordinates": [[-70.38958, -23.59767], [-70.38548, -23.59724]]}, "properties": {"name": "Juan Glasinovic", "highway": "tertiary"}}, {"type": "Feature", "geometry": {"type": "LineString", "coordinates": [[-70.3919, -23.57672], [-70.39201, -23.57546]]}, "properties": {"name": "Pudahuel", "highway": "residential"}}, {"type": "Feature", "geometry": {"type": "LineString", "coordinates": [[-70.38304, -23.58683], [-70.38283, -23.58946]]}, "properties": {"name": "El Roble", "highway": "residential"}}, {"type": "Feature", "geometry": {"type": "LineString", "coordinates": [[-70.38694, -23.62716], [-70.38202, -23.61931]]}, "properties": {"name": "Cardenal Carlos Oviedo Cavada", "highway": "tertiary"}}, {"type": "Feature", "geometry": {"type": "LineString", "coordinates": [[-70.39172, -23.6274], [-70.39235, -23.62537]]}, "properties": {"name": "Chuquicamata", "highway": "living_street"}}, {"type": "Feature", "geometry": {"type": "LineString", "coordinates": [[-70.38894, -23.61718], [-70.38585, -23.61774], [-70.38513, -23.61767]]}, "properties": {"name": "Víctor Jara", "highway": "secondary"}}, {"type": "Feature", "geometry": {"type": "LineString", "coordinates": [[-70.40311, -23.64672], [-70.4034, -23.64641]]}, "properties": {"name": "Teniente Luis Uribe", "highway": "residential"}}, {"type": "Feature", "geometry": {"type": "LineString", "coordinates": [[-70.40268, -23.64716], [-70.40311, -23.64672]]}, "properties": {"name": "Teniente Luis Uribe", "highway": "residential"}}, {"type": "Feature", "geometry": {"type": "LineString", "coordinates": [[-70.38834, -23.61184], [-70.39008, -23.61216], [-70.39186, -23.6118]]}, "properties": {"name": "Chalinga", "highway": "residential"}}, {"type": "Feature", "geometry": {"type": "LineString", "coordinates": [[-70.39195, -23.59081], [-70.39151, -23.59092]]}, "properties": {"name": "Los Jacarandaes", "highway": "living_street"}}, {"type": "Feature", "geometry": {"type": "LineString", "coordinates": [[-70.37676, -23.59946], [-70.37581, -23.59948]]}, "properties": {"name": "Juvenal Morla", "highway": "tertiary"}}, {"type": "Feature", "geometry": {"type": "LineString", "coordinates": [[-70.38772, -23.592], [-70.38795, -23.5931], [-70.38672, -23.6003], [-70.38728, -23.60466], [-70.38714, -23.60585]]}, "properties": {"name": "Avenida Industrial", "highway": "unclassified"}}, {"type": "Feature", "geometry": {"type": "LineString", "coordinates": [[-70.3746, -23.59496], [-70.37202, -23.59505]]}, "properties": {"name": "Leonardo da Vinci", "highway": "residential"}}, {"type": "Feature", "geometry": {"type": "LineString", "coordinates": [[-70.39387, -23.59065], [-70.3943, -23.59054]]}, "properties": {"name": "Los Laureles", "highway": "living_street"}}, {"type": "Feature", "geometry": {"type": "LineString", "coordinates": [[-70.37758, -23.5948], [-70.3746, -23.59496]]}, "properties": {"name": "Leonardo da Vinci", "highway": "living_street"}}, {"type": "Feature", "geometry": {"type": "LineString", "coordinates": [[-70.38287, -23.59255], [-70.38312, -23.59642]]}, "properties": {"name": "El Roble", "highway": "residential"}}, {"type": "Feature", "geometry": {"type": "LineString", "coordinates": [[-70.38312, -23.59642], [-70.38329, -23.5991]]}, "properties": {"name": "El Roble", "highway": "residential"}}, {"type": "Feature", "geometry": {"type": "LineString", "coordinates": [[-70.39112, -23.58634], [-70.39108, -23.58691]]}, "properties": {"name": "Los Aromos", "highway": "living_street"}}, {"type": "Feature", "geometry": {"type": "LineString", "coordinates": [[-70.39267, -23.58239], [-70.39304, -23.58323], [-70.39302, -23.58407]]}, "properties": {"name": "Las Bandurrias", "highway": "residential"}}, {"type": "Feature", "geometry": {"type": "LineString", "coordinates": [[-70.39158, -23.58828], [-70.39171, -23.58814]]}, "properties": {"name": "Los Pinos", "highway": "residential"}}, {"type": "Feature", "geometry": {"type": "LineString", "coordinates": [[-70.37348, -23.58235], [-70.37394, -23.5823]]}, "properties": {"name": "Hernanos Carrera", "highway": "living_street"}}, {"type": "Feature", "geometry": {"type": "LineString", "coordinates": [[-70.39323, -23.59287], [-70.39361, -23.59288]]}, "properties": {"name": "Parquemar", "highway": "living_street"}}, {"type": "Feature", "geometry": {"type": "LineString", "coordinates": [[-70.37344, -23.58328], [-70.37392, -23.5833]]}, "properties": {"name": "Pasaje Rodríguez", "highway": "living_street"}}, {"type": "Feature", "geometry": {"type": "LineString", "coordinates": [[-70.39442, -23.59335], [-70.39444, -23.59241]]}, "properties": {"name": "Las Rocas", "highway": "living_street"}}, {"type": "Feature", "geometry": {"type": "LineString", "coordinates": [[-70.37346, -23.58282], [-70.37393, -23.58283]]}, "properties": {"name": "Pasaje El Abra", "highway": "living_street"}}, {"type": "Feature", "geometry": {"type": "LineString", "coordinates": [[-70.39371, -23.59289], [-70.39416, -23.5929], [-70.39417, -23.59245]]}, "properties": {"name": "Parquemar", "highway": "living_street"}}, {"type": "Feature", "geometry": {"type": "LineString", "coordinates": [[-70.37379, -23.58164], [-70.37403, -23.58384]]}, "properties": {"name": "Cerro Pedregal", "highway": "residential"}}, {"type": "Feature", "geometry": {"type": "LineString", "coordinates": [[-70.37391, -23.58371], [-70.37342, -23.58361]]}, "properties": {"name": "Ignacio Carrera Pinto", "highway": "living_street"}}, {"type": "Feature", "geometry": {"type": "LineString", "coordinates": [[-70.38979, -23.58859], [-70.38988, -23.58732]]}, "properties": {"name": "Avenida Pedro Aguirre Cerda", "highway": "living_street"}}, {"type": "Feature", "geometry": {"type": "LineString", "coordinates": [[-70.39488, -23.59147], [-70.39511, -23.59137], [-70.39489, -23.59093]]}, "properties": {"name": "Del Alto", "highway": "living_street"}}, {"type": "Feature", "geometry": {"type": "LineString", "coordinates": [[-70.39053, -23.58398], [-70.39026, -23.58396]]}, "properties": {"name": "Los Tamarugos", "highway": "residential"}}, {"type": "Feature", "geometry": {"type": "LineString", "coordinates": [[-70.39027, -23.58386], [-70.39055, -23.58388]]}, "properties": {"name": "Los Tamarugos", "highway": "residential"}}, {"type": "Feature", "geometry": {"type": "LineString", "coordinates": [[-70.38999, -23.61214], [-70.39088, -23.61591], [-70.39112, -23.62119], [-70.39092, -23.62178]]}, "properties": {"name": "Iquique", "highway": "tertiary"}}, {"type": "Feature", "geometry": {"type": "LineString", "coordinates": [[-70.38749, -23.6425], [-70.38806, -23.64332]]}, "properties": {"name": "Manuel Antonio Matta", "highway": "tertiary"}}, {"type": "Feature", "geometry": {"type": "LineString", "coordinates": [[-70.39666, -23.66995], [-70.39816, -23.66905]]}, "properties": {"name": "Manuel Bulnes", "highway": "residential"}}, {"type": "Feature", "geometry": {"type": "LineString", "coordinates": [[-70.4011, -23.65535], [-70.39934, -23.65389]]}, "properties": {"name": "José Santos Ossa", "highway": "secondary"}}, {"type": "Feature", "geometry": {"type": "LineString", "coordinates": [[-70.39211, -23.59761], [-70.39406, -23.59854]]}, "properties": {"name": "Anhidrita", "highway": "unclassified"}}, {"type": "Feature", "geometry": {"type": "LineString", "coordinates": [[-70.38886, -23.60704], [-70.38992, -23.60712], [-70.39077, -23.60695]]}, "properties": {"name": "Andalién", "highway": "residential"}}, {"type": "Feature", "geometry": {"type": "LineString", "coordinates": [[-70.39131, -23.60379], [-70.39127, -23.60276], [-70.39153, -23.60175]]}, "properties": {"name": "Lautaro Espíndola", "highway": "residential"}}, {"type": "Feature", "geometry": {"type": "LineString", "coordinates": [[-70.38427, -23.57605], [-70.38401, -23.57765]]}, "properties": {"name": "Héroes de la Concepción", "highway": "tertiary"}}, {"type": "Feature", "geometry": {"type": "LineString", "coordinates": [[-70.39168, -23.6084], [-70.39168, -23.60783]]}, "properties": {"name": "Lautaro Espíndola", "highway": "living_street"}}, {"type": "Feature", "geometry": {"type": "LineString", "coordinates": [[-70.38868, -23.60932], [-70.39036, -23.60944]]}, "properties": {"name": "Los Caimanes", "highway": "residential"}}, {"type": "Feature", "geometry": {"type": "LineString", "coordinates": [[-70.39212, -23.58409], [-70.39209, -23.58327], [-70.39172, -23.58237]]}, "properties": {"name": "Los Playeros", "highway": "residential"}}, {"type": "Feature", "geometry": {"type": "LineString", "coordinates": [[-70.39201, -23.6084], [-70.39073, -23.60841]]}, "properties": {"name": "Ongolna", "highway": "living_street"}}, {"type": "Feature", "geometry": {"type": "LineString", "coordinates": [[-70.38528, -23.6147], [-70.38486, -23.61479]]}, "properties": {"name": "Placilla", "highway": "tertiary"}}, {"type": "Feature", "geometry": {"type": "LineString", "coordinates": [[-70.38963, -23.62177], [-70.38927, -23.62042]]}, "properties": {"name": "Toconao", "highway": "residential"}}, {"type": "Feature", "geometry": {"type": "LineString", "coordinates": [[-70.38328, -23.63305], [-70.3835, -23.62887]]}, "properties": {"name": "Talcahuano", "highway": "residential"}}, {"type": "Feature", "geometry": {"type": "LineString", "coordinates": [[-70.38368, -23.64624], [-70.3843, -23.64611]]}, "properties": {"name": "7 Norte", "highway": "living_street"}}, {"type": "Feature", "geometry": {"type": "LineString", "coordinates": [[-70.38361, -23.64581], [-70.38415, -23.64568]]}, "properties": {"name": "8 Norte", "highway": "living_street"}}, {"type": "Feature", "geometry": {"type": "LineString", "coordinates": [[-70.3872, -23.62535], [-70.37909, -23.61251]]}, "properties": {"name": "Calbuco", "highway": "residential"}}, {"type": "Feature", "geometry": {"type": "LineString", "coordinates": [[-70.38706, -23.62292], [-70.38192, -23.62566]]}, "properties": {"name": "Pisagua", "highway": "secondary"}}, {"type": "Feature", "geometry": {"type": "LineString", "coordinates": [[-70.38653, -23.63761], [-70.38884, -23.63771]]}, "properties": {"name": "Zenteno", "highway": "residential"}}, {"type": "Feature", "geometry": {"type": "LineString", "coordinates": [[-70.40934, -23.67475], [-70.41071, -23.67753]]}, "properties": {"name": "Pedro Gamboni", "highway": "residential"}}, {"type": "Feature", "geometry": {"type": "LineString", "coordinates": [[-70.38637, -23.64069], [-70.38485, -23.64079]]}, "properties": {"name": "Huanchaca", "highway": "residential"}}, {"type": "Feature", "geometry": {"type": "LineString", "coordinates": [[-70.38459, -23.60998], [-70.38309, -23.61215]]}, "properties": {"name": "Avenida Antonio Rendic", "highway": "residential"}}, {"type": "Feature", "geometry": {"type": "LineString", "coordinates": [[-70.38907, -23.60302], [-70.38838, -23.60403]]}, "properties": {"name": "Avenida Antonio Rendic", "highway": "secondary"}}, {"type": "Feature", "geometry": {"type": "LineString", "coordinates": [[-70.3817, -23.6119], [-70.38285, -23.61019]]}, "properties": {"name": "Las Delicias", "highway": "residential"}}, {"type": "Feature", "geometry": {"type": "LineString", "coordinates": [[-70.37981, -23.61112], [-70.37977, -23.61163]]}, "properties": {"name": "Tres Acequias", "highway": "residential"}}, {"type": "Feature", "geometry": {"type": "LineString", "coordinates": [[-70.38042, -23.60491], [-70.37983, -23.60487]]}, "properties": {"name": "San Diego", "highway": "residential"}}, {"type": "Feature", "geometry": {"type": "LineString", "coordinates": [[-70.38647, -23.63976], [-70.38288, -23.63961], [-70.38249, -23.63998]]}, "properties": {"name": "Buenos Aires", "highway": "residential"}}, {"type": "Feature", "geometry": {"type": "LineString", "coordinates": [[-70.43005, -23.70894], [-70.43094, -23.70942], [-70.43159, -23.7101], [-70.43304, -23.71281], [-70.43382, -23.71548], [-70.43448, -23.71921], [-70.43624, -23.72344], [-70.43658, -23.72584], [-70.43722, -23.72817]]}, "properties": {"name": "Avenida Jaime Guzmán Errázuriz", "highway": "secondary"}}, {"type": "Feature", "geometry": {"type": "LineString", "coordinates": [[-70.42415, -23.70503], [-70.42339, -23.70193]]}, "properties": {"name": "Avenida Universidad de Antofagasta", "highway": "secondary"}}, {"type": "Feature", "geometry": {"type": "LineString", "coordinates": [[-70.38912, -23.57641], [-70.3891, -23.57515]]}, "properties": {"name": "Calle del Agua", "highway": "residential"}}, {"type": "Feature", "geometry": {"type": "LineString", "coordinates": [[-70.3795, -23.62313], [-70.37851, -23.62373]]}, "properties": {"name": "Alexander Graham Bell", "highway": "living_street"}}, {"type": "Feature", "geometry": {"type": "LineString", "coordinates": [[-70.37865, -23.62652], [-70.37887, -23.62651]]}, "properties": {"name": "Zeggers", "highway": "residential"}}, {"type": "Feature", "geometry": {"type": "LineString", "coordinates": [[-70.37819, -23.62661], [-70.37884, -23.62639]]}, "properties": {"name": "Vicente Zegers", "highway": "residential"}}, {"type": "Feature", "geometry": {"type": "LineString", "coordinates": [[-70.38446, -23.58957], [-70.38519, -23.58958], [-70.38657, -23.58901], [-70.38867, -23.58915]]}, "properties": {"name": "Sargento Manuel Silva", "highway": "tertiary"}}, {"type": "Feature", "geometry": {"type": "LineString", "coordinates": [[-70.39209, -23.58664], [-70.39246, -23.58653]]}, "properties": {"name": "Los Sauces", "highway": "living_street"}}, {"type": "Feature", "geometry": {"type": "LineString", "coordinates": [[-70.3736, -23.60355], [-70.37351, -23.60269]]}, "properties": {"name": "Juan Ferraro", "highway": "residential"}}, {"type": "Feature", "geometry": {"type": "LineString", "coordinates": [[-70.37485, -23.60158], [-70.37472, -23.5993]]}, "properties": {"name": "Luis Cruz Martínez", "highway": "living_street"}}, {"type": "Feature", "geometry": {"type": "LineString", "coordinates": [[-70.38988, -23.59162], [-70.39074, -23.5917]]}, "properties": {"name": "Los Pimientos", "highway": "residential"}}, {"type": "Feature", "geometry": {"type": "LineString", "coordinates": [[-70.39391, -23.65791], [-70.39496, -23.65873]]}, "properties": {"name": "Arturo PenJean", "highway": "residential"}}, {"type": "Feature", "geometry": {"type": "LineString", "coordinates": [[-70.37828, -23.63323], [-70.37437, -23.63029]]}, "properties": {"name": "Avenida Circunvalación Padre Alberto Hurtado", "highway": "residential"}}, {"type": "Feature", "geometry": {"type": "LineString", "coordinates": [[-70.40366, -23.64679], [-70.40324, -23.64657]]}, "properties": {"name": "Puerto Nuevo", "highway": "residential"}}, {"type": "Feature", "geometry": {"type": "LineString", "coordinates": [[-70.40317, -23.67621], [-70.40265, -23.67618]]}, "properties": {"name": "Pasaje Andrés Sabella", "highway": "living_street"}}, {"type": "Feature", "geometry": {"type": "LineString", "coordinates": [[-70.43065, -23.71483], [-70.43102, -23.71504]]}, "properties": {"name": "Leopoldo Quintero", "highway": "residential"}}, {"type": "Feature", "geometry": {"type": "LineString", "coordinates": [[-70.41878, -23.70723], [-70.41794, -23.70715], [-70.41468, -23.70479]]}, "properties": {"name": "Veteranos del 79", "highway": "residential"}}, {"type": "Feature", "geometry": {"type": "LineString", "coordinates": [[-70.43188, -23.71416], [-70.43237, -23.71523], [-70.43246, -23.71588]]}, "properties": {"name": "Valle del Viento", "highway": "residential"}}, {"type": "Feature", "geometry": {"type": "LineString", "coordinates": [[-70.41566, -23.70502], [-70.41549, -23.70542]]}, "properties": {"name": "Sargento Irene Morales", "highway": "residential"}}, {"type": "Feature", "geometry": {"type": "LineString", "coordinates": [[-70.43055, -23.71088], [-70.4303, -23.71023]]}, "properties": {"name": "Los Guanacos", "highway": "living_street"}}, {"type": "Feature", "geometry": {"type": "LineString", "coordinates": [[-70.41669, -23.70637], [-70.41686, -23.70594]]}, "properties": {"name": "Pasaje Teniente Coronel Francisco Bascuñán Álvarez", "highway": "residential"}}, {"type": "Feature", "geometry": {"type": "LineString", "coordinates": [[-70.43188, -23.71616], [-70.43127, -23.71638], [-70.4308, -23.71584], [-70.43116, -23.71523]]}, "properties": {"name": "Valle del Cerro", "highway": "residential"}}, {"type": "Feature", "geometry": {"type": "LineString", "coordinates": [[-70.43107, -23.71068], [-70.43117, -23.71036], [-70.43078, -23.70992], [-70.42978, -23.70951]]}, "properties": {"name": "Las Vicuñas", "highway": "residential"}}, {"type": "Feature", "geometry": {"type": "LineString", "coordinates": [[-70.43102, -23.71504], [-70.43188, -23.71616]]}, "properties": {"name": "Leopoldo Quintero", "highway": "residential"}}, {"type": "Feature", "geometry": {"type": "LineString", "coordinates": [[-70.43103, -23.71157], [-70.43097, -23.71128], [-70.43103, -23.71157]]}, "properties": {"name": "Valle del Atardecer", "highway": "residential"}}, {"type": "Feature", "geometry": {"type": "LineString", "coordinates": [[-70.43292, -23.71514], [-70.43301, -23.71504], [-70.43282, -23.7149]]}, "properties": {"name": "Valle del Atardecer", "highway": "residential"}}, {"type": "Feature", "geometry": {"type": "LineString", "coordinates": [[-70.43222, -23.71343], [-70.43292, -23.71514], [-70.43302, -23.71586]]}, "properties": {"name": "Valle del Atardecer", "highway": "residential"}}, {"type": "Feature", "geometry": {"type": "LineString", "coordinates": [[-70.41566, -23.70502], [-70.41825, -23.70681], [-70.41842, -23.70721]]}, "properties": {"name": "José Ignacio Lopez Fuenzalida", "highway": "residential"}}, {"type": "Feature", "geometry": {"type": "LineString", "coordinates": [[-70.43189, -23.71522], [-70.43225, -23.71498]]}, "properties": {"name": "Valle del Sur", "highway": "residential"}}, {"type": "Feature", "geometry": {"type": "LineString", "coordinates": [[-70.40576, -23.68686], [-70.40579, -23.68708]]}, "properties": {"name": "Emilio Vaisse", "highway": "living_street"}}, {"type": "Feature", "geometry": {"type": "LineString", "coordinates": [[-70.40602, -23.68683], [-70.40627, -23.68669]]}, "properties": {"name": "Atilio Machiavello Vargas", "highway": "living_street"}}, {"type": "Feature", "geometry": {"type": "LineString", "coordinates": [[-70.40608, -23.68683], [-70.4061, -23.68706]]}, "properties": {"name": "Fidelia Valdés", "highway": "living_street"}}, {"type": "Feature", "geometry": {"type": "LineString", "coordinates": [[-70.40469, -23.67919], [-70.40481, -23.67935]]}, "properties": {"name": "Antilhue", "highway": "living_street"}}, {"type": "Feature", "geometry": {"type": "LineString", "coordinates": [[-70.40637, -23.68681], [-70.40641, -23.68703]]}, "properties": {"name": "Albino Seeger", "highway": "living_street"}}, {"type": "Feature", "geometry": {"type": "LineString", "coordinates": [[-70.40583, -23.68655], [-70.40602, -23.68683]]}, "properties": {"name": "Fidelia Valdes", "highway": "living_street"}}, {"type": "Feature", "geometry": {"type": "LineString", "coordinates": [[-70.40521, -23.68694], [-70.40519, -23.6861], [-70.40543, -23.6864]]}, "properties": {"name": "Condominio Rahue", "highway": "living_street"}}, {"type": "Feature", "geometry": {"type": "LineString", "coordinates": [[-70.40592, -23.68615], [-70.40486, -23.68649]]}, "properties": {"name": "Condominio Rahue", "highway": "living_street"}}, {"type": "Feature", "geometry": {"type": "LineString", "coordinates": [[-70.38832, -23.62706], [-70.38838, -23.62828]]}, "properties": {"name": "Araucanía", "highway": "living_street"}}, {"type": "Feature", "geometry": {"type": "LineString", "coordinates": [[-70.39534, -23.638], [-70.39543, -23.63667]]}, "properties": {"name": "Carlos Van Buren", "highway": "residential"}}, {"type": "Feature", "geometry": {"type": "LineString", "coordinates": [[-70.38743, -23.62712], [-70.38749, -23.62833]]}, "properties": {"name": "Chacabuco", "highway": "living_street"}}, {"type": "Feature", "geometry": {"type": "LineString", "coordinates": [[-70.38604, -23.6284], [-70.38598, -23.62722]]}, "properties": {"name": "Chiloé", "highway": "living_street"}}, {"type": "Feature", "geometry": {"type": "LineString", "coordinates": [[-70.38205, -23.62877], [-70.38205, -23.62895]]}, "properties": {"name": "Coyo", "highway": "living_street"}}, {"type": "Feature", "geometry": {"type": "LineString", "coordinates": [[-70.38055, -23.62877], [-70.38057, -23.62956]]}, "properties": {"name": "Diego de Almagro", "highway": "residential"}}, {"type": "Feature", "geometry": {"type": "LineString", "coordinates": [[-70.38647, -23.62719], [-70.38652, -23.62838]]}, "properties": {"name": "Ercilla", "highway": "living_street"}}, {"type": "Feature", "geometry": {"type": "LineString", "coordinates": [[-70.386, -23.62763], [-70.38649, -23.62761]]}, "properties": {"name": "Francisco Vergara", "highway": "living_street"}}, {"type": "Feature", "geometry": {"type": "LineString", "coordinates": [[-70.38702, -23.62757], [-70.38881, -23.6275]]}, "properties": {"name": "Francisco Vergara", "highway": "living_street"}}, {"type": "Feature", "geometry": {"type": "LineString", "coordinates": [[-70.39484, -23.64175], [-70.39455, -23.63854], [-70.39473, -23.63797]]}, "properties": {"name": "La Reconquista", "highway": "residential"}}, {"type": "Feature", "geometry": {"type": "LineString", "coordinates": [[-70.38347, -23.62954], [-70.38301, -23.6289]]}, "properties": {"name": "Quillagua", "highway": "living_street"}}, {"type": "Feature", "geometry": {"type": "LineString", "coordinates": [[-70.38235, -23.62875], [-70.38236, -23.62893]]}, "properties": {"name": "Solor", "highway": "living_street"}}, {"type": "Feature", "geometry": {"type": "LineString", "coordinates": [[-70.38266, -23.62876], [-70.38266, -23.62892]]}, "properties": {"name": "Soncor", "highway": "living_street"}}, {"type": "Feature", "geometry": {"type": "LineString", "coordinates": [[-70.38295, -23.62874], [-70.38296, -23.6289]]}, "properties": {"name": "Tulor", "highway": "living_street"}}, {"type": "Feature", "geometry": {"type": "LineString", "coordinates": [[-70.38175, -23.62879], [-70.38175, -23.62896]]}, "properties": {"name": "Yaye", "highway": "living_street"}}, {"type": "Feature", "geometry": {"type": "LineString", "coordinates": [[-70.3903, -23.62568], [-70.3911, -23.62555]]}, "properties": {"name": "Ovalle", "highway": "residential"}}, {"type": "Feature", "geometry": {"type": "LineString", "coordinates": [[-70.38788, -23.62792], [-70.38703, -23.62793]]}, "properties": {"name": "Pedro de Valdivia", "highway": "living_street"}}, {"type": "Feature", "geometry": {"type": "LineString", "coordinates": [[-70.38018, -23.62939], [-70.37967, -23.62927]]}, "properties": {"name": "Altamira", "highway": "residential"}}, {"type": "Feature", "geometry": {"type": "LineString", "coordinates": [[-70.38412, -23.62811], [-70.3832, -23.62813]]}, "properties": {"name": "Pedro de Valdivia", "highway": "living_street"}}, {"type": "Feature", "geometry": {"type": "LineString", "coordinates": [[-70.42862, -23.7146], [-70.42946, -23.71524], [-70.43012, -23.71529], [-70.43047, -23.71501], [-70.43072, -23.71424], [-70.43119, -23.71375], [-70.43311, -23.71303]]}, "properties": {"name": "Avenida Agustín Samsó Sivori", "highway": "residential"}}, {"type": "Feature", "geometry": {"type": "LineString", "coordinates": [[-70.41692, -23.70541], [-70.41653, -23.7051]]}, "properties": {"name": "Galvarino Rossi", "highway": "residential"}}, {"type": "Feature", "geometry": {"type": "LineString", "coordinates": [[-70.43107, -23.71068], [-70.4301, -23.71102]]}, "properties": {"name": "Las Alpacas", "highway": "residential"}}, {"type": "Feature", "geometry": {"type": "LineString", "coordinates": [[-70.41653, -23.7051], [-70.4168, -23.70439]]}, "properties": {"name": "María Castro", "highway": "residential"}}, {"type": "Feature", "geometry": {"type": "LineString", "coordinates": [[-70.4201, -23.70964], [-70.42041, -23.70837]]}, "properties": {"name": "Cerro Colorado", "highway": "residential"}}, {"type": "Feature", "geometry": {"type": "LineString", "coordinates": [[-70.42319, -23.70926], [-70.42209, -23.70892], [-70.42157, -23.70834], [-70.41905, -23.70671]]}, "properties": {"name": "Travesía del Cerro", "highway": "residential"}}, {"type": "Feature", "geometry": {"type": "LineString", "coordinates": [[-70.41111, -23.69752], [-70.41078, -23.69774], [-70.40974, -23.69777], [-70.40889, -23.6972]]}, "properties": {"name": "Santa Marta", "highway": "tertiary"}}, {"type": "Feature", "geometry": {"type": "LineString", "coordinates": [[-70.39466, -23.64589], [-70.39504, -23.64547]]}, "properties": {"name": "Serrano", "highway": "residential"}}, {"type": "Feature", "geometry": {"type": "LineString", "coordinates": [[-70.39243, -23.63678], [-70.39232, -23.63872]]}, "properties": {"name": "Tarapaca", "highway": "residential"}}, {"type": "Feature", "geometry": {"type": "LineString", "coordinates": [[-70.38344, -23.64427], [-70.38323, -23.64415], [-70.38329, -23.64347]]}, "properties": {"name": "Alfonso Meléndez", "highway": "residential"}}, {"type": "Feature", "geometry": {"type": "LineString", "coordinates": [[-70.4027, -23.65397], [-70.40258, -23.6539]]}, "properties": {"name": "Avenida Grecia", "highway": "residential"}}, {"type": "Feature", "geometry": {"type": "LineString", "coordinates": [[-70.39684, -23.64124], [-70.39665, -23.64117], [-70.39657, -23.63995]]}, "properties": {"name": "Aníbal Pinto", "highway": "residential"}}, {"type": "Feature", "geometry": {"type": "LineString", "coordinates": [[-70.39794, -23.65543], [-70.3971, -23.6546]]}, "properties": {"name": "14 de Julio", "highway": "residential"}}, {"type": "Feature", "geometry": {"type": "LineString", "coordinates": [[-70.38289, -23.59097], [-70.3808, -23.59099]]}, "properties": {"name": "Clodomiro Rozas", "highway": "residential"}}, {"type": "Feature", "geometry": {"type": "LineString", "coordinates": [[-70.38552, -23.59101], [-70.38695, -23.59042]]}, "properties": {"name": "Clodomiro Rozas", "highway": "residential"}}, {"type": "Feature", "geometry": {"type": "LineString", "coordinates": [[-70.40531, -23.66607], [-70.40389, -23.66667]]}, "properties": {"name": "General José Manuel Borgoño", "highway": "residential"}}, {"type": "Feature", "geometry": {"type": "LineString", "coordinates": [[-70.39383, -23.63792], [-70.39361, -23.63791]]}, "properties": {"name": "Zenteno", "highway": "residential"}}, {"type": "Feature", "geometry": {"type": "LineString", "coordinates": [[-70.41321, -23.67878], [-70.41385, -23.67757]]}, "properties": {"name": "Virgilio Arias", "highway": "residential"}}, {"type": "Feature", "geometry": {"type": "LineString", "coordinates": [[-70.39862, -23.67237], [-70.39834, -23.67195]]}, "properties": {"name": "Angol", "highway": "living_street"}}, {"type": "Feature", "geometry": {"type": "LineString", "coordinates": [[-70.38811, -23.58659], [-70.38807, -23.58718]]}, "properties": {"name": "Las Orcas", "highway": "living_street"}}, {"type": "Feature", "geometry": {"type": "LineString", "coordinates": [[-70.38879, -23.58622], [-70.38873, -23.58723]]}, "properties": {"name": "Los Delfines", "highway": "living_street"}}, {"type": "Feature", "geometry": {"type": "LineString", "coordinates": [[-70.38738, -23.58654], [-70.38732, -23.58712]]}, "properties": {"name": "Las Albacoras", "highway": "living_street"}}, {"type": "Feature", "geometry": {"type": "LineString", "coordinates": [[-70.38769, -23.58659], [-70.38764, -23.58715]]}, "properties": {"name": "Las Mantarrayas", "highway": "living_street"}}, {"type": "Feature", "geometry": {"type": "LineString", "coordinates": [[-70.38837, -23.5872], [-70.38843, -23.58663]]}, "properties": {"name": "Las Toninas", "highway": "living_street"}}, {"type": "Feature", "geometry": {"type": "LineString", "coordinates": [[-70.38698, -23.58652], [-70.38692, -23.58709]]}, "properties": {"name": "Los Escualos", "highway": "living_street"}}, {"type": "Feature", "geometry": {"type": "LineString", "coordinates": [[-70.40503, -23.67385], [-70.40448, -23.67408]]}, "properties": {"name": "Alfredo Valenzuela", "highway": "residential"}}, {"type": "Feature", "geometry": {"type": "LineString", "coordinates": [[-70.38546, -23.61765], [-70.38572, -23.61833], [-70.38936, -23.62419]]}, "properties": {"name": "Azapa", "highway": "tertiary"}}, {"type": "Feature", "geometry": {"type": "LineString", "coordinates": [[-70.38233, -23.61536], [-70.38375, -23.6152]]}, "properties": {"name": "Cobija", "highway": "living_street"}}, {"type": "Feature", "geometry": {"type": "LineString", "coordinates": [[-70.39362, -23.64296], [-70.39281, -23.644], [-70.39246, -23.64548], [-70.39304, -23.64925], [-70.39308, -23.65126], [-70.39406, -23.65302]]}, "properties": {"name": "Avenida Argentina", "highway": "primary"}}, {"type": "Feature", "geometry": {"type": "LineString", "coordinates": [[-70.39704, -23.59481], [-70.39652, -23.59578], [-70.39443, -23.59819], [-70.39347, -23.59983]]}, "properties": {"name": "Avenida Edmundo Pérez Zujovic", "highway": "trunk"}}, {"type": "Feature", "geometry": {"type": "LineString", "coordinates": [[-70.39638, -23.62633], [-70.39618, -23.62602], [-70.39537, -23.626]]}, "properties": {"name": "El Cobre", "highway": "residential"}}, {"type": "Feature", "geometry": {"type": "LineString", "coordinates": [[-70.37863, -23.61276], [-70.38194, -23.61813]]}, "properties": {"name": "Maullín", "highway": "residential"}}, {"type": "Feature", "geometry": {"type": "LineString", "coordinates": [[-70.3845, -23.6132], [-70.38489, -23.61259]]}, "properties": {"name": "Pasaje Azapa", "highway": "living_street"}}, {"type": "Feature", "geometry": {"type": "LineString", "coordinates": [[-70.38405, -23.60984], [-70.38406, -23.60975]]}, "properties": {"name": "Vitacura", "highway": "living_street"}}, {"type": "Feature", "geometry": {"type": "LineString", "coordinates": [[-70.38498, -23.61122], [-70.38393, -23.61064]]}, "properties": {"name": "San Miguel", "highway": "residential"}}, {"type": "Feature", "geometry": {"type": "LineString", "coordinates": [[-70.38993, -23.58786], [-70.38913, -23.58782]]}, "properties": {"name": "Las Gaviotas", "highway": "living_street"}}, {"type": "Feature", "geometry": {"type": "LineString", "coordinates": [[-70.38294, -23.60338], [-70.38225, -23.60331]]}, "properties": {"name": "Bandera", "highway": "living_street"}}, {"type": "Feature", "geometry": {"type": "LineString", "coordinates": [[-70.3833, -23.59641], [-70.38348, -23.59909]]}, "properties": {"name": "El Roble", "highway": "living_street"}}, {"type": "Feature", "geometry": {"type": "LineString", "coordinates": [[-70.39066, -23.5807], [-70.38977, -23.59191]]}, "properties": {"name": "Avenida Pedro Aguirre Cerda", "highway": "primary"}}, {"type": "Feature", "geometry": {"type": "LineString", "coordinates": [[-70.38967, -23.59191], [-70.38991, -23.58801]]}, "properties": {"name": "Avenida Pedro Aguirre Cerda", "highway": "primary"}}, {"type": "Feature", "geometry": {"type": "LineString", "coordinates": [[-70.38967, -23.592], [-70.38967, -23.59191]]}, "properties": {"name": "Avenida Pedro Aguirre Cerda", "highway": "primary"}}, {"type": "Feature", "geometry": {"type": "LineString", "coordinates": [[-70.38977, -23.59191], [-70.38977, -23.592]]}, "properties": {"name": "Avenida Pedro Aguirre Cerda", "highway": "primary"}}, {"type": "Feature", "geometry": {"type": "LineString", "coordinates": [[-70.39056, -23.58063], [-70.39071, -23.57899]]}, "properties": {"name": "Avenida Pedro Aguirre Cerda", "highway": "primary"}}, {"type": "Feature", "geometry": {"type": "LineString", "coordinates": [[-70.38977, -23.592], [-70.38958, -23.59767]]}, "properties": {"name": "Avenida Pedro Aguirre Cerda", "highway": "primary"}}, {"type": "Feature", "geometry": {"type": "LineString", "coordinates": [[-70.38977, -23.592], [-70.38967, -23.592]]}, "properties": {"name": "Nicolás Tirado", "highway": "secondary"}}, {"type": "Feature", "geometry": {"type": "LineString", "coordinates": [[-70.38967, -23.59191], [-70.38977, -23.59191]]}, "properties": {"name": "Nicolás Tirado", "highway": "secondary"}}, {"type": "Feature", "geometry": {"type": "LineString", "coordinates": [[-70.38967, -23.592], [-70.38792, -23.59196], [-70.38604, -23.59238], [-70.38287, -23.59255]]}, "properties": {"name": "Nicolás Tirado", "highway": "secondary"}}, {"type": "Feature", "geometry": {"type": "LineString", "coordinates": [[-70.38977, -23.59191], [-70.39074, -23.5917]]}, "properties": {"name": "Nicolás Tirado", "highway": "secondary"}}, {"type": "Feature", "geometry": {"type": "LineString", "coordinates": [[-70.39114, -23.62482], [-70.38994, -23.62511]]}, "properties": {"name": "La Serena", "highway": "residential"}}, {"type": "Feature", "geometry": {"type": "LineString", "coordinates": [[-70.39503, -23.63254], [-70.39386, -23.63252]]}, "properties": {"name": "México", "highway": "residential"}}, {"type": "Feature", "geometry": {"type": "LineString", "coordinates": [[-70.39265, -23.63359], [-70.39291, -23.63359]]}, "properties": {"name": "Coronel", "highway": "living_street"}}, {"type": "Feature", "geometry": {"type": "LineString", "coordinates": [[-70.39264, -23.63371], [-70.3929, -23.63372]]}, "properties": {"name": "Coronel", "highway": "living_street"}}, {"type": "Feature", "geometry": {"type": "LineString", "coordinates": [[-70.39298, -23.63452], [-70.39301, -23.63416]]}, "properties": {"name": "Riñihue", "highway": "living_street"}}, {"type": "Feature", "geometry": {"type": "LineString", "coordinates": [[-70.39267, -23.63452], [-70.3927, -23.634], [-70.39289, -23.634]]}, "properties": {"name": "Coronel", "highway": "living_street"}}, {"type": "Feature", "geometry": {"type": "LineString", "coordinates": [[-70.39327, -23.63237], [-70.3933, -23.63184]]}, "properties": {"name": "Lota", "highway": "living_street"}}, {"type": "Feature", "geometry": {"type": "LineString", "coordinates": [[-70.39329, -23.58409], [-70.39306, -23.58301], [-70.39182, -23.58022], [-70.3919, -23.57955], [-70.39228, -23.57896]]}, "properties": {"name": "Avenida Edmundo Pérez Zujovic", "highway": "trunk"}}, {"type": "Feature", "geometry": {"type": "LineString", "coordinates": [[-70.39345, -23.59963], [-70.39461, -23.59774], [-70.39656, -23.59555], [-70.39687, -23.59495]]}, "properties": {"name": "Avenida Edmundo Pérez Zujovic", "highway": "trunk"}}, {"type": "Feature", "geometry": {"type": "LineString", "coordinates": [[-70.39484, -23.59329], [-70.39526, -23.59331]]}, "properties": {"name": "Pasaje Orlayer Alcayaga Mallea", "highway": "living_street"}}, {"type": "Feature", "geometry": {"type": "LineString", "coordinates": [[-70.39284, -23.59624], [-70.39152, -23.59558]]}, "properties": {"name": "Molibdeno", "highway": "residential"}}, {"type": "Feature", "geometry": {"type": "LineString", "coordinates": [[-70.39209, -23.60806], [-70.39215, -23.60624]]}, "properties": {"name": "Avenida Edmundo Pérez Zujovic", "highway": "trunk"}}, {"type": "Feature", "geometry": {"type": "LineString", "coordinates": [[-70.39406, -23.6222], [-70.39628, -23.62563], [-70.39652, -23.62632], [-70.39648, -23.62694]]}, "properties": {"name": "Avenida Edmundo Pérez Zujovic", "highway": "trunk"}}, {"type": "Feature", "geometry": {"type": "LineString", "coordinates": [[-70.39221, -23.60806], [-70.39232, -23.60951], [-70.39203, -23.61099], [-70.39187, -23.61434], [-70.39241, -23.61703], [-70.39268, -23.61975], [-70.39406, -23.6222]]}, "properties": {"name": "Avenida Edmundo Pérez Zujovic", "highway": "trunk"}}, {"type": "Feature", "geometry": {"type": "LineString", "coordinates": [[-70.39255, -23.61965], [-70.39231, -23.61715], [-70.39174, -23.61456], [-70.39209, -23.60806]]}, "properties": {"name": "Avenida Edmundo Pérez Zujovic", "highway": "trunk"}}, {"type": "Feature", "geometry": {"type": "LineString", "coordinates": [[-70.39215, -23.60624], [-70.39225, -23.60234], [-70.39258, -23.6012], [-70.39345, -23.59963]]}, "properties": {"name": "Avenida Edmundo Pérez Zujovic", "highway": "trunk"}}, {"type": "Feature", "geometry": {"type": "LineString", "coordinates": [[-70.39347, -23.59983], [-70.39275, -23.6011], [-70.39237, -23.60235], [-70.39227, -23.60625]]}, "properties": {"name": "Avenida Edmundo Pérez Zujovic", "highway": "trunk"}}, {"type": "Feature", "geometry": {"type": "LineString", "coordinates": [[-70.39227, -23.60625], [-70.39221, -23.60806]]}, "properties": {"name": "Avenida Edmundo Pérez Zujovic", "highway": "trunk"}}, {"type": "Feature", "geometry": {"type": "LineString", "coordinates": [[-70.39201, -23.6084], [-70.39212, -23.60272], [-70.39267, -23.60075]]}, "properties": {"name": "Avenida Edmundo Pérez Zujovic", "highway": "tertiary"}}, {"type": "Feature", "geometry": {"type": "LineString", "coordinates": [[-70.39061, -23.60382], [-70.3923, -23.60377]]}, "properties": {"name": "Cavancha", "highway": "secondary"}}, {"type": "Feature", "geometry": {"type": "LineString", "coordinates": [[-70.39329, -23.58409], [-70.3934, -23.58409]]}, "properties": {"name": "Los Tamarugos", "highway": "residential"}}, {"type": "Feature", "geometry": {"type": "LineString", "coordinates": [[-70.39218, -23.58234], [-70.39257, -23.58328], [-70.39256, -23.58412]]}, "properties": {"name": "Los Chirihues", "highway": "residential"}}, {"type": "Feature", "geometry": {"type": "LineString", "coordinates": [[-70.37995, -23.6281], [-70.37962, -23.62812]]}, "properties": {"name": "Francisco Vergara", "highway": "residential"}}, {"type": "Feature", "geometry": {"type": "LineString", "coordinates": [[-70.37987, -23.62699], [-70.37929, -23.62726]]}, "properties": {"name": "Claudio Matte", "highway": "living_street"}}, {"type": "Feature", "geometry": {"type": "LineString", "coordinates": [[-70.38187, -23.57687], [-70.38372, -23.577]]}, "properties": {"name": "Rodrigo Chaparro Aravena", "highway": "living_street"}}, {"type": "Feature", "geometry": {"type": "LineString", "coordinates": [[-70.38445, -23.60984], [-70.38505, -23.6101]]}, "properties": {"name": "Vitacura", "highway": "tertiary"}}, {"type": "Feature", "geometry": {"type": "LineString", "coordinates": [[-70.37858, -23.59279], [-70.37834, -23.59281]]}, "properties": {"name": "Nicolás Tirado", "highway": "secondary"}}, {"type": "Feature", "geometry": {"type": "LineString", "coordinates": [[-70.37858, -23.59268], [-70.38077, -23.59255]]}, "properties": {"name": "Nicolás Tirado", "highway": "secondary"}}, {"type": "Feature", "geometry": {"type": "LineString", "coordinates": [[-70.38078, -23.59266], [-70.37858, -23.59279]]}, "properties": {"name": "Nicolás Tirado", "highway": "secondary"}}, {"type": "Feature", "geometry": {"type": "LineString", "coordinates": [[-70.40228, -23.65335], [-70.40256, -23.65313]]}, "properties": {"name": "Avenida Grecia", "highway": "residential"}}, {"type": "Feature", "geometry": {"type": "LineString", "coordinates": [[-70.38953, -23.62821], [-70.39148, -23.62804], [-70.39404, -23.62847]]}, "properties": {"name": "Avenida Salvador Allende", "highway": "trunk"}}, {"type": "Feature", "geometry": {"type": "LineString", "coordinates": [[-70.38705, -23.62847], [-70.38495, -23.62856]]}, "properties": {"name": "Avenida Salvador Allende", "highway": "trunk"}}, {"type": "Feature", "geometry": {"type": "LineString", "coordinates": [[-70.3915, -23.59862], [-70.39345, -23.59963]]}, "properties": {"name": "Onix", "highway": "tertiary"}}, {"type": "Feature", "geometry": {"type": "LineString", "coordinates": [[-70.39317, -23.59453], [-70.39314, -23.59567], [-70.39289, -23.59626]]}, "properties": {"name": "Avenida El Yodo", "highway": "tertiary"}}, {"type": "Feature", "geometry": {"type": "LineString", "coordinates": [[-70.3913, -23.59897], [-70.3908, -23.60045]]}, "properties": {"name": "Avenida El Yodo", "highway": "tertiary"}}, {"type": "Feature", "geometry": {"type": "LineString", "coordinates": [[-70.3915, -23.59862], [-70.39162, -23.59832]]}, "properties": {"name": "Avenida El Yodo", "highway": "tertiary"}}, {"type": "Feature", "geometry": {"type": "LineString", "coordinates": [[-70.39234, -23.58401], [-70.39209, -23.58664], [-70.39382, -23.59194]]}, "properties": {"name": "Los Almendros", "highway": "residential"}}, {"type": "Feature", "geometry": {"type": "LineString", "coordinates": [[-70.39317, -23.59453], [-70.39528, -23.59457], [-70.39687, -23.59495]]}, "properties": {"name": "El Azufre", "highway": "tertiary"}}, {"type": "Feature", "geometry": {"type": "LineString", "coordinates": [[-70.39202, -23.65672], [-70.39168, -23.65703]]}, "properties": {"name": "Maipú", "highway": "residential"}}, {"type": "Feature", "geometry": {"type": "LineString", "coordinates": [[-70.39317, -23.64747], [-70.39466, -23.64589]]}, "properties": {"name": "Serrano", "highway": "tertiary"}}, {"type": "Feature", "geometry": {"type": "LineString", "coordinates": [[-70.38312, -23.59642], [-70.38103, -23.59652]]}, "properties": {"name": "Mateo de Toro y Zambrano", "highway": "tertiary"}}, {"type": "Feature", "geometry": {"type": "LineString", "coordinates": [[-70.3882, -23.62906], [-70.38934, -23.62912]]}, "properties": {"name": "Colombia", "highway": "residential"}}, {"type": "Feature", "geometry": {"type": "LineString", "coordinates": [[-70.38031, -23.61111], [-70.38271, -23.6125]]}, "properties": {"name": "Isabel Riquelme", "highway": "secondary"}}, {"type": "Feature", "geometry": {"type": "LineString", "coordinates": [[-70.40699, -23.67101], [-70.40677, -23.67162], [-70.40643, -23.67184]]}, "properties": {"name": "Homero Ávila", "highway": "secondary"}}, {"type": "Feature", "geometry": {"type": "LineString", "coordinates": [[-70.37816, -23.61537], [-70.38565, -23.62724]]}, "properties": {"name": "Castro", "highway": "residential"}}, {"type": "Feature", "geometry": {"type": "LineString", "coordinates": [[-70.41312, -23.68413], [-70.41484, -23.68276]]}, "properties": {"name": "Sangra", "highway": "tertiary"}}, {"type": "Feature", "geometry": {"type": "LineString", "coordinates": [[-70.37816, -23.61537], [-70.38185, -23.6135]]}, "properties": {"name": "Rancagua", "highway": "tertiary"}}, {"type": "Feature", "geometry": {"type": "LineString", "coordinates": [[-70.38857, -23.64376], [-70.39261, -23.64703]]}, "properties": {"name": "Manuel Antonio Matta", "highway": "tertiary"}}, {"type": "Feature", "geometry": {"type": "LineString", "coordinates": [[-70.40285, -23.67327], [-70.40615, -23.67187]]}, "properties": {"name": "Homero Ávila", "highway": "secondary"}}, {"type": "Feature", "geometry": {"type": "LineString", "coordinates": [[-70.40637, -23.67178], [-70.40643, -23.67176]]}, "properties": {"name": "Homero Ávila", "highway": "secondary"}}, {"type": "Feature", "geometry": {"type": "LineString", "coordinates": [[-70.38287, -23.59255], [-70.38078, -23.59266]]}, "properties": {"name": "Nicolás Tirado", "highway": "secondary"}}, {"type": "Feature", "geometry": {"type": "LineString", "coordinates": [[-70.39117, -23.65117], [-70.39624, -23.6458]]}, "properties": {"name": "Simón Bolívar", "highway": "residential"}}, {"type": "Feature", "geometry": {"type": "LineString", "coordinates": [[-70.39705, -23.64494], [-70.40146, -23.64844]]}, "properties": {"name": "Jorge Washington", "highway": "tertiary"}}, {"type": "Feature", "geometry": {"type": "LineString", "coordinates": [[-70.40056, -23.64771], [-70.39466, -23.65393]]}, "properties": {"name": "Maipú", "highway": "residential"}}, {"type": "Feature", "geometry": {"type": "LineString", "coordinates": [[-70.39629, -23.64575], [-70.39775, -23.64417]]}, "properties": {"name": "Simón Bolívar", "highway": "tertiary"}}, {"type": "Feature", "geometry": {"type": "LineString", "coordinates": [[-70.40643, -23.67176], [-70.40673, -23.67153], [-70.40674, -23.6708]]}, "properties": {"name": "Homero Ávila", "highway": "secondary"}}, {"type": "Feature", "geometry": {"type": "LineString", "coordinates": [[-70.38131, -23.63082], [-70.38137, -23.62873]]}, "properties": {"name": "Domingo Faustino Sarmiento", "highway": "secondary"}}, {"type": "Feature", "geometry": {"type": "LineString", "coordinates": [[-70.38271, -23.6125], [-70.38384, -23.61317], [-70.38495, -23.6132]]}, "properties": {"name": "Isabel Riquelme", "highway": "tertiary"}}, {"type": "Feature", "geometry": {"type": "LineString", "coordinates": [[-70.38824, -23.6284], [-70.38787, -23.63441]]}, "properties": {"name": "Llanquihue", "highway": "residential"}}, {"type": "Feature", "geometry": {"type": "LineString", "coordinates": [[-70.3947, -23.65903], [-70.395, -23.65934], [-70.39546, -23.66497]]}, "properties": {"name": "Eduardo Lefort", "highway": "residential"}}, {"type": "Feature", "geometry": {"type": "LineString", "coordinates": [[-70.3906, -23.60159], [-70.39081, -23.60814], [-70.39044, -23.60887], [-70.38999, -23.61214]]}, "properties": {"name": "Iquique", "highway": "tertiary"}}, {"type": "Feature", "geometry": {"type": "LineString", "coordinates": [[-70.39561, -23.63801], [-70.39568, -23.63255], [-70.39616, -23.63097], [-70.39622, -23.62976]]}, "properties": {"name": "Avenida Edmundo Pérez Zujovic", "highway": "trunk"}}, {"type": "Feature", "geometry": {"type": "LineString", "coordinates": [[-70.3981, -23.64386], [-70.39999, -23.64555], [-70.40218, -23.64715], [-70.40259, -23.64772]]}, "properties": {"name": "Avenida José Manuel Balmaceda", "highway": "trunk"}}, {"type": "Feature", "geometry": {"type": "LineString", "coordinates": [[-70.39249, -23.62743], [-70.39285, -23.62838]]}, "properties": {"name": "Avenida Mejillones", "highway": "tertiary"}}, {"type": "Feature", "geometry": {"type": "LineString", "coordinates": [[-70.39202, -23.65672], [-70.3947, -23.65903]]}, "properties": {"name": "Saavedra", "highway": "residential"}}, {"type": "Feature", "geometry": {"type": "LineString", "coordinates": [[-70.38756, -23.59165], [-70.38524, -23.58697]]}, "properties": {"name": "Héroes de la Concepción", "highway": "tertiary"}}, {"type": "Feature", "geometry": {"type": "LineString", "coordinates": [[-70.38348, -23.57874], [-70.38307, -23.58183], [-70.38368, -23.58381]]}, "properties": {"name": "Héroes de la Conpcecion", "highway": "tertiary"}}, {"type": "Feature", "geometry": {"type": "LineString", "coordinates": [[-70.39584, -23.63669], [-70.39575, -23.63802]]}, "properties": {"name": "Avenida Edmundo Pérez Zujovic", "highway": "trunk"}}, {"type": "Feature", "geometry": {"type": "LineString", "coordinates": [[-70.39202, -23.60783], [-70.3888, -23.60786]]}, "properties": {"name": "Ongolmo", "highway": "residential"}}, {"type": "Feature", "geometry": {"type": "LineString", "coordinates": [[-70.38555, -23.58699], [-70.39009, -23.58733]]}, "properties": {"name": "Cabo Juan Bolívar", "highway": "tertiary"}}, {"type": "Feature", "geometry": {"type": "LineString", "coordinates": [[-70.39413, -23.6286], [-70.39346, -23.6395], [-70.39372, -23.64287]]}, "properties": {"name": "Iquique", "highway": "primary"}}, {"type": "Feature", "geometry": {"type": "LineString", "coordinates": [[-70.40183, -23.67377], [-70.40069, -23.67239], [-70.39943, -23.66987], [-70.39892, -23.66822], [-70.39893, -23.66589], [-70.39829, -23.66489]]}, "properties": {"name": "Avenida Argentina", "highway": "primary"}}, {"type": "Feature", "geometry": {"type": "LineString", "coordinates": [[-70.40643, -23.67184], [-70.40289, -23.67334]]}, "properties": {"name": "Homero Ávila", "highway": "secondary"}}, {"type": "Feature", "geometry": {"type": "LineString", "coordinates": [[-70.39915, -23.66486], [-70.39889, -23.65897]]}, "properties": {"name": "Eduardo Orchard", "highway": "residential"}}, {"type": "Feature", "geometry": {"type": "LineString", "coordinates": [[-70.39934, -23.65389], [-70.40281, -23.65014]]}, "properties": {"name": "21 de Mayo", "highway": "secondary"}}, {"type": "Feature", "geometry": {"type": "LineString", "coordinates": [[-70.39829, -23.66489], [-70.39532, -23.66495]]}, "properties": {"name": "Díaz Gana", "highway": "tertiary"}}, {"type": "Feature", "geometry": {"type": "LineString", "coordinates": [[-70.40941, -23.68256], [-70.40963, -23.68298], [-70.40967, -23.68466], [-70.41003, -23.68627], [-70.41017, -23.69118]]}, "properties": {"name": "Avenida Argentina", "highway": "primary"}}, {"type": "Feature", "geometry": {"type": "LineString", "coordinates": [[-70.39829, -23.66489], [-70.39757, -23.66381], [-70.39649, -23.66153], [-70.39622, -23.65905]]}, "properties": {"name": "Avenida Argentina", "highway": "primary"}}, {"type": "Feature", "geometry": {"type": "LineString", "coordinates": [[-70.41639, -23.69482], [-70.41591, -23.69412], [-70.41489, -23.6906], [-70.41483, -23.68948], [-70.41375, -23.68602]]}, "properties": {"name": "Avenida Angamos", "highway": "secondary"}}, {"type": "Feature", "geometry": {"type": "LineString", "coordinates": [[-70.42056, -23.69105], [-70.41975, -23.68859], [-70.41926, -23.68766], [-70.41482, -23.68291]]}, "properties": {"name": "Avenida Ejército", "highway": "trunk"}}, {"type": "Feature", "geometry": {"type": "LineString", "coordinates": [[-70.39658, -23.65342], [-70.40243, -23.64745]]}, "properties": {"name": "Teniente Luis Uribe", "highway": "tertiary"}}, {"type": "Feature", "geometry": {"type": "LineString", "coordinates": [[-70.39553, -23.63801], [-70.39383, -23.63792]]}, "properties": {"name": "Zenteno", "highway": "residential"}}, {"type": "Feature", "geometry": {"type": "LineString", "coordinates": [[-70.39431, -23.58916], [-70.39209, -23.58977]]}, "properties": {"name": "Los Naranjos", "highway": "residential"}}, {"type": "Feature", "geometry": {"type": "LineString", "coordinates": [[-70.39529, -23.59234], [-70.39067, -23.5922], [-70.38977, -23.592]]}, "properties": {"name": "Nicolás Tirado", "highway": "secondary"}}, {"type": "Feature", "geometry": {"type": "LineString", "coordinates": [[-70.39074, -23.5917], [-70.39479, -23.59201], [-70.39657, -23.59148]]}, "properties": {"name": "Los Pimientos", "highway": "secondary"}}, {"type": "Feature", "geometry": {"type": "LineString", "coordinates": [[-70.39609, -23.65747], [-70.39934, -23.65389]]}, "properties": {"name": "21 de Mayo", "highway": "tertiary"}}, {"type": "Feature", "geometry": {"type": "LineString", "coordinates": [[-70.39756, -23.65243], [-70.39288, -23.64857]]}, "properties": {"name": "José Santos Ossa", "highway": "tertiary"}}, {"type": "Feature", "geometry": {"type": "LineString", "coordinates": [[-70.39327, -23.5919], [-70.39284, -23.59056]]}, "properties": {"name": "Los Aromos", "highway": "residential"}}, {"type": "Feature", "geometry": {"type": "LineString", "coordinates": [[-70.39345, -23.63874], [-70.39074, -23.6387]]}, "properties": {"name": "Lima", "highway": "residential"}}, {"type": "Feature", "geometry": {"type": "LineString", "coordinates": [[-70.39291, -23.62525], [-70.39256, -23.62458], [-70.39248, -23.6234]]}, "properties": {"name": "Iquique", "highway": "primary"}}, {"type": "Feature", "geometry": {"type": "LineString", "coordinates": [[-70.40258, -23.6536], [-70.39392, -23.64667]]}, "properties": {"name": "Carlos Condell", "highway": "secondary"}}, {"type": "Feature", "geometry": {"type": "LineString", "coordinates": [[-70.39153, -23.62551], [-70.39228, -23.62674], [-70.39249, -23.62743]]}, "properties": {"name": "Avenida Mejillones", "highway": "tertiary"}}, {"type": "Feature", "geometry": {"type": "LineString", "coordinates": [[-70.38991, -23.58801], [-70.39032, -23.58329]]}, "properties": {"name": "Avenida Pedro Aguirre Cerda", "highway": "primary"}}, {"type": "Feature", "geometry": {"type": "LineString", "coordinates": [[-70.39303, -23.64349], [-70.39362, -23.64286]]}, "properties": {"name": "Avenida Argentina", "highway": "primary"}}, {"type": "Feature", "geometry": {"type": "LineString", "coordinates": [[-70.39025, -23.58694], [-70.39015, -23.58803]]}, "properties": {"name": "Avenida Pedro Aguirre Cerda", "highway": "residential"}}, {"type": "Feature", "geometry": {"type": "LineString", "coordinates": [[-70.39325, -23.58663], [-70.39213, -23.58699], [-70.39027, -23.58684]]}, "properties": {"name": "Los Guindos", "highway": "living_street"}}, {"type": "Feature", "geometry": {"type": "LineString", "coordinates": [[-70.39158, -23.58828], [-70.3915, -23.58812]]}, "properties": {"name": "Los Pinos", "highway": "residential"}}, {"type": "Feature", "geometry": {"type": "LineString", "coordinates": [[-70.3931, -23.59452], [-70.39317, -23.59229]]}, "properties": {"name": "Avenida El Yodo", "highway": "tertiary"}}, {"type": "Feature", "geometry": {"type": "LineString", "coordinates": [[-70.4059, -23.67075], [-70.40356, -23.666]]}, "properties": {"name": "Avenida Angamos", "highway": "secondary"}}, {"type": "Feature", "geometry": {"type": "LineString", "coordinates": [[-70.39015, -23.58803], [-70.39218, -23.58818], [-70.39302, -23.58796], [-70.39385, -23.58731]]}, "properties": {"name": "Los Chañares", "highway": "residential"}}, {"type": "Feature", "geometry": {"type": "LineString", "coordinates": [[-70.39317, -23.59229], [-70.39318, -23.5919]]}, "properties": {"name": "Avenida El Yodo", "highway": "tertiary"}}, {"type": "Feature", "geometry": {"type": "LineString", "coordinates": [[-70.39027, -23.58684], [-70.39025, -23.58694]]}, "properties": {"name": "Avenida Pedro Aguirre Cerda", "highway": "residential"}}, {"type": "Feature", "geometry": {"type": "LineString", "coordinates": [[-70.42274, -23.7001], [-70.42227, -23.69877]]}, "properties": {"name": "Avenida Universidad de Antofagasta", "highway": "secondary"}}, {"type": "Feature", "geometry": {"type": "LineString", "coordinates": [[-70.42315, -23.70096], [-70.42395, -23.70322], [-70.42425, -23.70493]]}, "properties": {"name": "Avenida Universidad de Antofagasta", "highway": "secondary"}}, {"type": "Feature", "geometry": {"type": "LineString", "coordinates": [[-70.3889, -23.63662], [-70.38546, -23.63645]]}, "properties": {"name": "Montevideo", "highway": "residential"}}, {"type": "Feature", "geometry": {"type": "LineString", "coordinates": [[-70.38198, -23.59918], [-70.3784, -23.59937]]}, "properties": {"name": "Juvenal Morla", "highway": "tertiary"}}, {"type": "Feature", "geometry": {"type": "LineString", "coordinates": [[-70.3784, -23.59937], [-70.37676, -23.59946]]}, "properties": {"name": "Juvenal Morla", "highway": "tertiary"}}, {"type": "Feature", "geometry": {"type": "LineString", "coordinates": [[-70.37977, -23.57558], [-70.37906, -23.58411]]}, "properties": {"name": "General Óscar Bonilla", "highway": "secondary"}}, {"type": "Feature", "geometry": {"type": "LineString", "coordinates": [[-70.38971, -23.64327], [-70.38999, -23.63868]]}, "properties": {"name": "Valdivia", "highway": "tertiary"}}, {"type": "Feature", "geometry": {"type": "LineString", "coordinates": [[-70.38546, -23.63645], [-70.38585, -23.62895]]}, "properties": {"name": "Chiloé", "highway": "residential"}}, {"type": "Feature", "geometry": {"type": "LineString", "coordinates": [[-70.38198, -23.59918], [-70.38178, -23.59649]]}, "properties": {"name": "Bandera", "highway": "tertiary"}}, {"type": "Feature", "geometry": {"type": "LineString", "coordinates": [[-70.40077, -23.65075], [-70.3958, -23.65595]]}, "properties": {"name": "Orella", "highway": "tertiary"}}, {"type": "Feature", "geometry": {"type": "LineString", "coordinates": [[-70.38271, -23.6125], [-70.3821, -23.61384], [-70.38233, -23.61536], [-70.38764, -23.62385]]}, "properties": {"name": "Avenida Antonio Rendic", "highway": "secondary"}}, {"type": "Feature", "geometry": {"type": "LineString", "coordinates": [[-70.40138, -23.66152], [-70.4011, -23.65535]]}, "properties": {"name": "Avenida Bernardo O'Higgins", "highway": "secondary"}}, {"type": "Feature", "geometry": {"type": "LineString", "coordinates": [[-70.38999, -23.63868], [-70.39009, -23.63667]]}, "properties": {"name": "Valdivia", "highway": "tertiary"}}, {"type": "Feature", "geometry": {"type": "LineString", "coordinates": [[-70.38585, -23.62895], [-70.38587, -23.62852]]}, "properties": {"name": "Chiloé", "highway": "residential"}}, {"type": "Feature", "geometry": {"type": "LineString", "coordinates": [[-70.3835, -23.62887], [-70.3882, -23.62906]]}, "properties": {"name": "Colombia", "highway": "residential"}}, {"type": "Feature", "geometry": {"type": "LineString", "coordinates": [[-70.3866, -23.63651], [-70.38705, -23.62847]]}, "properties": {"name": "Cardenal Carlos Oviedo Cavada", "highway": "tertiary"}}, {"type": "Feature", "geometry": {"type": "LineString", "coordinates": [[-70.3792, -23.61482], [-70.38202, -23.61931]]}, "properties": {"name": "Cardenal Carlos Oviedo Cavada", "highway": "tertiary"}}, {"type": "Feature", "geometry": {"type": "LineString", "coordinates": [[-70.38546, -23.63645], [-70.38317, -23.63636]]}, "properties": {"name": "Montevideo", "highway": "residential"}}, {"type": "Feature", "geometry": {"type": "LineString", "coordinates": [[-70.38077, -23.59255], [-70.386, -23.59232], [-70.38788, -23.59188], [-70.38967, -23.59191]]}, "properties": {"name": "Nicolás Tirado", "highway": "secondary"}}, {"type": "Feature", "geometry": {"type": "LineString", "coordinates": [[-70.38522, -23.5963], [-70.38312, -23.59642]]}, "properties": {"name": "Mateo de Toro y Zambrano", "highway": "tertiary"}}, {"type": "Feature", "geometry": {"type": "LineString", "coordinates": [[-70.38509, -23.59438], [-70.38497, -23.59234]]}, "properties": {"name": "Avenida Radomiro Tomic", "highway": "tertiary"}}, {"type": "Feature", "geometry": {"type": "LineString", "coordinates": [[-70.38958, -23.59767], [-70.38924, -23.60205]]}, "properties": {"name": "Avenida Pedro Aguirre Cerda", "highway": "primary"}}, {"type": "Feature", "geometry": {"type": "LineString", "coordinates": [[-70.39094, -23.57665], [-70.38612, -23.57625]]}, "properties": {"name": "Arturo Pérez Canto", "highway": "secondary"}}, {"type": "Feature", "geometry": {"type": "LineString", "coordinates": [[-70.39624, -23.6458], [-70.39396, -23.64401], [-70.39362, -23.64296]]}, "properties": {"name": "Iquique", "highway": "tertiary"}}, {"type": "Feature", "geometry": {"type": "LineString", "coordinates": [[-70.39629, -23.64575], [-70.39719, -23.6464]]}, "properties": {"name": "José de San Martín", "highway": "tertiary"}}, {"type": "Feature", "geometry": {"type": "LineString", "coordinates": [[-70.39624, -23.6458], [-70.39629, -23.64575]]}, "properties": {"name": "Simón Bolívar", "highway": "residential"}}, {"type": "Feature", "geometry": {"type": "LineString", "coordinates": [[-70.39372, -23.70198], [-70.393, -23.70206]]}, "properties": {"name": "Ruta 28", "highway": "trunk"}}, {"type": "Feature", "geometry": {"type": "LineString", "coordinates": [[-70.39358, -23.59386], [-70.39359, -23.59361]]}, "properties": {"name": "Terramar 1", "highway": "living_street"}}, {"type": "Feature", "geometry": {"type": "LineString", "coordinates": [[-70.39327, -23.59352], [-70.39372, -23.59354]]}, "properties": {"name": "Terramar 1", "highway": "living_street"}}, {"type": "Feature", "geometry": {"type": "LineString", "coordinates": [[-70.3934, -23.59353], [-70.39339, -23.59385], [-70.3941, -23.59387], [-70.39411, -23.59352]]}, "properties": {"name": "Terramar 1", "highway": "living_street"}}, {"type": "Feature", "geometry": {"type": "LineString", "coordinates": [[-70.4141, -23.7044], [-70.41315, -23.70421], [-70.4094, -23.70125], [-70.4073, -23.70036]]}, "properties": {"name": "Llullaillaco", "highway": "residential"}}, {"type": "Feature", "geometry": {"type": "LineString", "coordinates": [[-70.41446, -23.69721], [-70.41485, -23.69472]]}, "properties": {"name": "", "highway": "residential"}}, {"type": "Feature", "geometry": {"type": "LineString", "coordinates": [[-70.4073, -23.70036], [-70.40771, -23.69925]]}, "properties": {"name": "Emile Sironvalle", "highway": "residential"}}, {"type": "Feature", "geometry": {"type": "LineString", "coordinates": [[-70.41215, -23.69844], [-70.41314, -23.69848], [-70.4137, -23.69801]]}, "properties": {"name": "Avenida Angamos", "highway": "secondary"}}, {"type": "Feature", "geometry": {"type": "LineString", "coordinates": [[-70.42113, -23.69269], [-70.41767, -23.69373]]}, "properties": {"name": "Alcalde Germán Miric Vega", "highway": "residential"}}, {"type": "Feature", "geometry": {"type": "LineString", "coordinates": [[-70.38828, -23.6142], [-70.38891, -23.60421]]}, "properties": {"name": "Avenida Pedro Aguirre Cerda", "highway": "primary"}}, {"type": "Feature", "geometry": {"type": "LineString", "coordinates": [[-70.38013, -23.5769], [-70.38098, -23.57696]]}, "properties": {"name": "Pasaje Río Longaví", "highway": "living_street"}}, {"type": "Feature", "geometry": {"type": "LineString", "coordinates": [[-70.41174, -23.6748], [-70.41116, -23.67497]]}, "properties": {"name": "Granaderos", "highway": "residential"}}, {"type": "Feature", "geometry": {"type": "LineString", "coordinates": [[-70.37853, -23.62167], [-70.37877, -23.62154], [-70.37852, -23.62116]]}, "properties": {"name": "Pucón", "highway": "living_street"}}, {"type": "Feature", "geometry": {"type": "LineString", "coordinates": [[-70.37284, -23.62926], [-70.37235, -23.62884]]}, "properties": {"name": "Avenida Salvador Allende", "highway": "trunk"}}, {"type": "Feature", "geometry": {"type": "LineString", "coordinates": [[-70.37581, -23.59948], [-70.37564, -23.59691]]}, "properties": {"name": "Manuel Thompson", "highway": "living_street"}}, {"type": "Feature", "geometry": {"type": "LineString", "coordinates": [[-70.38964, -23.59302], [-70.38967, -23.592]]}, "properties": {"name": "Avenida Pedro Aguirre Cerda", "highway": "primary"}}, {"type": "Feature", "geometry": {"type": "LineString", "coordinates": [[-70.3893, -23.59993], [-70.3871, -23.59964]]}, "properties": {"name": "Pantaleon Cortes", "highway": "residential"}}, {"type": "Feature", "geometry": {"type": "LineString", "coordinates": [[-70.40824, -23.68671], [-70.40778, -23.68672]]}, "properties": {"name": "Colihue", "highway": "living_street"}}, {"type": "Feature", "geometry": {"type": "LineString", "coordinates": [[-70.40561, -23.68565], [-70.40611, -23.6854]]}, "properties": {"name": "Regidor Luis Gaete Letelier", "highway": "living_street"}}, {"type": "Feature", "geometry": {"type": "LineString", "coordinates": [[-70.40486, -23.68687], [-70.40485, -23.68724]]}, "properties": {"name": "Condominio Rahue", "highway": "living_street"}}, {"type": "Feature", "geometry": {"type": "LineString", "coordinates": [[-70.39883, -23.66997], [-70.39748, -23.67054]]}, "properties": {"name": "7º de Línea", "highway": "residential"}}, {"type": "Feature", "geometry": {"type": "LineString", "coordinates": [[-70.38759, -23.62388], [-70.38231, -23.61552], [-70.38201, -23.61462], [-70.38211, -23.61339]]}, "properties": {"name": "Avenida Antonio Rendic", "highway": "secondary"}}, {"type": "Feature", "geometry": {"type": "LineString", "coordinates": [[-70.39404, -23.6286], [-70.39039, -23.62826]]}, "properties": {"name": "Avenida Salvador Allende", "highway": "trunk"}}, {"type": "Feature", "geometry": {"type": "LineString", "coordinates": [[-70.40566, -23.68464], [-70.40603, -23.68462]]}, "properties": {"name": "Pasaje Manuel Icaza", "highway": "living_street"}}, {"type": "Feature", "geometry": {"type": "LineString", "coordinates": [[-70.39284, -23.59624], [-70.39308, -23.59563], [-70.3931, -23.59452]]}, "properties": {"name": "Avenida El Yodo", "highway": "tertiary"}}, {"type": "Feature", "geometry": {"type": "LineString", "coordinates": [[-70.38948, -23.59766], [-70.38964, -23.59302]]}, "properties": {"name": "Avenida Pedro Aguirre Cerda", "highway": "primary"}}, {"type": "Feature", "geometry": {"type": "LineString", "coordinates": [[-70.39169, -23.59836], [-70.3915, -23.59862]]}, "properties": {"name": "Avenida El Yodo", "highway": "tertiary"}}, {"type": "Feature", "geometry": {"type": "LineString", "coordinates": [[-70.37366, -23.62911], [-70.37619, -23.62904]]}, "properties": {"name": "Avenida Salvador Allende", "highway": "trunk"}}, {"type": "Feature", "geometry": {"type": "LineString", "coordinates": [[-70.37606, -23.62918], [-70.37468, -23.6294]]}, "properties": {"name": "Avenida Salvador Allende", "highway": "trunk"}}, {"type": "Feature", "geometry": {"type": "LineString", "coordinates": [[-70.38743, -23.65682], [-70.38684, -23.65711]]}, "properties": {"name": "Sucre", "highway": "tertiary"}}, {"type": "Feature", "geometry": {"type": "LineString", "coordinates": [[-70.39885, -23.6446], [-70.39003, -23.65412]]}, "properties": {"name": "Antonio José de Sucre", "highway": "tertiary"}}, {"type": "Feature", "geometry": {"type": "LineString", "coordinates": [[-70.37547, -23.57783], [-70.37706, -23.57533]]}, "properties": {"name": "Pasaje Samuel Bañados Morris", "highway": "living_street"}}, {"type": "Feature", "geometry": {"type": "LineString", "coordinates": [[-70.37342, -23.58361], [-70.37333, -23.58172]]}, "properties": {"name": "Cerro Guanaqueros", "highway": "living_street"}}, {"type": "Feature", "geometry": {"type": "LineString", "coordinates": [[-70.41823, -23.69906], [-70.41442, -23.6999]]}, "properties": {"name": "Avenida de la Minería", "highway": "trunk"}}, {"type": "Feature", "geometry": {"type": "LineString", "coordinates": [[-70.39711, -23.57199], [-70.39605, -23.57379], [-70.39213, -23.57931], [-70.39192, -23.57991], [-70.39199, -23.58044], [-70.39332, -23.58338], [-70.39349, -23.58605], [-70.39408, -23.58729], [-70.39557, -23.58937], [-70.39712, -23.59264], [-70.39704, -23.59481]]}, "properties": {"name": "Avenida Edmundo Pérez Zujovic", "highway": "trunk"}}, {"type": "Feature", "geometry": {"type": "LineString", "coordinates": [[-70.37981, -23.61103], [-70.38042, -23.60511]]}, "properties": {"name": "Teatinos", "highway": "residential"}}, {"type": "Feature", "geometry": {"type": "LineString", "coordinates": [[-70.38096, -23.60368], [-70.3803, -23.61122]]}, "properties": {"name": "Bandera", "highway": "residential"}}, {"type": "Feature", "geometry": {"type": "LineString", "coordinates": [[-70.41405, -23.69548], [-70.41307, -23.69534]]}, "properties": {"name": "Santa Margarita", "highway": "living_street"}}, {"type": "Feature", "geometry": {"type": "LineString", "coordinates": [[-70.40593, -23.69219], [-70.40626, -23.69251], [-70.40766, -23.69269], [-70.40838, -23.6926]]}, "properties": {"name": "Collico", "highway": "tertiary"}}, {"type": "Feature", "geometry": {"type": "LineString", "coordinates": [[-70.40853, -23.69322], [-70.40821, -23.69339]]}, "properties": {"name": "Neurara", "highway": "residential"}}, {"type": "Feature", "geometry": {"type": "LineString", "coordinates": [[-70.4064, -23.6868], [-70.40545, -23.68689]]}, "properties": {"name": "Pasaje Atilio Machiavello Vargas", "highway": "living_street"}}, {"type": "Feature", "geometry": {"type": "LineString", "coordinates": [[-70.4064, -23.6868], [-70.40735, -23.68675]]}, "properties": {"name": "Colihue", "highway": "residential"}}, {"type": "Feature", "geometry": {"type": "LineString", "coordinates": [[-70.40619, -23.68645], [-70.4064, -23.6868]]}, "properties": {"name": "Colihue", "highway": "residential"}}, {"type": "Feature", "geometry": {"type": "LineString", "coordinates": [[-70.40389, -23.67811], [-70.40385, -23.67761], [-70.40331, -23.67639], [-70.4022, -23.67521], [-70.39876, -23.66988]]}, "properties": {"name": "Andrés Sabella", "highway": "secondary"}}, {"type": "Feature", "geometry": {"type": "LineString", "coordinates": [[-70.39883, -23.67582], [-70.39739, -23.67487]]}, "properties": {"name": "Las Encinas", "highway": "residential"}}, {"type": "Feature", "geometry": {"type": "LineString", "coordinates": [[-70.41605, -23.70402], [-70.41564, -23.70454], [-70.41595, -23.70472]]}, "properties": {"name": "Borde Marino", "highway": "living_street"}}, {"type": "Feature", "geometry": {"type": "LineString", "coordinates": [[-70.42336, -23.70542], [-70.42352, -23.7057]]}, "properties": {"name": "Pasaje Julio Asmussen", "highway": "residential"}}, {"type": "Feature", "geometry": {"type": "LineString", "coordinates": [[-70.42294, -23.70564], [-70.42309, -23.70592]]}, "properties": {"name": "Pasaje Adolfo Contador", "highway": "residential"}}, {"type": "Feature", "geometry": {"type": "LineString", "coordinates": [[-70.43121, -23.71282], [-70.43038, -23.71151]]}, "properties": {"name": "Valle del Viento", "highway": "residential"}}, {"type": "Feature", "geometry": {"type": "LineString", "coordinates": [[-70.43038, -23.71151], [-70.42942, -23.71188]]}, "properties": {"name": "Valle Nortino", "highway": "residential"}}, {"type": "Feature", "geometry": {"type": "LineString", "coordinates": [[-70.40658, -23.67624], [-70.40802, -23.67573]]}, "properties": {"name": "Pedro Prado", "highway": "living_street"}}, {"type": "Feature", "geometry": {"type": "LineString", "coordinates": [[-70.40587, -23.6757], [-70.40658, -23.67624]]}, "properties": {"name": "Rosita Renard", "highway": "living_street"}}, {"type": "Feature", "geometry": {"type": "LineString", "coordinates": [[-70.39816, -23.66905], [-70.39936, -23.66804], [-70.40365, -23.6662]]}, "properties": {"name": "General José Manuel Borgoño", "highway": "tertiary"}}, {"type": "Feature", "geometry": {"type": "LineString", "coordinates": [[-70.39756, -23.66851], [-70.39614, -23.66925]]}, "properties": {"name": "Ramón Barros Luco", "highway": "residential"}}, {"type": "Feature", "geometry": {"type": "LineString", "coordinates": [[-70.39532, -23.66495], [-70.39484, -23.66427], [-70.39436, -23.66282], [-70.39382, -23.65996]]}, "properties": {"name": "Manuel Rodríguez", "highway": "tertiary"}}, {"type": "Feature", "geometry": {"type": "LineString", "coordinates": [[-70.39275, -23.66713], [-70.39318, -23.66764]]}, "properties": {"name": "Horizonte", "highway": "residential"}}, {"type": "Feature", "geometry": {"type": "LineString", "coordinates": [[-70.3913, -23.66482], [-70.39173, -23.66566]]}, "properties": {"name": "Leucotón", "highway": "living_street"}}, {"type": "Feature", "geometry": {"type": "LineString", "coordinates": [[-70.39561, -23.66686], [-70.39454, -23.66579]]}, "properties": {"name": "Antofagasta", "highway": "residential"}}, {"type": "Feature", "geometry": {"type": "LineString", "coordinates": [[-70.39268, -23.66203], [-70.39237, -23.66138]]}, "properties": {"name": "Guacolda", "highway": "residential"}}, {"type": "Feature", "geometry": {"type": "LineString", "coordinates": [[-70.39281, -23.66059], [-70.39275, -23.6602], [-70.39229, -23.65965]]}, "properties": {"name": "Miramar", "highway": "residential"}}, {"type": "Feature", "geometry": {"type": "LineString", "coordinates": [[-70.39251, -23.65924], [-70.39207, -23.65949]]}, "properties": {"name": "Orella", "highway": "residential"}}, {"type": "Feature", "geometry": {"type": "LineString", "coordinates": [[-70.38771, -23.65801], [-70.38915, -23.65963]]}, "properties": {"name": "José María Caro", "highway": "residential"}}, {"type": "Feature", "geometry": {"type": "LineString", "coordinates": [[-70.38967, -23.6568], [-70.39047, -23.65638]]}, "properties": {"name": "Quebrada Baquedano", "highway": "residential"}}, {"type": "Feature", "geometry": {"type": "LineString", "coordinates": [[-70.38797, -23.65734], [-70.38767, -23.65702]]}, "properties": {"name": "Emilio Astete", "highway": "residential"}}, {"type": "Feature", "geometry": {"type": "LineString", "coordinates": [[-70.3883, -23.65412], [-70.38887, -23.65532]]}, "properties": {"name": "Miraflores", "highway": "residential"}}, {"type": "Feature", "geometry": {"type": "LineString", "coordinates": [[-70.38961, -23.65257], [-70.38913, -23.6525]]}, "properties": {"name": "Vega Lafferte", "highway": "living_street"}}, {"type": "Feature", "geometry": {"type": "LineString", "coordinates": [[-70.38755, -23.65176], [-70.38792, -23.65166], [-70.38818, -23.65201]]}, "properties": {"name": "Serrano", "highway": "living_street"}}, {"type": "Feature", "geometry": {"type": "LineString", "coordinates": [[-70.39082, -23.66742], [-70.38992, -23.66618]]}, "properties": {"name": "El Salvador", "highway": "residential"}}, {"type": "Feature", "geometry": {"type": "LineString", "coordinates": [[-70.39082, -23.66742], [-70.39065, -23.66797]]}, "properties": {"name": "Los Cerrillos", "highway": "residential"}}, {"type": "Feature", "geometry": {"type": "LineString", "coordinates": [[-70.38976, -23.66828], [-70.3894, -23.66636]]}, "properties": {"name": "Martin Luther King", "highway": "residential"}}, {"type": "Feature", "geometry": {"type": "LineString", "coordinates": [[-70.38992, -23.66618], [-70.39047, -23.6646]]}, "properties": {"name": "Tegualda", "highway": "residential"}}, {"type": "Feature", "geometry": {"type": "LineString", "coordinates": [[-70.38856, -23.66265], [-70.38948, -23.66651]]}, "properties": {"name": "Martin Luther King", "highway": "residential"}}, {"type": "Feature", "geometry": {"type": "LineString", "coordinates": [[-70.38801, -23.66273], [-70.38733, -23.66227]]}, "properties": {"name": "Martin Luther King", "highway": "unclassified"}}, {"type": "Feature", "geometry": {"type": "LineString", "coordinates": [[-70.38727, -23.65859], [-70.38653, -23.65838]]}, "properties": {"name": "Leonora Latorre", "highway": "residential"}}, {"type": "Feature", "geometry": {"type": "LineString", "coordinates": [[-70.38642, -23.65552], [-70.38654, -23.65645], [-70.38672, -23.65664]]}, "properties": {"name": "Avenida Circunvalación Padre Alberto Hurtado", "highway": "residential"}}, {"type": "Feature", "geometry": {"type": "LineString", "coordinates": [[-70.38651, -23.65608], [-70.38589, -23.65604]]}, "properties": {"name": "Molina", "highway": "residential"}}, {"type": "Feature", "geometry": {"type": "LineString", "coordinates": [[-70.38648, -23.6557], [-70.38541, -23.65562]]}, "properties": {"name": "Pajonales", "highway": "residential"}}, {"type": "Feature", "geometry": {"type": "LineString", "coordinates": [[-70.38502, -23.65524], [-70.38439, -23.65295], [-70.38437, -23.65197]]}, "properties": {"name": "Martin Luther King", "highway": "residential"}}, {"type": "Feature", "geometry": {"type": "LineString", "coordinates": [[-70.38858, -23.64793], [-70.38872, -23.64851], [-70.38892, -23.64862]]}, "properties": {"name": "Andrés Sabella", "highway": "residential"}}, {"type": "Feature", "geometry": {"type": "LineString", "coordinates": [[-70.38758, -23.6506], [-70.38835, -23.64999]]}, "properties": {"name": "Pasaje Lautaro", "highway": "residential"}}, {"type": "Feature", "geometry": {"type": "LineString", "coordinates": [[-70.38924, -23.65009], [-70.38877, -23.6505], [-70.38882, -23.65083], [-70.38855, -23.65119], [-70.38616, -23.65254]]}, "properties": {"name": "Riquelme", "highway": "residential"}}, {"type": "Feature", "geometry": {"type": "LineString", "coordinates": [[-70.38952, -23.64589], [-70.39175, -23.64357]]}, "properties": {"name": "Chuquisaca", "highway": "residential"}}, {"type": "Feature", "geometry": {"type": "LineString", "coordinates": [[-70.39465, -23.63912], [-70.39502, -23.63914]]}, "properties": {"name": "Procurador", "highway": "living_street"}}, {"type": "Feature", "geometry": {"type": "LineString", "coordinates": [[-70.39577, -23.63917], [-70.39517, -23.63913]]}, "properties": {"name": "Procurador", "highway": "living_street"}}, {"type": "Feature", "geometry": {"type": "LineString", "coordinates": [[-70.39517, -23.63913], [-70.39526, -23.63799]]}, "properties": {"name": "La Independencia", "highway": "living_street"}}, {"type": "Feature", "geometry": {"type": "LineString", "coordinates": [[-70.39478, -23.64091], [-70.3943, -23.64089]]}, "properties": {"name": "Calicanto", "highway": "living_street"}}, {"type": "Feature", "geometry": {"type": "LineString", "coordinates": [[-70.38422, -23.64513], [-70.38629, -23.64487]]}, "properties": {"name": "Ingeniero Mutilla", "highway": "living_street"}}, {"type": "Feature", "geometry": {"type": "LineString", "coordinates": [[-70.38629, -23.64487], [-70.38622, -23.64393]]}, "properties": {"name": "José Cruizat", "highway": "living_street"}}, {"type": "Feature", "geometry": {"type": "LineString", "coordinates": [[-70.3843, -23.64441], [-70.3848, -23.64433]]}, "properties": {"name": "Caleuche", "highway": "living_street"}}, {"type": "Feature", "geometry": {"type": "LineString", "coordinates": [[-70.38492, -23.64298], [-70.38481, -23.64221]]}, "properties": {"name": "Freire", "highway": "residential"}}, {"type": "Feature", "geometry": {"type": "LineString", "coordinates": [[-70.39526, -23.63607], [-70.39529, -23.63541]]}, "properties": {"name": "Carlos Van Buren", "highway": "living_street"}}, {"type": "Feature", "geometry": {"type": "LineString", "coordinates": [[-70.39524, -23.63424], [-70.39521, -23.63459]]}, "properties": {"name": "Recabarren", "highway": "living_street"}}, {"type": "Feature", "geometry": {"type": "LineString", "coordinates": [[-70.39524, -23.63396], [-70.39527, -23.63359]]}, "properties": {"name": "Recabarren", "highway": "living_street"}}, {"type": "Feature", "geometry": {"type": "LineString", "coordinates": [[-70.39495, -23.62718], [-70.39492, -23.62753]]}, "properties": {"name": "Calama", "highway": "residential"}}, {"type": "Feature", "geometry": {"type": "LineString", "coordinates": [[-70.39285, -23.63261], [-70.39264, -23.63261], [-70.39281, -23.63144]]}, "properties": {"name": "Federico Schwager", "highway": "living_street"}}, {"type": "Feature", "geometry": {"type": "LineString", "coordinates": [[-70.39291, -23.63145], [-70.39281, -23.63144]]}, "properties": {"name": "Paraguay", "highway": "residential"}}, {"type": "Feature", "geometry": {"type": "LineString", "coordinates": [[-70.39267, -23.63203], [-70.39288, -23.63204]]}, "properties": {"name": "Sewell", "highway": "living_street"}}, {"type": "Feature", "geometry": {"type": "LineString", "coordinates": [[-70.39288, -23.63204], [-70.39291, -23.63145]]}, "properties": {"name": "Coronel", "highway": "residential"}}, {"type": "Feature", "geometry": {"type": "LineString", "coordinates": [[-70.39329, -23.632], [-70.39303, -23.632]]}, "properties": {"name": "Sewell", "highway": "living_street"}}, {"type": "Feature", "geometry": {"type": "LineString", "coordinates": [[-70.3933, -23.63184], [-70.39303, -23.63183]]}, "properties": {"name": "Sewell", "highway": "living_street"}}, {"type": "Feature", "geometry": {"type": "LineString", "coordinates": [[-70.39397, -23.63014], [-70.39331, -23.63012]]}, "properties": {"name": "Grace", "highway": "living_street"}}, {"type": "Feature", "geometry": {"type": "LineString", "coordinates": [[-70.38376, -23.63525], [-70.38366, -23.63754]]}, "properties": {"name": "Andacollo", "highway": "residential"}}, {"type": "Feature", "geometry": {"type": "LineString", "coordinates": [[-70.38197, -23.63379], [-70.38252, -23.63399]]}, "properties": {"name": "Quito", "highway": "residential"}}, {"type": "Feature", "geometry": {"type": "LineString", "coordinates": [[-70.38315, -23.63622], [-70.38271, -23.6352]]}, "properties": {"name": "Navarino", "highway": "residential"}}, {"type": "Feature", "geometry": {"type": "LineString", "coordinates": [[-70.37751, -23.63168], [-70.37756, -23.62997]]}, "properties": {"name": "Tres Oriente", "highway": "residential"}}, {"type": "Feature", "geometry": {"type": "LineString", "coordinates": [[-70.37576, -23.63744], [-70.37917, -23.63332]]}, "properties": {"name": "Quito", "highway": "tertiary"}}, {"type": "Feature", "geometry": {"type": "LineString", "coordinates": [[-70.37338, -23.62937], [-70.37347, -23.62877]]}, "properties": {"name": "Avenida Circunvalación Padre Alberto Hurtado", "highway": "tertiary"}}, {"type": "Feature", "geometry": {"type": "LineString", "coordinates": [[-70.3801, -23.62963], [-70.37982, -23.63047]]}, "properties": {"name": "Pasaje Amado Nervo", "highway": "living_street"}}, {"type": "Feature", "geometry": {"type": "LineString", "coordinates": [[-70.38057, -23.62956], [-70.38134, -23.62962]]}, "properties": {"name": "Pasaje Pica", "highway": "residential"}}, {"type": "Feature", "geometry": {"type": "LineString", "coordinates": [[-70.3809, -23.62975], [-70.38084, -23.63074]]}, "properties": {"name": "Cristóbal Colón", "highway": "residential"}}, {"type": "Feature", "geometry": {"type": "LineString", "coordinates": [[-70.3805, -23.62973], [-70.38046, -23.63064]]}, "properties": {"name": "Diego de Almagro", "highway": "residential"}}, {"type": "Feature", "geometry": {"type": "LineString", "coordinates": [[-70.38134, -23.62977], [-70.3801, -23.62963]]}, "properties": {"name": "Pasaje Pica", "highway": "residential"}}, {"type": "Feature", "geometry": {"type": "LineString", "coordinates": [[-70.38314, -23.63053], [-70.38273, -23.63089]]}, "properties": {"name": "Camiña", "highway": "living_street"}}, {"type": "Feature", "geometry": {"type": "LineString", "coordinates": [[-70.38193, -23.62896], [-70.38165, -23.62917]]}, "properties": {"name": "Lúpica", "highway": "living_street"}}, {"type": "Feature", "geometry": {"type": "LineString", "coordinates": [[-70.38443, -23.6331], [-70.38271, -23.63302], [-70.38094, -23.63322]]}, "properties": {"name": "Venezuela", "highway": "residential"}}, {"type": "Feature", "geometry": {"type": "LineString", "coordinates": [[-70.38473, -23.63533], [-70.38896, -23.63557]]}, "properties": {"name": "Río de Janeiro", "highway": "residential"}}, {"type": "Feature", "geometry": {"type": "LineString", "coordinates": [[-70.38717, -23.63398], [-70.38674, -23.63397]]}, "properties": {"name": "Carahue", "highway": "living_street"}}, {"type": "Feature", "geometry": {"type": "LineString", "coordinates": [[-70.38719, -23.63363], [-70.38676, -23.6336]]}, "properties": {"name": "Coyhaique", "highway": "living_street"}}, {"type": "Feature", "geometry": {"type": "LineString", "coordinates": [[-70.38728, -23.63223], [-70.38725, -23.63259]]}, "properties": {"name": "Pelantaro", "highway": "residential"}}, {"type": "Feature", "geometry": {"type": "LineString", "coordinates": [[-70.38682, -23.63257], [-70.38725, -23.63259]]}, "properties": {"name": "Millarelmo", "highway": "residential"}}, {"type": "Feature", "geometry": {"type": "LineString", "coordinates": [[-70.3906, -23.60159], [-70.39227, -23.60189]]}, "properties": {"name": "Punta Brava", "highway": "residential"}}, {"type": "Feature", "geometry": {"type": "LineString", "coordinates": [[-70.39114, -23.60088], [-70.39074, -23.6008]]}, "properties": {"name": "Los Pinguinos", "highway": "living_street"}}, {"type": "Feature", "geometry": {"type": "LineString", "coordinates": [[-70.39104, -23.60132], [-70.39066, -23.60125]]}, "properties": {"name": "Las Taguas", "highway": "living_street"}}, {"type": "Feature", "geometry": {"type": "LineString", "coordinates": [[-70.39565, -23.59531], [-70.396, -23.59545]]}, "properties": {"name": "Argón", "highway": "living_street"}}, {"type": "Feature", "geometry": {"type": "LineString", "coordinates": [[-70.39547, -23.5951], [-70.39457, -23.59671]]}, "properties": {"name": "Silicio", "highway": "living_street"}}, {"type": "Feature", "geometry": {"type": "LineString", "coordinates": [[-70.3957, -23.59521], [-70.39565, -23.59531]]}, "properties": {"name": "Neón", "highway": "living_street"}}, {"type": "Feature", "geometry": {"type": "LineString", "coordinates": [[-70.38956, -23.59643], [-70.39211, -23.59761]]}, "properties": {"name": "Anhidrita", "highway": "unclassified"}}, {"type": "Feature", "geometry": {"type": "LineString", "coordinates": [[-70.39162, -23.59119], [-70.39179, -23.59178]]}, "properties": {"name": "Las Pataguas", "highway": "living_street"}}, {"type": "Feature", "geometry": {"type": "LineString", "coordinates": [[-70.39331, -23.57684], [-70.39329, -23.57715]]}, "properties": {"name": "Chacalluta", "highway": "living_street"}}, {"type": "Feature", "geometry": {"type": "LineString", "coordinates": [[-70.39417, -23.7017], [-70.39561, -23.70159], [-70.39633, -23.70128], [-70.39816, -23.69903], [-70.40014, -23.69773], [-70.40105, -23.69766], [-70.40497, -23.69844]]}, "properties": {"name": "Ruta 28", "highway": "trunk"}}, {"type": "Feature", "geometry": {"type": "LineString", "coordinates": [[-70.37228, -23.59944], [-70.37214, -23.59702]]}, "properties": {"name": "Santa Rosa de Huara", "highway": "residential"}}, {"type": "Feature", "geometry": {"type": "LineString", "coordinates": [[-70.4059, -23.67075], [-70.4071, -23.67079]]}, "properties": {"name": "Avenida República de Croacia", "highway": "secondary"}}, {"type": "Feature", "geometry": {"type": "LineString", "coordinates": [[-70.40756, -23.67102], [-70.40699, -23.67101]]}, "properties": {"name": "Avenida República de Croacia", "highway": "secondary"}}, {"type": "Feature", "geometry": {"type": "LineString", "coordinates": [[-70.40765, -23.67073], [-70.40803, -23.67085], [-70.40879, -23.67164], [-70.41068, -23.67287], [-70.41143, -23.67391], [-70.41213, -23.67554]]}, "properties": {"name": "Avenida República de Croacia", "highway": "trunk"}}, {"type": "Feature", "geometry": {"type": "LineString", "coordinates": [[-70.41111, -23.69752], [-70.41045, -23.69682], [-70.41025, -23.69592]]}, "properties": {"name": "Avenida Argentina", "highway": "primary"}}, {"type": "Feature", "geometry": {"type": "LineString", "coordinates": [[-70.41114, -23.6974], [-70.41215, -23.69844]]}, "properties": {"name": "Avenida Argentina", "highway": "primary"}}, {"type": "Feature", "geometry": {"type": "LineString", "coordinates": [[-70.40889, -23.6972], [-70.40928, -23.69717]]}, "properties": {"name": "Santa Guillermina", "highway": "tertiary"}}, {"type": "Feature", "geometry": {"type": "LineString", "coordinates": [[-70.41114, -23.6974], [-70.41111, -23.69752]]}, "properties": {"name": "Santa Cruz", "highway": "tertiary"}}, {"type": "Feature", "geometry": {"type": "LineString", "coordinates": [[-70.38838, -23.60403], [-70.38909, -23.60282]]}, "properties": {"name": "Avenida Antonio Rendic", "highway": "secondary"}}, {"type": "Feature", "geometry": {"type": "LineString", "coordinates": [[-70.38394, -23.71151], [-70.3824, -23.71237], [-70.37898, -23.71539], [-70.37862, -23.71631], [-70.3786, -23.71848], [-70.37796, -23.71934], [-70.37703, -23.7197], [-70.37332, -23.71983], [-70.37153, -23.72052], [-70.36918, -23.722], [-70.36812, -23.72291], [-70.36506, -23.72704], [-70.36303, -23.7281], [-70.36213, -23.72884], [-70.3591, -23.73371], [-70.3589, -23.73437], [-70.35905, -23.73515], [-70.36064, -23.73771]]}, "properties": {"name": "Ruta 28", "highway": "trunk"}}, {"type": "Feature", "geometry": {"type": "LineString", "coordinates": [[-70.38909, -23.60282], [-70.38948, -23.59766]]}, "properties": {"name": "Avenida Pedro Aguirre Cerda", "highway": "primary"}}, {"type": "Feature", "geometry": {"type": "LineString", "coordinates": [[-70.39343, -23.70174], [-70.39417, -23.7017]]}, "properties": {"name": "Ruta 28", "highway": "trunk"}}, {"type": "Feature", "geometry": {"type": "LineString", "coordinates": [[-70.39486, -23.63578], [-70.39523, -23.62863]]}, "properties": {"name": "Bellavista", "highway": "residential"}}, {"type": "Feature", "geometry": {"type": "LineString", "coordinates": [[-70.40614, -23.68572], [-70.40577, -23.68592]]}, "properties": {"name": "Domingo Vlashovic", "highway": "residential"}}, {"type": "Feature", "geometry": {"type": "LineString", "coordinates": [[-70.40697, -23.68677], [-70.40699, -23.68695]]}, "properties": {"name": "Clara Mardones", "highway": "residential"}}, {"type": "Feature", "geometry": {"type": "LineString", "coordinates": [[-70.40669, -23.6868], [-70.4067, -23.68696]]}, "properties": {"name": "Pablo Schmidt", "highway": "residential"}}, {"type": "Feature", "geometry": {"type": "LineString", "coordinates": [[-70.408, -23.69611], [-70.40799, -23.69586]]}, "properties": {"name": "Purey", "highway": "living_street"}}, {"type": "Feature", "geometry": {"type": "LineString", "coordinates": [[-70.41258, -23.69848], [-70.41307, -23.69534], [-70.4129, -23.69496], [-70.41184, -23.69403]]}, "properties": {"name": "Rodrigo de Triana", "highway": "residential"}}, {"type": "Feature", "geometry": {"type": "LineString", "coordinates": [[-70.41178, -23.69299], [-70.41019, -23.69307]]}, "properties": {"name": "Santa Elena", "highway": "residential"}}, {"type": "Feature", "geometry": {"type": "LineString", "coordinates": [[-70.38599, -23.65101], [-70.38668, -23.65607], [-70.38717, -23.6579], [-70.3905, -23.66399]]}, "properties": {"name": "Avenida Circunvalación Padre Alberto Hurtado", "highway": "secondary"}}, {"type": "Feature", "geometry": {"type": "LineString", "coordinates": [[-70.39448, -23.63205], [-70.39446, -23.63253]]}, "properties": {"name": "Pasaje Centinela", "highway": "living_street"}}, {"type": "Feature", "geometry": {"type": "LineString", "coordinates": [[-70.39011, -23.62155], [-70.38999, -23.62137]]}, "properties": {"name": "Avenida Sargento Aldea", "highway": "primary"}}, {"type": "Feature", "geometry": {"type": "LineString", "coordinates": [[-70.40721, -23.69708], [-70.40889, -23.6972]]}, "properties": {"name": "Santa Guillermina", "highway": "tertiary"}}, {"type": "Feature", "geometry": {"type": "LineString", "coordinates": [[-70.40931, -23.69733], [-70.40917, -23.69536], [-70.40888, -23.69493]]}, "properties": {"name": "Cau Cau", "highway": "tertiary"}}, {"type": "Feature", "geometry": {"type": "LineString", "coordinates": [[-70.39522, -23.62852], [-70.39537, -23.626], [-70.39526, -23.62487], [-70.39558, -23.62467]]}, "properties": {"name": "Bellavista", "highway": "residential"}}, {"type": "Feature", "geometry": {"type": "LineString", "coordinates": [[-70.38136, -23.62861], [-70.38137, -23.62873]]}, "properties": {"name": "Domingo Faustino Sarmiento", "highway": "secondary"}}, {"type": "Feature", "geometry": {"type": "LineString", "coordinates": [[-70.40551, -23.67313], [-70.40513, -23.67237]]}, "properties": {"name": "Gabriela Mistral", "highway": "living_street"}}, {"type": "Feature", "geometry": {"type": "LineString", "coordinates": [[-70.40648, -23.67713], [-70.4074, -23.6792]]}, "properties": {"name": "Pedro Antonio González", "highway": "living_street"}}, {"type": "Feature", "geometry": {"type": "LineString", "coordinates": [[-70.41039, -23.67966], [-70.41309, -23.67882]]}, "properties": {"name": "Virgilio Arias", "highway": "residential"}}, {"type": "Feature", "geometry": {"type": "LineString", "coordinates": [[-70.40448, -23.67408], [-70.40513, -23.67565], [-70.40551, -23.67584]]}, "properties": {"name": "José María Caro", "highway": "residential"}}, {"type": "Feature", "geometry": {"type": "LineString", "coordinates": [[-70.41271, -23.67762], [-70.41162, -23.67794]]}, "properties": {"name": "José Espronceda", "highway": "residential"}}, {"type": "Feature", "geometry": {"type": "LineString", "coordinates": [[-70.40559, -23.6733], [-70.40813, -23.67905]]}, "properties": {"name": "Gabriela Mistral", "highway": "residential"}}, {"type": "Feature", "geometry": {"type": "LineString", "coordinates": [[-70.39856, -23.69885], [-70.3963, -23.7015], [-70.39544, -23.70187], [-70.39436, -23.70195]]}, "properties": {"name": "Ruta 28", "highway": "trunk"}}, {"type": "Feature", "geometry": {"type": "LineString", "coordinates": [[-70.4165, -23.69478], [-70.41674, -23.69579], [-70.4161, -23.69669]]}, "properties": {"name": "Avenida Angamos", "highway": "secondary"}}, {"type": "Feature", "geometry": {"type": "LineString", "coordinates": [[-70.41208, -23.69849], [-70.41111, -23.69752]]}, "properties": {"name": "Avenida Argentina", "highway": "primary"}}, {"type": "Feature", "geometry": {"type": "LineString", "coordinates": [[-70.41224, -23.70083], [-70.41255, -23.70156]]}, "properties": {"name": "Avenida Argentina", "highway": "tertiary"}}, {"type": "Feature", "geometry": {"type": "LineString", "coordinates": [[-70.41259, -23.70169], [-70.41226, -23.70123]]}, "properties": {"name": "Avenida Argentina", "highway": "tertiary"}}, {"type": "Feature", "geometry": {"type": "LineString", "coordinates": [[-70.41222, -23.69879], [-70.41223, -23.70014]]}, "properties": {"name": "Avenida Argentina", "highway": "primary"}}, {"type": "Feature", "geometry": {"type": "LineString", "coordinates": [[-70.41214, -23.70013], [-70.41214, -23.69879]]}, "properties": {"name": "Avenida Argentina", "highway": "primary"}}, {"type": "Feature", "geometry": {"type": "LineString", "coordinates": [[-70.41631, -23.70407], [-70.41804, -23.70571], [-70.41904, -23.70756], [-70.42237, -23.70987], [-70.42251, -23.71048], [-70.42216, -23.71122]]}, "properties": {"name": "Avenida Escondida", "highway": "residential"}}, {"type": "Feature", "geometry": {"type": "LineString", "coordinates": [[-70.40746, -23.67376], [-70.40853, -23.67335]]}, "properties": {"name": "Mirasol", "highway": "living_street"}}, {"type": "Feature", "geometry": {"type": "LineString", "coordinates": [[-70.40758, -23.6984], [-70.40563, -23.69728], [-70.40721, -23.69708]]}, "properties": {"name": "Acceso Coviefi", "highway": "tertiary"}}, {"type": "Feature", "geometry": {"type": "LineString", "coordinates": [[-70.40199, -23.67287], [-70.40215, -23.67321]]}, "properties": {"name": "Limache", "highway": "residential"}}, {"type": "Feature", "geometry": {"type": "LineString", "coordinates": [[-70.38327, -23.63412], [-70.38272, -23.63409]]}, "properties": {"name": "Quito", "highway": "residential"}}, {"type": "Feature", "geometry": {"type": "LineString", "coordinates": [[-70.41565, -23.69285], [-70.41373, -23.69383]]}, "properties": {"name": "Acceso Medialuna", "highway": "unclassified"}}, {"type": "Feature", "geometry": {"type": "LineString", "coordinates": [[-70.40227, -23.67813], [-70.40359, -23.68024]]}, "properties": {"name": "Coronel Emilio Sotomayor", "highway": "residential"}}, {"type": "Feature", "geometry": {"type": "LineString", "coordinates": [[-70.41311, -23.68263], [-70.41076, -23.67544], [-70.40904, -23.67417]]}, "properties": {"name": "José Blumell", "highway": "residential"}}, {"type": "Feature", "geometry": {"type": "LineString", "coordinates": [[-70.4011, -23.65545], [-70.40168, -23.65543]]}, "properties": {"name": "Coquimbo", "highway": "residential"}}, {"type": "Feature", "geometry": {"type": "LineString", "coordinates": [[-70.4019, -23.6545], [-70.40259, -23.65409]]}, "properties": {"name": "Coquimbo", "highway": "residential"}}, {"type": "Feature", "geometry": {"type": "LineString", "coordinates": [[-70.40765, -23.67419], [-70.40794, -23.67485]]}, "properties": {"name": "Avenida Angamos", "highway": "living_street"}}, {"type": "Feature", "geometry": {"type": "LineString", "coordinates": [[-70.39016, -23.62158], [-70.39034, -23.62154]]}, "properties": {"name": "Pisagua", "highway": "secondary"}}, {"type": "Feature", "geometry": {"type": "LineString", "coordinates": [[-70.39972, -23.67033], [-70.39967, -23.67044]]}, "properties": {"name": "Imilac", "highway": "residential"}}, {"type": "Feature", "geometry": {"type": "LineString", "coordinates": [[-70.39215, -23.65769], [-70.39009, -23.65477], [-70.39013, -23.65067]]}, "properties": {"name": "Manuel Rodríguez", "highway": "tertiary"}}, {"type": "Feature", "geometry": {"type": "LineString", "coordinates": [[-70.39527, -23.59304], [-70.39485, -23.59302]]}, "properties": {"name": "Pasaje Mauricio Álvarez", "highway": "living_street"}}, {"type": "Feature", "geometry": {"type": "LineString", "coordinates": [[-70.39309, -23.59532], [-70.39257, -23.5953]]}, "properties": {"name": "Terramar 3", "highway": "living_street"}}, {"type": "Feature", "geometry": {"type": "LineString", "coordinates": [[-70.39336, -23.59334], [-70.39328, -23.59335]]}, "properties": {"name": "Terramar 2", "highway": "living_street"}}, {"type": "Feature", "geometry": {"type": "LineString", "coordinates": [[-70.39482, -23.59361], [-70.39486, -23.59268]]}, "properties": {"name": "Pasaje Eduardo Vital Leporte", "highway": "living_street"}}, {"type": "Feature", "geometry": {"type": "LineString", "coordinates": [[-70.39413, -23.59335], [-70.39414, -23.59306], [-70.39337, -23.59303], [-70.39336, -23.59334], [-70.39382, -23.59335]]}, "properties": {"name": "Terramar 2", "highway": "living_street"}}, {"type": "Feature", "geometry": {"type": "LineString", "coordinates": [[-70.37277, -23.6289], [-70.37366, -23.62911]]}, "properties": {"name": "Avenida Salvador Allende", "highway": "trunk"}}, {"type": "Feature", "geometry": {"type": "LineString", "coordinates": [[-70.36821, -23.62695], [-70.36662, -23.62678], [-70.3655, -23.62699], [-70.3645, -23.62751], [-70.36335, -23.62856], [-70.36258, -23.62891], [-70.36182, -23.62898], [-70.36024, -23.62867]]}, "properties": {"name": "Ruta 26", "highway": "trunk"}}, {"type": "Feature", "geometry": {"type": "LineString", "coordinates": [[-70.41626, -23.6948], [-70.41485, -23.69472]]}, "properties": {"name": "Avenida Cerro Paranal", "highway": "residential"}}, {"type": "Feature", "geometry": {"type": "LineString", "coordinates": [[-70.4165, -23.69478], [-70.42154, -23.69506]]}, "properties": {"name": "Avenida Cerro Paranal", "highway": "secondary"}}, {"type": "Feature", "geometry": {"type": "LineString", "coordinates": [[-70.39372, -23.64287], [-70.39377, -23.64348], [-70.39407, -23.64401], [-70.39629, -23.64575]]}, "properties": {"name": "Iquique", "highway": "tertiary"}}, {"type": "Feature", "geometry": {"type": "LineString", "coordinates": [[-70.39362, -23.64286], [-70.39337, -23.6395], [-70.39404, -23.6286]]}, "properties": {"name": "Iquique", "highway": "primary"}}, {"type": "Feature", "geometry": {"type": "LineString", "coordinates": [[-70.38936, -23.62419], [-70.39118, -23.62737]]}, "properties": {"name": "Azapa", "highway": "tertiary"}}, {"type": "Feature", "geometry": {"type": "LineString", "coordinates": [[-70.37503, -23.60159], [-70.38531, -23.601]]}, "properties": {"name": "Pantaleón Cortés", "highway": "residential"}}, {"type": "Feature", "geometry": {"type": "LineString", "coordinates": [[-70.37507, -23.60347], [-70.37742, -23.60347]]}, "properties": {"name": "Irarrázabal", "highway": "tertiary"}}, {"type": "Feature", "geometry": {"type": "LineString", "coordinates": [[-70.38506, -23.60399], [-70.37789, -23.60354]]}, "properties": {"name": "Irarrázabal", "highway": "secondary"}}, {"type": "Feature", "geometry": {"type": "LineString", "coordinates": [[-70.3807, -23.6075], [-70.38018, -23.60746]]}, "properties": {"name": "Pasaje San Francisco", "highway": "residential"}}, {"type": "Feature", "geometry": {"type": "LineString", "coordinates": [[-70.38073, -23.60715], [-70.38022, -23.6071]]}, "properties": {"name": "Santa Lucía", "highway": "living_street"}}, {"type": "Feature", "geometry": {"type": "LineString", "coordinates": [[-70.37942, -23.60647], [-70.37967, -23.60662]]}, "properties": {"name": "Abate Molina", "highway": "living_street"}}, {"type": "Feature", "geometry": {"type": "LineString", "coordinates": [[-70.40813, -23.67905], [-70.40939, -23.67862]]}, "properties": {"name": "Luis Mancilla", "highway": "residential"}}, {"type": "Feature", "geometry": {"type": "LineString", "coordinates": [[-70.40776, -23.68586], [-70.40772, -23.68487]]}, "properties": {"name": "Condominio Casas del Alba", "highway": "living_street"}}, {"type": "Feature", "geometry": {"type": "LineString", "coordinates": [[-70.40809, -23.68583], [-70.40804, -23.68484]]}, "properties": {"name": "Condominio Casas del Alba", "highway": "living_street"}}, {"type": "Feature", "geometry": {"type": "LineString", "coordinates": [[-70.40843, -23.68582], [-70.40837, -23.68483]]}, "properties": {"name": "Condominio Casas del Alba", "highway": "living_street"}}, {"type": "Feature", "geometry": {"type": "LineString", "coordinates": [[-70.43246, -23.71564], [-70.43229, -23.71571]]}, "properties": {"name": "Valle del Silencio", "highway": "residential"}}, {"type": "Feature", "geometry": {"type": "LineString", "coordinates": [[-70.43188, -23.71416], [-70.43135, -23.7145]]}, "properties": {"name": "Valle del Jardín", "highway": "residential"}}, {"type": "Feature", "geometry": {"type": "LineString", "coordinates": [[-70.43246, -23.71588], [-70.43135, -23.7145]]}, "properties": {"name": "Valle del Silencio", "highway": "residential"}}, {"type": "Feature", "geometry": {"type": "LineString", "coordinates": [[-70.42869, -23.71485], [-70.42862, -23.7146]]}, "properties": {"name": "Valle del Mar", "highway": "residential"}}, {"type": "Feature", "geometry": {"type": "LineString", "coordinates": [[-70.40577, -23.67375], [-70.40514, -23.67398]]}, "properties": {"name": "Alfredo Valenzuela", "highway": "residential"}}, {"type": "Feature", "geometry": {"type": "LineString", "coordinates": [[-70.40404, -23.67442], [-70.40451, -23.67418]]}, "properties": {"name": "Alfredo Valenzuela", "highway": "residential"}}, {"type": "Feature", "geometry": {"type": "LineString", "coordinates": [[-70.40118, -23.65247], [-70.40143, -23.65221]]}, "properties": {"name": "Pasaje Juan López", "highway": "living_street"}}, {"type": "Feature", "geometry": {"type": "LineString", "coordinates": [[-70.38909, -23.65231], [-70.38959, -23.65226]]}, "properties": {"name": "Galvarino", "highway": "residential"}}, {"type": "Feature", "geometry": {"type": "LineString", "coordinates": [[-70.38908, -23.65246], [-70.38922, -23.65281], [-70.38847, -23.65292]]}, "properties": {"name": "Tucapel", "highway": "living_street"}}, {"type": "Feature", "geometry": {"type": "LineString", "coordinates": [[-70.38799, -23.6524], [-70.38814, -23.65277]]}, "properties": {"name": "Pasaje Galvarino", "highway": "living_street"}}, {"type": "Feature", "geometry": {"type": "LineString", "coordinates": [[-70.38701, -23.65327], [-70.38704, -23.65341]]}, "properties": {"name": "Talcahuano", "highway": "residential"}}, {"type": "Feature", "geometry": {"type": "LineString", "coordinates": [[-70.3879, -23.65309], [-70.38701, -23.65327]]}, "properties": {"name": "Tucapel", "highway": "residential"}}, {"type": "Feature", "geometry": {"type": "LineString", "coordinates": [[-70.38758, -23.6506], [-70.38767, -23.6507]]}, "properties": {"name": "Huérfanos", "highway": "residential"}}, {"type": "Feature", "geometry": {"type": "LineString", "coordinates": [[-70.38766, -23.64901], [-70.38714, -23.6484]]}, "properties": {"name": "Libertad", "highway": "residential"}}, {"type": "Feature", "geometry": {"type": "LineString", "coordinates": [[-70.38808, -23.64933], [-70.38772, -23.64884], [-70.38858, -23.64793]]}, "properties": {"name": "Méndez", "highway": "residential"}}, {"type": "Feature", "geometry": {"type": "LineString", "coordinates": [[-70.38329, -23.64347], [-70.38291, -23.64221], [-70.38309, -23.64187]]}, "properties": {"name": "Alfonso Meléndez", "highway": "residential"}}, {"type": "Feature", "geometry": {"type": "LineString", "coordinates": [[-70.37417, -23.6284], [-70.37427, -23.62803]]}, "properties": {"name": "Paso de Jama", "highway": "living_street"}}, {"type": "Feature", "geometry": {"type": "LineString", "coordinates": [[-70.37559, -23.62791], [-70.37547, -23.62755]]}, "properties": {"name": "Paula Jaraquemada", "highway": "residential"}}, {"type": "Feature", "geometry": {"type": "LineString", "coordinates": [[-70.37521, -23.62791], [-70.37547, -23.62755]]}, "properties": {"name": "Agustín Cabrera", "highway": "living_street"}}, {"type": "Feature", "geometry": {"type": "LineString", "coordinates": [[-70.37534, -23.6287], [-70.37513, -23.62807]]}, "properties": {"name": "Lenka Franulic", "highway": "living_street"}}, {"type": "Feature", "geometry": {"type": "LineString", "coordinates": [[-70.3782, -23.62569], [-70.37734, -23.62684]]}, "properties": {"name": "Cruz del Sur", "highway": "living_street"}}, {"type": "Feature", "geometry": {"type": "LineString", "coordinates": [[-70.37768, -23.62729], [-70.37863, -23.62602]]}, "properties": {"name": "Vicente Zegers", "highway": "living_street"}}, {"type": "Feature", "geometry": {"type": "LineString", "coordinates": [[-70.3783, -23.62646], [-70.37784, -23.62615]]}, "properties": {"name": "Peñaflor", "highway": "living_street"}}, {"type": "Feature", "geometry": {"type": "LineString", "coordinates": [[-70.37881, -23.62515], [-70.37835, -23.6258]]}, "properties": {"name": "Cruz del Sur", "highway": "living_street"}}, {"type": "Feature", "geometry": {"type": "LineString", "coordinates": [[-70.37812, -23.62483], [-70.37697, -23.62639]]}, "properties": {"name": "Américo Vespucio", "highway": "living_street"}}, {"type": "Feature", "geometry": {"type": "LineString", "coordinates": [[-70.37864, -23.6254], [-70.37798, -23.62503]]}, "properties": {"name": "Pasaje Alberto Hurtado", "highway": "living_street"}}, {"type": "Feature", "geometry": {"type": "LineString", "coordinates": [[-70.37837, -23.62492], [-70.37884, -23.62513]]}, "properties": {"name": "Pasaje Alberto Hurtado", "highway": "living_street"}}, {"type": "Feature", "geometry": {"type": "LineString", "coordinates": [[-70.37761, -23.62457], [-70.37673, -23.62562]]}, "properties": {"name": "Claudio Gay", "highway": "residential"}}, {"type": "Feature", "geometry": {"type": "LineString", "coordinates": [[-70.37788, -23.6261], [-70.37739, -23.62582]]}, "properties": {"name": "Peñaflor", "highway": "living_street"}}, {"type": "Feature", "geometry": {"type": "LineString", "coordinates": [[-70.37752, -23.62565], [-70.37704, -23.62535]]}, "properties": {"name": "Peñaflor", "highway": "living_street"}}, {"type": "Feature", "geometry": {"type": "LineString", "coordinates": [[-70.37599, -23.62452], [-70.37618, -23.62407]]}, "properties": {"name": "Bonilla", "highway": "residential"}}, {"type": "Feature", "geometry": {"type": "LineString", "coordinates": [[-70.37609, -23.62274], [-70.37741, -23.62258], [-70.37789, -23.62152]]}, "properties": {"name": "Pasaje Oriente", "highway": "living_street"}}, {"type": "Feature", "geometry": {"type": "LineString", "coordinates": [[-70.37602, -23.62204], [-70.3762, -23.62371]]}, "properties": {"name": "El Toqui", "highway": "living_street"}}, {"type": "Feature", "geometry": {"type": "LineString", "coordinates": [[-70.3765, -23.62319], [-70.37585, -23.62327]]}, "properties": {"name": "Pasaje Curanilahue", "highway": "living_street"}}, {"type": "Feature", "geometry": {"type": "LineString", "coordinates": [[-70.37478, -23.62495], [-70.37578, -23.62484]]}, "properties": {"name": "Freirina", "highway": "living_street"}}, {"type": "Feature", "geometry": {"type": "LineString", "coordinates": [[-70.37714, -23.61155], [-70.37704, -23.61017], [-70.37738, -23.60887]]}, "properties": {"name": "Isabel La Católica", "highway": "residential"}}, {"type": "Feature", "geometry": {"type": "LineString", "coordinates": [[-70.37669, -23.60918], [-70.37697, -23.61124]]}, "properties": {"name": "Luis Cruz Martínez", "highway": "residential"}}, {"type": "Feature", "geometry": {"type": "LineString", "coordinates": [[-70.37469, -23.61433], [-70.37585, -23.61409], [-70.37678, -23.61296], [-70.37707, -23.61227], [-70.37697, -23.61124]]}, "properties": {"name": "Luis Cruz Martínez", "highway": "residential"}}, {"type": "Feature", "geometry": {"type": "LineString", "coordinates": [[-70.37706, -23.61183], [-70.37714, -23.61155]]}, "properties": {"name": "Luis Cruz Martínez", "highway": "living_street"}}, {"type": "Feature", "geometry": {"type": "LineString", "coordinates": [[-70.37623, -23.60033], [-70.3762, -23.59986]]}, "properties": {"name": "Aillavilu", "highway": "living_street"}}, {"type": "Feature", "geometry": {"type": "LineString", "coordinates": [[-70.37423, -23.59967], [-70.37345, -23.59975]]}, "properties": {"name": "", "highway": "living_street"}}, {"type": "Feature", "geometry": {"type": "LineString", "coordinates": [[-70.4264, -23.70757], [-70.42671, -23.70706], [-70.42747, -23.7071], [-70.42884, -23.7076], [-70.42856, -23.70844]]}, "properties": {"name": "Travesía de la Playa", "highway": "residential"}}, {"type": "Feature", "geometry": {"type": "LineString", "coordinates": [[-70.3776, -23.61573], [-70.37791, -23.6155]]}, "properties": {"name": "Rancagua", "highway": "secondary"}}, {"type": "Feature", "geometry": {"type": "LineString", "coordinates": [[-70.37791, -23.6155], [-70.37816, -23.61537]]}, "properties": {"name": "Rancagua", "highway": "tertiary"}}, {"type": "Feature", "geometry": {"type": "LineString", "coordinates": [[-70.37768, -23.60354], [-70.37506, -23.60355]]}, "properties": {"name": "Irarrázabal", "highway": "tertiary"}}, {"type": "Feature", "geometry": {"type": "LineString", "coordinates": [[-70.38229, -23.60377], [-70.38507, -23.60392]]}, "properties": {"name": "Irarrázabal", "highway": "secondary"}}, {"type": "Feature", "geometry": {"type": "LineString", "coordinates": [[-70.37722, -23.5935], [-70.37567, -23.59404], [-70.37452, -23.59414]]}, "properties": {"name": "Guardiamarina Arturo Fernández", "highway": "tertiary"}}, {"type": "Feature", "geometry": {"type": "LineString", "coordinates": [[-70.37858, -23.59253], [-70.37858, -23.59279]]}, "properties": {"name": "General Óscar Bonilla", "highway": "secondary"}}, {"type": "Feature", "geometry": {"type": "LineString", "coordinates": [[-70.37858, -23.59279], [-70.3785, -23.59882]]}, "properties": {"name": "General Óscar Bonilla", "highway": "tertiary"}}, {"type": "Feature", "geometry": {"type": "LineString", "coordinates": [[-70.37722, -23.5935], [-70.3773, -23.59425], [-70.37778, -23.59519], [-70.37783, -23.59591], [-70.37677, -23.59776], [-70.37669, -23.59841], [-70.37719, -23.60232], [-70.37761, -23.60328]]}, "properties": {"name": "Avenida Los Leones", "highway": "secondary"}}, {"type": "Feature", "geometry": {"type": "LineString", "coordinates": [[-70.38131, -23.63082], [-70.38105, -23.63079]]}, "properties": {"name": "Paraguay", "highway": "secondary"}}, {"type": "Feature", "geometry": {"type": "LineString", "coordinates": [[-70.38105, -23.63079], [-70.3777, -23.62991]]}, "properties": {"name": "Paraguay", "highway": "tertiary"}}, {"type": "Feature", "geometry": {"type": "LineString", "coordinates": [[-70.37769, -23.6143], [-70.37773, -23.61463]]}, "properties": {"name": "Avenida Los Leones", "highway": "secondary"}}, {"type": "Feature", "geometry": {"type": "LineString", "coordinates": [[-70.37773, -23.61463], [-70.3778, -23.61513]]}, "properties": {"name": "Avenida Los Leones", "highway": "secondary"}}, {"type": "Feature", "geometry": {"type": "LineString", "coordinates": [[-70.3778, -23.61513], [-70.37791, -23.6155]]}, "properties": {"name": "Avenida Los Leones", "highway": "secondary"}}, {"type": "Feature", "geometry": {"type": "LineString", "coordinates": [[-70.37777, -23.61559], [-70.37773, -23.61514]]}, "properties": {"name": "Avenida Los Leones", "highway": "living_street"}}, {"type": "Feature", "geometry": {"type": "LineString", "coordinates": [[-70.37684, -23.61554], [-70.37702, -23.61589]]}, "properties": {"name": "Pasaje Aysén", "highway": "residential"}}, {"type": "Feature", "geometry": {"type": "LineString", "coordinates": [[-70.37773, -23.61514], [-70.37757, -23.61371]]}, "properties": {"name": "Avenida Los Leones", "highway": "living_street"}}, {"type": "Feature", "geometry": {"type": "LineString", "coordinates": [[-70.37332, -23.61879], [-70.37364, -23.61963]]}, "properties": {"name": "Pasaje Fresia", "highway": "living_street"}}, {"type": "Feature", "geometry": {"type": "LineString", "coordinates": [[-70.37738, -23.60887], [-70.37737, -23.60785]]}, "properties": {"name": "Avenida Los Leones", "highway": "residential"}}, {"type": "Feature", "geometry": {"type": "LineString", "coordinates": [[-70.37556, -23.60512], [-70.37502, -23.60512]]}, "properties": {"name": "San Diego", "highway": "living_street"}}, {"type": "Feature", "geometry": {"type": "LineString", "coordinates": [[-70.37396, -23.60453], [-70.37386, -23.60354]]}, "properties": {"name": "Juan Ferraro", "highway": "living_street"}}, {"type": "Feature", "geometry": {"type": "LineString", "coordinates": [[-70.3731, -23.60272], [-70.37303, -23.60179]]}, "properties": {"name": "Juan Ferraro", "highway": "residential"}}, {"type": "Feature", "geometry": {"type": "LineString", "coordinates": [[-70.37418, -23.60556], [-70.37457, -23.60544]]}, "properties": {"name": "Pasaje Sin Nombre", "highway": "living_street"}}, {"type": "Feature", "geometry": {"type": "LineString", "coordinates": [[-70.37358, -23.60456], [-70.37418, -23.60556], [-70.37421, -23.60608]]}, "properties": {"name": "Calle del Cerro", "highway": "living_street"}}, {"type": "Feature", "geometry": {"type": "LineString", "coordinates": [[-70.37272, -23.60467], [-70.37358, -23.60456]]}, "properties": {"name": "Agustinas", "highway": "residential"}}, {"type": "Feature", "geometry": {"type": "LineString", "coordinates": [[-70.37339, -23.60457], [-70.37368, -23.60559], [-70.37371, -23.60668]]}, "properties": {"name": "Pasaje Magdalena Contreras Gangas", "highway": "living_street"}}, {"type": "Feature", "geometry": {"type": "LineString", "coordinates": [[-70.37399, -23.60674], [-70.374, -23.60609]]}, "properties": {"name": "Pasaje del Cerro", "highway": "living_street"}}, {"type": "Feature", "geometry": {"type": "LineString", "coordinates": [[-70.37368, -23.60559], [-70.37306, -23.60561]]}, "properties": {"name": "Pasaje Sin Nombre", "highway": "living_street"}}, {"type": "Feature", "geometry": {"type": "LineString", "coordinates": [[-70.37293, -23.60459], [-70.37327, -23.60559], [-70.37331, -23.60649]]}, "properties": {"name": "Pasaje Hilaricos", "highway": "living_street"}}, {"type": "Feature", "geometry": {"type": "LineString", "coordinates": [[-70.37503, -23.60159], [-70.37489, -23.59932]]}, "properties": {"name": "Luis Cruz Martínez", "highway": "tertiary"}}, {"type": "Feature", "geometry": {"type": "LineString", "coordinates": [[-70.37171, -23.60034], [-70.3718, -23.60017], [-70.37235, -23.60026]]}, "properties": {"name": "Eduardo Barrios", "highway": "residential"}}, {"type": "Feature", "geometry": {"type": "LineString", "coordinates": [[-70.37708, -23.59682], [-70.37695, -23.59483]]}, "properties": {"name": "Elías Aránguiz", "highway": "living_street"}}, {"type": "Feature", "geometry": {"type": "LineString", "coordinates": [[-70.38277, -23.6025], [-70.38277, -23.60289]]}, "properties": {"name": "Pasaje Chacance", "highway": "living_street"}}, {"type": "Feature", "geometry": {"type": "LineString", "coordinates": [[-70.37987, -23.59929], [-70.3801, -23.60265]]}, "properties": {"name": "Nicolás González", "highway": "residential"}}, {"type": "Feature", "geometry": {"type": "LineString", "coordinates": [[-70.38057, -23.60298], [-70.38063, -23.60266]]}, "properties": {"name": "Ingeniero Hyatt", "highway": "living_street"}}, {"type": "Feature", "geometry": {"type": "LineString", "coordinates": [[-70.37703, -23.59801], [-70.37729, -23.59716]]}, "properties": {"name": "Oriental", "highway": "living_street"}}, {"type": "Feature", "geometry": {"type": "LineString", "coordinates": [[-70.3778, -23.59655], [-70.37776, -23.59728]]}, "properties": {"name": "Artuto Pérez Canto", "highway": "living_street"}}, {"type": "Feature", "geometry": {"type": "LineString", "coordinates": [[-70.38564, -23.59184], [-70.38607, -23.59179]]}, "properties": {"name": "Estación Cerrillos", "highway": "living_street"}}, {"type": "Feature", "geometry": {"type": "LineString", "coordinates": [[-70.38025, -23.58589], [-70.38113, -23.58596]]}, "properties": {"name": "Río Limarí", "highway": "living_street"}}, {"type": "Feature", "geometry": {"type": "LineString", "coordinates": [[-70.37512, -23.58593], [-70.37474, -23.58549]]}, "properties": {"name": "Pasaje Cerro Linzor", "highway": "living_street"}}, {"type": "Feature", "geometry": {"type": "LineString", "coordinates": [[-70.37373, -23.5837], [-70.374, -23.58643]]}, "properties": {"name": "Pasaje Guanaqueros", "highway": "living_street"}}, {"type": "Feature", "geometry": {"type": "LineString", "coordinates": [[-70.37416, -23.58422], [-70.37378, -23.58429]]}, "properties": {"name": "Héctor Erazo", "highway": "living_street"}}, {"type": "Feature", "geometry": {"type": "LineString", "coordinates": [[-70.37482, -23.58287], [-70.37593, -23.58294]]}, "properties": {"name": "Pasaje El Abra", "highway": "residential"}}, {"type": "Feature", "geometry": {"type": "LineString", "coordinates": [[-70.37482, -23.58287], [-70.37457, -23.58446]]}, "properties": {"name": "Luis Urzúa", "highway": "living_street"}}, {"type": "Feature", "geometry": {"type": "LineString", "coordinates": [[-70.37416, -23.58284], [-70.37482, -23.58287]]}, "properties": {"name": "Pasaje El Abra", "highway": "living_street"}}, {"type": "Feature", "geometry": {"type": "LineString", "coordinates": [[-70.37483, -23.58256], [-70.37422, -23.58249]]}, "properties": {"name": "Pasaje Violeta Parra", "highway": "living_street"}}, {"type": "Feature", "geometry": {"type": "LineString", "coordinates": [[-70.37807, -23.58065], [-70.37802, -23.58144]]}, "properties": {"name": "Raúl Cisternas", "highway": "unclassified"}}, {"type": "Feature", "geometry": {"type": "LineString", "coordinates": [[-70.37869, -23.58148], [-70.37873, -23.58093]]}, "properties": {"name": "Pasaje Solón Salas Fuentealba", "highway": "living_street"}}, {"type": "Feature", "geometry": {"type": "LineString", "coordinates": [[-70.37397, -23.57821], [-70.37354, -23.57805]]}, "properties": {"name": "Pasaje Coya Sur", "highway": "living_street"}}, {"type": "Feature", "geometry": {"type": "LineString", "coordinates": [[-70.37411, -23.57784], [-70.37363, -23.5777]]}, "properties": {"name": "Pasaje Los Gorriones", "highway": "living_street"}}, {"type": "Feature", "geometry": {"type": "LineString", "coordinates": [[-70.40595, -23.68736], [-70.40643, -23.6873]]}, "properties": {"name": "Pasaje Rene Silva Espejo", "highway": "living_street"}}, {"type": "Feature", "geometry": {"type": "LineString", "coordinates": [[-70.37633, -23.60868], [-70.3774, -23.6085]]}, "properties": {"name": "Peatonal Uno", "highway": "living_street"}}, {"type": "Feature", "geometry": {"type": "LineString", "coordinates": [[-70.37696, -23.60826], [-70.37615, -23.60844]]}, "properties": {"name": "Las Condes", "highway": "living_street"}}, {"type": "Feature", "geometry": {"type": "LineString", "coordinates": [[-70.37888, -23.61327], [-70.37778, -23.61369]]}, "properties": {"name": "Quechereguas", "highway": "living_street"}}, {"type": "Feature", "geometry": {"type": "LineString", "coordinates": [[-70.37336, -23.61502], [-70.37526, -23.61452]]}, "properties": {"name": "El Roble", "highway": "residential"}}, {"type": "Feature", "geometry": {"type": "LineString", "coordinates": [[-70.37526, -23.61452], [-70.3743, -23.61432], [-70.37365, -23.61457], [-70.37336, -23.61502]]}, "properties": {"name": "", "highway": "tertiary"}}, {"type": "Feature", "geometry": {"type": "LineString", "coordinates": [[-70.37565, -23.62303], [-70.37397, -23.62328]]}, "properties": {"name": "Huasco", "highway": "living_street"}}, {"type": "Feature", "geometry": {"type": "LineString", "coordinates": [[-70.37582, -23.62383], [-70.37562, -23.62195]]}, "properties": {"name": "General Óscar Bonilla", "highway": "living_street"}}, {"type": "Feature", "geometry": {"type": "LineString", "coordinates": [[-70.37555, -23.62217], [-70.37387, -23.62243]]}, "properties": {"name": "Víctor Jara", "highway": "residential"}}, {"type": "Feature", "geometry": {"type": "LineString", "coordinates": [[-70.38458, -23.64223], [-70.38471, -23.643]]}, "properties": {"name": "Freire", "highway": "living_street"}}, {"type": "Feature", "geometry": {"type": "LineString", "coordinates": [[-70.3997, -23.67495], [-70.40057, -23.67533], [-70.40126, -23.67651]]}, "properties": {"name": "Leonardo Guzmán", "highway": "residential"}}, {"type": "Feature", "geometry": {"type": "LineString", "coordinates": [[-70.40806, -23.67902], [-70.4074, -23.6792]]}, "properties": {"name": "Luis Mancilla", "highway": "living_street"}}, {"type": "Feature", "geometry": {"type": "LineString", "coordinates": [[-70.4321, -23.71338], [-70.43103, -23.71157]]}, "properties": {"name": "Valle del Atardecer", "highway": "residential"}}, {"type": "Feature", "geometry": {"type": "LineString", "coordinates": [[-70.40545, -23.68689], [-70.40547, -23.68714]]}, "properties": {"name": "Antonio Pinto D.", "highway": "living_street"}}, {"type": "Feature", "geometry": {"type": "LineString", "coordinates": [[-70.43034, -23.7083], [-70.43005, -23.70894]]}, "properties": {"name": "Subida de la Poza", "highway": "residential"}}, {"type": "Feature", "geometry": {"type": "LineString", "coordinates": [[-70.41236, -23.67623], [-70.41283, -23.67631]]}, "properties": {"name": "Avenida República de Croacia", "highway": "unclassified"}}, {"type": "Feature", "geometry": {"type": "LineString", "coordinates": [[-70.41283, -23.67631], [-70.41332, -23.67538], [-70.41296, -23.67468]]}, "properties": {"name": "Avenida República de Croacia", "highway": "unclassified"}}, {"type": "Feature", "geometry": {"type": "LineString", "coordinates": [[-70.41305, -23.67585], [-70.41352, -23.67604], [-70.41408, -23.6771], [-70.41385, -23.67757]]}, "properties": {"name": "Avenida República de Croacia", "highway": "residential"}}, {"type": "Feature", "geometry": {"type": "LineString", "coordinates": [[-70.42227, -23.69877], [-70.42198, -23.6981]]}, "properties": {"name": "Avenida Universidad de Antofagasta", "highway": "secondary"}}, {"type": "Feature", "geometry": {"type": "LineString", "coordinates": [[-70.38769, -23.59192], [-70.38772, -23.592]]}, "properties": {"name": "", "highway": "tertiary"}}, {"type": "Feature", "geometry": {"type": "LineString", "coordinates": [[-70.37461, -23.63026], [-70.37344, -23.62958], [-70.37338, -23.62937]]}, "properties": {"name": "Avenida Circunvalación Padre Alberto Hurtado", "highway": "secondary"}}, {"type": "Feature", "geometry": {"type": "LineString", "coordinates": [[-70.37619, -23.58914], [-70.3788, -23.58919]]}, "properties": {"name": "Sargento Manuel Silva", "highway": "tertiary"}}, {"type": "Feature", "geometry": {"type": "LineString", "coordinates": [[-70.39542, -23.66962], [-70.39574, -23.67014]]}, "properties": {"name": "Los Girasoles", "highway": "living_street"}}, {"type": "Feature", "geometry": {"type": "LineString", "coordinates": [[-70.39507, -23.66979], [-70.39532, -23.67023]]}, "properties": {"name": "Progreso", "highway": "living_street"}}, {"type": "Feature", "geometry": {"type": "LineString", "coordinates": [[-70.39473, -23.66995], [-70.39498, -23.6703]]}, "properties": {"name": "La Esperanza", "highway": "living_street"}}, {"type": "Feature", "geometry": {"type": "LineString", "coordinates": [[-70.39576, -23.66948], [-70.3961, -23.67006]]}, "properties": {"name": "Los Fundadores", "highway": "living_street"}}, {"type": "Feature", "geometry": {"type": "LineString", "coordinates": [[-70.41696, -23.69619], [-70.41666, -23.69605]]}, "properties": {"name": "Avenida Angamos", "highway": "residential"}}, {"type": "Feature", "geometry": {"type": "LineString", "coordinates": [[-70.41675, -23.69538], [-70.41696, -23.69619]]}, "properties": {"name": "Avenida Angamos", "highway": "residential"}}, {"type": "Feature", "geometry": {"type": "LineString", "coordinates": [[-70.40852, -23.69463], [-70.40813, -23.69452], [-70.40763, -23.69517]]}, "properties": {"name": "", "highway": "living_street"}}, {"type": "Feature", "geometry": {"type": "LineString", "coordinates": [[-70.40854, -23.69486], [-70.40826, -23.6947]]}, "properties": {"name": "", "highway": "living_street"}}, {"type": "Feature", "geometry": {"type": "LineString", "coordinates": [[-70.40832, -23.69517], [-70.40802, -23.69497]]}, "properties": {"name": "", "highway": "living_street"}}, {"type": "Feature", "geometry": {"type": "LineString", "coordinates": [[-70.40806, -23.69537], [-70.40784, -23.69521]]}, "properties": {"name": "", "highway": "living_street"}}, {"type": "Feature", "geometry": {"type": "LineString", "coordinates": [[-70.42956, -23.71371], [-70.42915, -23.71331], [-70.4292, -23.7129], [-70.42887, -23.71224], [-70.4287, -23.71231]]}, "properties": {"name": "", "highway": "residential"}}, {"type": "Feature", "geometry": {"type": "LineString", "coordinates": [[-70.3913, -23.66805], [-70.39172, -23.66951]]}, "properties": {"name": "15 de Marzo", "highway": "residential"}}, {"type": "Feature", "geometry": {"type": "LineString", "coordinates": [[-70.3908, -23.66862], [-70.39059, -23.66808]]}, "properties": {"name": "Los Cerrillos", "highway": "residential"}}, {"type": "Feature", "geometry": {"type": "LineString", "coordinates": [[-70.3924, -23.66778], [-70.39242, -23.66805], [-70.39219, -23.66819]]}, "properties": {"name": "Esperanza", "highway": "unclassified"}}, {"type": "Feature", "geometry": {"type": "LineString", "coordinates": [[-70.39159, -23.66961], [-70.39125, -23.66855]]}, "properties": {"name": "Vista al Mar", "highway": "residential"}}, {"type": "Feature", "geometry": {"type": "LineString", "coordinates": [[-70.3908, -23.66862], [-70.39138, -23.66958]]}, "properties": {"name": "Los Cerrillos", "highway": "residential"}}, {"type": "Feature", "geometry": {"type": "LineString", "coordinates": [[-70.39103, -23.669], [-70.39128, -23.66997]]}, "properties": {"name": "Los Cerrillos", "highway": "residential"}}, {"type": "Feature", "geometry": {"type": "LineString", "coordinates": [[-70.39097, -23.6689], [-70.38984, -23.66903]]}, "properties": {"name": "Aránguiz", "highway": "residential"}}, {"type": "Feature", "geometry": {"type": "LineString", "coordinates": [[-70.3908, -23.66894], [-70.39089, -23.66928]]}, "properties": {"name": "Copihue", "highway": "residential"}}, {"type": "Feature", "geometry": {"type": "LineString", "coordinates": [[-70.39113, -23.66947], [-70.38793, -23.66973], [-70.38823, -23.66801]]}, "properties": {"name": "", "highway": "residential"}}, {"type": "Feature", "geometry": {"type": "LineString", "coordinates": [[-70.38991, -23.66962], [-70.38976, -23.66828]]}, "properties": {"name": "", "highway": "residential"}}, {"type": "Feature", "geometry": {"type": "LineString", "coordinates": [[-70.3897, -23.66965], [-70.38961, -23.66902]]}, "properties": {"name": "", "highway": "residential"}}, {"type": "Feature", "geometry": {"type": "LineString", "coordinates": [[-70.38945, -23.66969], [-70.38935, -23.66897], [-70.38897, -23.66887]]}, "properties": {"name": "Sol y Luna", "highway": "residential"}}, {"type": "Feature", "geometry": {"type": "LineString", "coordinates": [[-70.38897, -23.66887], [-70.38886, -23.66791]]}, "properties": {"name": "Leonardo Farkas", "highway": "residential"}}, {"type": "Feature", "geometry": {"type": "LineString", "coordinates": [[-70.38978, -23.66866], [-70.38933, -23.66852], [-70.38884, -23.66695], [-70.38858, -23.66503], [-70.38831, -23.66476], [-70.38818, -23.66294], [-70.38801, -23.66273]]}, "properties": {"name": "Martin Luther King", "highway": "unclassified"}}, {"type": "Feature", "geometry": {"type": "LineString", "coordinates": [[-70.38884, -23.66695], [-70.3893, -23.66688]]}, "properties": {"name": "", "highway": "unclassified"}}, {"type": "Feature", "geometry": {"type": "LineString", "coordinates": [[-70.38885, -23.66975], [-70.3887, -23.66812]]}, "properties": {"name": "", "highway": "residential"}}, {"type": "Feature", "geometry": {"type": "LineString", "coordinates": [[-70.39219, -23.66819], [-70.39139, -23.66838]]}, "properties": {"name": "Esperanza", "highway": "residential"}}, {"type": "Feature", "geometry": {"type": "LineString", "coordinates": [[-70.39151, -23.66873], [-70.39184, -23.66879], [-70.39217, -23.66925]]}, "properties": {"name": "", "highway": "residential"}}, {"type": "Feature", "geometry": {"type": "LineString", "coordinates": [[-70.392, -23.6694], [-70.39184, -23.66879]]}, "properties": {"name": "", "highway": "residential"}}, {"type": "Feature", "geometry": {"type": "LineString", "coordinates": [[-70.38753, -23.66175], [-70.38813, -23.66219], [-70.38821, -23.66269]]}, "properties": {"name": "Pasaje 1", "highway": "unclassified"}}, {"type": "Feature", "geometry": {"type": "LineString", "coordinates": [[-70.38595, -23.65952], [-70.38559, -23.65929]]}, "properties": {"name": "", "highway": "residential"}}, {"type": "Feature", "geometry": {"type": "LineString", "coordinates": [[-70.38694, -23.6575], [-70.38636, -23.6572], [-70.38602, -23.65641]]}, "properties": {"name": "", "highway": "unclassified"}}, {"type": "Feature", "geometry": {"type": "LineString", "coordinates": [[-70.38625, -23.65641], [-70.38652, -23.65707]]}, "properties": {"name": "", "highway": "unclassified"}}, {"type": "Feature", "geometry": {"type": "LineString", "coordinates": [[-70.38654, -23.65645], [-70.38602, -23.65641]]}, "properties": {"name": "", "highway": "unclassified"}}, {"type": "Feature", "geometry": {"type": "LineString", "coordinates": [[-70.38402, -23.65309], [-70.38418, -23.65192]]}, "properties": {"name": "", "highway": "unclassified"}}, {"type": "Feature", "geometry": {"type": "LineString", "coordinates": [[-70.38359, -23.64899], [-70.38352, -23.64933]]}, "properties": {"name": "2 Norte", "highway": "living_street"}}, {"type": "Feature", "geometry": {"type": "LineString", "coordinates": [[-70.37891, -23.63365], [-70.38062, -23.63536], [-70.38117, -23.63657], [-70.38148, -23.63664]]}, "properties": {"name": "Independencia", "highway": "unclassified"}}, {"type": "Feature", "geometry": {"type": "LineString", "coordinates": [[-70.38117, -23.63657], [-70.38092, -23.63646], [-70.3803, -23.63508]]}, "properties": {"name": "Colinas", "highway": "unclassified"}}, {"type": "Feature", "geometry": {"type": "LineString", "coordinates": [[-70.38088, -23.63695], [-70.38191, -23.63883]]}, "properties": {"name": "Padre Alberto Hurtado", "highway": "unclassified"}}, {"type": "Feature", "geometry": {"type": "LineString", "coordinates": [[-70.38231, -23.6394], [-70.3815, -23.63858], [-70.38064, -23.63705]]}, "properties": {"name": "Jael", "highway": "unclassified"}}, {"type": "Feature", "geometry": {"type": "LineString", "coordinates": [[-70.37479, -23.62646], [-70.37435, -23.62632]]}, "properties": {"name": "Delmira Agustini", "highway": "living_street"}}, {"type": "Feature", "geometry": {"type": "LineString", "coordinates": [[-70.37435, -23.62632], [-70.37409, -23.62633]]}, "properties": {"name": "Delmira Agustini", "highway": "residential"}}, {"type": "Feature", "geometry": {"type": "LineString", "coordinates": [[-70.37253, -23.61962], [-70.37332, -23.62065], [-70.37384, -23.62249]]}, "properties": {"name": "Circunvalación", "highway": "unclassified"}}, {"type": "Feature", "geometry": {"type": "LineString", "coordinates": [[-70.37251, -23.61977], [-70.37198, -23.61903], [-70.37186, -23.61735], [-70.37319, -23.61604]]}, "properties": {"name": "Circunvalación", "highway": "residential"}}, {"type": "Feature", "geometry": {"type": "LineString", "coordinates": [[-70.37182, -23.6178], [-70.37146, -23.61768], [-70.37109, -23.61818]]}, "properties": {"name": "Sagasca", "highway": "residential"}}, {"type": "Feature", "geometry": {"type": "LineString", "coordinates": [[-70.37092, -23.6178], [-70.37108, -23.61711], [-70.37144, -23.61705]]}, "properties": {"name": "Leones", "highway": "residential"}}, {"type": "Feature", "geometry": {"type": "LineString", "coordinates": [[-70.37369, -23.61587], [-70.37349, -23.61547]]}, "properties": {"name": "", "highway": "unclassified"}}, {"type": "Feature", "geometry": {"type": "LineString", "coordinates": [[-70.37773, -23.6135], [-70.37753, -23.61328], [-70.37698, -23.61326], [-70.37711, -23.61282], [-70.37678, -23.61296]]}, "properties": {"name": "", "highway": "residential"}}, {"type": "Feature", "geometry": {"type": "LineString", "coordinates": [[-70.37796, -23.60998], [-70.37772, -23.60894]]}, "properties": {"name": "", "highway": "residential"}}, {"type": "Feature", "geometry": {"type": "LineString", "coordinates": [[-70.37351, -23.60356], [-70.37351, -23.60443]]}, "properties": {"name": "Pasaje Río Bueno", "highway": "residential"}}, {"type": "Feature", "geometry": {"type": "LineString", "coordinates": [[-70.3736, -23.6046], [-70.37389, -23.60544]]}, "properties": {"name": "Pasaje del Cerro", "highway": "residential"}}, {"type": "Feature", "geometry": {"type": "LineString", "coordinates": [[-70.37237, -23.60184], [-70.37236, -23.60239], [-70.37358, -23.60456]]}, "properties": {"name": "Calle del Cerro", "highway": "residential"}}, {"type": "Feature", "geometry": {"type": "LineString", "coordinates": [[-70.37087, -23.5946], [-70.37105, -23.59505], [-70.37154, -23.59543], [-70.37168, -23.59594], [-70.3715, -23.59762], [-70.37123, -23.598], [-70.37141, -23.59892]]}, "properties": {"name": "Edwin Hurtado Gómez", "highway": "living_street"}}, {"type": "Feature", "geometry": {"type": "LineString", "coordinates": [[-70.37704, -23.57688], [-70.37691, -23.57851], [-70.37618, -23.58036]]}, "properties": {"name": "Gonzalo Castro Toro", "highway": "residential"}}, {"type": "Feature", "geometry": {"type": "LineString", "coordinates": [[-70.37618, -23.58036], [-70.37573, -23.57956]]}, "properties": {"name": "Julio Montt Salamanca", "highway": "residential"}}, {"type": "Feature", "geometry": {"type": "LineString", "coordinates": [[-70.42899, -23.71501], [-70.42869, -23.71485]]}, "properties": {"name": "Avenida Agustín Samsó Sivori", "highway": "residential"}}, {"type": "Feature", "geometry": {"type": "LineString", "coordinates": [[-70.38876, -23.64471], [-70.38844, -23.64482], [-70.388, -23.6444], [-70.38793, -23.644], [-70.38821, -23.64348]]}, "properties": {"name": "Pasaje Andrés Sabella", "highway": "residential"}}, {"type": "Feature", "geometry": {"type": "LineString", "coordinates": [[-70.38459, -23.60998], [-70.38445, -23.60984]]}, "properties": {"name": "Vitacura", "highway": "tertiary"}}, {"type": "Feature", "geometry": {"type": "LineString", "coordinates": [[-70.38518, -23.61029], [-70.38495, -23.6146], [-70.38528, -23.6147]]}, "properties": {"name": "Azapa", "highway": "tertiary"}}, {"type": "Feature", "geometry": {"type": "LineString", "coordinates": [[-70.38486, -23.61479], [-70.38213, -23.61475]]}, "properties": {"name": "Placilla", "highway": "tertiary"}}, {"type": "Feature", "geometry": {"type": "LineString", "coordinates": [[-70.41381, -23.69808], [-70.41316, -23.69856], [-70.41218, -23.69851]]}, "properties": {"name": "Avenida Angamos", "highway": "secondary"}}, {"type": "Feature", "geometry": {"type": "LineString", "coordinates": [[-70.3752, -23.57937], [-70.37488, -23.57968], [-70.37495, -23.58046]]}, "properties": {"name": "Jamzín", "highway": "living_street"}}, {"type": "Feature", "geometry": {"type": "LineString", "coordinates": [[-70.37495, -23.58036], [-70.37468, -23.58036]]}, "properties": {"name": "Clavel", "highway": "living_street"}}, {"type": "Feature", "geometry": {"type": "LineString", "coordinates": [[-70.37466, -23.58025], [-70.37464, -23.58128], [-70.37414, -23.58147]]}, "properties": {"name": "Geranios", "highway": "living_street"}}, {"type": "Feature", "geometry": {"type": "LineString", "coordinates": [[-70.37466, -23.58025], [-70.37411, -23.58027], [-70.37412, -23.58072]]}, "properties": {"name": "Las Rosas", "highway": "living_street"}}, {"type": "Feature", "geometry": {"type": "LineString", "coordinates": [[-70.3744, -23.58024], [-70.37436, -23.58134]]}, "properties": {"name": "Violeta", "highway": "living_street"}}, {"type": "Feature", "geometry": {"type": "LineString", "coordinates": [[-70.37372, -23.58094], [-70.37351, -23.58034]]}, "properties": {"name": "Girasol", "highway": "living_street"}}, {"type": "Feature", "geometry": {"type": "LineString", "coordinates": [[-70.37398, -23.57973], [-70.37547, -23.57783]]}, "properties": {"name": "Héctor Rojas Albornoz", "highway": "residential"}}, {"type": "Feature", "geometry": {"type": "LineString", "coordinates": [[-70.3737, -23.57962], [-70.37421, -23.57982], [-70.37508, -23.57945]]}, "properties": {"name": "", "highway": "living_street"}}, {"type": "Feature", "geometry": {"type": "LineString", "coordinates": [[-70.37379, -23.58164], [-70.37333, -23.58172]]}, "properties": {"name": "Víctor Jara", "highway": "residential"}}, {"type": "Feature", "geometry": {"type": "LineString", "coordinates": [[-70.37493, -23.57993], [-70.37385, -23.58011], [-70.37333, -23.58046]]}, "properties": {"name": "Rayito de Esperanza", "highway": "living_street"}}, {"type": "Feature", "geometry": {"type": "LineString", "coordinates": [[-70.37608, -23.58021], [-70.37565, -23.58027]]}, "properties": {"name": "Viracocha", "highway": "living_street"}}, {"type": "Feature", "geometry": {"type": "LineString", "coordinates": [[-70.37573, -23.57961], [-70.37558, -23.57976], [-70.37555, -23.58098]]}, "properties": {"name": "Antu", "highway": "living_street"}}, {"type": "Feature", "geometry": {"type": "LineString", "coordinates": [[-70.37344, -23.58039], [-70.37329, -23.58023]]}, "properties": {"name": "", "highway": "living_street"}}, {"type": "Feature", "geometry": {"type": "LineString", "coordinates": [[-70.37322, -23.58027], [-70.37362, -23.58004], [-70.37331, -23.57983]]}, "properties": {"name": "", "highway": "living_street"}}, {"type": "Feature", "geometry": {"type": "LineString", "coordinates": [[-70.37344, -23.5817], [-70.3732, -23.58144], [-70.3733, -23.58071]]}, "properties": {"name": "", "highway": "living_street"}}, {"type": "Feature", "geometry": {"type": "LineString", "coordinates": [[-70.37339, -23.58154], [-70.37337, -23.58122]]}, "properties": {"name": "", "highway": "living_street"}}, {"type": "Feature", "geometry": {"type": "LineString", "coordinates": [[-70.37597, -23.58031], [-70.37599, -23.58132]]}, "properties": {"name": "San Pedro", "highway": "living_street"}}, {"type": "Feature", "geometry": {"type": "LineString", "coordinates": [[-70.37599, -23.58132], [-70.37597, -23.58216]]}, "properties": {"name": "Principal", "highway": "living_street"}}, {"type": "Feature", "geometry": {"type": "LineString", "coordinates": [[-70.37656, -23.58213], [-70.37577, -23.58214]]}, "properties": {"name": "Heliconia", "highway": "living_street"}}, {"type": "Feature", "geometry": {"type": "LineString", "coordinates": [[-70.37691, -23.58296], [-70.37593, -23.58294]]}, "properties": {"name": "Pasaje El Abra", "highway": "residential"}}, {"type": "Feature", "geometry": {"type": "LineString", "coordinates": [[-70.37579, -23.58472], [-70.37508, -23.58498], [-70.37384, -23.58508]]}, "properties": {"name": "Río Camarones", "highway": "residential"}}, {"type": "Feature", "geometry": {"type": "LineString", "coordinates": [[-70.37416, -23.58284], [-70.37398, -23.58379]]}, "properties": {"name": "Pasaje Cerro Pedregal", "highway": "living_street"}}, {"type": "Feature", "geometry": {"type": "LineString", "coordinates": [[-70.37631, -23.58126], [-70.37561, -23.58113]]}, "properties": {"name": "Los Arenales", "highway": "living_street"}}, {"type": "Feature", "geometry": {"type": "LineString", "coordinates": [[-70.37598, -23.58105], [-70.37533, -23.58093]]}, "properties": {"name": "Esperanza", "highway": "living_street"}}, {"type": "Feature", "geometry": {"type": "LineString", "coordinates": [[-70.3758, -23.58127], [-70.37544, -23.58291]]}, "properties": {"name": "Perú", "highway": "living_street"}}, {"type": "Feature", "geometry": {"type": "LineString", "coordinates": [[-70.37577, -23.58214], [-70.37547, -23.58253]]}, "properties": {"name": "Escondida", "highway": "living_street"}}, {"type": "Feature", "geometry": {"type": "LineString", "coordinates": [[-70.37573, -23.58145], [-70.37526, -23.58128]]}, "properties": {"name": "", "highway": "living_street"}}, {"type": "Feature", "geometry": {"type": "LineString", "coordinates": [[-70.37561, -23.58113], [-70.37523, -23.5823], [-70.37499, -23.58238]]}, "properties": {"name": "Bolivia", "highway": "living_street"}}, {"type": "Feature", "geometry": {"type": "LineString", "coordinates": [[-70.37538, -23.58094], [-70.37516, -23.58154], [-70.37541, -23.58162]]}, "properties": {"name": "Colombia", "highway": "living_street"}}, {"type": "Feature", "geometry": {"type": "LineString", "coordinates": [[-70.37478, -23.58176], [-70.37503, -23.58206], [-70.37505, -23.58288]]}, "properties": {"name": "", "highway": "living_street"}}, {"type": "Feature", "geometry": {"type": "LineString", "coordinates": [[-70.37155, -23.59438], [-70.37154, -23.59489]]}, "properties": {"name": "", "highway": "living_street"}}, {"type": "Feature", "geometry": {"type": "LineString", "coordinates": [[-70.37202, -23.59505], [-70.3715, -23.59515]]}, "properties": {"name": "Leonardo da Vinci", "highway": "living_street"}}, {"type": "Feature", "geometry": {"type": "LineString", "coordinates": [[-70.37188, -23.59506], [-70.3719, -23.59518]]}, "properties": {"name": "", "highway": "living_street"}}, {"type": "Feature", "geometry": {"type": "LineString", "coordinates": [[-70.37224, -23.5969], [-70.37192, -23.59712], [-70.37139, -23.60052], [-70.37179, -23.60099], [-70.37215, -23.60235]]}, "properties": {"name": "Las Américas", "highway": "living_street"}}, {"type": "Feature", "geometry": {"type": "LineString", "coordinates": [[-70.37126, -23.61705], [-70.37124, -23.61697]]}, "properties": {"name": "Leones", "highway": "living_street"}}, {"type": "Feature", "geometry": {"type": "LineString", "coordinates": [[-70.37649, -23.63646], [-70.37663, -23.63613]]}, "properties": {"name": "Quito", "highway": "living_street"}}, {"type": "Feature", "geometry": {"type": "LineString", "coordinates": [[-70.37703, -23.63557], [-70.37663, -23.63613]]}, "properties": {"name": "Quito", "highway": "living_street"}}, {"type": "Feature", "geometry": {"type": "LineString", "coordinates": [[-70.38208, -23.6377], [-70.38159, -23.63624]]}, "properties": {"name": "Talcahuano", "highway": "living_street"}}, {"type": "Feature", "geometry": {"type": "LineString", "coordinates": [[-70.38254, -23.64979], [-70.38281, -23.65064], [-70.38209, -23.6508]]}, "properties": {"name": "La Montaña", "highway": "living_street"}}, {"type": "Feature", "geometry": {"type": "LineString", "coordinates": [[-70.39076, -23.66856], [-70.38978, -23.66866]]}, "properties": {"name": "El Soldado", "highway": "living_street"}}, {"type": "Feature", "geometry": {"type": "LineString", "coordinates": [[-70.39416, -23.66749], [-70.39342, -23.66673]]}, "properties": {"name": "Bahía", "highway": "living_street"}}, {"type": "Feature", "geometry": {"type": "LineString", "coordinates": [[-70.39439, -23.66726], [-70.39343, -23.66801], [-70.39227, -23.66837]]}, "properties": {"name": "Los Vientos", "highway": "living_street"}}, {"type": "Feature", "geometry": {"type": "LineString", "coordinates": [[-70.39296, -23.66705], [-70.39364, -23.66785]]}, "properties": {"name": "Horizonte", "highway": "living_street"}}, {"type": "Feature", "geometry": {"type": "LineString", "coordinates": [[-70.39138, -23.66833], [-70.39067, -23.66842]]}, "properties": {"name": "Esperanza", "highway": "living_street"}}, {"type": "Feature", "geometry": {"type": "LineString", "coordinates": [[-70.39614, -23.66925], [-70.3971, -23.67055]]}, "properties": {"name": "Patricio Lynch", "highway": "residential"}}, {"type": "Feature", "geometry": {"type": "LineString", "coordinates": [[-70.39614, -23.66925], [-70.39473, -23.66995]]}, "properties": {"name": "Ramón Barros Luco", "highway": "living_street"}}, {"type": "Feature", "geometry": {"type": "LineString", "coordinates": [[-70.39808, -23.67209], [-70.39969, -23.67112]]}, "properties": {"name": "Angol", "highway": "residential"}}, {"type": "Feature", "geometry": {"type": "LineString", "coordinates": [[-70.39774, -23.67164], [-70.39933, -23.67065]]}, "properties": {"name": "Imilac", "highway": "residential"}}, {"type": "Feature", "geometry": {"type": "LineString", "coordinates": [[-70.39808, -23.67209], [-70.39774, -23.67164]]}, "properties": {"name": "Patricio Lynch", "highway": "residential"}}, {"type": "Feature", "geometry": {"type": "LineString", "coordinates": [[-70.43001, -23.70901], [-70.425, -23.70713], [-70.42437, -23.70636], [-70.42415, -23.70503]]}, "properties": {"name": "Avenida Travesía de Coloso", "highway": "secondary"}}, {"type": "Feature", "geometry": {"type": "LineString", "coordinates": [[-70.42425, -23.70493], [-70.42451, -23.70639], [-70.42489, -23.70694], [-70.43005, -23.70894]]}, "properties": {"name": "Avenida Travesía de Coloso", "highway": "secondary"}}, {"type": "Feature", "geometry": {"type": "LineString", "coordinates": [[-70.41399, -23.68679], [-70.41323, -23.68686], [-70.41285, -23.68647]]}, "properties": {"name": "", "highway": "unclassified"}}, {"type": "Feature", "geometry": {"type": "LineString", "coordinates": [[-70.40838, -23.6926], [-70.40866, -23.6939], [-70.40853, -23.69492], [-70.40781, -23.69553]]}, "properties": {"name": "Antilhue", "highway": "residential"}}, {"type": "Feature", "geometry": {"type": "LineString", "coordinates": [[-70.40838, -23.6926], [-70.41005, -23.69244]]}, "properties": {"name": "Collico", "highway": "secondary"}}, {"type": "Feature", "geometry": {"type": "LineString", "coordinates": [[-70.40605, -23.69688], [-70.40602, -23.69616]]}, "properties": {"name": "Pasaje Santa Guillermina", "highway": "living_street"}}, {"type": "Feature", "geometry": {"type": "LineString", "coordinates": [[-70.40602, -23.69628], [-70.40574, -23.69629]]}, "properties": {"name": "Pasaje Santa Guillermina", "highway": "living_street"}}, {"type": "Feature", "geometry": {"type": "LineString", "coordinates": [[-70.40604, -23.69656], [-70.40575, -23.69657]]}, "properties": {"name": "Pasaje Santa Guillermina", "highway": "living_street"}}, {"type": "Feature", "geometry": {"type": "LineString", "coordinates": [[-70.37837, -23.62002], [-70.38444, -23.6168]]}, "properties": {"name": "Vicuña", "highway": "residential"}}, {"type": "Feature", "geometry": {"type": "LineString", "coordinates": [[-70.41243, -23.68034], [-70.41344, -23.68007]]}, "properties": {"name": "Gandarillas", "highway": "living_street"}}, {"type": "Feature", "geometry": {"type": "LineString", "coordinates": [[-70.40201, -23.67757], [-70.40216, -23.67744], [-70.4029, -23.67792]]}, "properties": {"name": "Pasaje Osvaldo Silva Castellón", "highway": "living_street"}}, {"type": "Feature", "geometry": {"type": "LineString", "coordinates": [[-70.38346, -23.58639], [-70.38329, -23.58559]]}, "properties": {"name": "Río Malleco", "highway": "living_street"}}, {"type": "Feature", "geometry": {"type": "LineString", "coordinates": [[-70.38175, -23.58516], [-70.3817, -23.58582]]}, "properties": {"name": "Pasaje Anacleto Solorza", "highway": "living_street"}}, {"type": "Feature", "geometry": {"type": "LineString", "coordinates": [[-70.37747, -23.58237], [-70.37795, -23.5823]]}, "properties": {"name": "Detective Luis Carrasco", "highway": "residential"}}, {"type": "Feature", "geometry": {"type": "LineString", "coordinates": [[-70.37746, -23.5825], [-70.37696, -23.58247]]}, "properties": {"name": "Pasaje Tinguiririca", "highway": "residential"}}, {"type": "Feature", "geometry": {"type": "LineString", "coordinates": [[-70.37372, -23.58094], [-70.37399, -23.58166]]}, "properties": {"name": "Tulipán", "highway": "living_street"}}, {"type": "Feature", "geometry": {"type": "LineString", "coordinates": [[-70.37379, -23.58164], [-70.37377, -23.58141]]}, "properties": {"name": "Tulipán", "highway": "living_street"}}, {"type": "Feature", "geometry": {"type": "LineString", "coordinates": [[-70.37777, -23.58018], [-70.37774, -23.58062]]}, "properties": {"name": "Pasaje Myrto Meneses Araya", "highway": "living_street"}}, {"type": "Feature", "geometry": {"type": "LineString", "coordinates": [[-70.3737, -23.57962], [-70.37362, -23.57981]]}, "properties": {"name": "", "highway": "living_street"}}, {"type": "Feature", "geometry": {"type": "LineString", "coordinates": [[-70.37504, -23.57719], [-70.37525, -23.57669]]}, "properties": {"name": "Pasaje Antonio Ilic Vladislavic", "highway": "living_street"}}, {"type": "Feature", "geometry": {"type": "LineString", "coordinates": [[-70.37736, -23.57733], [-70.37702, -23.57729]]}, "properties": {"name": "Gustavo Le Paige", "highway": "living_street"}}, {"type": "Feature", "geometry": {"type": "LineString", "coordinates": [[-70.38348, -23.57698], [-70.38345, -23.57738]]}, "properties": {"name": "Pasaje Luis Santibañez Diaz", "highway": "living_street"}}, {"type": "Feature", "geometry": {"type": "LineString", "coordinates": [[-70.38315, -23.57696], [-70.38312, -23.57737]]}, "properties": {"name": "Pasaje Ricardo Olivares M", "highway": "living_street"}}, {"type": "Feature", "geometry": {"type": "LineString", "coordinates": [[-70.38279, -23.57694], [-70.38277, -23.57731]]}, "properties": {"name": "Pasaje Mario Vernal Ariste", "highway": "living_street"}}, {"type": "Feature", "geometry": {"type": "LineString", "coordinates": [[-70.38239, -23.57691], [-70.38237, -23.5772]]}, "properties": {"name": "Pasaje Adriana Zoanic", "highway": "living_street"}}, {"type": "Feature", "geometry": {"type": "LineString", "coordinates": [[-70.38711, -23.59032], [-70.38757, -23.59028]]}, "properties": {"name": "", "highway": "living_street"}}, {"type": "Feature", "geometry": {"type": "LineString", "coordinates": [[-70.38706, -23.58996], [-70.38751, -23.58992]]}, "properties": {"name": "", "highway": "living_street"}}, {"type": "Feature", "geometry": {"type": "LineString", "coordinates": [[-70.38047, -23.58772], [-70.38017, -23.58772]]}, "properties": {"name": "Soldado Emilio Rubilar", "highway": "living_street"}}, {"type": "Feature", "geometry": {"type": "LineString", "coordinates": [[-70.38123, -23.58973], [-70.38082, -23.58972]]}, "properties": {"name": "José Espinoza", "highway": "living_street"}}, {"type": "Feature", "geometry": {"type": "LineString", "coordinates": [[-70.38122, -23.59014], [-70.3819, -23.59015]]}, "properties": {"name": "Enrique Coke", "highway": "living_street"}}, {"type": "Feature", "geometry": {"type": "LineString", "coordinates": [[-70.37675, -23.59094], [-70.37761, -23.59324]]}, "properties": {"name": "Río Maule", "highway": "residential"}}, {"type": "Feature", "geometry": {"type": "LineString", "coordinates": [[-70.37653, -23.58787], [-70.37685, -23.58789]]}, "properties": {"name": "Pasaje Raimundo Rojas", "highway": "living_street"}}, {"type": "Feature", "geometry": {"type": "LineString", "coordinates": [[-70.37716, -23.59094], [-70.37715, -23.59125], [-70.37689, -23.5913]]}, "properties": {"name": "Pasaje Luis Carrasco", "highway": "living_street"}}, {"type": "Feature", "geometry": {"type": "LineString", "coordinates": [[-70.38694, -23.59427], [-70.38688, -23.59519]]}, "properties": {"name": "", "highway": "unclassified"}}, {"type": "Feature", "geometry": {"type": "LineString", "coordinates": [[-70.37882, -23.59473], [-70.37873, -23.59326]]}, "properties": {"name": "General Óscar Bonilla", "highway": "residential"}}, {"type": "Feature", "geometry": {"type": "LineString", "coordinates": [[-70.38308, -23.59583], [-70.38405, -23.59578]]}, "properties": {"name": "Arturo Alessandri", "highway": "living_street"}}, {"type": "Feature", "geometry": {"type": "LineString", "coordinates": [[-70.3785, -23.59868], [-70.37757, -23.59826]]}, "properties": {"name": "Sargento Candelaria Pérez", "highway": "living_street"}}, {"type": "Feature", "geometry": {"type": "LineString", "coordinates": [[-70.37909, -23.60232], [-70.37895, -23.60152]]}, "properties": {"name": "General Óscar Bonilla", "highway": "living_street"}}, {"type": "Feature", "geometry": {"type": "LineString", "coordinates": [[-70.37197, -23.60193], [-70.37167, -23.60211]]}, "properties": {"name": "", "highway": "living_street"}}, {"type": "Feature", "geometry": {"type": "LineString", "coordinates": [[-70.37449, -23.60165], [-70.37433, -23.59927]]}, "properties": {"name": "Nilda Madrid", "highway": "residential"}}, {"type": "Feature", "geometry": {"type": "LineString", "coordinates": [[-70.37211, -23.60138], [-70.37193, -23.60074]]}, "properties": {"name": "", "highway": "living_street"}}, {"type": "Feature", "geometry": {"type": "LineString", "coordinates": [[-70.37178, -23.60195], [-70.37168, -23.6013]]}, "properties": {"name": "", "highway": "living_street"}}, {"type": "Feature", "geometry": {"type": "LineString", "coordinates": [[-70.37139, -23.60057], [-70.37124, -23.60137], [-70.37173, -23.60413], [-70.37286, -23.60616]]}, "properties": {"name": "", "highway": "living_street"}}, {"type": "Feature", "geometry": {"type": "LineString", "coordinates": [[-70.37165, -23.60368], [-70.37133, -23.60373], [-70.37122, -23.60298], [-70.37064, -23.60233], [-70.37038, -23.60063]]}, "properties": {"name": "", "highway": "living_street"}}, {"type": "Feature", "geometry": {"type": "LineString", "coordinates": [[-70.37136, -23.60075], [-70.37148, -23.60146]]}, "properties": {"name": "", "highway": "living_street"}}, {"type": "Feature", "geometry": {"type": "LineString", "coordinates": [[-70.37124, -23.60135], [-70.37056, -23.60135], [-70.37004, -23.60048], [-70.37005, -23.59997]]}, "properties": {"name": "", "highway": "living_street"}}, {"type": "Feature", "geometry": {"type": "LineString", "coordinates": [[-70.37076, -23.6014], [-70.37083, -23.60181]]}, "properties": {"name": "", "highway": "living_street"}}, {"type": "Feature", "geometry": {"type": "LineString", "coordinates": [[-70.37087, -23.60261], [-70.37086, -23.60208]]}, "properties": {"name": "", "highway": "living_street"}}, {"type": "Feature", "geometry": {"type": "LineString", "coordinates": [[-70.37119, -23.60196], [-70.37097, -23.60249], [-70.37146, -23.60237]]}, "properties": {"name": "", "highway": "living_street"}}, {"type": "Feature", "geometry": {"type": "LineString", "coordinates": [[-70.37093, -23.6027], [-70.37146, -23.60287]]}, "properties": {"name": "", "highway": "living_street"}}, {"type": "Feature", "geometry": {"type": "LineString", "coordinates": [[-70.37143, -23.60372], [-70.37151, -23.60414]]}, "properties": {"name": "", "highway": "living_street"}}, {"type": "Feature", "geometry": {"type": "LineString", "coordinates": [[-70.37083, -23.60141], [-70.37061, -23.60054]]}, "properties": {"name": "", "highway": "living_street"}}, {"type": "Feature", "geometry": {"type": "LineString", "coordinates": [[-70.3705, -23.60128], [-70.3702, -23.60126], [-70.36994, -23.60062]]}, "properties": {"name": "Calle Santa Cruz de la Sierra", "highway": "living_street"}}, {"type": "Feature", "geometry": {"type": "LineString", "coordinates": [[-70.37428, -23.60009], [-70.37274, -23.60023]]}, "properties": {"name": "Eduardo Barrios", "highway": "residential"}}, {"type": "Feature", "geometry": {"type": "LineString", "coordinates": [[-70.37228, -23.59944], [-70.37157, -23.59954]]}, "properties": {"name": "Juvenal Morla", "highway": "residential"}}, {"type": "Feature", "geometry": {"type": "LineString", "coordinates": [[-70.3721, -23.60027], [-70.37205, -23.59976]]}, "properties": {"name": "La Paz", "highway": "living_street"}}, {"type": "Feature", "geometry": {"type": "LineString", "coordinates": [[-70.37207, -23.59994], [-70.37175, -23.59997]]}, "properties": {"name": "", "highway": "living_street"}}, {"type": "Feature", "geometry": {"type": "LineString", "coordinates": [[-70.3715, -23.60002], [-70.37131, -23.59923], [-70.37141, -23.59892]]}, "properties": {"name": "Edwin Hurtado Gómez", "highway": "living_street"}}, {"type": "Feature", "geometry": {"type": "LineString", "coordinates": [[-70.37149, -23.59984], [-70.37061, -23.59981]]}, "properties": {"name": "Juvenal Morla", "highway": "living_street"}}, {"type": "Feature", "geometry": {"type": "LineString", "coordinates": [[-70.37113, -23.5987], [-70.37096, -23.59922], [-70.37108, -23.60026]]}, "properties": {"name": "Costa Rica", "highway": "living_street"}}, {"type": "Feature", "geometry": {"type": "LineString", "coordinates": [[-70.3707, -23.59828], [-70.37045, -23.59891], [-70.37083, -23.60041]]}, "properties": {"name": "Mocha", "highway": "living_street"}}, {"type": "Feature", "geometry": {"type": "LineString", "coordinates": [[-70.37072, -23.60002], [-70.37, -23.59994], [-70.36995, -23.59937]]}, "properties": {"name": "", "highway": "living_street"}}, {"type": "Feature", "geometry": {"type": "LineString", "coordinates": [[-70.37143, -23.6003], [-70.37117, -23.60027]]}, "properties": {"name": "", "highway": "living_street"}}, {"type": "Feature", "geometry": {"type": "LineString", "coordinates": [[-70.3714, -23.60044], [-70.37112, -23.6004], [-70.371, -23.60072]]}, "properties": {"name": "", "highway": "living_street"}}, {"type": "Feature", "geometry": {"type": "LineString", "coordinates": [[-70.37051, -23.60007], [-70.37051, -23.6004]]}, "properties": {"name": "", "highway": "living_street"}}, {"type": "Feature", "geometry": {"type": "LineString", "coordinates": [[-70.37026, -23.60002], [-70.3703, -23.60043]]}, "properties": {"name": "", "highway": "living_street"}}, {"type": "Feature", "geometry": {"type": "LineString", "coordinates": [[-70.37058, -23.59971], [-70.37003, -23.59969]]}, "properties": {"name": "", "highway": "living_street"}}, {"type": "Feature", "geometry": {"type": "LineString", "coordinates": [[-70.37025, -23.59989], [-70.37024, -23.59957]]}, "properties": {"name": "", "highway": "living_street"}}, {"type": "Feature", "geometry": {"type": "LineString", "coordinates": [[-70.37051, -23.5991], [-70.37034, -23.59954]]}, "properties": {"name": "", "highway": "living_street"}}, {"type": "Feature", "geometry": {"type": "LineString", "coordinates": [[-70.37057, -23.59948], [-70.37005, -23.59963]]}, "properties": {"name": "", "highway": "living_street"}}, {"type": "Feature", "geometry": {"type": "LineString", "coordinates": [[-70.37017, -23.59957], [-70.37013, -23.59935]]}, "properties": {"name": "", "highway": "living_street"}}, {"type": "Feature", "geometry": {"type": "LineString", "coordinates": [[-70.37067, -23.59895], [-70.37057, -23.59825]]}, "properties": {"name": "Miramar", "highway": "living_street"}}, {"type": "Feature", "geometry": {"type": "LineString", "coordinates": [[-70.37067, -23.59895], [-70.3709, -23.59877], [-70.37101, -23.59819]]}, "properties": {"name": "Bellavista", "highway": "living_street"}}, {"type": "Feature", "geometry": {"type": "LineString", "coordinates": [[-70.37159, -23.59931], [-70.37194, -23.59928], [-70.37192, -23.59903]]}, "properties": {"name": "Sucre", "highway": "living_street"}}, {"type": "Feature", "geometry": {"type": "LineString", "coordinates": [[-70.37051, -23.59835], [-70.37028, -23.59826]]}, "properties": {"name": "", "highway": "living_street"}}, {"type": "Feature", "geometry": {"type": "LineString", "coordinates": [[-70.37151, -23.59749], [-70.3716, -23.59783]]}, "properties": {"name": "", "highway": "living_street"}}, {"type": "Feature", "geometry": {"type": "LineString", "coordinates": [[-70.37369, -23.59683], [-70.37224, -23.5969]]}, "properties": {"name": "Mateo de Toro y Zambrano", "highway": "residential"}}, {"type": "Feature", "geometry": {"type": "LineString", "coordinates": [[-70.37214, -23.59691], [-70.3719, -23.59552]]}, "properties": {"name": "Las Américas", "highway": "living_street"}}, {"type": "Feature", "geometry": {"type": "LineString", "coordinates": [[-70.37134, -23.59443], [-70.37135, -23.59494]]}, "properties": {"name": "Mujeres Unidas", "highway": "living_street"}}, {"type": "Feature", "geometry": {"type": "LineString", "coordinates": [[-70.39129, -23.60691], [-70.39133, -23.6075]]}, "properties": {"name": "Lautaro Espíndola", "highway": "residential"}}, {"type": "Feature", "geometry": {"type": "LineString", "coordinates": [[-70.38267, -23.61009], [-70.38212, -23.6109]]}, "properties": {"name": "Las Delicias", "highway": "living_street"}}, {"type": "Feature", "geometry": {"type": "LineString", "coordinates": [[-70.38144, -23.60381], [-70.38135, -23.60471]]}, "properties": {"name": "Puente", "highway": "residential"}}, {"type": "Feature", "geometry": {"type": "LineString", "coordinates": [[-70.3794, -23.60467], [-70.37946, -23.60416]]}, "properties": {"name": "General Óscar Bonilla", "highway": "residential"}}, {"type": "Feature", "geometry": {"type": "LineString", "coordinates": [[-70.3752, -23.61431], [-70.37622, -23.61353], [-70.37693, -23.61229], [-70.37654, -23.60929], [-70.3752, -23.60769]]}, "properties": {"name": "", "highway": "residential"}}, {"type": "Feature", "geometry": {"type": "LineString", "coordinates": [[-70.37784, -23.60935], [-70.37756, -23.60975]]}, "properties": {"name": "", "highway": "residential"}}, {"type": "Feature", "geometry": {"type": "LineString", "coordinates": [[-70.37677, -23.60926], [-70.37731, -23.60919]]}, "properties": {"name": "Peatonal Tres", "highway": "living_street"}}, {"type": "Feature", "geometry": {"type": "LineString", "coordinates": [[-70.37306, -23.60561], [-70.37307, -23.60633]]}, "properties": {"name": "Pasaje Huantajaya", "highway": "living_street"}}, {"type": "Feature", "geometry": {"type": "LineString", "coordinates": [[-70.37173, -23.60413], [-70.37134, -23.60474], [-70.37161, -23.60574], [-70.37157, -23.60642], [-70.37336, -23.60886], [-70.3737, -23.60976]]}, "properties": {"name": "", "highway": "unclassified"}}, {"type": "Feature", "geometry": {"type": "LineString", "coordinates": [[-70.37223, -23.60513], [-70.37198, -23.60525], [-70.37153, -23.6045]]}, "properties": {"name": "", "highway": "living_street"}}, {"type": "Feature", "geometry": {"type": "LineString", "coordinates": [[-70.37272, -23.60467], [-70.37282, -23.60502]]}, "properties": {"name": "Calle Huantajaya", "highway": "living_street"}}, {"type": "Feature", "geometry": {"type": "LineString", "coordinates": [[-70.37608, -23.60507], [-70.37556, -23.60507]]}, "properties": {"name": "San Diego", "highway": "living_street"}}, {"type": "Feature", "geometry": {"type": "LineString", "coordinates": [[-70.3779, -23.60634], [-70.37798, -23.60404]]}, "properties": {"name": "Avenida Los Leones", "highway": "living_street"}}, {"type": "Feature", "geometry": {"type": "LineString", "coordinates": [[-70.37843, -23.61468], [-70.37791, -23.61497]]}, "properties": {"name": "Yerbas Buenas", "highway": "residential"}}, {"type": "Feature", "geometry": {"type": "LineString", "coordinates": [[-70.37996, -23.61168], [-70.38032, -23.61185]]}, "properties": {"name": "20 de Agosto", "highway": "residential"}}, {"type": "Feature", "geometry": {"type": "LineString", "coordinates": [[-70.37283, -23.61885], [-70.37213, -23.61933]]}, "properties": {"name": "Independencia", "highway": "living_street"}}, {"type": "Feature", "geometry": {"type": "LineString", "coordinates": [[-70.37199, -23.61709], [-70.37166, -23.61751], [-70.37169, -23.61821]]}, "properties": {"name": "Alerce", "highway": "residential"}}, {"type": "Feature", "geometry": {"type": "LineString", "coordinates": [[-70.37137, -23.61776], [-70.37145, -23.61866]]}, "properties": {"name": "Viento Libre", "highway": "residential"}}, {"type": "Feature", "geometry": {"type": "LineString", "coordinates": [[-70.37092, -23.6178], [-70.37123, -23.61863]]}, "properties": {"name": "Leones", "highway": "residential"}}, {"type": "Feature", "geometry": {"type": "LineString", "coordinates": [[-70.37101, -23.61741], [-70.3715, -23.61749]]}, "properties": {"name": "Sagasca", "highway": "residential"}}, {"type": "Feature", "geometry": {"type": "LineString", "coordinates": [[-70.37634, -23.62526], [-70.37592, -23.62508]]}, "properties": {"name": "Pasaje Peñaflor", "highway": "living_street"}}, {"type": "Feature", "geometry": {"type": "LineString", "coordinates": [[-70.37746, -23.6283], [-70.37779, -23.62879]]}, "properties": {"name": "Pasaje Alberto Hurtado", "highway": "living_street"}}, {"type": "Feature", "geometry": {"type": "LineString", "coordinates": [[-70.39544, -23.63972], [-70.39548, -23.63915]]}, "properties": {"name": "Los Libertadores", "highway": "living_street"}}, {"type": "Feature", "geometry": {"type": "LineString", "coordinates": [[-70.39602, -23.64126], [-70.396, -23.6418]]}, "properties": {"name": "Los Libertadores", "highway": "living_street"}}, {"type": "Feature", "geometry": {"type": "LineString", "coordinates": [[-70.39464, -23.63831], [-70.39525, -23.63833]]}, "properties": {"name": "Pasaje Zenteno", "highway": "living_street"}}, {"type": "Feature", "geometry": {"type": "LineString", "coordinates": [[-70.39623, -23.66277], [-70.39581, -23.66176], [-70.39594, -23.66104]]}, "properties": {"name": "Los Copiuhes", "highway": "living_street"}}, {"type": "Feature", "geometry": {"type": "LineString", "coordinates": [[-70.39585, -23.66153], [-70.39644, -23.66135]]}, "properties": {"name": "Pasaje Los Claveles", "highway": "living_street"}}, {"type": "Feature", "geometry": {"type": "LineString", "coordinates": [[-70.39599, -23.66217], [-70.39528, -23.66239]]}, "properties": {"name": "Pasaje Las Gardenias", "highway": "living_street"}}, {"type": "Feature", "geometry": {"type": "LineString", "coordinates": [[-70.3984, -23.66883], [-70.3989, -23.6696]]}, "properties": {"name": "Manuel Rodríguez", "highway": "residential"}}, {"type": "Feature", "geometry": {"type": "LineString", "coordinates": [[-70.37958, -23.63076], [-70.37956, -23.6312]]}, "properties": {"name": "Río Pilcomayo", "highway": "residential"}}, {"type": "Feature", "geometry": {"type": "LineString", "coordinates": [[-70.37918, -23.63074], [-70.37915, -23.63111]]}, "properties": {"name": "Río Paraná", "highway": "residential"}}, {"type": "Feature", "geometry": {"type": "LineString", "coordinates": [[-70.37546, -23.63036], [-70.37506, -23.63023]]}, "properties": {"name": "Rómulo Peña Maturana", "highway": "living_street"}}, {"type": "Feature", "geometry": {"type": "LineString", "coordinates": [[-70.37586, -23.63066], [-70.37625, -23.63074]]}, "properties": {"name": "Rómulo Peña Maturana", "highway": "living_street"}}, {"type": "Feature", "geometry": {"type": "LineString", "coordinates": [[-70.37672, -23.63069], [-70.37741, -23.63071]]}, "properties": {"name": "El Chaco", "highway": "living_street"}}, {"type": "Feature", "geometry": {"type": "LineString", "coordinates": [[-70.37695, -23.63069], [-70.37694, -23.63141], [-70.37738, -23.63165]]}, "properties": {"name": "", "highway": "living_street"}}, {"type": "Feature", "geometry": {"type": "LineString", "coordinates": [[-70.38443, -23.6331], [-70.38472, -23.63312]]}, "properties": {"name": "Venezuela", "highway": "residential"}}, {"type": "Feature", "geometry": {"type": "LineString", "coordinates": [[-70.38432, -23.6342], [-70.38409, -23.63403], [-70.38403, -23.63422]]}, "properties": {"name": "Quito", "highway": "residential"}}, {"type": "Feature", "geometry": {"type": "LineString", "coordinates": [[-70.38617, -23.63481], [-70.38619, -23.63431]]}, "properties": {"name": "Río de Janeiro", "highway": "living_street"}}, {"type": "Feature", "geometry": {"type": "LineString", "coordinates": [[-70.38784, -23.63494], [-70.389, -23.635]]}, "properties": {"name": "", "highway": "living_street"}}, {"type": "Feature", "geometry": {"type": "LineString", "coordinates": [[-70.38128, -23.63664], [-70.3808, -23.63676]]}, "properties": {"name": "Padre Alberto Hurtado", "highway": "unclassified"}}, {"type": "Feature", "geometry": {"type": "LineString", "coordinates": [[-70.38088, -23.63695], [-70.38003, -23.63512]]}, "properties": {"name": "Padre Alberto Hurtado", "highway": "unclassified"}}, {"type": "Feature", "geometry": {"type": "LineString", "coordinates": [[-70.38064, -23.63705], [-70.3812, -23.63858]]}, "properties": {"name": "Moisés", "highway": "unclassified"}}, {"type": "Feature", "geometry": {"type": "LineString", "coordinates": [[-70.3815, -23.63858], [-70.38086, -23.63864]]}, "properties": {"name": "Genesis", "highway": "unclassified"}}, {"type": "Feature", "geometry": {"type": "LineString", "coordinates": [[-70.38106, -23.63861], [-70.38029, -23.63664]]}, "properties": {"name": "Belén", "highway": "unclassified"}}, {"type": "Feature", "geometry": {"type": "LineString", "coordinates": [[-70.38656, -23.63723], [-70.38568, -23.63717]]}, "properties": {"name": "Pasaje Germán Riesco", "highway": "living_street"}}, {"type": "Feature", "geometry": {"type": "LineString", "coordinates": [[-70.38611, -23.63696], [-70.3861, -23.6372]]}, "properties": {"name": "Pasaje Federico Errázuriz", "highway": "living_street"}}, {"type": "Feature", "geometry": {"type": "LineString", "coordinates": [[-70.38571, -23.6369], [-70.38564, -23.63765]]}, "properties": {"name": "Pasaje Juan Luis Sanfuentes", "highway": "residential"}}, {"type": "Feature", "geometry": {"type": "LineString", "coordinates": [[-70.38801, -23.63768], [-70.38799, -23.63839]]}, "properties": {"name": "Pasaje Zenteno", "highway": "living_street"}}, {"type": "Feature", "geometry": {"type": "LineString", "coordinates": [[-70.38482, -23.6375], [-70.38488, -23.63802]]}, "properties": {"name": "Santa Fé", "highway": "living_street"}}, {"type": "Feature", "geometry": {"type": "LineString", "coordinates": [[-70.38532, -23.64113], [-70.38526, -23.64053]]}, "properties": {"name": "", "highway": "living_street"}}, {"type": "Feature", "geometry": {"type": "LineString", "coordinates": [[-70.38626, -23.64431], [-70.38659, -23.64435]]}, "properties": {"name": "Carlos de la Fuente", "highway": "living_street"}}, {"type": "Feature", "geometry": {"type": "LineString", "coordinates": [[-70.38267, -23.64974], [-70.38289, -23.65044], [-70.38276, -23.65047]]}, "properties": {"name": "Aurora Boreal", "highway": "living_street"}}, {"type": "Feature", "geometry": {"type": "LineString", "coordinates": [[-70.38289, -23.65125], [-70.38276, -23.65065]]}, "properties": {"name": "La Montaña", "highway": "living_street"}}, {"type": "Feature", "geometry": {"type": "LineString", "coordinates": [[-70.38483, -23.65023], [-70.38548, -23.65001]]}, "properties": {"name": "Panamá", "highway": "residential"}}, {"type": "Feature", "geometry": {"type": "LineString", "coordinates": [[-70.38405, -23.65234], [-70.38367, -23.65237], [-70.38373, -23.65279]]}, "properties": {"name": "", "highway": "unclassified"}}, {"type": "Feature", "geometry": {"type": "LineString", "coordinates": [[-70.38521, -23.65212], [-70.38536, -23.65175]]}, "properties": {"name": "Alfonso Meléndez", "highway": "residential"}}, {"type": "Feature", "geometry": {"type": "LineString", "coordinates": [[-70.39776, -23.66711], [-70.39757, -23.66678]]}, "properties": {"name": "Veracruz", "highway": "living_street"}}, {"type": "Feature", "geometry": {"type": "LineString", "coordinates": [[-70.40934, -23.68421], [-70.40933, -23.68285], [-70.40883, -23.68225]]}, "properties": {"name": "Avenida Argentina", "highway": "residential"}}, {"type": "Feature", "geometry": {"type": "LineString", "coordinates": [[-70.41368, -23.69479], [-70.4128, -23.69487]]}, "properties": {"name": "Santa Rita", "highway": "residential"}}, {"type": "Feature", "geometry": {"type": "LineString", "coordinates": [[-70.4118, -23.69694], [-70.41099, -23.69697]]}, "properties": {"name": "Santa Mercedes", "highway": "residential"}}, {"type": "Feature", "geometry": {"type": "LineString", "coordinates": [[-70.38895, -23.66877], [-70.38871, -23.66879]]}, "properties": {"name": "", "highway": "residential"}}, {"type": "Feature", "geometry": {"type": "LineString", "coordinates": [[-70.38887, -23.66824], [-70.38867, -23.66824]]}, "properties": {"name": "", "highway": "residential"}}, {"type": "Feature", "geometry": {"type": "LineString", "coordinates": [[-70.38891, -23.66186], [-70.38815, -23.66159]]}, "properties": {"name": "Pasaje Hernán Mery", "highway": "residential"}}, {"type": "Feature", "geometry": {"type": "LineString", "coordinates": [[-70.39118, -23.66964], [-70.39155, -23.66954]]}, "properties": {"name": "", "highway": "residential"}}, {"type": "Feature", "geometry": {"type": "LineString", "coordinates": [[-70.39159, -23.66961], [-70.39162, -23.66973]]}, "properties": {"name": "Vista al Mar", "highway": "residential"}}, {"type": "Feature", "geometry": {"type": "LineString", "coordinates": [[-70.39012, -23.6696], [-70.39024, -23.67014]]}, "properties": {"name": "", "highway": "residential"}}, {"type": "Feature", "geometry": {"type": "LineString", "coordinates": [[-70.39124, -23.66981], [-70.38928, -23.67012], [-70.38774, -23.67011]]}, "properties": {"name": "Calle 20 de Julio", "highway": "residential"}}, {"type": "Feature", "geometry": {"type": "LineString", "coordinates": [[-70.39475, -23.6704], [-70.39452, -23.67009], [-70.39473, -23.66995]]}, "properties": {"name": "", "highway": "living_street"}}, {"type": "Feature", "geometry": {"type": "LineString", "coordinates": [[-70.39683, -23.6702], [-70.39649, -23.67038], [-70.39659, -23.67057]]}, "properties": {"name": "", "highway": "living_street"}}, {"type": "Feature", "geometry": {"type": "LineString", "coordinates": [[-70.4092, -23.69179], [-70.40916, -23.69179]]}, "properties": {"name": "", "highway": "living_street"}}, {"type": "Feature", "geometry": {"type": "LineString", "coordinates": [[-70.40572, -23.68626], [-70.40549, -23.68588]]}, "properties": {"name": "Condominio Rahue", "highway": "living_street"}}, {"type": "Feature", "geometry": {"type": "LineString", "coordinates": [[-70.42887, -23.71041], [-70.42871, -23.71004]]}, "properties": {"name": "Pasaje Subida del Sur", "highway": "living_street"}}, {"type": "Feature", "geometry": {"type": "LineString", "coordinates": [[-70.42839, -23.71058], [-70.42825, -23.71022]]}, "properties": {"name": "Pasaje Subida del Sur", "highway": "living_street"}}, {"type": "Feature", "geometry": {"type": "LineString", "coordinates": [[-70.4292, -23.7129], [-70.42849, -23.71319]]}, "properties": {"name": "", "highway": "residential"}}, {"type": "Feature", "geometry": {"type": "LineString", "coordinates": [[-70.42865, -23.71311], [-70.42834, -23.71245]]}, "properties": {"name": "", "highway": "residential"}}, {"type": "Feature", "geometry": {"type": "LineString", "coordinates": [[-70.42838, -23.71297], [-70.42873, -23.71347]]}, "properties": {"name": "", "highway": "residential"}}, {"type": "Feature", "geometry": {"type": "LineString", "coordinates": [[-70.42887, -23.71224], [-70.42901, -23.71218]]}, "properties": {"name": "", "highway": "residential"}}, {"type": "Feature", "geometry": {"type": "LineString", "coordinates": [[-70.4285, -23.71239], [-70.42802, -23.71246]]}, "properties": {"name": "", "highway": "residential"}}, {"type": "Feature", "geometry": {"type": "LineString", "coordinates": [[-70.42919, -23.71297], [-70.42949, -23.71338]]}, "properties": {"name": "", "highway": "residential"}}, {"type": "Feature", "geometry": {"type": "LineString", "coordinates": [[-70.40996, -23.67846], [-70.40939, -23.67862]]}, "properties": {"name": "", "highway": "unclassified"}}, {"type": "Feature", "geometry": {"type": "LineString", "coordinates": [[-70.37741, -23.58015], [-70.37738, -23.58041]]}, "properties": {"name": "Pasaje Daniel Navarro Vega", "highway": "living_street"}}, {"type": "Feature", "geometry": {"type": "LineString", "coordinates": [[-70.38909, -23.6334], [-70.385, -23.63314]]}, "properties": {"name": "Venezuela", "highway": "residential"}}, {"type": "Feature", "geometry": {"type": "LineString", "coordinates": [[-70.37768, -23.60784], [-70.37792, -23.60785]]}, "properties": {"name": "Las Condes", "highway": "residential"}}, {"type": "Feature", "geometry": {"type": "LineString", "coordinates": [[-70.37768, -23.60784], [-70.3782, -23.61006], [-70.37813, -23.61291], [-70.37765, -23.61363], [-70.37769, -23.6143]]}, "properties": {"name": "Avenida Los Leones", "highway": "secondary"}}, {"type": "Feature", "geometry": {"type": "LineString", "coordinates": [[-70.37792, -23.60785], [-70.3779, -23.60634]]}, "properties": {"name": "Oriental", "highway": "residential"}}, {"type": "Feature", "geometry": {"type": "LineString", "coordinates": [[-70.37792, -23.60785], [-70.37929, -23.60796]]}, "properties": {"name": "Las Condes", "highway": "residential"}}, {"type": "Feature", "geometry": {"type": "LineString", "coordinates": [[-70.37582, -23.62394], [-70.37578, -23.62484], [-70.37615, -23.62637], [-70.37716, -23.62853]]}, "properties": {"name": "General Óscar Bonilla", "highway": "secondary"}}, {"type": "Feature", "geometry": {"type": "LineString", "coordinates": [[-70.37582, -23.62394], [-70.37738, -23.62289], [-70.37955, -23.62187]]}, "properties": {"name": "Huasco", "highway": "residential"}}, {"type": "Feature", "geometry": {"type": "LineString", "coordinates": [[-70.37618, -23.62407], [-70.3762, -23.62371]]}, "properties": {"name": "Bonilla", "highway": "residential"}}, {"type": "Feature", "geometry": {"type": "LineString", "coordinates": [[-70.37698, -23.62377], [-70.37609, -23.62572]]}, "properties": {"name": "Edecán Arturo Araya", "highway": "residential"}}, {"type": "Feature", "geometry": {"type": "LineString", "coordinates": [[-70.39206, -23.58818], [-70.39153, -23.58674], [-70.39173, -23.58406]]}, "properties": {"name": "Los Aromos", "highway": "residential"}}, {"type": "Feature", "geometry": {"type": "LineString", "coordinates": [[-70.39284, -23.59056], [-70.39206, -23.58818]]}, "properties": {"name": "Los Aromos", "highway": "living_street"}}, {"type": "Feature", "geometry": {"type": "LineString", "coordinates": [[-70.35941, -23.73299], [-70.3621, -23.7287], [-70.36282, -23.72809], [-70.36503, -23.72691], [-70.36755, -23.72338], [-70.36898, -23.72201], [-70.37259, -23.7199], [-70.37395, -23.71963], [-70.3771, -23.71958], [-70.37809, -23.71909], [-70.37853, -23.71834], [-70.37854, -23.71617], [-70.37895, -23.71528], [-70.38383, -23.71114]]}, "properties": {"name": "Ruta 28", "highway": "trunk"}}, {"type": "Feature", "geometry": {"type": "LineString", "coordinates": [[-70.3924, -23.70253], [-70.39279, -23.70193], [-70.39343, -23.70174]]}, "properties": {"name": "Ruta 28", "highway": "trunk"}}, {"type": "Feature", "geometry": {"type": "LineString", "coordinates": [[-70.42156, -23.69616], [-70.4216, -23.69586]]}, "properties": {"name": "Avenida Ejército", "highway": "trunk"}}, {"type": "Feature", "geometry": {"type": "LineString", "coordinates": [[-70.40643, -23.67176], [-70.40643, -23.67184]]}, "properties": {"name": "Avenida Angamos", "highway": "secondary"}}, {"type": "Feature", "geometry": {"type": "LineString", "coordinates": [[-70.41316, -23.68422], [-70.41358, -23.68501], [-70.41489, -23.68914], [-70.41501, -23.69037], [-70.4159, -23.6931], [-70.41605, -23.69415], [-70.4165, -23.69478]]}, "properties": {"name": "Avenida Angamos", "highway": "secondary"}}, {"type": "Feature", "geometry": {"type": "LineString", "coordinates": [[-70.40643, -23.67184], [-70.40637, -23.67178]]}, "properties": {"name": "Avenida Angamos", "highway": "secondary"}}, {"type": "Feature", "geometry": {"type": "LineString", "coordinates": [[-70.37394, -23.57889], [-70.3737, -23.57962]]}, "properties": {"name": "Los Pumas", "highway": "living_street"}}, {"type": "Feature", "geometry": {"type": "LineString", "coordinates": [[-70.38888, -23.64626], [-70.38843, -23.64622], [-70.38888, -23.64666]]}, "properties": {"name": "Avenida Andrés Sabella Gálvez", "highway": "residential"}}, {"type": "Feature", "geometry": {"type": "LineString", "coordinates": [[-70.38607, -23.71002], [-70.38553, -23.70883], [-70.38646, -23.70936], [-70.38704, -23.70899], [-70.38752, -23.70836], [-70.3881, -23.70732], [-70.38793, -23.70667], [-70.38808, -23.70537], [-70.3887, -23.70348], [-70.39041, -23.70166], [-70.39034, -23.70125], [-70.38946, -23.70061], [-70.38874, -23.69912], [-70.38937, -23.69813], [-70.39049, -23.69709], [-70.39039, -23.69611]]}, "properties": {"name": "", "highway": "unclassified"}}, {"type": "Feature", "geometry": {"type": "LineString", "coordinates": [[-70.37502, -23.69135], [-70.37468, -23.69142], [-70.37334, -23.6908], [-70.37156, -23.69074], [-70.37021, -23.69156], [-70.36846, -23.6933], [-70.36452, -23.69555], [-70.36288, -23.69598], [-70.36258, -23.69569], [-70.36262, -23.69373], [-70.36239, -23.69234], [-70.36297, -23.69145], [-70.36356, -23.69101], [-70.36376, -23.69023], [-70.36427, -23.68947], [-70.36442, -23.68858], [-70.35516, -23.6908]]}, "properties": {"name": "", "highway": "unclassified"}}, {"type": "Feature", "geometry": {"type": "LineString", "coordinates": [[-70.41007, -23.69324], [-70.4102, -23.69328]]}, "properties": {"name": "Santa Elena", "highway": "tertiary"}}, {"type": "Feature", "geometry": {"type": "LineString", "coordinates": [[-70.40969, -23.69502], [-70.40962, -23.69419]]}, "properties": {"name": "Reumen", "highway": "living_street"}}, {"type": "Feature", "geometry": {"type": "LineString", "coordinates": [[-70.41018, -23.69499], [-70.40903, -23.69509]]}, "properties": {"name": "Santa Margarita", "highway": "tertiary"}}, {"type": "Feature", "geometry": {"type": "LineString", "coordinates": [[-70.41025, -23.69592], [-70.41005, -23.69244]]}, "properties": {"name": "Avenida Argentina", "highway": "primary"}}, {"type": "Feature", "geometry": {"type": "LineString", "coordinates": [[-70.41037, -23.69592], [-70.41053, -23.6967], [-70.41114, -23.6974]]}, "properties": {"name": "Avenida Argentina", "highway": "primary"}}, {"type": "Feature", "geometry": {"type": "LineString", "coordinates": [[-70.41005, -23.69118], [-70.40984, -23.68573]]}, "properties": {"name": "Avenida Argentina", "highway": "primary"}}, {"type": "Feature", "geometry": {"type": "LineString", "coordinates": [[-70.41017, -23.69118], [-70.41037, -23.69592]]}, "properties": {"name": "Avenida Argentina", "highway": "primary"}}, {"type": "Feature", "geometry": {"type": "LineString", "coordinates": [[-70.41005, -23.69244], [-70.41005, -23.69118]]}, "properties": {"name": "Avenida Argentina", "highway": "primary"}}, {"type": "Feature", "geometry": {"type": "LineString", "coordinates": [[-70.37782, -23.61095], [-70.37704, -23.61054]]}, "properties": {"name": "Isabel Riquelme", "highway": "living_street"}}, {"type": "Feature", "geometry": {"type": "LineString", "coordinates": [[-70.37661, -23.59529], [-70.37698, -23.59527]]}, "properties": {"name": "Eduardo Vigil", "highway": "living_street"}}, {"type": "Feature", "geometry": {"type": "LineString", "coordinates": [[-70.40545, -23.68689], [-70.40583, -23.68655]]}, "properties": {"name": "Pasaje Iluca", "highway": "living_street"}}, {"type": "Feature", "geometry": {"type": "LineString", "coordinates": [[-70.40581, -23.68652], [-70.40583, -23.68655]]}, "properties": {"name": "Fidelia Valdes", "highway": "living_street"}}, {"type": "Feature", "geometry": {"type": "LineString", "coordinates": [[-70.39092, -23.62192], [-70.39092, -23.62178]]}, "properties": {"name": "Iquique", "highway": "tertiary"}}, {"type": "Feature", "geometry": {"type": "LineString", "coordinates": [[-70.38366, -23.63735], [-70.38317, -23.63636]]}, "properties": {"name": "Navarino", "highway": "unclassified"}}, {"type": "Feature", "geometry": {"type": "LineString", "coordinates": [[-70.39005, -23.62162], [-70.38999, -23.62137]]}, "properties": {"name": "Avenida Pedro Aguirre Cerda", "highway": "tertiary"}}, {"type": "Feature", "geometry": {"type": "LineString", "coordinates": [[-70.39007, -23.62171], [-70.38974, -23.62176]]}, "properties": {"name": "Pisagua", "highway": "secondary"}}, {"type": "Feature", "geometry": {"type": "LineString", "coordinates": [[-70.39042, -23.62171], [-70.39015, -23.6217]]}, "properties": {"name": "", "highway": "secondary"}}, {"type": "Feature", "geometry": {"type": "LineString", "coordinates": [[-70.39005, -23.62162], [-70.39012, -23.62159]]}, "properties": {"name": "Pisagua", "highway": "secondary"}}, {"type": "Feature", "geometry": {"type": "LineString", "coordinates": [[-70.39003, -23.62122], [-70.39011, -23.62155]]}, "properties": {"name": "Avenida Pedro Aguirre Cerda", "highway": "tertiary"}}, {"type": "Feature", "geometry": {"type": "LineString", "coordinates": [[-70.37357, -23.62872], [-70.37367, -23.6294]]}, "properties": {"name": "Guillermo Serey", "highway": "tertiary"}}, {"type": "Feature", "geometry": {"type": "LineString", "coordinates": [[-70.37463, -23.62521], [-70.37459, -23.62545]]}, "properties": {"name": "Guillermo Serey", "highway": "residential"}}, {"type": "Feature", "geometry": {"type": "LineString", "coordinates": [[-70.37669, -23.60918], [-70.37714, -23.60956]]}, "properties": {"name": "Portugal", "highway": "residential"}}, {"type": "Feature", "geometry": {"type": "LineString", "coordinates": [[-70.37906, -23.61108], [-70.37897, -23.611]]}, "properties": {"name": "General Óscar Bonilla", "highway": "tertiary"}}, {"type": "Feature", "geometry": {"type": "LineString", "coordinates": [[-70.39079, -23.57706], [-70.39083, -23.57664]]}, "properties": {"name": "Avenida Pedro Aguirre Cerda", "highway": "tertiary"}}, {"type": "Feature", "geometry": {"type": "LineString", "coordinates": [[-70.39498, -23.6703], [-70.39661, -23.66989]]}, "properties": {"name": "José Manuel Borgoño", "highway": "unclassified"}}, {"type": "Feature", "geometry": {"type": "LineString", "coordinates": [[-70.40534, -23.66593], [-70.40531, -23.66607]]}, "properties": {"name": "General José Manuel Borgoño", "highway": "residential"}}, {"type": "Feature", "geometry": {"type": "LineString", "coordinates": [[-70.39707, -23.59321], [-70.39687, -23.59244]]}, "properties": {"name": "Nicolás Tirado", "highway": "secondary"}}, {"type": "Feature", "geometry": {"type": "LineString", "coordinates": [[-70.39257, -23.57839], [-70.39325, -23.57742]]}, "properties": {"name": "Avenida Edmundo Pérez Zujovic", "highway": "tertiary"}}, {"type": "Feature", "geometry": {"type": "LineString", "coordinates": [[-70.40713, -23.67979], [-70.40661, -23.67934]]}, "properties": {"name": "Carlos Pezoa Véliz", "highway": "residential"}}, {"type": "Feature", "geometry": {"type": "LineString", "coordinates": [[-70.39507, -23.66507], [-70.39491, -23.66529]]}, "properties": {"name": "Díaz Gana", "highway": "tertiary"}}, {"type": "Feature", "geometry": {"type": "LineString", "coordinates": [[-70.38537, -23.65169], [-70.38592, -23.65125]]}, "properties": {"name": "Covadonga", "highway": "residential"}}, {"type": "Feature", "geometry": {"type": "LineString", "coordinates": [[-70.40485, -23.68724], [-70.40486, -23.68687]]}, "properties": {"name": "Condominio Rahue", "highway": "living_street"}}, {"type": "Feature", "geometry": {"type": "LineString", "coordinates": [[-70.40486, -23.68599], [-70.40486, -23.68687]]}, "properties": {"name": "Condominio Rahue", "highway": "living_street"}}, {"type": "Feature", "geometry": {"type": "LineString", "coordinates": [[-70.43341, -23.71438], [-70.43328, -23.7144], [-70.43279, -23.71324]]}, "properties": {"name": "Avenida Jaime Guzmán Errázuriz", "highway": "residential"}}, {"type": "Feature", "geometry": {"type": "LineString", "coordinates": [[-70.40603, -23.67838], [-70.40564, -23.67744]]}, "properties": {"name": "Carlos Pezoa Véliz", "highway": "residential"}}, {"type": "Feature", "geometry": {"type": "LineString", "coordinates": [[-70.41019, -23.69307], [-70.41007, -23.69302]]}, "properties": {"name": "Santa Elena", "highway": "residential"}}, {"type": "Feature", "geometry": {"type": "LineString", "coordinates": [[-70.4094, -23.6975], [-70.40931, -23.69733]]}, "properties": {"name": "Cau Cau", "highway": "tertiary"}}, {"type": "Feature", "geometry": {"type": "LineString", "coordinates": [[-70.42438, -23.70576], [-70.42428, -23.70584]]}, "properties": {"name": "Subida del Desierto", "highway": "residential"}}, {"type": "Feature", "geometry": {"type": "LineString", "coordinates": [[-70.37516, -23.5909], [-70.37614, -23.59093]]}, "properties": {"name": "Clodomiro Rozas", "highway": "residential"}}, {"type": "Feature", "geometry": {"type": "LineString", "coordinates": [[-70.37614, -23.59093], [-70.37876, -23.59096]]}, "properties": {"name": "Clodomiro Rozas", "highway": "tertiary"}}, {"type": "Feature", "geometry": {"type": "LineString", "coordinates": [[-70.37403, -23.58384], [-70.37572, -23.5857], [-70.37582, -23.58604]]}, "properties": {"name": "Cerro Pedregal", "highway": "tertiary"}}, {"type": "Feature", "geometry": {"type": "LineString", "coordinates": [[-70.37374, -23.57725], [-70.37426, -23.57743]]}, "properties": {"name": "Padre Juan Orione Feltri", "highway": "residential"}}, {"type": "Feature", "geometry": {"type": "LineString", "coordinates": [[-70.37489, -23.59932], [-70.37228, -23.59944]]}, "properties": {"name": "Juvenal Morla", "highway": "residential"}}, {"type": "Feature", "geometry": {"type": "LineString", "coordinates": [[-70.37496, -23.6035], [-70.37507, -23.60347]]}, "properties": {"name": "Irarrázabal", "highway": "residential"}}, {"type": "Feature", "geometry": {"type": "LineString", "coordinates": [[-70.37506, -23.60355], [-70.37496, -23.6035]]}, "properties": {"name": "Irarrázabal", "highway": "residential"}}, {"type": "Feature", "geometry": {"type": "LineString", "coordinates": [[-70.37452, -23.59414], [-70.3738, -23.59435], [-70.37155, -23.59438], [-70.37041, -23.59475]]}, "properties": {"name": "Guardiamarina Arturo Fernández", "highway": "residential"}}, {"type": "Feature", "geometry": {"type": "LineString", "coordinates": [[-70.3797, -23.59647], [-70.37976, -23.59271]]}, "properties": {"name": "Nicolás González", "highway": "residential"}}, {"type": "Feature", "geometry": {"type": "LineString", "coordinates": [[-70.37971, -23.59659], [-70.3797, -23.59647]]}, "properties": {"name": "Nicolás González", "highway": "tertiary"}}, {"type": "Feature", "geometry": {"type": "LineString", "coordinates": [[-70.37339, -23.5787], [-70.37376, -23.57882]]}, "properties": {"name": "María Elena", "highway": "living_street"}}, {"type": "Feature", "geometry": {"type": "LineString", "coordinates": [[-70.38548, -23.59724], [-70.38526, -23.59723]]}, "properties": {"name": "Juan Glasinovic", "highway": "residential"}}, {"type": "Feature", "geometry": {"type": "LineString", "coordinates": [[-70.3739, -23.62754], [-70.37357, -23.62872]]}, "properties": {"name": "Guillermo Serey", "highway": "tertiary"}}, {"type": "Feature", "geometry": {"type": "LineString", "coordinates": [[-70.37538, -23.62705], [-70.37504, -23.62717]]}, "properties": {"name": "Centenario", "highway": "residential"}}, {"type": "Feature", "geometry": {"type": "LineString", "coordinates": [[-70.37732, -23.62164], [-70.37779, -23.62281]]}, "properties": {"name": "Traiguén", "highway": "tertiary"}}, {"type": "Feature", "geometry": {"type": "LineString", "coordinates": [[-70.37635, -23.62617], [-70.37523, -23.62666]]}, "properties": {"name": "Centenario", "highway": "tertiary"}}, {"type": "Feature", "geometry": {"type": "LineString", "coordinates": [[-70.38977, -23.6497], [-70.39013, -23.65067]]}, "properties": {"name": "Manuel Rodríguez", "highway": "residential"}}, {"type": "Feature", "geometry": {"type": "LineString", "coordinates": [[-70.39491, -23.64885], [-70.3958, -23.64956]]}, "properties": {"name": "Manuel Antonio Matta", "highway": "residential"}}, {"type": "Feature", "geometry": {"type": "LineString", "coordinates": [[-70.38887, -23.65532], [-70.38743, -23.65682]]}, "properties": {"name": "Sucre", "highway": "tertiary"}}, {"type": "Feature", "geometry": {"type": "LineString", "coordinates": [[-70.40311, -23.66472], [-70.40293, -23.66475]]}, "properties": {"name": "Díaz Gana", "highway": "residential"}}, {"type": "Feature", "geometry": {"type": "LineString", "coordinates": [[-70.37376, -23.57882], [-70.37426, -23.57743]]}, "properties": {"name": "Los Chungungos", "highway": "residential"}}, {"type": "Feature", "geometry": {"type": "LineString", "coordinates": [[-70.37446, -23.5775], [-70.37394, -23.57889]]}, "properties": {"name": "Los Pumas", "highway": "residential"}}, {"type": "Feature", "geometry": {"type": "LineString", "coordinates": [[-70.41662, -23.70335], [-70.41631, -23.70407]]}, "properties": {"name": "Catalina Massot", "highway": "tertiary"}}, {"type": "Feature", "geometry": {"type": "LineString", "coordinates": [[-70.37938, -23.58029], [-70.37716, -23.58014]]}, "properties": {"name": "María Elena", "highway": "residential"}}, {"type": "Feature", "geometry": {"type": "LineString", "coordinates": [[-70.38231, -23.58174], [-70.37975, -23.58156]]}, "properties": {"name": "Julio Montt Salamanca", "highway": "residential"}}, {"type": "Feature", "geometry": {"type": "LineString", "coordinates": [[-70.40312, -23.66366], [-70.40348, -23.66365]]}, "properties": {"name": "Avelino Contardo", "highway": "residential"}}, {"type": "Feature", "geometry": {"type": "LineString", "coordinates": [[-70.4137, -23.69801], [-70.41446, -23.69721]]}, "properties": {"name": "Avenida Angamos", "highway": "secondary"}}, {"type": "Feature", "geometry": {"type": "LineString", "coordinates": [[-70.41464, -23.69726], [-70.41381, -23.69808]]}, "properties": {"name": "Avenida Angamos", "highway": "secondary"}}, {"type": "Feature", "geometry": {"type": "LineString", "coordinates": [[-70.4034, -23.64641], [-70.40366, -23.64679]]}, "properties": {"name": "Puerto Nuevo", "highway": "residential"}}, {"type": "Feature", "geometry": {"type": "LineString", "coordinates": [[-70.40281, -23.65014], [-70.40375, -23.64899], [-70.40366, -23.64679]]}, "properties": {"name": "Puerto Nuevo", "highway": "residential"}}, {"type": "Feature", "geometry": {"type": "LineString", "coordinates": [[-70.37834, -23.62963], [-70.37837, -23.62886]]}, "properties": {"name": "Portezuelo", "highway": "residential"}}, {"type": "Feature", "geometry": {"type": "LineString", "coordinates": [[-70.41217, -23.70095], [-70.41214, -23.70031]]}, "properties": {"name": "Avenida Argentina", "highway": "primary"}}, {"type": "Feature", "geometry": {"type": "LineString", "coordinates": [[-70.3785, -23.59882], [-70.37868, -23.60187], [-70.37988, -23.6034], [-70.37924, -23.611]]}, "properties": {"name": "General Óscar Bonilla", "highway": "tertiary"}}, {"type": "Feature", "geometry": {"type": "LineString", "coordinates": [[-70.40101, -23.65377], [-70.40161, -23.65427]]}, "properties": {"name": "Manuel Antonio Matta", "highway": "secondary"}}, {"type": "Feature", "geometry": {"type": "LineString", "coordinates": [[-70.4011, -23.65535], [-70.40118, -23.65391]]}, "properties": {"name": "Avenida Bernardo O'Higgins", "highway": "tertiary"}}, {"type": "Feature", "geometry": {"type": "LineString", "coordinates": [[-70.40101, -23.65377], [-70.3963, -23.65876]]}, "properties": {"name": "Copiapó", "highway": "residential"}}, {"type": "Feature", "geometry": {"type": "LineString", "coordinates": [[-70.40161, -23.65427], [-70.40263, -23.65511]]}, "properties": {"name": "Manuel Antonio Matta", "highway": "tertiary"}}, {"type": "Feature", "geometry": {"type": "LineString", "coordinates": [[-70.39934, -23.65389], [-70.39756, -23.65243]]}, "properties": {"name": "José Santos Ossa", "highway": "tertiary"}}, {"type": "Feature", "geometry": {"type": "LineString", "coordinates": [[-70.39239, -23.64542], [-70.38971, -23.64327]]}, "properties": {"name": "Carlos Condell", "highway": "tertiary"}}, {"type": "Feature", "geometry": {"type": "LineString", "coordinates": [[-70.3926, -23.64425], [-70.39814, -23.64866]]}, "properties": {"name": "Almirante Latorre", "highway": "secondary"}}, {"type": "Feature", "geometry": {"type": "LineString", "coordinates": [[-70.38266, -23.61258], [-70.3801, -23.61114], [-70.37813, -23.61107]]}, "properties": {"name": "Isabel Riquelme", "highway": "secondary"}}, {"type": "Feature", "geometry": {"type": "LineString", "coordinates": [[-70.40529, -23.69684], [-70.40528, -23.69679]]}, "properties": {"name": "Pasaje Santa Guillermina", "highway": "living_street"}}, {"type": "Feature", "geometry": {"type": "LineString", "coordinates": [[-70.38411, -23.60389], [-70.38418, -23.60108]]}, "properties": {"name": "Pedro Lobos", "highway": "living_street"}}, {"type": "Feature", "geometry": {"type": "LineString", "coordinates": [[-70.38379, -23.60205], [-70.38364, -23.60386]]}, "properties": {"name": "Juan Agustín Cornejo", "highway": "residential"}}, {"type": "Feature", "geometry": {"type": "LineString", "coordinates": [[-70.38326, -23.60384], [-70.38334, -23.60292]]}, "properties": {"name": "Pasaje El Roble", "highway": "living_street"}}, {"type": "Feature", "geometry": {"type": "LineString", "coordinates": [[-70.3829, -23.60381], [-70.383, -23.6029]]}, "properties": {"name": "Pasaje Chacance", "highway": "living_street"}}, {"type": "Feature", "geometry": {"type": "LineString", "coordinates": [[-70.38468, -23.62889], [-70.3845, -23.63207]]}, "properties": {"name": "Osorno", "highway": "residential"}}, {"type": "Feature", "geometry": {"type": "LineString", "coordinates": [[-70.3883, -23.64351], [-70.3885, -23.64339]]}, "properties": {"name": "Manuel Antonio Matta", "highway": "residential"}}, {"type": "Feature", "geometry": {"type": "LineString", "coordinates": [[-70.4138, -23.69984], [-70.41667, -23.69935]]}, "properties": {"name": "Avenida de la Minería", "highway": "trunk"}}, {"type": "Feature", "geometry": {"type": "LineString", "coordinates": [[-70.42189, -23.69652], [-70.42156, -23.6974]]}, "properties": {"name": "Avenida de la Minería", "highway": "trunk"}}, {"type": "Feature", "geometry": {"type": "LineString", "coordinates": [[-70.42127, -23.69763], [-70.42096, -23.6978]]}, "properties": {"name": "Avenida de la Minería", "highway": "trunk"}}, {"type": "Feature", "geometry": {"type": "LineString", "coordinates": [[-70.42291, -23.70028], [-70.42315, -23.70096]]}, "properties": {"name": "Avenida Universidad de Antofagasta", "highway": "secondary"}}, {"type": "Feature", "geometry": {"type": "LineString", "coordinates": [[-70.42306, -23.70099], [-70.42274, -23.7001]]}, "properties": {"name": "Avenida Universidad de Antofagasta", "highway": "secondary"}}, {"type": "Feature", "geometry": {"type": "LineString", "coordinates": [[-70.42189, -23.69652], [-70.42223, -23.69835]]}, "properties": {"name": "Avenida Universidad de Antofagasta", "highway": "secondary"}}, {"type": "Feature", "geometry": {"type": "LineString", "coordinates": [[-70.42223, -23.69835], [-70.42291, -23.70028]]}, "properties": {"name": "Avenida Universidad de Antofagasta", "highway": "secondary"}}, {"type": "Feature", "geometry": {"type": "LineString", "coordinates": [[-70.41442, -23.6999], [-70.41324, -23.69998]]}, "properties": {"name": "Avenida de la Minería", "highway": "trunk"}}, {"type": "Feature", "geometry": {"type": "LineString", "coordinates": [[-70.41186, -23.6999], [-70.41121, -23.6998]]}, "properties": {"name": "Avenida de la Minería", "highway": "trunk"}}, {"type": "Feature", "geometry": {"type": "LineString", "coordinates": [[-70.374, -23.60609], [-70.37305, -23.6061]]}, "properties": {"name": "Pasaje Merced", "highway": "living_street"}}, {"type": "Feature", "geometry": {"type": "LineString", "coordinates": [[-70.37421, -23.60608], [-70.375, -23.60609]]}, "properties": {"name": "Merced", "highway": "living_street"}}, {"type": "Feature", "geometry": {"type": "LineString", "coordinates": [[-70.41018, -23.67944], [-70.40951, -23.67881]]}, "properties": {"name": "Avenida Angamos", "highway": "secondary"}}, {"type": "Feature", "geometry": {"type": "LineString", "coordinates": [[-70.41178, -23.68139], [-70.4116, -23.68083], [-70.41018, -23.67944]]}, "properties": {"name": "Avenida Angamos", "highway": "secondary"}}, {"type": "Feature", "geometry": {"type": "LineString", "coordinates": [[-70.40951, -23.67881], [-70.41018, -23.67944]]}, "properties": {"name": "Avenida Angamos", "highway": "secondary"}}, {"type": "Feature", "geometry": {"type": "LineString", "coordinates": [[-70.40655, -23.6721], [-70.40643, -23.67184]]}, "properties": {"name": "Avenida Angamos", "highway": "secondary"}}, {"type": "Feature", "geometry": {"type": "LineString", "coordinates": [[-70.40951, -23.67881], [-70.40655, -23.6721]]}, "properties": {"name": "Avenida Angamos", "highway": "secondary"}}, {"type": "Feature", "geometry": {"type": "LineString", "coordinates": [[-70.4059, -23.67075], [-70.40643, -23.67176]]}, "properties": {"name": "Avenida Angamos", "highway": "secondary"}}, {"type": "Feature", "geometry": {"type": "LineString", "coordinates": [[-70.40628, -23.67159], [-70.4059, -23.67075]]}, "properties": {"name": "Avenida Angamos", "highway": "secondary"}}, {"type": "Feature", "geometry": {"type": "LineString", "coordinates": [[-70.40197, -23.66279], [-70.40138, -23.66152]]}, "properties": {"name": "Avenida Angamos", "highway": "secondary"}}, {"type": "Feature", "geometry": {"type": "LineString", "coordinates": [[-70.40196, -23.66259], [-70.40197, -23.66279]]}, "properties": {"name": "Avenida Angamos", "highway": "secondary"}}, {"type": "Feature", "geometry": {"type": "LineString", "coordinates": [[-70.41401, -23.68356], [-70.4149, -23.68448]]}, "properties": {"name": "Ramón Freire", "highway": "residential"}}, {"type": "Feature", "geometry": {"type": "LineString", "coordinates": [[-70.41268, -23.69997], [-70.41186, -23.6999]]}, "properties": {"name": "Avenida de la Minería", "highway": "trunk"}}, {"type": "Feature", "geometry": {"type": "LineString", "coordinates": [[-70.41324, -23.69998], [-70.41268, -23.69997]]}, "properties": {"name": "Avenida de la Minería", "highway": "trunk"}}, {"type": "Feature", "geometry": {"type": "LineString", "coordinates": [[-70.4127, -23.70169], [-70.41417, -23.7027]]}, "properties": {"name": "Avenida Argentina", "highway": "tertiary"}}, {"type": "Feature", "geometry": {"type": "LineString", "coordinates": [[-70.40964, -23.69949], [-70.40895, -23.69936]]}, "properties": {"name": "Avenida de la Minería", "highway": "trunk"}}, {"type": "Feature", "geometry": {"type": "LineString", "coordinates": [[-70.40601, -23.69985], [-70.40595, -23.69891]]}, "properties": {"name": "Llullaillaco", "highway": "residential"}}, {"type": "Feature", "geometry": {"type": "LineString", "coordinates": [[-70.41417, -23.7027], [-70.4134, -23.70226]]}, "properties": {"name": "Avenida Argentina", "highway": "tertiary"}}, {"type": "Feature", "geometry": {"type": "LineString", "coordinates": [[-70.41226, -23.70123], [-70.41217, -23.70095]]}, "properties": {"name": "Avenida Argentina", "highway": "tertiary"}}, {"type": "Feature", "geometry": {"type": "LineString", "coordinates": [[-70.41223, -23.70014], [-70.41223, -23.70043]]}, "properties": {"name": "Avenida Argentina", "highway": "primary"}}, {"type": "Feature", "geometry": {"type": "LineString", "coordinates": [[-70.41062, -23.69969], [-70.40964, -23.69949]]}, "properties": {"name": "Avenida de la Minería", "highway": "trunk"}}, {"type": "Feature", "geometry": {"type": "LineString", "coordinates": [[-70.41088, -23.69974], [-70.41062, -23.69969]]}, "properties": {"name": "Avenida de la Minería", "highway": "trunk"}}, {"type": "Feature", "geometry": {"type": "LineString", "coordinates": [[-70.41219, -23.69833], [-70.41259, -23.69839]]}, "properties": {"name": "Rivadavia", "highway": "residential"}}, {"type": "Feature", "geometry": {"type": "LineString", "coordinates": [[-70.38513, -23.61767], [-70.38405, -23.61823]]}, "properties": {"name": "Víctor Jara", "highway": "secondary"}}, {"type": "Feature", "geometry": {"type": "LineString", "coordinates": [[-70.38444, -23.6168], [-70.38502, -23.61772]]}, "properties": {"name": "Calle Loa", "highway": "residential"}}, {"type": "Feature", "geometry": {"type": "LineString", "coordinates": [[-70.37865, -23.61396], [-70.38112, -23.61263], [-70.3816, -23.61198]]}, "properties": {"name": "Cancha Rayada", "highway": "residential"}}, {"type": "Feature", "geometry": {"type": "LineString", "coordinates": [[-70.37286, -23.61991], [-70.37309, -23.61974]]}, "properties": {"name": "Cobija", "highway": "residential"}}, {"type": "Feature", "geometry": {"type": "LineString", "coordinates": [[-70.38189, -23.62573], [-70.38133, -23.62468]]}, "properties": {"name": "Puerto Natales", "highway": "tertiary"}}, {"type": "Feature", "geometry": {"type": "LineString", "coordinates": [[-70.38133, -23.62468], [-70.38192, -23.62566]]}, "properties": {"name": "Puerto Natales", "highway": "tertiary"}}, {"type": "Feature", "geometry": {"type": "LineString", "coordinates": [[-70.38174, -23.62713], [-70.38153, -23.62682]]}, "properties": {"name": "Renacimiento", "highway": "living_street"}}, {"type": "Feature", "geometry": {"type": "LineString", "coordinates": [[-70.38179, -23.62713], [-70.38181, -23.62745]]}, "properties": {"name": "Renacimiento", "highway": "residential"}}, {"type": "Feature", "geometry": {"type": "LineString", "coordinates": [[-70.38289, -23.58415], [-70.38354, -23.58548]]}, "properties": {"name": "Pasaje Río Imperial", "highway": "living_street"}}, {"type": "Feature", "geometry": {"type": "LineString", "coordinates": [[-70.38471, -23.59097], [-70.38552, -23.59101]]}, "properties": {"name": "Clodomiro Rozas", "highway": "residential"}}, {"type": "Feature", "geometry": {"type": "LineString", "coordinates": [[-70.38216, -23.58233], [-70.38221, -23.58173]]}, "properties": {"name": "Lorenzo Arenas", "highway": "living_street"}}, {"type": "Feature", "geometry": {"type": "LineString", "coordinates": [[-70.38182, -23.5823], [-70.38189, -23.58171]]}, "properties": {"name": "Pasaje Anacleto Solorza", "highway": "living_street"}}, {"type": "Feature", "geometry": {"type": "LineString", "coordinates": [[-70.37928, -23.58153], [-70.37802, -23.58144]]}, "properties": {"name": "Julio Montt Salamanca", "highway": "residential"}}, {"type": "Feature", "geometry": {"type": "LineString", "coordinates": [[-70.38026, -23.58077], [-70.37935, -23.5807]]}, "properties": {"name": "Pasaje Camar", "highway": "living_street"}}, {"type": "Feature", "geometry": {"type": "LineString", "coordinates": [[-70.37906, -23.58411], [-70.38126, -23.58427]]}, "properties": {"name": "Ignacio Carrera Pinto", "highway": "tertiary"}}, {"type": "Feature", "geometry": {"type": "LineString", "coordinates": [[-70.38368, -23.58381], [-70.38253, -23.58429], [-70.38126, -23.58427]]}, "properties": {"name": "Ignacio Carrera Pinto", "highway": "tertiary"}}, {"type": "Feature", "geometry": {"type": "LineString", "coordinates": [[-70.38524, -23.58697], [-70.38368, -23.58381]]}, "properties": {"name": "Héroes de la Concepción", "highway": "tertiary"}}, {"type": "Feature", "geometry": {"type": "LineString", "coordinates": [[-70.38103, -23.59652], [-70.38077, -23.59255]]}, "properties": {"name": "Huamachuco", "highway": "tertiary"}}, {"type": "Feature", "geometry": {"type": "LineString", "coordinates": [[-70.38173, -23.57859], [-70.38195, -23.57582]]}, "properties": {"name": "Huamachuco", "highway": "tertiary"}}, {"type": "Feature", "geometry": {"type": "LineString", "coordinates": [[-70.35736, -23.62803], [-70.35548, -23.62749], [-70.35328, -23.62592], [-70.35222, -23.62565]]}, "properties": {"name": "Ruta 26", "highway": "trunk"}}, {"type": "Feature", "geometry": {"type": "LineString", "coordinates": [[-70.38894, -23.64513], [-70.38876, -23.64471]]}, "properties": {"name": "Avenida Andrés Sabella Gálvez", "highway": "secondary"}}, {"type": "Feature", "geometry": {"type": "LineString", "coordinates": [[-70.38876, -23.64471], [-70.38849, -23.64368]]}, "properties": {"name": "Avenida Andrés Sabella Gálvez", "highway": "secondary"}}, {"type": "Feature", "geometry": {"type": "LineString", "coordinates": [[-70.38857, -23.64376], [-70.38894, -23.64513]]}, "properties": {"name": "Avenida Andrés Sabella Gálvez", "highway": "secondary"}}, {"type": "Feature", "geometry": {"type": "LineString", "coordinates": [[-70.3905, -23.66399], [-70.39093, -23.66498]]}, "properties": {"name": "Avenida Circunvalación Padre Alberto Hurtado", "highway": "secondary"}}, {"type": "Feature", "geometry": {"type": "LineString", "coordinates": [[-70.39093, -23.66498], [-70.39071, -23.66466]]}, "properties": {"name": "Avenida Circunvalación Padre Alberto Hurtado", "highway": "secondary"}}, {"type": "Feature", "geometry": {"type": "LineString", "coordinates": [[-70.39294, -23.66663], [-70.39275, -23.667], [-70.39228, -23.66693], [-70.39093, -23.66498]]}, "properties": {"name": "Avenida Circunvalación Padre Alberto Hurtado", "highway": "secondary"}}, {"type": "Feature", "geometry": {"type": "LineString", "coordinates": [[-70.39294, -23.66543], [-70.39272, -23.66551]]}, "properties": {"name": "Avelino Contardo", "highway": "residential"}}, {"type": "Feature", "geometry": {"type": "LineString", "coordinates": [[-70.39273, -23.66535], [-70.39294, -23.66543]]}, "properties": {"name": "Avelino Contardo", "highway": "residential"}}, {"type": "Feature", "geometry": {"type": "LineString", "coordinates": [[-70.38944, -23.65934], [-70.39011, -23.65991]]}, "properties": {"name": "Emilio Astete", "highway": "residential"}}, {"type": "Feature", "geometry": {"type": "LineString", "coordinates": [[-70.39131, -23.65762], [-70.39208, -23.6576]]}, "properties": {"name": "Maipú", "highway": "tertiary"}}, {"type": "Feature", "geometry": {"type": "LineString", "coordinates": [[-70.39001, -23.66148], [-70.39012, -23.6617]]}, "properties": {"name": "Michimalongo", "highway": "residential"}}, {"type": "Feature", "geometry": {"type": "LineString", "coordinates": [[-70.39109, -23.65892], [-70.39174, -23.66022]]}, "properties": {"name": "Lastarria", "highway": "residential"}}, {"type": "Feature", "geometry": {"type": "LineString", "coordinates": [[-70.39312, -23.66301], [-70.39301, -23.66257]]}, "properties": {"name": "Guacolda", "highway": "residential"}}, {"type": "Feature", "geometry": {"type": "LineString", "coordinates": [[-70.39277, -23.66597], [-70.39203, -23.66611]]}, "properties": {"name": "Pasaje Mirador", "highway": "living_street"}}, {"type": "Feature", "geometry": {"type": "LineString", "coordinates": [[-70.39173, -23.66566], [-70.39272, -23.66558]]}, "properties": {"name": "Avelino Contardo", "highway": "residential"}}, {"type": "Feature", "geometry": {"type": "LineString", "coordinates": [[-70.39478, -23.66759], [-70.39452, -23.66741]]}, "properties": {"name": "Marina", "highway": "residential"}}, {"type": "Feature", "geometry": {"type": "LineString", "coordinates": [[-70.37744, -23.63009], [-70.37745, -23.62984]]}, "properties": {"name": "Avenida Circunvalación Padre Alberto Hurtado", "highway": "secondary"}}, {"type": "Feature", "geometry": {"type": "LineString", "coordinates": [[-70.37745, -23.62984], [-70.37746, -23.62892]]}, "properties": {"name": "Avenida Circunvalación Padre Alberto Hurtado", "highway": "secondary"}}, {"type": "Feature", "geometry": {"type": "LineString", "coordinates": [[-70.37771, -23.63232], [-70.37739, -23.63174], [-70.37744, -23.63009]]}, "properties": {"name": "Avenida Circunvalación Padre Alberto Hurtado", "highway": "secondary"}}, {"type": "Feature", "geometry": {"type": "LineString", "coordinates": [[-70.38118, -23.6357], [-70.38205, -23.63823]]}, "properties": {"name": "Avenida Circunvalación Padre Alberto Hurtado", "highway": "secondary"}}, {"type": "Feature", "geometry": {"type": "LineString", "coordinates": [[-70.38148, -23.63664], [-70.38118, -23.6357]]}, "properties": {"name": "Avenida Circunvalación Padre Alberto Hurtado", "highway": "secondary"}}, {"type": "Feature", "geometry": {"type": "LineString", "coordinates": [[-70.38118, -23.6357], [-70.37983, -23.63384], [-70.37771, -23.63232]]}, "properties": {"name": "Avenida Circunvalación Padre Alberto Hurtado", "highway": "secondary"}}, {"type": "Feature", "geometry": {"type": "LineString", "coordinates": [[-70.37716, -23.62853], [-70.37739, -23.62882]]}, "properties": {"name": "General Óscar Bonilla", "highway": "secondary"}}, {"type": "Feature", "geometry": {"type": "LineString", "coordinates": [[-70.39743, -23.67045], [-70.3971, -23.67055]]}, "properties": {"name": "Chillán", "highway": "residential"}}, {"type": "Feature", "geometry": {"type": "LineString", "coordinates": [[-70.39748, -23.67054], [-70.39743, -23.67045]]}, "properties": {"name": "7º de Línea", "highway": "residential"}}, {"type": "Feature", "geometry": {"type": "LineString", "coordinates": [[-70.41108, -23.67457], [-70.41143, -23.67489]]}, "properties": {"name": "Navidad", "highway": "residential"}}, {"type": "Feature", "geometry": {"type": "LineString", "coordinates": [[-70.41283, -23.67631], [-70.41257, -23.67684]]}, "properties": {"name": "Avenida República de Croacia", "highway": "unclassified"}}, {"type": "Feature", "geometry": {"type": "LineString", "coordinates": [[-70.41181, -23.6785], [-70.4129, -23.6782]]}, "properties": {"name": "García Lorca", "highway": "living_street"}}, {"type": "Feature", "geometry": {"type": "LineString", "coordinates": [[-70.41376, -23.68081], [-70.41365, -23.68084]]}, "properties": {"name": "Manuel Caamaño", "highway": "residential"}}, {"type": "Feature", "geometry": {"type": "LineString", "coordinates": [[-70.40618, -23.67886], [-70.4064, -23.67932]]}, "properties": {"name": "Avenida Argentina", "highway": "primary"}}, {"type": "Feature", "geometry": {"type": "LineString", "coordinates": [[-70.4064, -23.67932], [-70.40626, -23.67928]]}, "properties": {"name": "Carlos Pezoa Véliz", "highway": "residential"}}, {"type": "Feature", "geometry": {"type": "LineString", "coordinates": [[-70.40602, -23.67859], [-70.40618, -23.67886]]}, "properties": {"name": "Avenida Argentina", "highway": "primary"}}, {"type": "Feature", "geometry": {"type": "LineString", "coordinates": [[-70.40198, -23.67377], [-70.40534, -23.67776]]}, "properties": {"name": "Avenida Argentina", "highway": "primary"}}, {"type": "Feature", "geometry": {"type": "LineString", "coordinates": [[-70.40601, -23.67876], [-70.40602, -23.67859]]}, "properties": {"name": "Carlos Pezoa Velis", "highway": "residential"}}, {"type": "Feature", "geometry": {"type": "LineString", "coordinates": [[-70.40602, -23.67619], [-70.40645, -23.67714]]}, "properties": {"name": "Pedro Antonio González", "highway": "living_street"}}, {"type": "Feature", "geometry": {"type": "LineString", "coordinates": [[-70.40748, -23.67425], [-70.40493, -23.67518]]}, "properties": {"name": "Rebeca Matte", "highway": "residential"}}, {"type": "Feature", "geometry": {"type": "LineString", "coordinates": [[-70.40587, -23.6757], [-70.40771, -23.675]]}, "properties": {"name": "Javier Rengifo", "highway": "living_street"}}, {"type": "Feature", "geometry": {"type": "LineString", "coordinates": [[-70.4065, -23.67376], [-70.40707, -23.67355]]}, "properties": {"name": "César Enrique Soto Moraga", "highway": "living_street"}}, {"type": "Feature", "geometry": {"type": "LineString", "coordinates": [[-70.40882, -23.67494], [-70.40855, -23.67436]]}, "properties": {"name": "Los Lilenes", "highway": "living_street"}}, {"type": "Feature", "geometry": {"type": "LineString", "coordinates": [[-70.40954, -23.67517], [-70.40812, -23.6757]]}, "properties": {"name": "Pedro Prado", "highway": "residential"}}, {"type": "Feature", "geometry": {"type": "LineString", "coordinates": [[-70.4079, -23.67523], [-70.40934, -23.67475]]}, "properties": {"name": "Las Cruces", "highway": "residential"}}, {"type": "Feature", "geometry": {"type": "LineString", "coordinates": [[-70.40934, -23.67475], [-70.40904, -23.67417]]}, "properties": {"name": "Pedro Gamboni", "highway": "residential"}}, {"type": "Feature", "geometry": {"type": "LineString", "coordinates": [[-70.40904, -23.67417], [-70.40871, -23.6735], [-70.40791, -23.67288], [-70.4073, -23.67124]]}, "properties": {"name": "José Blumell", "highway": "residential"}}, {"type": "Feature", "geometry": {"type": "LineString", "coordinates": [[-70.39325, -23.57742], [-70.39347, -23.5771]]}, "properties": {"name": "Avenida Edmundo Pérez Zujovic", "highway": "tertiary"}}, {"type": "Feature", "geometry": {"type": "LineString", "coordinates": [[-70.39347, -23.5771], [-70.39362, -23.57688]]}, "properties": {"name": "Avenida Edmundo Pérez Zujovic", "highway": "tertiary"}}, {"type": "Feature", "geometry": {"type": "LineString", "coordinates": [[-70.39339, -23.57684], [-70.39357, -23.57498]]}, "properties": {"name": "Chabunco", "highway": "residential"}}, {"type": "Feature", "geometry": {"type": "LineString", "coordinates": [[-70.37854, -23.59554], [-70.37813, -23.59555]]}, "properties": {"name": "Juan Gutenberg", "highway": "living_street"}}, {"type": "Feature", "geometry": {"type": "LineString", "coordinates": [[-70.37814, -23.59476], [-70.37758, -23.5948]]}, "properties": {"name": "Leonardo da Vinci", "highway": "residential"}}, {"type": "Feature", "geometry": {"type": "LineString", "coordinates": [[-70.38522, -23.5963], [-70.38509, -23.59438]]}, "properties": {"name": "Avenida Radomiro Tomic", "highway": "tertiary"}}, {"type": "Feature", "geometry": {"type": "LineString", "coordinates": [[-70.42124, -23.69677], [-70.42156, -23.69616]]}, "properties": {"name": "Avenida de la Minería", "highway": "trunk"}}, {"type": "Feature", "geometry": {"type": "LineString", "coordinates": [[-70.38808, -23.64966], [-70.38884, -23.64884]]}, "properties": {"name": "Covadonga", "highway": "tertiary"}}, {"type": "Feature", "geometry": {"type": "LineString", "coordinates": [[-70.38884, -23.64884], [-70.38892, -23.64877]]}, "properties": {"name": "Covadonga", "highway": "tertiary"}}, {"type": "Feature", "geometry": {"type": "LineString", "coordinates": [[-70.39244, -23.64825], [-70.38955, -23.64586]]}, "properties": {"name": "José Santos Ossa", "highway": "residential"}}, {"type": "Feature", "geometry": {"type": "LineString", "coordinates": [[-70.37428, -23.58912], [-70.37619, -23.58914]]}, "properties": {"name": "Sargento Manuel Silva", "highway": "residential"}}, {"type": "Feature", "geometry": {"type": "LineString", "coordinates": [[-70.40843, -23.69123], [-70.40881, -23.69252]]}, "properties": {"name": "Antilhue", "highway": "residential"}}, {"type": "Feature", "geometry": {"type": "LineString", "coordinates": [[-70.40888, -23.69493], [-70.40785, -23.6958], [-70.40512, -23.69619]]}, "properties": {"name": "Antilhue", "highway": "residential"}}, {"type": "Feature", "geometry": {"type": "LineString", "coordinates": [[-70.38925, -23.64669], [-70.38888, -23.64666]]}, "properties": {"name": "Avenida Andrés Sabella Gálvez", "highway": "residential"}}, {"type": "Feature", "geometry": {"type": "LineString", "coordinates": [[-70.389, -23.63663], [-70.3889, -23.63662]]}, "properties": {"name": "Montevideo", "highway": "tertiary"}}, {"type": "Feature", "geometry": {"type": "LineString", "coordinates": [[-70.38173, -23.57859], [-70.38348, -23.57874]]}, "properties": {"name": "Padre Juan Orione Feltri", "highway": "tertiary"}}, {"type": "Feature", "geometry": {"type": "LineString", "coordinates": [[-70.40125, -23.67704], [-70.40169, -23.67718]]}, "properties": {"name": "Guillermo Deisler", "highway": "residential"}}, {"type": "Feature", "geometry": {"type": "LineString", "coordinates": [[-70.40125, -23.67704], [-70.39909, -23.67556]]}, "properties": {"name": "Osvaldo Silva Castellón", "highway": "residential"}}, {"type": "Feature", "geometry": {"type": "LineString", "coordinates": [[-70.40154, -23.67725], [-70.40125, -23.67704]]}, "properties": {"name": "Osvaldo Silva Castellón", "highway": "residential"}}, {"type": "Feature", "geometry": {"type": "LineString", "coordinates": [[-70.39061, -23.60382], [-70.38926, -23.60386]]}, "properties": {"name": "Cavancha", "highway": "secondary"}}, {"type": "Feature", "geometry": {"type": "LineString", "coordinates": [[-70.38507, -23.60392], [-70.38716, -23.60348], [-70.38838, -23.60403]]}, "properties": {"name": "Irarrázabal", "highway": "secondary"}}, {"type": "Feature", "geometry": {"type": "LineString", "coordinates": [[-70.39223, -23.6578], [-70.39215, -23.65769]]}, "properties": {"name": "Manuel Rodríguez", "highway": "tertiary"}}, {"type": "Feature", "geometry": {"type": "LineString", "coordinates": [[-70.39258, -23.66704], [-70.39222, -23.66733], [-70.39136, -23.66753], [-70.39082, -23.66742]]}, "properties": {"name": "La Concepción", "highway": "residential"}}, {"type": "Feature", "geometry": {"type": "LineString", "coordinates": [[-70.39285, -23.66311], [-70.39272, -23.66558], [-70.39294, -23.66663]]}, "properties": {"name": "Diagonal Sur", "highway": "secondary"}}, {"type": "Feature", "geometry": {"type": "LineString", "coordinates": [[-70.39382, -23.65996], [-70.39223, -23.6578]]}, "properties": {"name": "Manuel Rodríguez", "highway": "tertiary"}}, {"type": "Feature", "geometry": {"type": "LineString", "coordinates": [[-70.39967, -23.67044], [-70.39933, -23.67065]]}, "properties": {"name": "Imilac", "highway": "residential"}}, {"type": "Feature", "geometry": {"type": "LineString", "coordinates": [[-70.39162, -23.62805], [-70.39217, -23.62656]]}, "properties": {"name": "Chuquicamata", "highway": "residential"}}, {"type": "Feature", "geometry": {"type": "LineString", "coordinates": [[-70.39622, -23.62976], [-70.39626, -23.62895]]}, "properties": {"name": "Avenida Edmundo Pérez Zujovic", "highway": "trunk"}}, {"type": "Feature", "geometry": {"type": "LineString", "coordinates": [[-70.39626, -23.62895], [-70.39627, -23.62867]]}, "properties": {"name": "Avenida Edmundo Pérez Zujovic", "highway": "trunk"}}, {"type": "Feature", "geometry": {"type": "LineString", "coordinates": [[-70.39638, -23.62651], [-70.39638, -23.62633]]}, "properties": {"name": "Avenida Edmundo Pérez Zujovic", "highway": "trunk"}}, {"type": "Feature", "geometry": {"type": "LineString", "coordinates": [[-70.39633, -23.62758], [-70.39638, -23.62651]]}, "properties": {"name": "Avenida Edmundo Pérez Zujovic", "highway": "trunk"}}, {"type": "Feature", "geometry": {"type": "LineString", "coordinates": [[-70.39629, -23.62829], [-70.39633, -23.62758]]}, "properties": {"name": "Avenida Edmundo Pérez Zujovic", "highway": "trunk"}}, {"type": "Feature", "geometry": {"type": "LineString", "coordinates": [[-70.39627, -23.62867], [-70.39627, -23.62855]]}, "properties": {"name": "Avenida Edmundo Pérez Zujovic", "highway": "trunk"}}, {"type": "Feature", "geometry": {"type": "LineString", "coordinates": [[-70.38951, -23.62411], [-70.38962, -23.6246]]}, "properties": {"name": "Pasaje Loa", "highway": "residential"}}, {"type": "Feature", "geometry": {"type": "LineString", "coordinates": [[-70.38877, -23.62325], [-70.3903, -23.62268]]}, "properties": {"name": "Taltal", "highway": "residential"}}, {"type": "Feature", "geometry": {"type": "LineString", "coordinates": [[-70.38943, -23.61924], [-70.38824, -23.61949]]}, "properties": {"name": "Elqui", "highway": "residential"}}, {"type": "Feature", "geometry": {"type": "LineString", "coordinates": [[-70.38443, -23.6331], [-70.38434, -23.63408]]}, "properties": {"name": "Osorno", "highway": "residential"}}, {"type": "Feature", "geometry": {"type": "LineString", "coordinates": [[-70.38252, -23.63399], [-70.38242, -23.63308]]}, "properties": {"name": "Navarino", "highway": "residential"}}, {"type": "Feature", "geometry": {"type": "LineString", "coordinates": [[-70.38272, -23.63409], [-70.38252, -23.63399]]}, "properties": {"name": "Navarino", "highway": "residential"}}, {"type": "Feature", "geometry": {"type": "LineString", "coordinates": [[-70.3821, -23.62959], [-70.38133, -23.63022]]}, "properties": {"name": "Isluga", "highway": "living_street"}}, {"type": "Feature", "geometry": {"type": "LineString", "coordinates": [[-70.38162, -23.62915], [-70.38135, -23.62935]]}, "properties": {"name": "Lúpica", "highway": "living_street"}}, {"type": "Feature", "geometry": {"type": "LineString", "coordinates": [[-70.38328, -23.63305], [-70.38317, -23.63636]]}, "properties": {"name": "Talcahuano", "highway": "residential"}}, {"type": "Feature", "geometry": {"type": "LineString", "coordinates": [[-70.37779, -23.63238], [-70.37822, -23.63187], [-70.37941, -23.63196]]}, "properties": {"name": "México", "highway": "residential"}}, {"type": "Feature", "geometry": {"type": "LineString", "coordinates": [[-70.38877, -23.63881], [-70.38518, -23.63862]]}, "properties": {"name": "Lima", "highway": "residential"}}, {"type": "Feature", "geometry": {"type": "LineString", "coordinates": [[-70.38526, -23.64018], [-70.38529, -23.63969]]}, "properties": {"name": "Chiloé", "highway": "residential"}}, {"type": "Feature", "geometry": {"type": "LineString", "coordinates": [[-70.39285, -23.66311], [-70.39369, -23.66279]]}, "properties": {"name": "Tegualda", "highway": "secondary"}}, {"type": "Feature", "geometry": {"type": "LineString", "coordinates": [[-70.39291, -23.66106], [-70.39281, -23.66134]]}, "properties": {"name": "Lientur", "highway": "residential"}}, {"type": "Feature", "geometry": {"type": "LineString", "coordinates": [[-70.39281, -23.66059], [-70.39284, -23.66122]]}, "properties": {"name": "Miramar", "highway": "living_street"}}, {"type": "Feature", "geometry": {"type": "LineString", "coordinates": [[-70.39499, -23.66539], [-70.39454, -23.66579]]}, "properties": {"name": "La Concepción", "highway": "tertiary"}}, {"type": "Feature", "geometry": {"type": "LineString", "coordinates": [[-70.39003, -23.65873], [-70.39029, -23.65906]]}, "properties": {"name": "Sarmiento", "highway": "residential"}}, {"type": "Feature", "geometry": {"type": "LineString", "coordinates": [[-70.38714, -23.65703], [-70.38724, -23.65727]]}, "properties": {"name": "Emilio Astete", "highway": "living_street"}}, {"type": "Feature", "geometry": {"type": "LineString", "coordinates": [[-70.38774, -23.65754], [-70.38947, -23.6593]]}, "properties": {"name": "Emilio Astete", "highway": "residential"}}, {"type": "Feature", "geometry": {"type": "LineString", "coordinates": [[-70.38811, -23.65777], [-70.38885, -23.65716], [-70.38967, -23.6568]]}, "properties": {"name": "Quebrada Baquedano", "highway": "living_street"}}, {"type": "Feature", "geometry": {"type": "LineString", "coordinates": [[-70.38913, -23.58782], [-70.38822, -23.58775]]}, "properties": {"name": "Las Gaviotas", "highway": "residential"}}, {"type": "Feature", "geometry": {"type": "LineString", "coordinates": [[-70.38739, -23.5877], [-70.38822, -23.58776]]}, "properties": {"name": "Las Gaviotas", "highway": "residential"}}, {"type": "Feature", "geometry": {"type": "LineString", "coordinates": [[-70.37299, -23.60275], [-70.37289, -23.6018]]}, "properties": {"name": "Juan Ferraro", "highway": "residential"}}, {"type": "Feature", "geometry": {"type": "LineString", "coordinates": [[-70.39526, -23.65651], [-70.39564, -23.65682]]}, "properties": {"name": "Curicó", "highway": "living_street"}}, {"type": "Feature", "geometry": {"type": "LineString", "coordinates": [[-70.39583, -23.65696], [-70.39597, -23.65707]]}, "properties": {"name": "Curicó", "highway": "living_street"}}, {"type": "Feature", "geometry": {"type": "LineString", "coordinates": [[-70.39309, -23.6516], [-70.39275, -23.65119]]}, "properties": {"name": "Esmeralda", "highway": "residential"}}, {"type": "Feature", "geometry": {"type": "LineString", "coordinates": [[-70.38343, -23.59359], [-70.38389, -23.59356]]}, "properties": {"name": "Mariano Farandato", "highway": "living_street"}}, {"type": "Feature", "geometry": {"type": "LineString", "coordinates": [[-70.38389, -23.59356], [-70.38395, -23.59444]]}, "properties": {"name": "Pedro Lobos", "highway": "living_street"}}, {"type": "Feature", "geometry": {"type": "LineString", "coordinates": [[-70.38293, -23.59349], [-70.3845, -23.5934]]}, "properties": {"name": "Mariano Farandato", "highway": "living_street"}}, {"type": "Feature", "geometry": {"type": "LineString", "coordinates": [[-70.4073, -23.70036], [-70.40601, -23.69985]]}, "properties": {"name": "Llullaillaco", "highway": "residential"}}, {"type": "Feature", "geometry": {"type": "LineString", "coordinates": [[-70.40595, -23.69891], [-70.40597, -23.69876]]}, "properties": {"name": "Llullaillaco", "highway": "residential"}}, {"type": "Feature", "geometry": {"type": "LineString", "coordinates": [[-70.40966, -23.69731], [-70.40969, -23.69775]]}, "properties": {"name": "Reumen", "highway": "living_street"}}, {"type": "Feature", "geometry": {"type": "LineString", "coordinates": [[-70.40796, -23.69268], [-70.40745, -23.6914], [-70.40792, -23.6904]]}, "properties": {"name": "Cerro Trapecio", "highway": "residential"}}, {"type": "Feature", "geometry": {"type": "LineString", "coordinates": [[-70.38931, -23.64925], [-70.38932, -23.64834]]}, "properties": {"name": "Manuel Rodríguez", "highway": "residential"}}, {"type": "Feature", "geometry": {"type": "LineString", "coordinates": [[-70.39498, -23.65504], [-70.39334, -23.6537], [-70.39044, -23.65036]]}, "properties": {"name": "Atacama", "highway": "residential"}}, {"type": "Feature", "geometry": {"type": "LineString", "coordinates": [[-70.39013, -23.65067], [-70.39044, -23.65036]]}, "properties": {"name": "Serrano", "highway": "tertiary"}}, {"type": "Feature", "geometry": {"type": "LineString", "coordinates": [[-70.38927, -23.65157], [-70.38954, -23.65135]]}, "properties": {"name": "Serrano", "highway": "residential"}}, {"type": "Feature", "geometry": {"type": "LineString", "coordinates": [[-70.38373, -23.60111], [-70.38379, -23.60205]]}, "properties": {"name": "Juan Agustín Cornejo", "highway": "living_street"}}, {"type": "Feature", "geometry": {"type": "LineString", "coordinates": [[-70.417, -23.69634], [-70.41696, -23.69619]]}, "properties": {"name": "Avenida Angamos", "highway": "residential"}}, {"type": "Feature", "geometry": {"type": "LineString", "coordinates": [[-70.3883, -23.6041], [-70.38716, -23.60356], [-70.38506, -23.60399]]}, "properties": {"name": "Irarrázabal", "highway": "secondary"}}, {"type": "Feature", "geometry": {"type": "LineString", "coordinates": [[-70.37437, -23.58103], [-70.37372, -23.58094]]}, "properties": {"name": "Margaritas", "highway": "living_street"}}, {"type": "Feature", "geometry": {"type": "LineString", "coordinates": [[-70.38682, -23.59048], [-70.38663, -23.59112]]}, "properties": {"name": "Pasaje Estación Ujina", "highway": "living_street"}}, {"type": "Feature", "geometry": {"type": "LineString", "coordinates": [[-70.37683, -23.5887], [-70.37651, -23.58869]]}, "properties": {"name": "Pasaje Victorino Vega", "highway": "living_street"}}, {"type": "Feature", "geometry": {"type": "LineString", "coordinates": [[-70.37685, -23.58789], [-70.37683, -23.5887]]}, "properties": {"name": "Pasaje Vicente Zegers", "highway": "living_street"}}, {"type": "Feature", "geometry": {"type": "LineString", "coordinates": [[-70.38257, -23.59217], [-70.38257, -23.59195]]}, "properties": {"name": "Pasaje Lorenzo Arenas", "highway": "living_street"}}, {"type": "Feature", "geometry": {"type": "LineString", "coordinates": [[-70.37192, -23.59903], [-70.37163, -23.59906]]}, "properties": {"name": "Unión", "highway": "living_street"}}, {"type": "Feature", "geometry": {"type": "LineString", "coordinates": [[-70.37084, -23.59979], [-70.37067, -23.59895]]}, "properties": {"name": "Bellavista", "highway": "living_street"}}, {"type": "Feature", "geometry": {"type": "LineString", "coordinates": [[-70.3809, -23.60908], [-70.38049, -23.60963]]}, "properties": {"name": "Caliche", "highway": "residential"}}, {"type": "Feature", "geometry": {"type": "LineString", "coordinates": [[-70.39151, -23.59092], [-70.39117, -23.58998]]}, "properties": {"name": "Toconao", "highway": "living_street"}}, {"type": "Feature", "geometry": {"type": "LineString", "coordinates": [[-70.37498, -23.60693], [-70.37506, -23.60355]]}, "properties": {"name": "Luis Cruz Martínez", "highway": "residential"}}, {"type": "Feature", "geometry": {"type": "LineString", "coordinates": [[-70.37498, -23.60693], [-70.37523, -23.60749], [-70.37669, -23.60918]]}, "properties": {"name": "Luis Cruz Martínez", "highway": "residential"}}, {"type": "Feature", "geometry": {"type": "LineString", "coordinates": [[-70.37827, -23.62558], [-70.37779, -23.62528]]}, "properties": {"name": "Abraham Lincoln", "highway": "living_street"}}, {"type": "Feature", "geometry": {"type": "LineString", "coordinates": [[-70.37827, -23.62558], [-70.3782, -23.62569]]}, "properties": {"name": "Cruz del Sur", "highway": "living_street"}}, {"type": "Feature", "geometry": {"type": "LineString", "coordinates": [[-70.38172, -23.62625], [-70.38118, -23.62551]]}, "properties": {"name": "Inés de Suárez", "highway": "living_street"}}, {"type": "Feature", "geometry": {"type": "LineString", "coordinates": [[-70.37789, -23.62377], [-70.37635, -23.62617]]}, "properties": {"name": "Claudio Gay", "highway": "tertiary"}}, {"type": "Feature", "geometry": {"type": "LineString", "coordinates": [[-70.37137, -23.61776], [-70.37092, -23.6178]]}, "properties": {"name": "Sagasca", "highway": "residential"}}, {"type": "Feature", "geometry": {"type": "LineString", "coordinates": [[-70.38064, -23.63705], [-70.38023, -23.6359]]}, "properties": {"name": "Moisés", "highway": "unclassified"}}, {"type": "Feature", "geometry": {"type": "LineString", "coordinates": [[-70.38128, -23.63664], [-70.38088, -23.63695]]}, "properties": {"name": "Padre Alberto Hurtado", "highway": "unclassified"}}, {"type": "Feature", "geometry": {"type": "LineString", "coordinates": [[-70.38421, -23.63747], [-70.38482, -23.6375]]}, "properties": {"name": "Zenteno", "highway": "residential"}}, {"type": "Feature", "geometry": {"type": "LineString", "coordinates": [[-70.38607, -23.63758], [-70.38607, -23.63775]]}, "properties": {"name": "Pasaje Federico Errázuriz", "highway": "living_street"}}, {"type": "Feature", "geometry": {"type": "LineString", "coordinates": [[-70.39552, -23.63357], [-70.39572, -23.63354]]}, "properties": {"name": "Venezuela", "highway": "residential"}}, {"type": "Feature", "geometry": {"type": "LineString", "coordinates": [[-70.39552, -23.64137], [-70.39476, -23.64135]]}, "properties": {"name": "La Cañada", "highway": "living_street"}}, {"type": "Feature", "geometry": {"type": "LineString", "coordinates": [[-70.3833, -23.64962], [-70.38301, -23.64973]]}, "properties": {"name": "Doce de Octubre", "highway": "living_street"}}, {"type": "Feature", "geometry": {"type": "LineString", "coordinates": [[-70.38746, -23.65516], [-70.38683, -23.65529]]}, "properties": {"name": "Horizonte", "highway": "living_street"}}, {"type": "Feature", "geometry": {"type": "LineString", "coordinates": [[-70.38657, -23.65478], [-70.38683, -23.65529]]}, "properties": {"name": "Avenida Circunvalación Padre Alberto Hurtado", "highway": "living_street"}}, {"type": "Feature", "geometry": {"type": "LineString", "coordinates": [[-70.37909, -23.61251], [-70.37863, -23.61276]]}, "properties": {"name": "El Roble", "highway": "residential"}}, {"type": "Feature", "geometry": {"type": "LineString", "coordinates": [[-70.37698, -23.62377], [-70.37729, -23.62296]]}, "properties": {"name": "Edecán Arturo Araya", "highway": "residential"}}, {"type": "Feature", "geometry": {"type": "LineString", "coordinates": [[-70.38855, -23.66276], [-70.38821, -23.66269]]}, "properties": {"name": "Pasaje 1", "highway": "unclassified"}}, {"type": "Feature", "geometry": {"type": "LineString", "coordinates": [[-70.38733, -23.66227], [-70.3877, -23.66192]]}, "properties": {"name": "María Elizabeth", "highway": "unclassified"}}, {"type": "Feature", "geometry": {"type": "LineString", "coordinates": [[-70.41502, -23.70449], [-70.41566, -23.70502]]}, "properties": {"name": "José Ignacio Lopez Fuenzalida", "highway": "residential"}}, {"type": "Feature", "geometry": {"type": "LineString", "coordinates": [[-70.40367, -23.66254], [-70.40188, -23.66261]]}, "properties": {"name": "Antonino Toro", "highway": "residential"}}, {"type": "Feature", "geometry": {"type": "LineString", "coordinates": [[-70.39832, -23.66572], [-70.39784, -23.6649]]}, "properties": {"name": "Pasaje Argentina", "highway": "living_street"}}, {"type": "Feature", "geometry": {"type": "LineString", "coordinates": [[-70.39239, -23.66936], [-70.39159, -23.66961]]}, "properties": {"name": "Pampa Ilusión", "highway": "residential"}}, {"type": "Feature", "geometry": {"type": "LineString", "coordinates": [[-70.38897, -23.66887], [-70.38906, -23.66973]]}, "properties": {"name": "Leonardo Farkas", "highway": "residential"}}, {"type": "Feature", "geometry": {"type": "LineString", "coordinates": [[-70.39089, -23.66928], [-70.38989, -23.66939]]}, "properties": {"name": "Las Rosas", "highway": "residential"}}, {"type": "Feature", "geometry": {"type": "LineString", "coordinates": [[-70.39144, -23.66852], [-70.3908, -23.66862]]}, "properties": {"name": "El Soldado", "highway": "residential"}}, {"type": "Feature", "geometry": {"type": "LineString", "coordinates": [[-70.39219, -23.66819], [-70.39227, -23.66837]]}, "properties": {"name": "Los Vientos", "highway": "unclassified"}}, {"type": "Feature", "geometry": {"type": "LineString", "coordinates": [[-70.39666, -23.66168], [-70.3976, -23.66367], [-70.399, -23.66585], [-70.39901, -23.66826], [-70.39963, -23.67013], [-70.40092, -23.67257], [-70.40198, -23.67377]]}, "properties": {"name": "Avenida Argentina", "highway": "primary"}}, {"type": "Feature", "geometry": {"type": "LineString", "coordinates": [[-70.39657, -23.66171], [-70.39666, -23.66168]]}, "properties": {"name": "Antonio Poupín", "highway": "residential"}}, {"type": "Feature", "geometry": {"type": "LineString", "coordinates": [[-70.40629, -23.69694], [-70.40629, -23.6969]]}, "properties": {"name": "Pasaje Santa Guillermina", "highway": "living_street"}}, {"type": "Feature", "geometry": {"type": "LineString", "coordinates": [[-70.43014, -23.71476], [-70.42956, -23.71371]]}, "properties": {"name": "Leopoldo Quintero", "highway": "residential"}}, {"type": "Feature", "geometry": {"type": "LineString", "coordinates": [[-70.37873, -23.57796], [-70.37909, -23.57799]]}, "properties": {"name": "Pasaje Río Cachapoal", "highway": "living_street"}}, {"type": "Feature", "geometry": {"type": "LineString", "coordinates": [[-70.37971, -23.59659], [-70.37987, -23.59929]]}, "properties": {"name": "Nicolás González", "highway": "residential"}}, {"type": "Feature", "geometry": {"type": "LineString", "coordinates": [[-70.38208, -23.6135], [-70.38185, -23.6135]]}, "properties": {"name": "Rancagua", "highway": "tertiary"}}, {"type": "Feature", "geometry": {"type": "LineString", "coordinates": [[-70.37591, -23.61612], [-70.3776, -23.61573]]}, "properties": {"name": "Rancagua", "highway": "residential"}}, {"type": "Feature", "geometry": {"type": "LineString", "coordinates": [[-70.38801, -23.61845], [-70.38601, -23.61881]]}, "properties": {"name": "Huasco", "highway": "residential"}}, {"type": "Feature", "geometry": {"type": "LineString", "coordinates": [[-70.3845, -23.63207], [-70.38443, -23.6331]]}, "properties": {"name": "Osorno", "highway": "residential"}}, {"type": "Feature", "geometry": {"type": "LineString", "coordinates": [[-70.37941, -23.63196], [-70.38016, -23.63184]]}, "properties": {"name": "México", "highway": "residential"}}, {"type": "Feature", "geometry": {"type": "LineString", "coordinates": [[-70.38767, -23.65702], [-70.38743, -23.65682]]}, "properties": {"name": "Emilio Astete", "highway": "residential"}}, {"type": "Feature", "geometry": {"type": "LineString", "coordinates": [[-70.38893, -23.65986], [-70.3883, -23.65917]]}, "properties": {"name": "Godoy", "highway": "living_street"}}, {"type": "Feature", "geometry": {"type": "LineString", "coordinates": [[-70.39229, -23.65965], [-70.39174, -23.66022]]}, "properties": {"name": "Orella", "highway": "residential"}}, {"type": "Feature", "geometry": {"type": "LineString", "coordinates": [[-70.39044, -23.65036], [-70.38966, -23.64957]]}, "properties": {"name": "Atacama", "highway": "residential"}}, {"type": "Feature", "geometry": {"type": "LineString", "coordinates": [[-70.38937, -23.6469], [-70.3895, -23.64814]]}, "properties": {"name": "Manuel Rodríguez", "highway": "residential"}}, {"type": "Feature", "geometry": {"type": "LineString", "coordinates": [[-70.41097, -23.67372], [-70.41106, -23.67361]]}, "properties": {"name": "Zapallar", "highway": "residential"}}, {"type": "Feature", "geometry": {"type": "LineString", "coordinates": [[-70.38251, -23.62658], [-70.38192, -23.62566]]}, "properties": {"name": "Puerto Natales", "highway": "residential"}}, {"type": "Feature", "geometry": {"type": "LineString", "coordinates": [[-70.40356, -23.666], [-70.40342, -23.66575]]}, "properties": {"name": "Avenida Angamos", "highway": "secondary"}}, {"type": "Feature", "geometry": {"type": "LineString", "coordinates": [[-70.40298, -23.66484], [-70.40356, -23.666]]}, "properties": {"name": "Avenida Angamos", "highway": "secondary"}}, {"type": "Feature", "geometry": {"type": "LineString", "coordinates": [[-70.40298, -23.66484], [-70.40197, -23.66279]]}, "properties": {"name": "Avenida Angamos", "highway": "secondary"}}, {"type": "Feature", "geometry": {"type": "LineString", "coordinates": [[-70.40342, -23.66575], [-70.40298, -23.66484]]}, "properties": {"name": "Avenida Angamos", "highway": "secondary"}}, {"type": "Feature", "geometry": {"type": "LineString", "coordinates": [[-70.38705, -23.62847], [-70.38704, -23.62835]]}, "properties": {"name": "Cardenal Carlos Oviedo Cavada", "highway": "tertiary"}}, {"type": "Feature", "geometry": {"type": "LineString", "coordinates": [[-70.38939, -23.62834], [-70.38943, -23.62822]]}, "properties": {"name": "Avenida Antonio Rendic", "highway": "secondary"}}, {"type": "Feature", "geometry": {"type": "LineString", "coordinates": [[-70.3889, -23.63662], [-70.38939, -23.62834]]}, "properties": {"name": "Avenida Antonio Rendic", "highway": "secondary"}}, {"type": "Feature", "geometry": {"type": "LineString", "coordinates": [[-70.38771, -23.62843], [-70.38705, -23.62847]]}, "properties": {"name": "Avenida Salvador Allende", "highway": "trunk"}}, {"type": "Feature", "geometry": {"type": "LineString", "coordinates": [[-70.38952, -23.62834], [-70.38939, -23.62834]]}, "properties": {"name": "Avenida Salvador Allende", "highway": "trunk"}}, {"type": "Feature", "geometry": {"type": "LineString", "coordinates": [[-70.38943, -23.62822], [-70.38953, -23.62821]]}, "properties": {"name": "Avenida Salvador Allende", "highway": "trunk"}}, {"type": "Feature", "geometry": {"type": "LineString", "coordinates": [[-70.38704, -23.62835], [-70.3886, -23.62826]]}, "properties": {"name": "Avenida Salvador Allende", "highway": "trunk"}}, {"type": "Feature", "geometry": {"type": "LineString", "coordinates": [[-70.38933, -23.63119], [-70.389, -23.63663]]}, "properties": {"name": "Avenida Antonio Rendic", "highway": "secondary"}}, {"type": "Feature", "geometry": {"type": "LineString", "coordinates": [[-70.38953, -23.62821], [-70.38952, -23.62834]]}, "properties": {"name": "Avenida Antonio Rendic", "highway": "secondary"}}, {"type": "Feature", "geometry": {"type": "LineString", "coordinates": [[-70.39404, -23.62847], [-70.39411, -23.62663], [-70.39291, -23.62525]]}, "properties": {"name": "Iquique", "highway": "primary"}}, {"type": "Feature", "geometry": {"type": "LineString", "coordinates": [[-70.39404, -23.6286], [-70.39404, -23.62847]]}, "properties": {"name": "Iquique", "highway": "primary"}}, {"type": "Feature", "geometry": {"type": "LineString", "coordinates": [[-70.39414, -23.62848], [-70.39591, -23.62854]]}, "properties": {"name": "Avenida Salvador Allende", "highway": "trunk"}}, {"type": "Feature", "geometry": {"type": "LineString", "coordinates": [[-70.39404, -23.62847], [-70.39414, -23.62848]]}, "properties": {"name": "Avenida Salvador Allende", "highway": "trunk"}}, {"type": "Feature", "geometry": {"type": "LineString", "coordinates": [[-70.39414, -23.62848], [-70.39413, -23.6286]]}, "properties": {"name": "Iquique", "highway": "primary"}}, {"type": "Feature", "geometry": {"type": "LineString", "coordinates": [[-70.3926, -23.62319], [-70.39269, -23.62466], [-70.39317, -23.62553], [-70.39421, -23.62661], [-70.39415, -23.62816]]}, "properties": {"name": "Iquique", "highway": "primary"}}, {"type": "Feature", "geometry": {"type": "LineString", "coordinates": [[-70.39413, -23.6286], [-70.39404, -23.6286]]}, "properties": {"name": "Avenida Salvador Allende", "highway": "trunk"}}, {"type": "Feature", "geometry": {"type": "LineString", "coordinates": [[-70.39601, -23.62867], [-70.39413, -23.6286]]}, "properties": {"name": "Avenida Salvador Allende", "highway": "trunk"}}, {"type": "Feature", "geometry": {"type": "LineString", "coordinates": [[-70.39627, -23.62855], [-70.39629, -23.62829]]}, "properties": {"name": "Avenida Edmundo Pérez Zujovic", "highway": "trunk"}}, {"type": "Feature", "geometry": {"type": "LineString", "coordinates": [[-70.39575, -23.63802], [-70.39561, -23.63801]]}, "properties": {"name": "Zenteno", "highway": "residential"}}, {"type": "Feature", "geometry": {"type": "LineString", "coordinates": [[-70.38806, -23.64332], [-70.38849, -23.64368]]}, "properties": {"name": "Manuel Antonio Matta", "highway": "tertiary"}}, {"type": "Feature", "geometry": {"type": "LineString", "coordinates": [[-70.38565, -23.57621], [-70.38552, -23.57778]]}, "properties": {"name": "Víctor Farías", "highway": "tertiary"}}, {"type": "Feature", "geometry": {"type": "LineString", "coordinates": [[-70.38513, -23.58193], [-70.38487, -23.58531]]}, "properties": {"name": "Víctor Farías", "highway": "tertiary"}}, {"type": "Feature", "geometry": {"type": "LineString", "coordinates": [[-70.3903, -23.57895], [-70.39028, -23.5791]]}, "properties": {"name": "Mañihuales", "highway": "living_street"}}, {"type": "Feature", "geometry": {"type": "LineString", "coordinates": [[-70.3903, -23.5789], [-70.3903, -23.57895]]}, "properties": {"name": "Mañihuales", "highway": "living_street"}}, {"type": "Feature", "geometry": {"type": "LineString", "coordinates": [[-70.38972, -23.57885], [-70.3897, -23.57906]]}, "properties": {"name": "Pasaje Piedras Negras", "highway": "living_street"}}, {"type": "Feature", "geometry": {"type": "LineString", "coordinates": [[-70.38949, -23.57644], [-70.3895, -23.57636]]}, "properties": {"name": "Carrizal", "highway": "living_street"}}, {"type": "Feature", "geometry": {"type": "LineString", "coordinates": [[-70.39042, -23.57652], [-70.39043, -23.57645]]}, "properties": {"name": "Carrizal Bajo", "highway": "living_street"}}, {"type": "Feature", "geometry": {"type": "LineString", "coordinates": [[-70.38189, -23.5766], [-70.38101, -23.57654]]}, "properties": {"name": "Río Lontué", "highway": "living_street"}}, {"type": "Feature", "geometry": {"type": "LineString", "coordinates": [[-70.3788, -23.58919], [-70.37876, -23.59096]]}, "properties": {"name": "General Óscar Bonilla", "highway": "secondary"}}, {"type": "Feature", "geometry": {"type": "LineString", "coordinates": [[-70.38147, -23.58168], [-70.38173, -23.57859]]}, "properties": {"name": "Huamachuco", "highway": "tertiary"}}, {"type": "Feature", "geometry": {"type": "LineString", "coordinates": [[-70.38272, -23.58286], [-70.3833, -23.58289]]}, "properties": {"name": "Turi", "highway": "living_street"}}, {"type": "Feature", "geometry": {"type": "LineString", "coordinates": [[-70.38272, -23.58286], [-70.38258, -23.58434], [-70.38304, -23.58683]]}, "properties": {"name": "El Roble", "highway": "residential"}}, {"type": "Feature", "geometry": {"type": "LineString", "coordinates": [[-70.38233, -23.58334], [-70.38234, -23.58329]]}, "properties": {"name": "Miscanti", "highway": "living_street"}}, {"type": "Feature", "geometry": {"type": "LineString", "coordinates": [[-70.38226, -23.58418], [-70.38233, -23.58334]]}, "properties": {"name": "Miscanti", "highway": "living_street"}}, {"type": "Feature", "geometry": {"type": "LineString", "coordinates": [[-70.38206, -23.58282], [-70.3823, -23.58283]]}, "properties": {"name": "Turi", "highway": "living_street"}}, {"type": "Feature", "geometry": {"type": "LineString", "coordinates": [[-70.38209, -23.58237], [-70.3821, -23.58232]]}, "properties": {"name": "Lorenzo Arenas", "highway": "living_street"}}, {"type": "Feature", "geometry": {"type": "LineString", "coordinates": [[-70.38194, -23.58428], [-70.38203, -23.58322]]}, "properties": {"name": "Lorenzo Arenas", "highway": "living_street"}}, {"type": "Feature", "geometry": {"type": "LineString", "coordinates": [[-70.38126, -23.58427], [-70.38147, -23.58168]]}, "properties": {"name": "Huamachuco", "highway": "tertiary"}}, {"type": "Feature", "geometry": {"type": "LineString", "coordinates": [[-70.37798, -23.58652], [-70.37808, -23.58568]]}, "properties": {"name": "Detective Solón Salas Fuentealba", "highway": "residential"}}, {"type": "Feature", "geometry": {"type": "LineString", "coordinates": [[-70.37906, -23.58411], [-70.37884, -23.58654]]}, "properties": {"name": "General Óscar Bonilla", "highway": "secondary"}}, {"type": "Feature", "geometry": {"type": "LineString", "coordinates": [[-70.38107, -23.58669], [-70.38126, -23.58427]]}, "properties": {"name": "Huamachuco", "highway": "tertiary"}}, {"type": "Feature", "geometry": {"type": "LineString", "coordinates": [[-70.38338, -23.58601], [-70.38372, -23.58587]]}, "properties": {"name": "Pasaje Río Doñihue", "highway": "living_street"}}, {"type": "Feature", "geometry": {"type": "LineString", "coordinates": [[-70.38434, -23.58515], [-70.38285, -23.58577]]}, "properties": {"name": "Río Limarí", "highway": "living_street"}}, {"type": "Feature", "geometry": {"type": "LineString", "coordinates": [[-70.38399, -23.58643], [-70.38395, -23.58689]]}, "properties": {"name": "Pasaje Río Imperial", "highway": "living_street"}}, {"type": "Feature", "geometry": {"type": "LineString", "coordinates": [[-70.37593, -23.58646], [-70.37659, -23.58649]]}, "properties": {"name": "Cabo Juan Bolívar", "highway": "tertiary"}}, {"type": "Feature", "geometry": {"type": "LineString", "coordinates": [[-70.37593, -23.58294], [-70.37579, -23.58472]]}, "properties": {"name": "Río Camarones", "highway": "residential"}}, {"type": "Feature", "geometry": {"type": "LineString", "coordinates": [[-70.38304, -23.58683], [-70.38555, -23.58699]]}, "properties": {"name": "Cabo Juan Bolívar", "highway": "tertiary"}}, {"type": "Feature", "geometry": {"type": "LineString", "coordinates": [[-70.37884, -23.58654], [-70.38304, -23.58683]]}, "properties": {"name": "Cabo Juan Bolívar", "highway": "tertiary"}}, {"type": "Feature", "geometry": {"type": "LineString", "coordinates": [[-70.37659, -23.58649], [-70.37884, -23.58654]]}, "properties": {"name": "Cabo Juan Bolívar", "highway": "tertiary"}}, {"type": "Feature", "geometry": {"type": "LineString", "coordinates": [[-70.38283, -23.58946], [-70.38289, -23.59097]]}, "properties": {"name": "El Roble", "highway": "residential"}}, {"type": "Feature", "geometry": {"type": "LineString", "coordinates": [[-70.38077, -23.59255], [-70.38083, -23.58933]]}, "properties": {"name": "Huamachuco", "highway": "tertiary"}}, {"type": "Feature", "geometry": {"type": "LineString", "coordinates": [[-70.37876, -23.59096], [-70.37858, -23.59253]]}, "properties": {"name": "General Óscar Bonilla", "highway": "secondary"}}, {"type": "Feature", "geometry": {"type": "LineString", "coordinates": [[-70.37884, -23.58654], [-70.3788, -23.58919]]}, "properties": {"name": "General Óscar Bonilla", "highway": "secondary"}}, {"type": "Feature", "geometry": {"type": "LineString", "coordinates": [[-70.3808, -23.59099], [-70.37876, -23.59096]]}, "properties": {"name": "Clodomiro Rozas", "highway": "residential"}}, {"type": "Feature", "geometry": {"type": "LineString", "coordinates": [[-70.38471, -23.59097], [-70.38289, -23.59097]]}, "properties": {"name": "Clodomiro Rozas", "highway": "residential"}}, {"type": "Feature", "geometry": {"type": "LineString", "coordinates": [[-70.38289, -23.59097], [-70.38287, -23.59255]]}, "properties": {"name": "El Roble", "highway": "residential"}}, {"type": "Feature", "geometry": {"type": "LineString", "coordinates": [[-70.38243, -23.59247], [-70.38238, -23.5917]]}, "properties": {"name": "Lorenzo Arenas", "highway": "living_street"}}, {"type": "Feature", "geometry": {"type": "LineString", "coordinates": [[-70.38073, -23.61401], [-70.38416, -23.61943]]}, "properties": {"name": "Osorno", "highway": "residential"}}, {"type": "Feature", "geometry": {"type": "LineString", "coordinates": [[-70.37909, -23.61251], [-70.37876, -23.61192], [-70.37876, -23.61102]]}, "properties": {"name": "Calbuco", "highway": "residential"}}, {"type": "Feature", "geometry": {"type": "LineString", "coordinates": [[-70.37547, -23.62107], [-70.37738, -23.62053], [-70.37837, -23.62002]]}, "properties": {"name": "Vicuña", "highway": "residential"}}, {"type": "Feature", "geometry": {"type": "LineString", "coordinates": [[-70.37889, -23.61974], [-70.37651, -23.61601]]}, "properties": {"name": "Punta Arenas", "highway": "residential"}}, {"type": "Feature", "geometry": {"type": "LineString", "coordinates": [[-70.37895, -23.62094], [-70.37566, -23.62216]]}, "properties": {"name": "Víctor Jara", "highway": "secondary"}}, {"type": "Feature", "geometry": {"type": "LineString", "coordinates": [[-70.37743, -23.59656], [-70.37741, -23.59621]]}, "properties": {"name": "Pasaje Oriental", "highway": "living_street"}}, {"type": "Feature", "geometry": {"type": "LineString", "coordinates": [[-70.37735, -23.59525], [-70.37779, -23.59524]]}, "properties": {"name": "Eduardo Vigil", "highway": "living_street"}}, {"type": "Feature", "geometry": {"type": "LineString", "coordinates": [[-70.37366, -23.5961], [-70.37467, -23.59605]]}, "properties": {"name": "Juan Gutenberg", "highway": "residential"}}, {"type": "Feature", "geometry": {"type": "LineString", "coordinates": [[-70.375, -23.59424], [-70.37567, -23.59412]]}, "properties": {"name": "Guardiamarina Arturo Fernández", "highway": "living_street"}}, {"type": "Feature", "geometry": {"type": "LineString", "coordinates": [[-70.3788, -23.58919], [-70.38446, -23.58957]]}, "properties": {"name": "Sargento Manuel Silva", "highway": "tertiary"}}, {"type": "Feature", "geometry": {"type": "LineString", "coordinates": [[-70.37852, -23.59724], [-70.37763, -23.59727], [-70.3771, -23.59708]]}, "properties": {"name": "Mateo de Toro y Zambrano", "highway": "tertiary"}}, {"type": "Feature", "geometry": {"type": "LineString", "coordinates": [[-70.37581, -23.59948], [-70.37489, -23.59932]]}, "properties": {"name": "Juvenal Morla", "highway": "tertiary"}}, {"type": "Feature", "geometry": {"type": "LineString", "coordinates": [[-70.37473, -23.59687], [-70.3737, -23.59694]]}, "properties": {"name": "Mateo de Toro y Zambrano", "highway": "residential"}}, {"type": "Feature", "geometry": {"type": "LineString", "coordinates": [[-70.3743, -23.59862], [-70.37471, -23.59859]]}, "properties": {"name": "Sargento Candelaria", "highway": "living_street"}}, {"type": "Feature", "geometry": {"type": "LineString", "coordinates": [[-70.37426, -23.59796], [-70.37467, -23.59794]]}, "properties": {"name": "Juan Glasinovic", "highway": "living_street"}}, {"type": "Feature", "geometry": {"type": "LineString", "coordinates": [[-70.37289, -23.6018], [-70.37267, -23.59941]]}, "properties": {"name": "Juan Ferraro", "highway": "residential"}}, {"type": "Feature", "geometry": {"type": "LineString", "coordinates": [[-70.37589, -23.60033], [-70.37595, -23.60035]]}, "properties": {"name": "Eduardo Barrios", "highway": "living_street"}}, {"type": "Feature", "geometry": {"type": "LineString", "coordinates": [[-70.37495, -23.60039], [-70.37589, -23.60033]]}, "properties": {"name": "Eduardo Barrios", "highway": "living_street"}}, {"type": "Feature", "geometry": {"type": "LineString", "coordinates": [[-70.37302, -23.60359], [-70.37221, -23.60364]]}, "properties": {"name": "Irarrázabal", "highway": "residential"}}, {"type": "Feature", "geometry": {"type": "LineString", "coordinates": [[-70.3731, -23.60272], [-70.3749, -23.60256]]}, "properties": {"name": "Flor de Chile", "highway": "residential"}}, {"type": "Feature", "geometry": {"type": "LineString", "coordinates": [[-70.37506, -23.60355], [-70.37503, -23.60159]]}, "properties": {"name": "Luis Cruz Martínez", "highway": "tertiary"}}, {"type": "Feature", "geometry": {"type": "LineString", "coordinates": [[-70.37274, -23.60023], [-70.37255, -23.60024]]}, "properties": {"name": "Eduardo Barrios", "highway": "residential"}}, {"type": "Feature", "geometry": {"type": "LineString", "coordinates": [[-70.37243, -23.60102], [-70.37224, -23.60104]]}, "properties": {"name": "Juan Antonio Ríos", "highway": "living_street"}}, {"type": "Feature", "geometry": {"type": "LineString", "coordinates": [[-70.37262, -23.5985], [-70.37244, -23.59851]]}, "properties": {"name": "Sargento Candelaria", "highway": "living_street"}}, {"type": "Feature", "geometry": {"type": "LineString", "coordinates": [[-70.37249, -23.59689], [-70.37244, -23.59568]]}, "properties": {"name": "Río Blanco", "highway": "residential"}}, {"type": "Feature", "geometry": {"type": "LineString", "coordinates": [[-70.37496, -23.6035], [-70.37485, -23.60158]]}, "properties": {"name": "Luis Cruz Martínez", "highway": "living_street"}}, {"type": "Feature", "geometry": {"type": "LineString", "coordinates": [[-70.37654, -23.60064], [-70.37625, -23.60066]]}, "properties": {"name": "Pasaje Cunco", "highway": "living_street"}}, {"type": "Feature", "geometry": {"type": "LineString", "coordinates": [[-70.37753, -23.60305], [-70.377, -23.60305]]}, "properties": {"name": "Enrique Villegas", "highway": "residential"}}, {"type": "Feature", "geometry": {"type": "LineString", "coordinates": [[-70.37797, -23.59843], [-70.378, -23.59728]]}, "properties": {"name": "Julio Montt Salamanca", "highway": "living_street"}}, {"type": "Feature", "geometry": {"type": "LineString", "coordinates": [[-70.37737, -23.60785], [-70.37754, -23.60702]]}, "properties": {"name": "Avenida Los Leones", "highway": "living_street"}}, {"type": "Feature", "geometry": {"type": "LineString", "coordinates": [[-70.37759, -23.60629], [-70.37698, -23.60629]]}, "properties": {"name": "Abate Molina", "highway": "living_street"}}, {"type": "Feature", "geometry": {"type": "LineString", "coordinates": [[-70.37654, -23.60471], [-70.3776, -23.60472]]}, "properties": {"name": "Agustinas", "highway": "residential"}}, {"type": "Feature", "geometry": {"type": "LineString", "coordinates": [[-70.37967, -23.60662], [-70.38026, -23.60667]]}, "properties": {"name": "Abate Molina", "highway": "living_street"}}, {"type": "Feature", "geometry": {"type": "LineString", "coordinates": [[-70.3776, -23.60398], [-70.37761, -23.6037]]}, "properties": {"name": "Avenida Los Leones", "highway": "residential"}}, {"type": "Feature", "geometry": {"type": "LineString", "coordinates": [[-70.37761, -23.6037], [-70.3777, -23.60364]]}, "properties": {"name": "Avenida Los Leones", "highway": "residential"}}, {"type": "Feature", "geometry": {"type": "LineString", "coordinates": [[-70.37777, -23.60629], [-70.37759, -23.60629]]}, "properties": {"name": "Abate Molina", "highway": "residential"}}, {"type": "Feature", "geometry": {"type": "LineString", "coordinates": [[-70.3776, -23.60472], [-70.37775, -23.60472]]}, "properties": {"name": "Agustinas", "highway": "residential"}}, {"type": "Feature", "geometry": {"type": "LineString", "coordinates": [[-70.37947, -23.60601], [-70.37845, -23.6059]]}, "properties": {"name": "Merced", "highway": "residential"}}, {"type": "Feature", "geometry": {"type": "LineString", "coordinates": [[-70.37974, -23.60603], [-70.37947, -23.60601]]}, "properties": {"name": "Merced", "highway": "residential"}}, {"type": "Feature", "geometry": {"type": "LineString", "coordinates": [[-70.37774, -23.604], [-70.3776, -23.60398]]}, "properties": {"name": "Monjitas", "highway": "residential"}}, {"type": "Feature", "geometry": {"type": "LineString", "coordinates": [[-70.37506, -23.5762], [-70.37446, -23.5775]]}, "properties": {"name": "Los Pumas", "highway": "tertiary"}}, {"type": "Feature", "geometry": {"type": "LineString", "coordinates": [[-70.37439, -23.57869], [-70.3751, -23.57771]]}, "properties": {"name": "Pasaje Chela Lira", "highway": "living_street"}}, {"type": "Feature", "geometry": {"type": "LineString", "coordinates": [[-70.37658, -23.57536], [-70.37584, -23.57647]]}, "properties": {"name": "Pasaje Chela Lira", "highway": "living_street"}}, {"type": "Feature", "geometry": {"type": "LineString", "coordinates": [[-70.37631, -23.5781], [-70.37684, -23.57681]]}, "properties": {"name": "Neftalí Agrella", "highway": "residential"}}, {"type": "Feature", "geometry": {"type": "LineString", "coordinates": [[-70.37631, -23.57761], [-70.37579, -23.57744]]}, "properties": {"name": "Juan Lorenzo Mandiola", "highway": "living_street"}}, {"type": "Feature", "geometry": {"type": "LineString", "coordinates": [[-70.37608, -23.57699], [-70.37651, -23.57713]]}, "properties": {"name": "Gustavo Le Paige", "highway": "residential"}}, {"type": "Feature", "geometry": {"type": "LineString", "coordinates": [[-70.37713, -23.57534], [-70.37553, -23.57785]]}, "properties": {"name": "Pasaje Samuel Bañados Morris", "highway": "living_street"}}, {"type": "Feature", "geometry": {"type": "LineString", "coordinates": [[-70.37975, -23.58156], [-70.37928, -23.58153]]}, "properties": {"name": "Julio Montt Salamanca", "highway": "residential"}}, {"type": "Feature", "geometry": {"type": "LineString", "coordinates": [[-70.37781, -23.58402], [-70.37797, -23.58209]]}, "properties": {"name": "Raúl Cisternas", "highway": "living_street"}}, {"type": "Feature", "geometry": {"type": "LineString", "coordinates": [[-70.37797, -23.58209], [-70.37802, -23.58144]]}, "properties": {"name": "Raúl Cisternas", "highway": "residential"}}, {"type": "Feature", "geometry": {"type": "LineString", "coordinates": [[-70.38145, -23.62536], [-70.381, -23.62467]]}, "properties": {"name": "Gregorio Marañón", "highway": "living_street"}}, {"type": "Feature", "geometry": {"type": "LineString", "coordinates": [[-70.40023, -23.65689], [-70.40001, -23.6571]]}, "properties": {"name": "", "highway": "living_street"}}, {"type": "Feature", "geometry": {"type": "LineString", "coordinates": [[-70.40891, -23.69123], [-70.40891, -23.69128]]}, "properties": {"name": "", "highway": "living_street"}}, {"type": "Feature", "geometry": {"type": "LineString", "coordinates": [[-70.3785, -23.5983], [-70.37981, -23.59823]]}, "properties": {"name": "Sargento Candelaria Pérez", "highway": "residential"}}, {"type": "Feature", "geometry": {"type": "LineString", "coordinates": [[-70.41013, -23.69416], [-70.41026, -23.6941]]}, "properties": {"name": "José Bernardo Tagle", "highway": "residential"}}, {"type": "Feature", "geometry": {"type": "LineString", "coordinates": [[-70.40913, -23.69421], [-70.41013, -23.69416]]}, "properties": {"name": "José Bernardo Tagle", "highway": "residential"}}, {"type": "Feature", "geometry": {"type": "LineString", "coordinates": [[-70.41196, -23.69604], [-70.41184, -23.69403]]}, "properties": {"name": "Mar del Plata", "highway": "tertiary"}}, {"type": "Feature", "geometry": {"type": "LineString", "coordinates": [[-70.41239, -23.69454], [-70.41247, -23.69601]]}, "properties": {"name": "Santa Inés", "highway": "residential"}}, {"type": "Feature", "geometry": {"type": "LineString", "coordinates": [[-70.41218, -23.69779], [-70.41213, -23.69816]]}, "properties": {"name": "Santa Inés", "highway": "residential"}}, {"type": "Feature", "geometry": {"type": "LineString", "coordinates": [[-70.40848, -23.69609], [-70.40839, -23.69609]]}, "properties": {"name": "Purey", "highway": "living_street"}}, {"type": "Feature", "geometry": {"type": "LineString", "coordinates": [[-70.40891, -23.69128], [-70.4089, -23.69163]]}, "properties": {"name": "", "highway": "living_street"}}, {"type": "Feature", "geometry": {"type": "LineString", "coordinates": [[-70.40528, -23.69679], [-70.40524, -23.69622]]}, "properties": {"name": "Pasaje Santa Guillermina", "highway": "living_street"}}, {"type": "Feature", "geometry": {"type": "LineString", "coordinates": [[-70.40629, -23.6969], [-70.40625, -23.69613]]}, "properties": {"name": "Pasaje Santa Guillermina", "highway": "living_street"}}, {"type": "Feature", "geometry": {"type": "LineString", "coordinates": [[-70.40606, -23.69692], [-70.40605, -23.69688]]}, "properties": {"name": "Pasaje Santa Guillermina", "highway": "living_street"}}, {"type": "Feature", "geometry": {"type": "LineString", "coordinates": [[-70.42245, -23.70588], [-70.42282, -23.70676]]}, "properties": {"name": "Travesía de la Plaza", "highway": "residential"}}, {"type": "Feature", "geometry": {"type": "LineString", "coordinates": [[-70.43107, -23.71068], [-70.43134, -23.7106]]}, "properties": {"name": "Las Alpacas", "highway": "living_street"}}, {"type": "Feature", "geometry": {"type": "LineString", "coordinates": [[-70.43117, -23.71038], [-70.43138, -23.71066]]}, "properties": {"name": "Las Vicuñas", "highway": "living_street"}}, {"type": "Feature", "geometry": {"type": "LineString", "coordinates": [[-70.42518, -23.71012], [-70.42547, -23.71024]]}, "properties": {"name": "Travesía de los Vientos", "highway": "living_street"}}, {"type": "Feature", "geometry": {"type": "LineString", "coordinates": [[-70.42667, -23.71023], [-70.42598, -23.71046]]}, "properties": {"name": "Subida de la Quebrada", "highway": "residential"}}, {"type": "Feature", "geometry": {"type": "LineString", "coordinates": [[-70.42125, -23.70908], [-70.42136, -23.7089]]}, "properties": {"name": "Avenida Escondida", "highway": "residential"}}, {"type": "Feature", "geometry": {"type": "LineString", "coordinates": [[-70.4301, -23.71339], [-70.43042, -23.71381], [-70.4301, -23.71339]]}, "properties": {"name": "Valle Apacible", "highway": "residential"}}, {"type": "Feature", "geometry": {"type": "LineString", "coordinates": [[-70.43121, -23.71282], [-70.43188, -23.71416]]}, "properties": {"name": "Valle del Viento", "highway": "residential"}}, {"type": "Feature", "geometry": {"type": "LineString", "coordinates": [[-70.4161, -23.70396], [-70.41605, -23.70402]]}, "properties": {"name": "Borde Marino", "highway": "living_street"}}, {"type": "Feature", "geometry": {"type": "LineString", "coordinates": [[-70.41595, -23.70472], [-70.41602, -23.70475]]}, "properties": {"name": "Borde Marino", "highway": "living_street"}}, {"type": "Feature", "geometry": {"type": "LineString", "coordinates": [[-70.38023, -23.6359], [-70.37976, -23.63499], [-70.37908, -23.63433], [-70.37909, -23.63388]]}, "properties": {"name": "", "highway": "unclassified"}}, {"type": "Feature", "geometry": {"type": "LineString", "coordinates": [[-70.43015, -23.71465], [-70.43065, -23.71483]]}, "properties": {"name": "Leopoldo Quintero", "highway": "residential"}}, {"type": "Feature", "geometry": {"type": "LineString", "coordinates": [[-70.43102, -23.71504], [-70.43063, -23.7149]]}, "properties": {"name": "Leopoldo Quintero", "highway": "residential"}}, {"type": "Feature", "geometry": {"type": "LineString", "coordinates": [[-70.43063, -23.7149], [-70.43014, -23.71476]]}, "properties": {"name": "Leopoldo Quintero", "highway": "residential"}}, {"type": "Feature", "geometry": {"type": "LineString", "coordinates": [[-70.43168, -23.7137], [-70.4316, -23.71374]]}, "properties": {"name": "Valle del Viento", "highway": "residential"}}, {"type": "Feature", "geometry": {"type": "LineString", "coordinates": [[-70.43148, -23.7135], [-70.43156, -23.71347]]}, "properties": {"name": "Valle del Viento", "highway": "residential"}}, {"type": "Feature", "geometry": {"type": "LineString", "coordinates": [[-70.43138, -23.71331], [-70.43146, -23.71327]]}, "properties": {"name": "Valle del Viento", "highway": "residential"}}, {"type": "Feature", "geometry": {"type": "LineString", "coordinates": [[-70.39315, -23.59279], [-70.39258, -23.59278]]}, "properties": {"name": "", "highway": "living_street"}}, {"type": "Feature", "geometry": {"type": "LineString", "coordinates": [[-70.40289, -23.67334], [-70.40285, -23.67327]]}, "properties": {"name": "Carlos Pezoa Véliz", "highway": "residential"}}, {"type": "Feature", "geometry": {"type": "LineString", "coordinates": [[-70.40289, -23.67334], [-70.40188, -23.67382]]}, "properties": {"name": "Homero Ávila", "highway": "secondary"}}, {"type": "Feature", "geometry": {"type": "LineString", "coordinates": [[-70.39642, -23.62845], [-70.39627, -23.63096], [-70.3958, -23.63251], [-70.39584, -23.63669]]}, "properties": {"name": "Avenida Edmundo Pérez Zujovic", "highway": "trunk"}}, {"type": "Feature", "geometry": {"type": "LineString", "coordinates": [[-70.39024, -23.67014], [-70.39018, -23.67035], [-70.38898, -23.67062], [-70.38771, -23.67059]]}, "properties": {"name": "", "highway": "residential"}}, {"type": "Feature", "geometry": {"type": "LineString", "coordinates": [[-70.39089, -23.66928], [-70.39095, -23.66949]]}, "properties": {"name": "Copihue", "highway": "residential"}}, {"type": "Feature", "geometry": {"type": "LineString", "coordinates": [[-70.38248, -23.58285], [-70.38272, -23.58286]]}, "properties": {"name": "Turi", "highway": "residential"}}, {"type": "Feature", "geometry": {"type": "LineString", "coordinates": [[-70.37983, -23.58804], [-70.38094, -23.58807]]}, "properties": {"name": "Vicente Muñoz", "highway": "living_street"}}, {"type": "Feature", "geometry": {"type": "LineString", "coordinates": [[-70.40555, -23.67322], [-70.40551, -23.67313]]}, "properties": {"name": "Gabriela Mistral", "highway": "living_street"}}, {"type": "Feature", "geometry": {"type": "LineString", "coordinates": [[-70.40559, -23.6733], [-70.40555, -23.67322]]}, "properties": {"name": "Gabriela Mistral", "highway": "living_street"}}, {"type": "Feature", "geometry": {"type": "LineString", "coordinates": [[-70.37869, -23.61509], [-70.37814, -23.61422]]}, "properties": {"name": "Puerto Montt", "highway": "residential"}}, {"type": "Feature", "geometry": {"type": "LineString", "coordinates": [[-70.37659, -23.61719], [-70.37568, -23.61571], [-70.37526, -23.61452]]}, "properties": {"name": "Puerto Natales", "highway": "tertiary"}}, {"type": "Feature", "geometry": {"type": "LineString", "coordinates": [[-70.38133, -23.62468], [-70.37895, -23.62094]]}, "properties": {"name": "Puerto Natales", "highway": "tertiary"}}, {"type": "Feature", "geometry": {"type": "LineString", "coordinates": [[-70.38361, -23.62735], [-70.38363, -23.62726]]}, "properties": {"name": "Vallenar", "highway": "residential"}}, {"type": "Feature", "geometry": {"type": "LineString", "coordinates": [[-70.38582, -23.65042], [-70.38702, -23.64974]]}, "properties": {"name": "Bogota", "highway": "living_street"}}, {"type": "Feature", "geometry": {"type": "LineString", "coordinates": [[-70.3883, -23.6041], [-70.38838, -23.60403]]}, "properties": {"name": "Avenida Antonio Rendic", "highway": "secondary"}}, {"type": "Feature", "geometry": {"type": "LineString", "coordinates": [[-70.38816, -23.60433], [-70.3883, -23.6041]]}, "properties": {"name": "Avenida Antonio Rendic", "highway": "secondary"}}, {"type": "Feature", "geometry": {"type": "LineString", "coordinates": [[-70.38288, -23.61219], [-70.38271, -23.6125]]}, "properties": {"name": "Avenida Antonio Rendic", "highway": "secondary"}}, {"type": "Feature", "geometry": {"type": "LineString", "coordinates": [[-70.38262, -23.61246], [-70.38288, -23.61219]]}, "properties": {"name": "Avenida Antonio Rendic", "highway": "secondary"}}, {"type": "Feature", "geometry": {"type": "LineString", "coordinates": [[-70.38211, -23.61339], [-70.38262, -23.61246]]}, "properties": {"name": "Avenida Antonio Rendic", "highway": "secondary"}}, {"type": "Feature", "geometry": {"type": "LineString", "coordinates": [[-70.38288, -23.61219], [-70.38445, -23.60984]]}, "properties": {"name": "Avenida Antonio Rendic", "highway": "secondary"}}, {"type": "Feature", "geometry": {"type": "LineString", "coordinates": [[-70.37978, -23.60358], [-70.37976, -23.60334]]}, "properties": {"name": "General Óscar Bonilla", "highway": "tertiary"}}, {"type": "Feature", "geometry": {"type": "LineString", "coordinates": [[-70.37897, -23.611], [-70.37978, -23.60358]]}, "properties": {"name": "General Óscar Bonilla", "highway": "tertiary"}}, {"type": "Feature", "geometry": {"type": "LineString", "coordinates": [[-70.37956, -23.60356], [-70.37978, -23.60358]]}, "properties": {"name": "Irarrázabal", "highway": "secondary"}}, {"type": "Feature", "geometry": {"type": "LineString", "coordinates": [[-70.37766, -23.60347], [-70.37956, -23.60356]]}, "properties": {"name": "Irarrázabal", "highway": "secondary"}}, {"type": "Feature", "geometry": {"type": "LineString", "coordinates": [[-70.37742, -23.60347], [-70.37766, -23.60347]]}, "properties": {"name": "Irarrázabal", "highway": "tertiary"}}, {"type": "Feature", "geometry": {"type": "LineString", "coordinates": [[-70.37789, -23.60354], [-70.37768, -23.60354]]}, "properties": {"name": "Irarrázabal", "highway": "secondary"}}, {"type": "Feature", "geometry": {"type": "LineString", "coordinates": [[-70.37766, -23.60347], [-70.37768, -23.60354]]}, "properties": {"name": "Avenida Los Leones", "highway": "secondary"}}, {"type": "Feature", "geometry": {"type": "LineString", "coordinates": [[-70.37761, -23.60328], [-70.37766, -23.60347]]}, "properties": {"name": "Avenida Los Leones", "highway": "secondary"}}, {"type": "Feature", "geometry": {"type": "LineString", "coordinates": [[-70.37768, -23.60354], [-70.37771, -23.6037]]}, "properties": {"name": "Avenida Los Leones", "highway": "secondary"}}, {"type": "Feature", "geometry": {"type": "LineString", "coordinates": [[-70.37771, -23.6037], [-70.37768, -23.60784]]}, "properties": {"name": "Avenida Los Leones", "highway": "secondary"}}, {"type": "Feature", "geometry": {"type": "LineString", "coordinates": [[-70.38657, -23.58707], [-70.38665, -23.58621], [-70.38636, -23.58475]]}, "properties": {"name": "", "highway": "residential"}}, {"type": "Feature", "geometry": {"type": "LineString", "coordinates": [[-70.38623, -23.58468], [-70.38565, -23.58494], [-70.3849, -23.58491]]}, "properties": {"name": "", "highway": "residential"}}, {"type": "Feature", "geometry": {"type": "LineString", "coordinates": [[-70.35573, -23.65319], [-70.35574, -23.65262], [-70.3554, -23.65239], [-70.35471, -23.65302], [-70.35441, -23.65299], [-70.35518, -23.65084], [-70.3562, -23.65082], [-70.35675, -23.65044], [-70.35755, -23.65023], [-70.35808, -23.6494], [-70.35864, -23.649], [-70.36078, -23.64947], [-70.36118, -23.64921], [-70.36118, -23.64879], [-70.36181, -23.64843], [-70.36552, -23.64822], [-70.36624, -23.64627], [-70.36732, -23.64561], [-70.36864, -23.64518], [-70.36883, -23.64466], [-70.36946, -23.6448], [-70.36982, -23.64463]]}, "properties": {"name": "", "highway": "unclassified"}}, {"type": "Feature", "geometry": {"type": "LineString", "coordinates": [[-70.38842, -23.66065], [-70.38824, -23.66045]]}, "properties": {"name": "Quebrada Baquedano", "highway": "residential"}}, {"type": "Feature", "geometry": {"type": "LineString", "coordinates": [[-70.38003, -23.63512], [-70.37928, -23.63404]]}, "properties": {"name": "", "highway": "unclassified"}}, {"type": "Feature", "geometry": {"type": "LineString", "coordinates": [[-70.38256, -23.58176], [-70.38231, -23.58174]]}, "properties": {"name": "Julio Montt Salamanca", "highway": "residential"}}, {"type": "Feature", "geometry": {"type": "LineString", "coordinates": [[-70.38307, -23.58179], [-70.38256, -23.58176]]}, "properties": {"name": "Julio Montt Salamanca", "highway": "residential"}}, {"type": "Feature", "geometry": {"type": "LineString", "coordinates": [[-70.40201, -23.66908], [-70.40098, -23.66953]]}, "properties": {"name": "Chillán", "highway": "residential"}}, {"type": "Feature", "geometry": {"type": "LineString", "coordinates": [[-70.38937, -23.6469], [-70.38925, -23.64669]]}, "properties": {"name": "Manuel Rodríguez", "highway": "residential"}}, {"type": "Feature", "geometry": {"type": "LineString", "coordinates": [[-70.38977, -23.64395], [-70.39013, -23.64359]]}, "properties": {"name": "Porras", "highway": "residential"}}, {"type": "Feature", "geometry": {"type": "LineString", "coordinates": [[-70.39032, -23.58329], [-70.39056, -23.58063]]}, "properties": {"name": "Avenida Pedro Aguirre Cerda", "highway": "primary"}}, {"type": "Feature", "geometry": {"type": "LineString", "coordinates": [[-70.37346, -23.57954], [-70.37376, -23.57882]]}, "properties": {"name": "", "highway": "residential"}}, {"type": "Feature", "geometry": {"type": "LineString", "coordinates": [[-70.37339, -23.5787], [-70.3733, -23.57943], [-70.37346, -23.57954]]}, "properties": {"name": "", "highway": "residential"}}, {"type": "Feature", "geometry": {"type": "LineString", "coordinates": [[-70.41315, -23.69535], [-70.41315, -23.69474]]}, "properties": {"name": "", "highway": "living_street"}}, {"type": "Feature", "geometry": {"type": "LineString", "coordinates": [[-70.39069, -23.57827], [-70.3907, -23.57813]]}, "properties": {"name": "Avenida Pedro Aguirre Cerda", "highway": "tertiary"}}, {"type": "Feature", "geometry": {"type": "LineString", "coordinates": [[-70.42051, -23.69802], [-70.4195, -23.69851]]}, "properties": {"name": "Avenida de la Minería", "highway": "trunk"}}, {"type": "Feature", "geometry": {"type": "LineString", "coordinates": [[-70.41925, -23.69816], [-70.42018, -23.6976]]}, "properties": {"name": "Avenida de la Minería", "highway": "trunk"}}, {"type": "Feature", "geometry": {"type": "LineString", "coordinates": [[-70.42069, -23.69728], [-70.42124, -23.69677]]}, "properties": {"name": "Avenida de la Minería", "highway": "trunk"}}, {"type": "Feature", "geometry": {"type": "LineString", "coordinates": [[-70.42174, -23.69772], [-70.42156, -23.6974]]}, "properties": {"name": "Avenida Universidad de Antofagasta", "highway": "secondary"}}, {"type": "Feature", "geometry": {"type": "LineString", "coordinates": [[-70.40822, -23.69937], [-70.40595, -23.69891]]}, "properties": {"name": "", "highway": "residential"}}, {"type": "Feature", "geometry": {"type": "LineString", "coordinates": [[-70.4216, -23.69586], [-70.42156, -23.69519]]}, "properties": {"name": "Avenida Ejército", "highway": "trunk"}}, {"type": "Feature", "geometry": {"type": "LineString", "coordinates": [[-70.41121, -23.6998], [-70.41088, -23.69974]]}, "properties": {"name": "Avenida de la Minería", "highway": "trunk"}}, {"type": "Feature", "geometry": {"type": "LineString", "coordinates": [[-70.41214, -23.70031], [-70.41214, -23.70019]]}, "properties": {"name": "Avenida Argentina", "highway": "primary"}}, {"type": "Feature", "geometry": {"type": "LineString", "coordinates": [[-70.41214, -23.70019], [-70.41214, -23.70013]]}, "properties": {"name": "Avenida Argentina", "highway": "primary"}}, {"type": "Feature", "geometry": {"type": "LineString", "coordinates": [[-70.39105, -23.57656], [-70.3912, -23.57668]]}, "properties": {"name": "Arturo Pérez Canto", "highway": "secondary"}}, {"type": "Feature", "geometry": {"type": "LineString", "coordinates": [[-70.40053, -23.65428], [-70.40031, -23.65409]]}, "properties": {"name": "Pasaje Chile", "highway": "living_street"}}, {"type": "Feature", "geometry": {"type": "LineString", "coordinates": [[-70.37549, -23.58613], [-70.3755, -23.58645]]}, "properties": {"name": "", "highway": "residential"}}, {"type": "Feature", "geometry": {"type": "LineString", "coordinates": [[-70.37573, -23.58595], [-70.37549, -23.58613]]}, "properties": {"name": "", "highway": "residential"}}, {"type": "Feature", "geometry": {"type": "LineString", "coordinates": [[-70.41215, -23.69844], [-70.41218, -23.69851]]}, "properties": {"name": "Avenida Argentina", "highway": "primary"}}, {"type": "Feature", "geometry": {"type": "LineString", "coordinates": [[-70.41218, -23.69851], [-70.41222, -23.69879]]}, "properties": {"name": "Avenida Argentina", "highway": "primary"}}, {"type": "Feature", "geometry": {"type": "LineString", "coordinates": [[-70.41208, -23.69849], [-70.41215, -23.69844]]}, "properties": {"name": "Avenida Angamos", "highway": "secondary"}}, {"type": "Feature", "geometry": {"type": "LineString", "coordinates": [[-70.41218, -23.69851], [-70.41208, -23.69849]]}, "properties": {"name": "Avenida Angamos", "highway": "secondary"}}, {"type": "Feature", "geometry": {"type": "LineString", "coordinates": [[-70.41167, -23.69772], [-70.41172, -23.69742]]}, "properties": {"name": "Mar del Plata", "highway": "tertiary"}}, {"type": "Feature", "geometry": {"type": "LineString", "coordinates": [[-70.41164, -23.69788], [-70.41167, -23.69772]]}, "properties": {"name": "Mar del Plata", "highway": "tertiary"}}, {"type": "Feature", "geometry": {"type": "LineString", "coordinates": [[-70.39133, -23.62198], [-70.39303, -23.62278]]}, "properties": {"name": "Avenida Sargento Aldea", "highway": "primary"}}, {"type": "Feature", "geometry": {"type": "LineString", "coordinates": [[-70.39092, -23.62178], [-70.39133, -23.62198]]}, "properties": {"name": "Avenida Sargento Aldea", "highway": "primary"}}, {"type": "Feature", "geometry": {"type": "LineString", "coordinates": [[-70.39015, -23.6217], [-70.39007, -23.62171]]}, "properties": {"name": "Pisagua", "highway": "secondary"}}, {"type": "Feature", "geometry": {"type": "LineString", "coordinates": [[-70.39042, -23.62171], [-70.39016, -23.62158]]}, "properties": {"name": "Avenida Sargento Aldea", "highway": "primary"}}, {"type": "Feature", "geometry": {"type": "LineString", "coordinates": [[-70.39016, -23.62158], [-70.39011, -23.62155]]}, "properties": {"name": "Avenida Sargento Aldea", "highway": "primary"}}, {"type": "Feature", "geometry": {"type": "LineString", "coordinates": [[-70.39012, -23.62159], [-70.39016, -23.62158]]}, "properties": {"name": "Pisagua", "highway": "secondary"}}, {"type": "Feature", "geometry": {"type": "LineString", "coordinates": [[-70.39012, -23.62159], [-70.39015, -23.6217]]}, "properties": {"name": "Avenida Pedro Aguirre Cerda", "highway": "tertiary"}}, {"type": "Feature", "geometry": {"type": "LineString", "coordinates": [[-70.38974, -23.62176], [-70.39005, -23.62162]]}, "properties": {"name": "Pisagua", "highway": "secondary"}}, {"type": "Feature", "geometry": {"type": "LineString", "coordinates": [[-70.39015, -23.6217], [-70.39025, -23.62219]]}, "properties": {"name": "Avenida Pedro Aguirre Cerda", "highway": "tertiary"}}, {"type": "Feature", "geometry": {"type": "LineString", "coordinates": [[-70.39007, -23.62171], [-70.39005, -23.62162]]}, "properties": {"name": "Avenida Pedro Aguirre Cerda", "highway": "tertiary"}}, {"type": "Feature", "geometry": {"type": "LineString", "coordinates": [[-70.39025, -23.62219], [-70.3903, -23.62249]]}, "properties": {"name": "Avenida Pedro Aguirre Cerda", "highway": "tertiary"}}, {"type": "Feature", "geometry": {"type": "LineString", "coordinates": [[-70.39095, -23.62485], [-70.39085, -23.62433]]}, "properties": {"name": "Illapel", "highway": "tertiary"}}, {"type": "Feature", "geometry": {"type": "LineString", "coordinates": [[-70.39085, -23.62433], [-70.39114, -23.62482]]}, "properties": {"name": "Avenida Mejillones", "highway": "tertiary"}}, {"type": "Feature", "geometry": {"type": "LineString", "coordinates": [[-70.3903, -23.62268], [-70.39085, -23.62433]]}, "properties": {"name": "Avenida Mejillones", "highway": "tertiary"}}, {"type": "Feature", "geometry": {"type": "LineString", "coordinates": [[-70.39346, -23.62298], [-70.39332, -23.62297]]}, "properties": {"name": "Avenida Sargento Aldea", "highway": "unclassified"}}, {"type": "Feature", "geometry": {"type": "LineString", "coordinates": [[-70.39457, -23.62355], [-70.39324, -23.62288]]}, "properties": {"name": "Avenida Sargento Aldea", "highway": "unclassified"}}, {"type": "Feature", "geometry": {"type": "LineString", "coordinates": [[-70.39332, -23.62297], [-70.39322, -23.6227]]}, "properties": {"name": "Pasaje Elqui", "highway": "primary"}}, {"type": "Feature", "geometry": {"type": "LineString", "coordinates": [[-70.39396, -23.6222], [-70.39383, -23.622]]}, "properties": {"name": "Avenida Edmundo Pérez Zujovic", "highway": "trunk"}}, {"type": "Feature", "geometry": {"type": "LineString", "coordinates": [[-70.39416, -23.62251], [-70.39396, -23.6222]]}, "properties": {"name": "Avenida Edmundo Pérez Zujovic", "highway": "trunk"}}, {"type": "Feature", "geometry": {"type": "LineString", "coordinates": [[-70.39262, -23.62291], [-70.3926, -23.62319]]}, "properties": {"name": "Iquique", "highway": "primary"}}, {"type": "Feature", "geometry": {"type": "LineString", "coordinates": [[-70.39255, -23.6227], [-70.39262, -23.62291]]}, "properties": {"name": "Iquique", "highway": "primary"}}, {"type": "Feature", "geometry": {"type": "LineString", "coordinates": [[-70.39255, -23.6227], [-70.39217, -23.62258]]}, "properties": {"name": "Avenida Sargento Aldea", "highway": "primary"}}, {"type": "Feature", "geometry": {"type": "LineString", "coordinates": [[-70.39341, -23.62301], [-70.39292, -23.6228]]}, "properties": {"name": "Avenida Sargento Aldea", "highway": "primary"}}, {"type": "Feature", "geometry": {"type": "LineString", "coordinates": [[-70.39511, -23.62393], [-70.39341, -23.62301]]}, "properties": {"name": "Avenida Sargento Aldea", "highway": "primary"}}, {"type": "Feature", "geometry": {"type": "LineString", "coordinates": [[-70.39217, -23.62258], [-70.39042, -23.62171]]}, "properties": {"name": "Avenida Sargento Aldea", "highway": "primary"}}, {"type": "Feature", "geometry": {"type": "LineString", "coordinates": [[-70.38891, -23.60421], [-70.3883, -23.6041]]}, "properties": {"name": "Irarrázabal", "highway": "secondary"}}, {"type": "Feature", "geometry": {"type": "LineString", "coordinates": [[-70.38838, -23.60403], [-70.38892, -23.60413]]}, "properties": {"name": "Irarrázabal", "highway": "secondary"}}, {"type": "Feature", "geometry": {"type": "LineString", "coordinates": [[-70.38919, -23.60276], [-70.38901, -23.60421]]}, "properties": {"name": "Avenida Pedro Aguirre Cerda", "highway": "primary"}}, {"type": "Feature", "geometry": {"type": "LineString", "coordinates": [[-70.38901, -23.60421], [-70.38871, -23.60906]]}, "properties": {"name": "Avenida Pedro Aguirre Cerda", "highway": "primary"}}, {"type": "Feature", "geometry": {"type": "LineString", "coordinates": [[-70.38901, -23.60421], [-70.38891, -23.60421]]}, "properties": {"name": "Irarrázabal", "highway": "secondary"}}, {"type": "Feature", "geometry": {"type": "LineString", "coordinates": [[-70.38891, -23.60421], [-70.38892, -23.60413]]}, "properties": {"name": "Avenida Pedro Aguirre Cerda", "highway": "primary"}}, {"type": "Feature", "geometry": {"type": "LineString", "coordinates": [[-70.38892, -23.60413], [-70.38901, -23.60421]]}, "properties": {"name": "Irarrázabal", "highway": "secondary"}}, {"type": "Feature", "geometry": {"type": "LineString", "coordinates": [[-70.38892, -23.60413], [-70.38907, -23.60302]]}, "properties": {"name": "Avenida Pedro Aguirre Cerda", "highway": "primary"}}, {"type": "Feature", "geometry": {"type": "LineString", "coordinates": [[-70.38907, -23.60302], [-70.38909, -23.60282]]}, "properties": {"name": "Avenida Pedro Aguirre Cerda", "highway": "primary"}}, {"type": "Feature", "geometry": {"type": "LineString", "coordinates": [[-70.38919, -23.60276], [-70.38907, -23.60302]]}, "properties": {"name": "Avenida Antonio Rendic", "highway": "secondary"}}, {"type": "Feature", "geometry": {"type": "LineString", "coordinates": [[-70.36024, -23.62867], [-70.35736, -23.62803]]}, "properties": {"name": "Ruta 26", "highway": "trunk"}}, {"type": "Feature", "geometry": {"type": "LineString", "coordinates": [[-70.38185, -23.5941], [-70.38198, -23.59409], [-70.38189, -23.5926]]}, "properties": {"name": "Bandera", "highway": "living_street"}}, {"type": "Feature", "geometry": {"type": "LineString", "coordinates": [[-70.3908, -23.60045], [-70.3906, -23.60159]]}, "properties": {"name": "Avenida El Yodo", "highway": "tertiary"}}, {"type": "Feature", "geometry": {"type": "LineString", "coordinates": [[-70.38939, -23.60022], [-70.38928, -23.6002]]}, "properties": {"name": "Artesanía", "highway": "tertiary"}}, {"type": "Feature", "geometry": {"type": "LineString", "coordinates": [[-70.3915, -23.59862], [-70.3913, -23.59897]]}, "properties": {"name": "Avenida El Yodo", "highway": "tertiary"}}, {"type": "Feature", "geometry": {"type": "LineString", "coordinates": [[-70.39162, -23.59832], [-70.39284, -23.59624]]}, "properties": {"name": "Avenida El Yodo", "highway": "tertiary"}}, {"type": "Feature", "geometry": {"type": "LineString", "coordinates": [[-70.39289, -23.59626], [-70.39169, -23.59836]]}, "properties": {"name": "Avenida El Yodo", "highway": "tertiary"}}, {"type": "Feature", "geometry": {"type": "LineString", "coordinates": [[-70.38445, -23.60984], [-70.38816, -23.60433]]}, "properties": {"name": "Avenida Antonio Rendic", "highway": "secondary"}}, {"type": "Feature", "geometry": {"type": "LineString", "coordinates": [[-70.38505, -23.6101], [-70.38518, -23.61029]]}, "properties": {"name": "Vitacura", "highway": "tertiary"}}, {"type": "Feature", "geometry": {"type": "LineString", "coordinates": [[-70.3851, -23.61032], [-70.38459, -23.60998]]}, "properties": {"name": "Vitacura", "highway": "tertiary"}}, {"type": "Feature", "geometry": {"type": "LineString", "coordinates": [[-70.3821, -23.60377], [-70.38229, -23.60377]]}, "properties": {"name": "Irarrázabal", "highway": "secondary"}}, {"type": "Feature", "geometry": {"type": "LineString", "coordinates": [[-70.37978, -23.60358], [-70.3821, -23.60377]]}, "properties": {"name": "Irarrázabal", "highway": "secondary"}}, {"type": "Feature", "geometry": {"type": "LineString", "coordinates": [[-70.38228, -23.60386], [-70.38229, -23.60377]]}, "properties": {"name": "Bandera", "highway": "tertiary"}}, {"type": "Feature", "geometry": {"type": "LineString", "coordinates": [[-70.38924, -23.60205], [-70.38919, -23.60276]]}, "properties": {"name": "Avenida Pedro Aguirre Cerda", "highway": "primary"}}, {"type": "Feature", "geometry": {"type": "LineString", "coordinates": [[-70.41639, -23.69482], [-70.41626, -23.6948]]}, "properties": {"name": "Avenida Cerro Paranal", "highway": "residential"}}, {"type": "Feature", "geometry": {"type": "LineString", "coordinates": [[-70.41626, -23.6948], [-70.4165, -23.69478]]}, "properties": {"name": "Avenida Cerro Paranal", "highway": "residential"}}, {"type": "Feature", "geometry": {"type": "LineString", "coordinates": [[-70.39025, -23.62251], [-70.39014, -23.62202]]}, "properties": {"name": "Avenida Pedro Aguirre Cerda", "highway": "tertiary"}}, {"type": "Feature", "geometry": {"type": "LineString", "coordinates": [[-70.3903, -23.62268], [-70.39025, -23.62251]]}, "properties": {"name": "Avenida Pedro Aguirre Cerda", "highway": "tertiary"}}, {"type": "Feature", "geometry": {"type": "LineString", "coordinates": [[-70.3903, -23.62249], [-70.3903, -23.62268]]}, "properties": {"name": "Avenida Pedro Aguirre Cerda", "highway": "tertiary"}}, {"type": "Feature", "geometry": {"type": "LineString", "coordinates": [[-70.39034, -23.62154], [-70.39092, -23.62178]]}, "properties": {"name": "Avenida Sargento Aldea", "highway": "primary"}}, {"type": "Feature", "geometry": {"type": "LineString", "coordinates": [[-70.38869, -23.61599], [-70.38863, -23.61574]]}, "properties": {"name": "Avenida Pedro Aguirre Cerda", "highway": "primary"}}, {"type": "Feature", "geometry": {"type": "LineString", "coordinates": [[-70.38877, -23.6164], [-70.38869, -23.61599]]}, "properties": {"name": "Avenida Pedro Aguirre Cerda", "highway": "primary"}}, {"type": "Feature", "geometry": {"type": "LineString", "coordinates": [[-70.38894, -23.61718], [-70.38877, -23.6164]]}, "properties": {"name": "Avenida Pedro Aguirre Cerda", "highway": "primary"}}, {"type": "Feature", "geometry": {"type": "LineString", "coordinates": [[-70.38863, -23.61574], [-70.38853, -23.61529]]}, "properties": {"name": "Avenida Pedro Aguirre Cerda", "highway": "primary"}}, {"type": "Feature", "geometry": {"type": "LineString", "coordinates": [[-70.38853, -23.61529], [-70.38828, -23.6142]]}, "properties": {"name": "Avenida Pedro Aguirre Cerda", "highway": "primary"}}, {"type": "Feature", "geometry": {"type": "LineString", "coordinates": [[-70.38999, -23.62137], [-70.38894, -23.61718]]}, "properties": {"name": "Avenida Pedro Aguirre Cerda", "highway": "primary"}}, {"type": "Feature", "geometry": {"type": "LineString", "coordinates": [[-70.38852, -23.61473], [-70.38858, -23.61502]]}, "properties": {"name": "Avenida Pedro Aguirre Cerda", "highway": "primary"}}, {"type": "Feature", "geometry": {"type": "LineString", "coordinates": [[-70.38844, -23.61439], [-70.38852, -23.61473]]}, "properties": {"name": "Avenida Pedro Aguirre Cerda", "highway": "primary"}}, {"type": "Feature", "geometry": {"type": "LineString", "coordinates": [[-70.3884, -23.6142], [-70.38844, -23.61439]]}, "properties": {"name": "Avenida Pedro Aguirre Cerda", "highway": "primary"}}, {"type": "Feature", "geometry": {"type": "LineString", "coordinates": [[-70.38858, -23.61502], [-70.38864, -23.61527]]}, "properties": {"name": "Avenida Pedro Aguirre Cerda", "highway": "primary"}}, {"type": "Feature", "geometry": {"type": "LineString", "coordinates": [[-70.38864, -23.61527], [-70.39003, -23.62122]]}, "properties": {"name": "Avenida Pedro Aguirre Cerda", "highway": "primary"}}, {"type": "Feature", "geometry": {"type": "LineString", "coordinates": [[-70.39038, -23.61385], [-70.39176, -23.61375]]}, "properties": {"name": "Cobija", "highway": "tertiary"}}, {"type": "Feature", "geometry": {"type": "LineString", "coordinates": [[-70.38526, -23.61588], [-70.38546, -23.61765]]}, "properties": {"name": "Azapa", "highway": "tertiary"}}, {"type": "Feature", "geometry": {"type": "LineString", "coordinates": [[-70.38527, -23.61537], [-70.38526, -23.61588]]}, "properties": {"name": "Azapa", "highway": "tertiary"}}, {"type": "Feature", "geometry": {"type": "LineString", "coordinates": [[-70.38528, -23.6147], [-70.38527, -23.61537]]}, "properties": {"name": "Azapa", "highway": "tertiary"}}, {"type": "Feature", "geometry": {"type": "LineString", "coordinates": [[-70.38787, -23.63441], [-70.38901, -23.63447]]}, "properties": {"name": "Quito", "highway": "residential"}}, {"type": "Feature", "geometry": {"type": "LineString", "coordinates": [[-70.38901, -23.63447], [-70.38914, -23.6344]]}, "properties": {"name": "Quito", "highway": "residential"}}, {"type": "Feature", "geometry": {"type": "LineString", "coordinates": [[-70.38755, -23.63982], [-70.38748, -23.64202]]}, "properties": {"name": "Llanquihue", "highway": "residential"}}, {"type": "Feature", "geometry": {"type": "LineString", "coordinates": [[-70.38787, -23.63441], [-70.38775, -23.63657]]}, "properties": {"name": "Llanquihue", "highway": "residential"}}, {"type": "Feature", "geometry": {"type": "LineString", "coordinates": [[-70.38775, -23.63657], [-70.38755, -23.63982]]}, "properties": {"name": "Llanquihue", "highway": "residential"}}, {"type": "Feature", "geometry": {"type": "LineString", "coordinates": [[-70.38748, -23.64202], [-70.38749, -23.6425]]}, "properties": {"name": "Llanquihue", "highway": "residential"}}, {"type": "Feature", "geometry": {"type": "LineString", "coordinates": [[-70.38136, -23.62898], [-70.3835, -23.62887]]}, "properties": {"name": "Colombia", "highway": "residential"}}, {"type": "Feature", "geometry": {"type": "LineString", "coordinates": [[-70.38696, -23.63006], [-70.38814, -23.63012]]}, "properties": {"name": "Uruguay", "highway": "residential"}}, {"type": "Feature", "geometry": {"type": "LineString", "coordinates": [[-70.38814, -23.63012], [-70.38927, -23.63017]]}, "properties": {"name": "Uruguay", "highway": "residential"}}, {"type": "Feature", "geometry": {"type": "LineString", "coordinates": [[-70.38345, -23.62987], [-70.38579, -23.63]]}, "properties": {"name": "Uruguay", "highway": "residential"}}, {"type": "Feature", "geometry": {"type": "LineString", "coordinates": [[-70.38922, -23.63124], [-70.38689, -23.63111]]}, "properties": {"name": "Paraguay", "highway": "tertiary"}}, {"type": "Feature", "geometry": {"type": "LineString", "coordinates": [[-70.38933, -23.63119], [-70.38922, -23.63124]]}, "properties": {"name": "Paraguay", "highway": "tertiary"}}, {"type": "Feature", "geometry": {"type": "LineString", "coordinates": [[-70.388, -23.63227], [-70.38915, -23.63234]]}, "properties": {"name": "México", "highway": "residential"}}, {"type": "Feature", "geometry": {"type": "LineString", "coordinates": [[-70.3845, -23.63207], [-70.38684, -23.6322]]}, "properties": {"name": "México", "highway": "residential"}}, {"type": "Feature", "geometry": {"type": "LineString", "coordinates": [[-70.38016, -23.63184], [-70.3845, -23.63207]]}, "properties": {"name": "México", "highway": "residential"}}, {"type": "Feature", "geometry": {"type": "LineString", "coordinates": [[-70.38658, -23.6368], [-70.3866, -23.63651]]}, "properties": {"name": "Cardenal Carlos Oviedo Cavada", "highway": "tertiary"}}, {"type": "Feature", "geometry": {"type": "LineString", "coordinates": [[-70.38647, -23.63976], [-70.38658, -23.6368]]}, "properties": {"name": "Cardenal Carlos Oviedo Cavada", "highway": "tertiary"}}, {"type": "Feature", "geometry": {"type": "LineString", "coordinates": [[-70.38871, -23.63988], [-70.38647, -23.63976]]}, "properties": {"name": "Buenos Aires", "highway": "residential"}}, {"type": "Feature", "geometry": {"type": "LineString", "coordinates": [[-70.38887, -23.63875], [-70.38877, -23.63881]]}, "properties": {"name": "Lima", "highway": "residential"}}, {"type": "Feature", "geometry": {"type": "LineString", "coordinates": [[-70.39261, -23.64703], [-70.39491, -23.64885]]}, "properties": {"name": "Manuel Antonio Matta", "highway": "tertiary"}}, {"type": "Feature", "geometry": {"type": "LineString", "coordinates": [[-70.38877, -23.63881], [-70.38884, -23.63771]]}, "properties": {"name": "Avenida Antonio Rendic", "highway": "secondary"}}, {"type": "Feature", "geometry": {"type": "LineString", "coordinates": [[-70.38884, -23.63771], [-70.3889, -23.63662]]}, "properties": {"name": "Avenida Antonio Rendic", "highway": "secondary"}}, {"type": "Feature", "geometry": {"type": "LineString", "coordinates": [[-70.38888, -23.63863], [-70.38887, -23.63875]]}, "properties": {"name": "Avenida Antonio Rendic", "highway": "secondary"}}, {"type": "Feature", "geometry": {"type": "LineString", "coordinates": [[-70.38887, -23.63875], [-70.38857, -23.64376]]}, "properties": {"name": "Avenida Antonio Rendic", "highway": "secondary"}}, {"type": "Feature", "geometry": {"type": "LineString", "coordinates": [[-70.38849, -23.64368], [-70.38857, -23.64376]]}, "properties": {"name": "Manuel Antonio Matta", "highway": "tertiary"}}, {"type": "Feature", "geometry": {"type": "LineString", "coordinates": [[-70.389, -23.63663], [-70.38888, -23.63863]]}, "properties": {"name": "Avenida Antonio Rendic", "highway": "secondary"}}, {"type": "Feature", "geometry": {"type": "LineString", "coordinates": [[-70.38849, -23.64368], [-70.38877, -23.63881]]}, "properties": {"name": "Avenida Antonio Rendic", "highway": "secondary"}}, {"type": "Feature", "geometry": {"type": "LineString", "coordinates": [[-70.38884, -23.63771], [-70.38893, -23.63778]]}, "properties": {"name": "Zenteno", "highway": "residential"}}, {"type": "Feature", "geometry": {"type": "LineString", "coordinates": [[-70.38751, -23.64084], [-70.38697, -23.64083]]}, "properties": {"name": "Huanchaca", "highway": "living_street"}}, {"type": "Feature", "geometry": {"type": "LineString", "coordinates": [[-70.38749, -23.6425], [-70.38733, -23.64207]]}, "properties": {"name": "Manuel Antonio Matta", "highway": "tertiary"}}, {"type": "Feature", "geometry": {"type": "LineString", "coordinates": [[-70.38748, -23.64202], [-70.38858, -23.642]]}, "properties": {"name": "Eleuterio Ramírez", "highway": "residential"}}, {"type": "Feature", "geometry": {"type": "LineString", "coordinates": [[-70.42179, -23.69579], [-70.42182, -23.69606]]}, "properties": {"name": "Avenida Ejército", "highway": "trunk"}}, {"type": "Feature", "geometry": {"type": "LineString", "coordinates": [[-70.4195, -23.69851], [-70.41905, -23.69873]]}, "properties": {"name": "Avenida de la Minería", "highway": "trunk"}}, {"type": "Feature", "geometry": {"type": "LineString", "coordinates": [[-70.41905, -23.69873], [-70.41823, -23.69906]]}, "properties": {"name": "Avenida de la Minería", "highway": "trunk"}}, {"type": "Feature", "geometry": {"type": "LineString", "coordinates": [[-70.42096, -23.6978], [-70.42051, -23.69802]]}, "properties": {"name": "Avenida de la Minería", "highway": "trunk"}}, {"type": "Feature", "geometry": {"type": "LineString", "coordinates": [[-70.42018, -23.6976], [-70.42069, -23.69728]]}, "properties": {"name": "Avenida de la Minería", "highway": "trunk"}}, {"type": "Feature", "geometry": {"type": "LineString", "coordinates": [[-70.4134, -23.70226], [-70.41259, -23.70169]]}, "properties": {"name": "Avenida Argentina", "highway": "tertiary"}}, {"type": "Feature", "geometry": {"type": "LineString", "coordinates": [[-70.41223, -23.70043], [-70.41224, -23.70083]]}, "properties": {"name": "Avenida Argentina", "highway": "tertiary"}}, {"type": "Feature", "geometry": {"type": "LineString", "coordinates": [[-70.41255, -23.70156], [-70.4127, -23.70169]]}, "properties": {"name": "Avenida Argentina", "highway": "tertiary"}}, {"type": "Feature", "geometry": {"type": "LineString", "coordinates": [[-70.42198, -23.6981], [-70.42174, -23.69772]]}, "properties": {"name": "Avenida Universidad de Antofagasta", "highway": "secondary"}}, {"type": "Feature", "geometry": {"type": "LineString", "coordinates": [[-70.41794, -23.69895], [-70.4182, -23.6988]]}, "properties": {"name": "Avenida de la Minería", "highway": "trunk"}}, {"type": "Feature", "geometry": {"type": "LineString", "coordinates": [[-70.41779, -23.69903], [-70.41794, -23.69895]]}, "properties": {"name": "Avenida de la Minería", "highway": "trunk"}}, {"type": "Feature", "geometry": {"type": "LineString", "coordinates": [[-70.41667, -23.69935], [-70.41779, -23.69903]]}, "properties": {"name": "Avenida de la Minería", "highway": "trunk"}}, {"type": "Feature", "geometry": {"type": "LineString", "coordinates": [[-70.4182, -23.6988], [-70.41902, -23.6983]]}, "properties": {"name": "Avenida de la Minería", "highway": "trunk"}}, {"type": "Feature", "geometry": {"type": "LineString", "coordinates": [[-70.40793, -23.69861], [-70.40758, -23.6984]]}, "properties": {"name": "Acceso Coviefi", "highway": "tertiary"}}, {"type": "Feature", "geometry": {"type": "LineString", "coordinates": [[-70.40634, -23.69884], [-70.40597, -23.69876]]}, "properties": {"name": "Avenida de la Minería", "highway": "trunk"}}, {"type": "Feature", "geometry": {"type": "LineString", "coordinates": [[-70.40715, -23.699], [-70.40634, -23.69884]]}, "properties": {"name": "Avenida de la Minería", "highway": "trunk"}}, {"type": "Feature", "geometry": {"type": "LineString", "coordinates": [[-70.40432, -23.69843], [-70.40326, -23.69822]]}, "properties": {"name": "Ruta 28", "highway": "trunk"}}, {"type": "Feature", "geometry": {"type": "LineString", "coordinates": [[-70.40597, -23.69876], [-70.40561, -23.69869]]}, "properties": {"name": "Ruta 28", "highway": "trunk"}}, {"type": "Feature", "geometry": {"type": "LineString", "coordinates": [[-70.40561, -23.69869], [-70.40432, -23.69843]]}, "properties": {"name": "Ruta 28", "highway": "trunk"}}, {"type": "Feature", "geometry": {"type": "LineString", "coordinates": [[-70.40754, -23.69896], [-70.40775, -23.699]]}, "properties": {"name": "Avenida de la Minería", "highway": "trunk"}}, {"type": "Feature", "geometry": {"type": "LineString", "coordinates": [[-70.40675, -23.6988], [-70.40754, -23.69896]]}, "properties": {"name": "Avenida de la Minería", "highway": "trunk"}}, {"type": "Feature", "geometry": {"type": "LineString", "coordinates": [[-70.4096, -23.69937], [-70.41066, -23.69958]]}, "properties": {"name": "Avenida de la Minería", "highway": "trunk"}}, {"type": "Feature", "geometry": {"type": "LineString", "coordinates": [[-70.40822, -23.6991], [-70.40917, -23.69928]]}, "properties": {"name": "Avenida de la Minería", "highway": "trunk"}}, {"type": "Feature", "geometry": {"type": "LineString", "coordinates": [[-70.40775, -23.699], [-70.40822, -23.6991]]}, "properties": {"name": "Avenida de la Minería", "highway": "trunk"}}, {"type": "Feature", "geometry": {"type": "LineString", "coordinates": [[-70.40611, -23.69868], [-70.40675, -23.6988]]}, "properties": {"name": "Avenida de la Minería", "highway": "trunk"}}, {"type": "Feature", "geometry": {"type": "LineString", "coordinates": [[-70.40917, -23.69928], [-70.4096, -23.69937]]}, "properties": {"name": "Avenida de la Minería", "highway": "trunk"}}, {"type": "Feature", "geometry": {"type": "LineString", "coordinates": [[-70.41319, -23.69986], [-70.41339, -23.69985]]}, "properties": {"name": "Avenida de la Minería", "highway": "trunk"}}, {"type": "Feature", "geometry": {"type": "LineString", "coordinates": [[-70.41066, -23.69958], [-70.41319, -23.69986]]}, "properties": {"name": "Avenida de la Minería", "highway": "trunk"}}, {"type": "Feature", "geometry": {"type": "LineString", "coordinates": [[-70.41339, -23.69985], [-70.4138, -23.69984]]}, "properties": {"name": "Avenida de la Minería", "highway": "trunk"}}, {"type": "Feature", "geometry": {"type": "LineString", "coordinates": [[-70.41902, -23.6983], [-70.41925, -23.69816]]}, "properties": {"name": "Avenida de la Minería", "highway": "trunk"}}, {"type": "Feature", "geometry": {"type": "LineString", "coordinates": [[-70.41015, -23.68895], [-70.41004, -23.68896]]}, "properties": {"name": "Mehuín", "highway": "tertiary"}}, {"type": "Feature", "geometry": {"type": "LineString", "coordinates": [[-70.41125, -23.68893], [-70.41015, -23.68895]]}, "properties": {"name": "Mehuín", "highway": "tertiary"}}, {"type": "Feature", "geometry": {"type": "LineString", "coordinates": [[-70.41004, -23.68896], [-70.40764, -23.68906]]}, "properties": {"name": "Mehuín", "highway": "tertiary"}}, {"type": "Feature", "geometry": {"type": "LineString", "coordinates": [[-70.41178, -23.69299], [-70.41184, -23.69403]]}, "properties": {"name": "Mar del Plata", "highway": "tertiary"}}, {"type": "Feature", "geometry": {"type": "LineString", "coordinates": [[-70.41214, -23.69879], [-70.41208, -23.69849]]}, "properties": {"name": "Avenida Argentina", "highway": "primary"}}, {"type": "Feature", "geometry": {"type": "LineString", "coordinates": [[-70.38613, -23.57617], [-70.39094, -23.57656]]}, "properties": {"name": "Arturo Pérez Canto", "highway": "secondary"}}, {"type": "Feature", "geometry": {"type": "LineString", "coordinates": [[-70.39094, -23.57656], [-70.39105, -23.57656]]}, "properties": {"name": "Arturo Pérez Canto", "highway": "secondary"}}, {"type": "Feature", "geometry": {"type": "LineString", "coordinates": [[-70.3912, -23.57668], [-70.39094, -23.57665]]}, "properties": {"name": "Arturo Pérez Canto", "highway": "secondary"}}, {"type": "Feature", "geometry": {"type": "LineString", "coordinates": [[-70.38136, -23.62861], [-70.38494, -23.62845]]}, "properties": {"name": "Avenida Salvador Allende", "highway": "trunk"}}, {"type": "Feature", "geometry": {"type": "LineString", "coordinates": [[-70.38494, -23.62845], [-70.38652, -23.62838]]}, "properties": {"name": "Avenida Salvador Allende", "highway": "trunk"}}, {"type": "Feature", "geometry": {"type": "LineString", "coordinates": [[-70.38495, -23.62856], [-70.38137, -23.62873]]}, "properties": {"name": "Avenida Salvador Allende", "highway": "trunk"}}, {"type": "Feature", "geometry": {"type": "LineString", "coordinates": [[-70.39288, -23.64857], [-70.39244, -23.64825]]}, "properties": {"name": "José Santos Ossa", "highway": "residential"}}, {"type": "Feature", "geometry": {"type": "LineString", "coordinates": [[-70.39392, -23.64667], [-70.39239, -23.64542]]}, "properties": {"name": "Carlos Condell", "highway": "secondary"}}, {"type": "Feature", "geometry": {"type": "LineString", "coordinates": [[-70.39184, -23.65367], [-70.39031, -23.65524]]}, "properties": {"name": "Capitán Arturo Prat Chacón", "highway": "residential"}}, {"type": "Feature", "geometry": {"type": "LineString", "coordinates": [[-70.39272, -23.65448], [-70.39401, -23.65308]]}, "properties": {"name": "Baquedano", "highway": "residential"}}, {"type": "Feature", "geometry": {"type": "LineString", "coordinates": [[-70.39272, -23.65448], [-70.39526, -23.65651]]}, "properties": {"name": "Curicó", "highway": "residential"}}, {"type": "Feature", "geometry": {"type": "LineString", "coordinates": [[-70.39106, -23.65625], [-70.39272, -23.65448]]}, "properties": {"name": "Baquedano", "highway": "residential"}}, {"type": "Feature", "geometry": {"type": "LineString", "coordinates": [[-70.39559, -23.65617], [-70.393, -23.65885]]}, "properties": {"name": "Orella", "highway": "tertiary"}}, {"type": "Feature", "geometry": {"type": "LineString", "coordinates": [[-70.39275, -23.65593], [-70.39101, -23.65452]]}, "properties": {"name": "Linares", "highway": "residential"}}, {"type": "Feature", "geometry": {"type": "LineString", "coordinates": [[-70.3913, -23.65599], [-70.39202, -23.65672]]}, "properties": {"name": "Saavedra", "highway": "residential"}}, {"type": "Feature", "geometry": {"type": "LineString", "coordinates": [[-70.39466, -23.65393], [-70.3946, -23.654]]}, "properties": {"name": "Maipú", "highway": "residential"}}, {"type": "Feature", "geometry": {"type": "LineString", "coordinates": [[-70.39101, -23.65452], [-70.39003, -23.65371]]}, "properties": {"name": "Linares", "highway": "residential"}}, {"type": "Feature", "geometry": {"type": "LineString", "coordinates": [[-70.39223, -23.6578], [-70.39498, -23.65504]]}, "properties": {"name": "Teniente Luis Uribe", "highway": "tertiary"}}, {"type": "Feature", "geometry": {"type": "LineString", "coordinates": [[-70.39074, -23.6387], [-70.38999, -23.63868]]}, "properties": {"name": "Lima", "highway": "residential"}}, {"type": "Feature", "geometry": {"type": "LineString", "coordinates": [[-70.39009, -23.65241], [-70.39117, -23.65117]]}, "properties": {"name": "Simón Bolívar", "highway": "residential"}}, {"type": "Feature", "geometry": {"type": "LineString", "coordinates": [[-70.40326, -23.69822], [-70.40048, -23.69777], [-70.39982, -23.69797], [-70.39856, -23.69885]]}, "properties": {"name": "Ruta 28", "highway": "trunk"}}, {"type": "Feature", "geometry": {"type": "LineString", "coordinates": [[-70.39436, -23.70195], [-70.39372, -23.70198]]}, "properties": {"name": "Ruta 28", "highway": "trunk"}}, {"type": "Feature", "geometry": {"type": "LineString", "coordinates": [[-70.393, -23.70206], [-70.39257, -23.70241], [-70.39198, -23.70369]]}, "properties": {"name": "Ruta 28", "highway": "trunk"}}, {"type": "Feature", "geometry": {"type": "LineString", "coordinates": [[-70.39125, -23.70512], [-70.39181, -23.70387]]}, "properties": {"name": "Ruta 28", "highway": "trunk"}}, {"type": "Feature", "geometry": {"type": "LineString", "coordinates": [[-70.39181, -23.70387], [-70.3924, -23.70253]]}, "properties": {"name": "Ruta 28", "highway": "trunk"}}, {"type": "Feature", "geometry": {"type": "LineString", "coordinates": [[-70.39032, -23.70718], [-70.39125, -23.70512]]}, "properties": {"name": "Ruta 28", "highway": "trunk"}}, {"type": "Feature", "geometry": {"type": "LineString", "coordinates": [[-70.38641, -23.70986], [-70.3876, -23.70936]]}, "properties": {"name": "Ruta 28", "highway": "trunk"}}, {"type": "Feature", "geometry": {"type": "LineString", "coordinates": [[-70.385, -23.71053], [-70.38539, -23.71034]]}, "properties": {"name": "Ruta 28", "highway": "trunk"}}, {"type": "Feature", "geometry": {"type": "LineString", "coordinates": [[-70.38607, -23.71002], [-70.38641, -23.70986]]}, "properties": {"name": "Ruta 28", "highway": "trunk"}}, {"type": "Feature", "geometry": {"type": "LineString", "coordinates": [[-70.38476, -23.71108], [-70.38394, -23.71151]]}, "properties": {"name": "Ruta 28", "highway": "trunk"}}, {"type": "Feature", "geometry": {"type": "LineString", "coordinates": [[-70.3856, -23.71063], [-70.38476, -23.71108]]}, "properties": {"name": "Ruta 28", "highway": "trunk"}}, {"type": "Feature", "geometry": {"type": "LineString", "coordinates": [[-70.38642, -23.7102], [-70.3856, -23.71063]]}, "properties": {"name": "Ruta 28", "highway": "trunk"}}, {"type": "Feature", "geometry": {"type": "LineString", "coordinates": [[-70.39198, -23.70369], [-70.39043, -23.70716], [-70.38985, -23.70808], [-70.38891, -23.70887], [-70.38642, -23.7102]]}, "properties": {"name": "Ruta 28", "highway": "trunk"}}, {"type": "Feature", "geometry": {"type": "LineString", "coordinates": [[-70.3876, -23.70936], [-70.3894, -23.70838], [-70.39032, -23.70718]]}, "properties": {"name": "Ruta 28", "highway": "trunk"}}, {"type": "Feature", "geometry": {"type": "LineString", "coordinates": [[-70.38539, -23.71034], [-70.38607, -23.71002]]}, "properties": {"name": "Ruta 28", "highway": "trunk"}}, {"type": "Feature", "geometry": {"type": "LineString", "coordinates": [[-70.38458, -23.71073], [-70.385, -23.71053]]}, "properties": {"name": "Ruta 28", "highway": "trunk"}}, {"type": "Feature", "geometry": {"type": "LineString", "coordinates": [[-70.38383, -23.71114], [-70.38458, -23.71073]]}, "properties": {"name": "Ruta 28", "highway": "trunk"}}, {"type": "Feature", "geometry": {"type": "LineString", "coordinates": [[-70.38203, -23.71292], [-70.38189, -23.71279]]}, "properties": {"name": "", "highway": "unclassified"}}, {"type": "Feature", "geometry": {"type": "LineString", "coordinates": [[-70.42172, -23.69526], [-70.42179, -23.69579]]}, "properties": {"name": "Avenida Ejército", "highway": "trunk"}}, {"type": "Feature", "geometry": {"type": "LineString", "coordinates": [[-70.42156, -23.69519], [-70.42154, -23.69506]]}, "properties": {"name": "Avenida Ejército", "highway": "trunk"}}, {"type": "Feature", "geometry": {"type": "LineString", "coordinates": [[-70.40895, -23.69936], [-70.40715, -23.699]]}, "properties": {"name": "Avenida de la Minería", "highway": "trunk"}}, {"type": "Feature", "geometry": {"type": "LineString", "coordinates": [[-70.41513, -23.69706], [-70.41464, -23.69726]]}, "properties": {"name": "Avenida Angamos", "highway": "secondary"}}, {"type": "Feature", "geometry": {"type": "LineString", "coordinates": [[-70.41564, -23.69688], [-70.41513, -23.69706]]}, "properties": {"name": "Avenida Angamos", "highway": "secondary"}}, {"type": "Feature", "geometry": {"type": "LineString", "coordinates": [[-70.4161, -23.69669], [-70.41564, -23.69688]]}, "properties": {"name": "Avenida Angamos", "highway": "secondary"}}, {"type": "Feature", "geometry": {"type": "LineString", "coordinates": [[-70.415, -23.69697], [-70.41543, -23.69682]]}, "properties": {"name": "Avenida Angamos", "highway": "secondary"}}, {"type": "Feature", "geometry": {"type": "LineString", "coordinates": [[-70.41446, -23.69721], [-70.415, -23.69697]]}, "properties": {"name": "Avenida Angamos", "highway": "secondary"}}, {"type": "Feature", "geometry": {"type": "LineString", "coordinates": [[-70.38936, -23.63069], [-70.38933, -23.63119]]}, "properties": {"name": "Avenida Antonio Rendic", "highway": "secondary"}}, {"type": "Feature", "geometry": {"type": "LineString", "coordinates": [[-70.38952, -23.62834], [-70.38936, -23.63069]]}, "properties": {"name": "Avenida Antonio Rendic", "highway": "secondary"}}, {"type": "Feature", "geometry": {"type": "LineString", "coordinates": [[-70.37213, -23.62844], [-70.37194, -23.62812]]}, "properties": {"name": "Ruta 26", "highway": "trunk"}}, {"type": "Feature", "geometry": {"type": "LineString", "coordinates": [[-70.39415, -23.62816], [-70.39414, -23.62848]]}, "properties": {"name": "Iquique", "highway": "primary"}}, {"type": "Feature", "geometry": {"type": "LineString", "coordinates": [[-70.38652, -23.62838], [-70.38704, -23.62835]]}, "properties": {"name": "Avenida Salvador Allende", "highway": "trunk"}}, {"type": "Feature", "geometry": {"type": "LineString", "coordinates": [[-70.38939, -23.62834], [-70.38771, -23.62843]]}, "properties": {"name": "Avenida Salvador Allende", "highway": "trunk"}}, {"type": "Feature", "geometry": {"type": "LineString", "coordinates": [[-70.38057, -23.62865], [-70.38136, -23.62861]]}, "properties": {"name": "Avenida Salvador Allende", "highway": "trunk"}}, {"type": "Feature", "geometry": {"type": "LineString", "coordinates": [[-70.37779, -23.62879], [-70.37831, -23.62875]]}, "properties": {"name": "Avenida Salvador Allende", "highway": "trunk"}}, {"type": "Feature", "geometry": {"type": "LineString", "coordinates": [[-70.37619, -23.62904], [-70.37686, -23.62892]]}, "properties": {"name": "Avenida Salvador Allende", "highway": "trunk"}}, {"type": "Feature", "geometry": {"type": "LineString", "coordinates": [[-70.37746, -23.62892], [-70.37739, -23.62882]]}, "properties": {"name": "Avenida Circunvalación Padre Alberto Hurtado", "highway": "secondary"}}, {"type": "Feature", "geometry": {"type": "LineString", "coordinates": [[-70.37802, -23.62888], [-70.37746, -23.62892]]}, "properties": {"name": "Avenida Salvador Allende", "highway": "trunk"}}, {"type": "Feature", "geometry": {"type": "LineString", "coordinates": [[-70.37437, -23.63], [-70.37461, -23.63026]]}, "properties": {"name": "Guillermo Serey", "highway": "secondary"}}, {"type": "Feature", "geometry": {"type": "LineString", "coordinates": [[-70.37235, -23.62884], [-70.37213, -23.62844]]}, "properties": {"name": "Avenida Salvador Allende", "highway": "trunk"}}, {"type": "Feature", "geometry": {"type": "LineString", "coordinates": [[-70.37367, -23.6294], [-70.37338, -23.62937]]}, "properties": {"name": "Avenida Salvador Allende", "highway": "trunk"}}, {"type": "Feature", "geometry": {"type": "LineString", "coordinates": [[-70.37338, -23.62937], [-70.37284, -23.62926]]}, "properties": {"name": "Avenida Salvador Allende", "highway": "trunk"}}, {"type": "Feature", "geometry": {"type": "LineString", "coordinates": [[-70.37213, -23.62844], [-70.37277, -23.6289]]}, "properties": {"name": "Avenida Salvador Allende", "highway": "trunk"}}, {"type": "Feature", "geometry": {"type": "LineString", "coordinates": [[-70.37586, -23.63066], [-70.37569, -23.63105]]}, "properties": {"name": "Judea", "highway": "residential"}}, {"type": "Feature", "geometry": {"type": "LineString", "coordinates": [[-70.37746, -23.62892], [-70.37606, -23.62918]]}, "properties": {"name": "Avenida Salvador Allende", "highway": "trunk"}}, {"type": "Feature", "geometry": {"type": "LineString", "coordinates": [[-70.37686, -23.62892], [-70.37739, -23.62882]]}, "properties": {"name": "Avenida Salvador Allende", "highway": "trunk"}}, {"type": "Feature", "geometry": {"type": "LineString", "coordinates": [[-70.37739, -23.62882], [-70.37779, -23.62879]]}, "properties": {"name": "Avenida Salvador Allende", "highway": "trunk"}}, {"type": "Feature", "geometry": {"type": "LineString", "coordinates": [[-70.37837, -23.62886], [-70.37802, -23.62888]]}, "properties": {"name": "Avenida Salvador Allende", "highway": "trunk"}}, {"type": "Feature", "geometry": {"type": "LineString", "coordinates": [[-70.37745, -23.62984], [-70.37615, -23.62954]]}, "properties": {"name": "Paraguay", "highway": "tertiary"}}, {"type": "Feature", "geometry": {"type": "LineString", "coordinates": [[-70.38137, -23.62873], [-70.37837, -23.62886]]}, "properties": {"name": "Avenida Salvador Allende", "highway": "trunk"}}, {"type": "Feature", "geometry": {"type": "LineString", "coordinates": [[-70.37831, -23.62875], [-70.38057, -23.62865]]}, "properties": {"name": "Avenida Salvador Allende", "highway": "trunk"}}, {"type": "Feature", "geometry": {"type": "LineString", "coordinates": [[-70.39039, -23.62826], [-70.38952, -23.62834]]}, "properties": {"name": "Avenida Salvador Allende", "highway": "trunk"}}, {"type": "Feature", "geometry": {"type": "LineString", "coordinates": [[-70.39591, -23.62854], [-70.39627, -23.62855]]}, "properties": {"name": "Avenida Salvador Allende", "highway": "trunk"}}, {"type": "Feature", "geometry": {"type": "LineString", "coordinates": [[-70.39627, -23.62867], [-70.39601, -23.62867]]}, "properties": {"name": "Avenida Salvador Allende", "highway": "trunk"}}, {"type": "Feature", "geometry": {"type": "LineString", "coordinates": [[-70.3886, -23.62826], [-70.38943, -23.62822]]}, "properties": {"name": "Avenida Salvador Allende", "highway": "trunk"}}, {"type": "Feature", "geometry": {"type": "LineString", "coordinates": [[-70.38847, -23.62517], [-70.3884, -23.62521]]}, "properties": {"name": "La Serena", "highway": "residential"}}, {"type": "Feature", "geometry": {"type": "LineString", "coordinates": [[-70.3884, -23.62521], [-70.38759, -23.62388]]}, "properties": {"name": "Avenida Antonio Rendic", "highway": "secondary"}}, {"type": "Feature", "geometry": {"type": "LineString", "coordinates": [[-70.38764, -23.62385], [-70.38847, -23.62517]]}, "properties": {"name": "Avenida Antonio Rendic", "highway": "secondary"}}, {"type": "Feature", "geometry": {"type": "LineString", "coordinates": [[-70.38901, -23.62631], [-70.38941, -23.62696]]}, "properties": {"name": "Avenida Antonio Rendic", "highway": "secondary"}}, {"type": "Feature", "geometry": {"type": "LineString", "coordinates": [[-70.38941, -23.62696], [-70.38933, -23.62698]]}, "properties": {"name": "Magallanes", "highway": "residential"}}, {"type": "Feature", "geometry": {"type": "LineString", "coordinates": [[-70.38933, -23.62698], [-70.38895, -23.62634]]}, "properties": {"name": "Avenida Antonio Rendic", "highway": "secondary"}}, {"type": "Feature", "geometry": {"type": "LineString", "coordinates": [[-70.38895, -23.62634], [-70.3884, -23.62521]]}, "properties": {"name": "Avenida Antonio Rendic", "highway": "secondary"}}, {"type": "Feature", "geometry": {"type": "LineString", "coordinates": [[-70.38847, -23.62517], [-70.38901, -23.62631]]}, "properties": {"name": "Avenida Antonio Rendic", "highway": "secondary"}}, {"type": "Feature", "geometry": {"type": "LineString", "coordinates": [[-70.38941, -23.62696], [-70.38953, -23.62821]]}, "properties": {"name": "Avenida Antonio Rendic", "highway": "secondary"}}, {"type": "Feature", "geometry": {"type": "LineString", "coordinates": [[-70.38943, -23.62822], [-70.38948, -23.62729], [-70.38933, -23.62698]]}, "properties": {"name": "Avenida Antonio Rendic", "highway": "secondary"}}, {"type": "Feature", "geometry": {"type": "LineString", "coordinates": [[-70.37194, -23.62812], [-70.37125, -23.62704], [-70.37061, -23.62668], [-70.36985, -23.62662], [-70.36821, -23.62695]]}, "properties": {"name": "Ruta 26", "highway": "trunk"}}, {"type": "Feature", "geometry": {"type": "LineString", "coordinates": [[-70.37468, -23.6294], [-70.37443, -23.62942]]}, "properties": {"name": "Avenida Salvador Allende", "highway": "trunk"}}, {"type": "Feature", "geometry": {"type": "LineString", "coordinates": [[-70.37443, -23.62942], [-70.37367, -23.6294]]}, "properties": {"name": "Avenida Salvador Allende", "highway": "trunk"}}, {"type": "Feature", "geometry": {"type": "LineString", "coordinates": [[-70.3777, -23.62991], [-70.37745, -23.62984]]}, "properties": {"name": "Paraguay", "highway": "tertiary"}}, {"type": "Feature", "geometry": {"type": "LineString", "coordinates": [[-70.40637, -23.67178], [-70.40628, -23.67159]]}, "properties": {"name": "Avenida Angamos", "highway": "secondary"}}, {"type": "Feature", "geometry": {"type": "LineString", "coordinates": [[-70.40615, -23.67187], [-70.40637, -23.67178]]}, "properties": {"name": "Homero Ávila", "highway": "secondary"}}, {"type": "Feature", "geometry": {"type": "LineString", "coordinates": [[-70.4064, -23.67932], [-70.40681, -23.68001], [-70.40941, -23.68256]]}, "properties": {"name": "Avenida Argentina", "highway": "primary"}}, {"type": "Feature", "geometry": {"type": "LineString", "coordinates": [[-70.40812, -23.69137], [-70.40845, -23.6913]]}, "properties": {"name": "Huellelhue", "highway": "residential"}}, {"type": "Feature", "geometry": {"type": "LineString", "coordinates": [[-70.40845, -23.6913], [-70.41017, -23.69118]]}, "properties": {"name": "Huellelhue", "highway": "residential"}}, {"type": "Feature", "geometry": {"type": "LineString", "coordinates": [[-70.39383, -23.622], [-70.39294, -23.62064], [-70.39255, -23.61965]]}, "properties": {"name": "Avenida Edmundo Pérez Zujovic", "highway": "trunk"}}, {"type": "Feature", "geometry": {"type": "LineString", "coordinates": [[-70.39687, -23.59495], [-70.39708, -23.59301], [-70.39693, -23.59237], [-70.39553, -23.58946], [-70.39379, -23.587], [-70.39333, -23.58592], [-70.39322, -23.58477]]}, "properties": {"name": "Avenida Edmundo Pérez Zujovic", "highway": "trunk"}}, {"type": "Feature", "geometry": {"type": "LineString", "coordinates": [[-70.39322, -23.58477], [-70.39329, -23.58409]]}, "properties": {"name": "Avenida Edmundo Pérez Zujovic", "highway": "trunk"}}, {"type": "Feature", "geometry": {"type": "LineString", "coordinates": [[-70.39228, -23.57896], [-70.3953, -23.57466]]}, "properties": {"name": "Avenida Edmundo Pérez Zujovic", "highway": "trunk"}}, {"type": "Feature", "geometry": {"type": "LineString", "coordinates": [[-70.40291, -23.65883], [-70.40294, -23.65937]]}, "properties": {"name": "Manuel Verbal", "highway": "residential"}}, {"type": "Feature", "geometry": {"type": "LineString", "coordinates": [[-70.4034, -23.64641], [-70.40423, -23.64556], [-70.40426, -23.6453], [-70.40382, -23.64469], [-70.40315, -23.6443]]}, "properties": {"name": "Puerto Nuevo", "highway": "residential"}}, {"type": "Feature", "geometry": {"type": "LineString", "coordinates": [[-70.39221, -23.61659], [-70.39094, -23.61667], [-70.38905, -23.61716]]}, "properties": {"name": "Víctor Jara", "highway": "secondary"}}, {"type": "Feature", "geometry": {"type": "LineString", "coordinates": [[-70.40835, -23.69073], [-70.40841, -23.69109]]}, "properties": {"name": "Antilhue", "highway": "residential"}}, {"type": "Feature", "geometry": {"type": "LineString", "coordinates": [[-70.40841, -23.69109], [-70.40843, -23.69123]]}, "properties": {"name": "Antilhue", "highway": "residential"}}, {"type": "Feature", "geometry": {"type": "LineString", "coordinates": [[-70.40828, -23.69037], [-70.40835, -23.69073]]}, "properties": {"name": "Antilhue", "highway": "residential"}}, {"type": "Feature", "geometry": {"type": "LineString", "coordinates": [[-70.41885, -23.68693], [-70.41981, -23.68844], [-70.42123, -23.69257]]}, "properties": {"name": "Avenida Ejército", "highway": "trunk"}}, {"type": "Feature", "geometry": {"type": "LineString", "coordinates": [[-70.4071, -23.67079], [-70.40739, -23.67076]]}, "properties": {"name": "Avenida República de Croacia", "highway": "secondary"}}, {"type": "Feature", "geometry": {"type": "LineString", "coordinates": [[-70.41011, -23.67243], [-70.40974, -23.67289]]}, "properties": {"name": "Rebeca Matte", "highway": "residential"}}, {"type": "Feature", "geometry": {"type": "LineString", "coordinates": [[-70.40974, -23.67289], [-70.40955, -23.67313]]}, "properties": {"name": "Rebeca Matte", "highway": "residential"}}, {"type": "Feature", "geometry": {"type": "LineString", "coordinates": [[-70.39814, -23.64866], [-70.40252, -23.65214]]}, "properties": {"name": "Almirante Latorre", "highway": "secondary"}}, {"type": "Feature", "geometry": {"type": "LineString", "coordinates": [[-70.41178, -23.68139], [-70.41221, -23.68288]]}, "properties": {"name": "Avenida Angamos", "highway": "secondary"}}, {"type": "Feature", "geometry": {"type": "LineString", "coordinates": [[-70.41221, -23.68288], [-70.41312, -23.68413]]}, "properties": {"name": "Avenida Angamos", "highway": "secondary"}}, {"type": "Feature", "geometry": {"type": "LineString", "coordinates": [[-70.41312, -23.68413], [-70.41316, -23.68422]]}, "properties": {"name": "Avenida Angamos", "highway": "secondary"}}, {"type": "Feature", "geometry": {"type": "LineString", "coordinates": [[-70.42856, -23.70844], [-70.42852, -23.70852]]}, "properties": {"name": "Subida de la Quebrada", "highway": "residential"}}, {"type": "Feature", "geometry": {"type": "LineString", "coordinates": [[-70.42852, -23.70852], [-70.42846, -23.70863]]}, "properties": {"name": "Subida de la Quebrada", "highway": "residential"}}, {"type": "Feature", "geometry": {"type": "LineString", "coordinates": [[-70.39714, -23.64645], [-70.39624, -23.6458]]}, "properties": {"name": "José de San Martín", "highway": "tertiary"}}, {"type": "Feature", "geometry": {"type": "LineString", "coordinates": [[-70.40534, -23.67776], [-70.40602, -23.67859]]}, "properties": {"name": "Avenida Argentina", "highway": "primary"}}, {"type": "Feature", "geometry": {"type": "LineString", "coordinates": [[-70.40779, -23.68978], [-70.40838, -23.6926]]}, "properties": {"name": "Antilhue", "highway": "secondary"}}, {"type": "Feature", "geometry": {"type": "LineString", "coordinates": [[-70.41198, -23.69283], [-70.41178, -23.69299]]}, "properties": {"name": "Mar del Plata", "highway": "tertiary"}}, {"type": "Feature", "geometry": {"type": "LineString", "coordinates": [[-70.40868, -23.69181], [-70.40859, -23.6918]]}, "properties": {"name": "", "highway": "living_street"}}, {"type": "Feature", "geometry": {"type": "LineString", "coordinates": [[-70.40916, -23.69179], [-70.409, -23.6918]]}, "properties": {"name": "", "highway": "living_street"}}, {"type": "Feature", "geometry": {"type": "LineString", "coordinates": [[-70.40896, -23.6918], [-70.40868, -23.69181]]}, "properties": {"name": "", "highway": "living_street"}}, {"type": "Feature", "geometry": {"type": "LineString", "coordinates": [[-70.3832, -23.60794], [-70.3837, -23.60798]]}, "properties": {"name": "", "highway": "residential"}}, {"type": "Feature", "geometry": {"type": "LineString", "coordinates": [[-70.38271, -23.60937], [-70.38217, -23.60936]]}, "properties": {"name": "", "highway": "residential"}}, {"type": "Feature", "geometry": {"type": "LineString", "coordinates": [[-70.41365, -23.68084], [-70.41202, -23.67563]]}, "properties": {"name": "Avenida República de Croacia", "highway": "trunk"}}, {"type": "Feature", "geometry": {"type": "LineString", "coordinates": [[-70.41376, -23.68081], [-70.41413, -23.68193], [-70.41491, -23.68284]]}, "properties": {"name": "Avenida Ejército", "highway": "trunk"}}, {"type": "Feature", "geometry": {"type": "LineString", "coordinates": [[-70.42162, -23.69462], [-70.42172, -23.69526]]}, "properties": {"name": "Avenida Ejército", "highway": "trunk"}}, {"type": "Feature", "geometry": {"type": "LineString", "coordinates": [[-70.39446, -23.65631], [-70.39404, -23.65598]]}, "properties": {"name": "", "highway": "residential"}}, {"type": "Feature", "geometry": {"type": "LineString", "coordinates": [[-70.39426, -23.65647], [-70.39388, -23.65615]]}, "properties": {"name": "", "highway": "residential"}}, {"type": "Feature", "geometry": {"type": "LineString", "coordinates": [[-70.3927, -23.65376], [-70.39233, -23.65412]]}, "properties": {"name": "", "highway": "residential"}}, {"type": "Feature", "geometry": {"type": "LineString", "coordinates": [[-70.39393, -23.65689], [-70.39365, -23.65717], [-70.39317, -23.65687]]}, "properties": {"name": "", "highway": "residential"}}, {"type": "Feature", "geometry": {"type": "LineString", "coordinates": [[-70.39214, -23.67066], [-70.39128, -23.66997]]}, "properties": {"name": "", "highway": "residential"}}, {"type": "Feature", "geometry": {"type": "LineString", "coordinates": [[-70.39024, -23.67032], [-70.39135, -23.67012]]}, "properties": {"name": "", "highway": "residential"}}, {"type": "Feature", "geometry": {"type": "LineString", "coordinates": [[-70.38948, -23.66674], [-70.38961, -23.66671]]}, "properties": {"name": "", "highway": "residential"}}, {"type": "Feature", "geometry": {"type": "LineString", "coordinates": [[-70.38867, -23.6682], [-70.38814, -23.66797]]}, "properties": {"name": "", "highway": "residential"}}, {"type": "Feature", "geometry": {"type": "LineString", "coordinates": [[-70.40247, -23.65051], [-70.40224, -23.64764]]}, "properties": {"name": "Avenida Grecia", "highway": "trunk"}}, {"type": "Feature", "geometry": {"type": "LineString", "coordinates": [[-70.40259, -23.65409], [-70.40247, -23.65051]]}, "properties": {"name": "Avenida Grecia", "highway": "trunk"}}, {"type": "Feature", "geometry": {"type": "LineString", "coordinates": [[-70.40263, -23.65194], [-70.4027, -23.65397]]}, "properties": {"name": "Avenida Grecia", "highway": "trunk"}}, {"type": "Feature", "geometry": {"type": "LineString", "coordinates": [[-70.3961, -23.64018], [-70.39625, -23.64018]]}, "properties": {"name": "El Corregidor", "highway": "residential"}}, {"type": "Feature", "geometry": {"type": "LineString", "coordinates": [[-70.39622, -23.65905], [-70.39609, -23.65747], [-70.39559, -23.65617]]}, "properties": {"name": "Avenida Argentina", "highway": "primary"}}, {"type": "Feature", "geometry": {"type": "LineString", "coordinates": [[-70.39633, -23.65905], [-70.40291, -23.65883]]}, "properties": {"name": "Salvador Reyes", "highway": "tertiary"}}, {"type": "Feature", "geometry": {"type": "LineString", "coordinates": [[-70.39633, -23.65905], [-70.39666, -23.66168]]}, "properties": {"name": "Avenida Argentina", "highway": "primary"}}, {"type": "Feature", "geometry": {"type": "LineString", "coordinates": [[-70.39401, -23.65308], [-70.39299, -23.65123], [-70.39295, -23.64921], [-70.3924, -23.64556], [-70.3926, -23.64425], [-70.39303, -23.64349]]}, "properties": {"name": "Avenida Argentina", "highway": "primary"}}, {"type": "Feature", "geometry": {"type": "LineString", "coordinates": [[-70.39406, -23.65302], [-70.40067, -23.64595]]}, "properties": {"name": "Baquedano", "highway": "residential"}}, {"type": "Feature", "geometry": {"type": "LineString", "coordinates": [[-70.39406, -23.65302], [-70.39466, -23.65393]]}, "properties": {"name": "Avenida Argentina", "highway": "primary"}}, {"type": "Feature", "geometry": {"type": "LineString", "coordinates": [[-70.3946, -23.654], [-70.39202, -23.65672]]}, "properties": {"name": "Maipú", "highway": "residential"}}, {"type": "Feature", "geometry": {"type": "LineString", "coordinates": [[-70.3946, -23.654], [-70.39401, -23.65308]]}, "properties": {"name": "Avenida Argentina", "highway": "primary"}}, {"type": "Feature", "geometry": {"type": "LineString", "coordinates": [[-70.39466, -23.65393], [-70.39515, -23.65487]]}, "properties": {"name": "Avenida Argentina", "highway": "primary"}}, {"type": "Feature", "geometry": {"type": "LineString", "coordinates": [[-70.39509, -23.65493], [-70.39515, -23.65487]]}, "properties": {"name": "Teniente Luis Uribe", "highway": "tertiary"}}, {"type": "Feature", "geometry": {"type": "LineString", "coordinates": [[-70.39509, -23.65493], [-70.3946, -23.654]]}, "properties": {"name": "Avenida Argentina", "highway": "primary"}}, {"type": "Feature", "geometry": {"type": "LineString", "coordinates": [[-70.39515, -23.65487], [-70.39564, -23.65611]]}, "properties": {"name": "Avenida Argentina", "highway": "primary"}}, {"type": "Feature", "geometry": {"type": "LineString", "coordinates": [[-70.39515, -23.65487], [-70.39658, -23.65342]]}, "properties": {"name": "Teniente Luis Uribe", "highway": "tertiary"}}, {"type": "Feature", "geometry": {"type": "LineString", "coordinates": [[-70.39498, -23.65504], [-70.39509, -23.65493]]}, "properties": {"name": "Teniente Luis Uribe", "highway": "tertiary"}}, {"type": "Feature", "geometry": {"type": "LineString", "coordinates": [[-70.39564, -23.65611], [-70.39559, -23.65617]]}, "properties": {"name": "Orella", "highway": "tertiary"}}, {"type": "Feature", "geometry": {"type": "LineString", "coordinates": [[-70.39564, -23.65611], [-70.39617, -23.65739], [-70.39633, -23.65905]]}, "properties": {"name": "Avenida Argentina", "highway": "primary"}}, {"type": "Feature", "geometry": {"type": "LineString", "coordinates": [[-70.39559, -23.65617], [-70.39509, -23.65493]]}, "properties": {"name": "Avenida Argentina", "highway": "primary"}}, {"type": "Feature", "geometry": {"type": "LineString", "coordinates": [[-70.3958, -23.65595], [-70.39564, -23.65611]]}, "properties": {"name": "Orella", "highway": "tertiary"}}, {"type": "Feature", "geometry": {"type": "LineString", "coordinates": [[-70.37047, -23.66106], [-70.37029, -23.66102], [-70.37028, -23.66072], [-70.37066, -23.6595], [-70.36973, -23.65747], [-70.36937, -23.65537], [-70.36967, -23.65406], [-70.36938, -23.65147], [-70.36976, -23.65059], [-70.36964, -23.64963]]}, "properties": {"name": "Ruta B-472", "highway": "tertiary"}}, {"type": "Feature", "geometry": {"type": "LineString", "coordinates": [[-70.36964, -23.64963], [-70.36982, -23.64463], [-70.37232, -23.64179], [-70.37293, -23.64138], [-70.37397, -23.64115], [-70.37407, -23.64061], [-70.37382, -23.63922], [-70.37419, -23.63868], [-70.37576, -23.63744]]}, "properties": {"name": "", "highway": "tertiary"}}, {"type": "Feature", "geometry": {"type": "LineString", "coordinates": [[-70.38281, -23.69172], [-70.38603, -23.6905], [-70.38701, -23.69071], [-70.38766, -23.69184], [-70.38777, -23.69278], [-70.38826, -23.69335], [-70.38899, -23.69376], [-70.38932, -23.69458], [-70.39021, -23.69552], [-70.39039, -23.69611]]}, "properties": {"name": "", "highway": "unclassified"}}, {"type": "Feature", "geometry": {"type": "LineString", "coordinates": [[-70.38281, -23.69172], [-70.38176, -23.69183], [-70.38132, -23.69209], [-70.38109, -23.69286], [-70.38075, -23.69325], [-70.37965, -23.69224], [-70.37913, -23.69208], [-70.37854, -23.69267], [-70.37791, -23.69268], [-70.37723, -23.69342], [-70.37693, -23.6935], [-70.37645, -23.69337], [-70.37547, -23.69227], [-70.37455, -23.69173], [-70.37453, -23.69136]]}, "properties": {"name": "", "highway": "unclassified"}}, {"type": "Feature", "geometry": {"type": "LineString", "coordinates": [[-70.38244, -23.59361], [-70.38195, -23.59368]]}, "properties": {"name": "", "highway": "living_street"}}, {"type": "Feature", "geometry": {"type": "LineString", "coordinates": [[-70.3818, -23.59355], [-70.38177, -23.59309]]}, "properties": {"name": "", "highway": "living_street"}}, {"type": "Feature", "geometry": {"type": "LineString", "coordinates": [[-70.38185, -23.5941], [-70.38179, -23.59367], [-70.38136, -23.5937]]}, "properties": {"name": "", "highway": "living_street"}}, {"type": "Feature", "geometry": {"type": "LineString", "coordinates": [[-70.38356, -23.64316], [-70.38349, -23.64317]]}, "properties": {"name": "Mancomunal", "highway": "residential"}}, {"type": "Feature", "geometry": {"type": "LineString", "coordinates": [[-70.38371, -23.64347], [-70.3836, -23.6435]]}, "properties": {"name": "Timonel Vargas", "highway": "residential"}}, {"type": "Feature", "geometry": {"type": "LineString", "coordinates": [[-70.38368, -23.64352], [-70.38415, -23.64505]]}, "properties": {"name": "Avenida Circunvalación Padre Alberto Hurtado", "highway": "secondary"}}, {"type": "Feature", "geometry": {"type": "LineString", "coordinates": [[-70.38365, -23.64342], [-70.38368, -23.64352]]}, "properties": {"name": "Avenida Circunvalación Padre Alberto Hurtado", "highway": "secondary"}}, {"type": "Feature", "geometry": {"type": "LineString", "coordinates": [[-70.38409, -23.64512], [-70.38422, -23.64513]]}, "properties": {"name": "Ingeniero Mutilla", "highway": "living_street"}}, {"type": "Feature", "geometry": {"type": "LineString", "coordinates": [[-70.38226, -23.64636], [-70.38313, -23.6455], [-70.38409, -23.64512]]}, "properties": {"name": "Ingeniero Mutilla", "highway": "living_street"}}, {"type": "Feature", "geometry": {"type": "LineString", "coordinates": [[-70.38422, -23.6453], [-70.38594, -23.65087]]}, "properties": {"name": "Avenida Circunvalación Padre Alberto Hurtado", "highway": "secondary"}}, {"type": "Feature", "geometry": {"type": "LineString", "coordinates": [[-70.38415, -23.64505], [-70.38422, -23.6453]]}, "properties": {"name": "Avenida Circunvalación Padre Alberto Hurtado", "highway": "secondary"}}, {"type": "Feature", "geometry": {"type": "LineString", "coordinates": [[-70.38542, -23.64907], [-70.38535, -23.64909]]}, "properties": {"name": "Ecuador", "highway": "residential"}}, {"type": "Feature", "geometry": {"type": "LineString", "coordinates": [[-70.38594, -23.65087], [-70.38599, -23.65101]]}, "properties": {"name": "Avenida Circunvalación Padre Alberto Hurtado", "highway": "secondary"}}, {"type": "Feature", "geometry": {"type": "LineString", "coordinates": [[-70.38208, -23.63836], [-70.38365, -23.64342]]}, "properties": {"name": "Avenida Circunvalación Padre Alberto Hurtado", "highway": "secondary"}}, {"type": "Feature", "geometry": {"type": "LineString", "coordinates": [[-70.38598, -23.65096], [-70.38604, -23.65093]]}, "properties": {"name": "Covadonga", "highway": "tertiary"}}, {"type": "Feature", "geometry": {"type": "LineString", "coordinates": [[-70.38608, -23.65256], [-70.38592, -23.65125]]}, "properties": {"name": "Avenida Circunvalación Padre Alberto Hurtado", "highway": "secondary"}}, {"type": "Feature", "geometry": {"type": "LineString", "coordinates": [[-70.38592, -23.65125], [-70.38148, -23.63664]]}, "properties": {"name": "Avenida Circunvalación Padre Alberto Hurtado", "highway": "secondary"}}, {"type": "Feature", "geometry": {"type": "LineString", "coordinates": [[-70.38588, -23.65097], [-70.38598, -23.65096]]}, "properties": {"name": "Covadonga", "highway": "tertiary"}}, {"type": "Feature", "geometry": {"type": "LineString", "coordinates": [[-70.38592, -23.65125], [-70.38602, -23.65121]]}, "properties": {"name": "Covadonga", "highway": "residential"}}, {"type": "Feature", "geometry": {"type": "LineString", "coordinates": [[-70.38616, -23.65254], [-70.38608, -23.65256]]}, "properties": {"name": "Riquelme", "highway": "residential"}}, {"type": "Feature", "geometry": {"type": "LineString", "coordinates": [[-70.38664, -23.65562], [-70.38656, -23.65557]]}, "properties": {"name": "Los Morros", "highway": "residential"}}, {"type": "Feature", "geometry": {"type": "LineString", "coordinates": [[-70.37347, -23.62877], [-70.37357, -23.62872]]}, "properties": {"name": "Avenida Circunvalación Padre Alberto Hurtado", "highway": "tertiary"}}, {"type": "Feature", "geometry": {"type": "LineString", "coordinates": [[-70.38205, -23.63823], [-70.38206, -23.63829]]}, "properties": {"name": "Avenida Circunvalación Padre Alberto Hurtado", "highway": "secondary"}}, {"type": "Feature", "geometry": {"type": "LineString", "coordinates": [[-70.38206, -23.63829], [-70.38208, -23.63836]]}, "properties": {"name": "Avenida Circunvalación Padre Alberto Hurtado", "highway": "secondary"}}, {"type": "Feature", "geometry": {"type": "LineString", "coordinates": [[-70.3821, -23.63828], [-70.382, -23.63831]]}, "properties": {"name": "Lima", "highway": "residential"}}, {"type": "Feature", "geometry": {"type": "LineString", "coordinates": [[-70.37836, -23.62452], [-70.37862, -23.62437]]}, "properties": {"name": "", "highway": "residential"}}, {"type": "Feature", "geometry": {"type": "LineString", "coordinates": [[-70.37953, -23.62557], [-70.37899, -23.62516]]}, "properties": {"name": "", "highway": "residential"}}, {"type": "Feature", "geometry": {"type": "LineString", "coordinates": [[-70.41053, -23.6967], [-70.41045, -23.69682]]}, "properties": {"name": "", "highway": "tertiary"}}, {"type": "Feature", "geometry": {"type": "LineString", "coordinates": [[-70.41482, -23.68291], [-70.41398, -23.68189]]}, "properties": {"name": "Avenida Ejército", "highway": "trunk"}}, {"type": "Feature", "geometry": {"type": "LineString", "coordinates": [[-70.39353, -23.59304], [-70.39353, -23.59325]]}, "properties": {"name": "", "highway": "living_street"}}, {"type": "Feature", "geometry": {"type": "LineString", "coordinates": [[-70.39444, -23.59241], [-70.39444, -23.59232]]}, "properties": {"name": "Las Rocas", "highway": "living_street"}}, {"type": "Feature", "geometry": {"type": "LineString", "coordinates": [[-70.39417, -23.59245], [-70.39417, -23.59231]]}, "properties": {"name": "Parquemar", "highway": "living_street"}}, {"type": "Feature", "geometry": {"type": "LineString", "coordinates": [[-70.39328, -23.59335], [-70.39321, -23.59335]]}, "properties": {"name": "Terramar 2", "highway": "living_street"}}, {"type": "Feature", "geometry": {"type": "LineString", "coordinates": [[-70.3932, -23.59352], [-70.39327, -23.59352]]}, "properties": {"name": "Terramar 1", "highway": "living_street"}}, {"type": "Feature", "geometry": {"type": "LineString", "coordinates": [[-70.41309, -23.67882], [-70.41321, -23.67878]]}, "properties": {"name": "Virgilio Arias", "highway": "residential"}}, {"type": "Feature", "geometry": {"type": "LineString", "coordinates": [[-70.41106, -23.67361], [-70.41115, -23.67351]]}, "properties": {"name": "Zapallar", "highway": "residential"}}, {"type": "Feature", "geometry": {"type": "LineString", "coordinates": [[-70.41249, -23.677], [-70.41262, -23.67697]]}, "properties": {"name": "Pedro León Gallo", "highway": "tertiary"}}, {"type": "Feature", "geometry": {"type": "LineString", "coordinates": [[-70.412, -23.67557], [-70.41213, -23.67554]]}, "properties": {"name": "Nueve de Julio", "highway": "residential"}}, {"type": "Feature", "geometry": {"type": "LineString", "coordinates": [[-70.37144, -23.60213], [-70.37167, -23.60211]]}, "properties": {"name": "", "highway": "living_street"}}, {"type": "Feature", "geometry": {"type": "LineString", "coordinates": [[-70.38977, -23.6596], [-70.3905, -23.65882]]}, "properties": {"name": "Quebrada Uribe", "highway": "residential"}}, {"type": "Feature", "geometry": {"type": "LineString", "coordinates": [[-70.38444, -23.6168], [-70.38498, -23.61651]]}, "properties": {"name": "Vicuña", "highway": "residential"}}, {"type": "Feature", "geometry": {"type": "LineString", "coordinates": [[-70.39389, -23.59454], [-70.3935, -23.59521]]}, "properties": {"name": "El Mercurio", "highway": "living_street"}}, {"type": "Feature", "geometry": {"type": "LineString", "coordinates": [[-70.39051, -23.58125], [-70.3885, -23.58111], [-70.38758, -23.58024], [-70.38719, -23.58032], [-70.38691, -23.58062]]}, "properties": {"name": "", "highway": "residential"}}, {"type": "Feature", "geometry": {"type": "LineString", "coordinates": [[-70.38669, -23.58073], [-70.38687, -23.5803], [-70.38748, -23.5801], [-70.38788, -23.58025], [-70.38845, -23.58098], [-70.39052, -23.58114]]}, "properties": {"name": "", "highway": "residential"}}, {"type": "Feature", "geometry": {"type": "LineString", "coordinates": [[-70.38645, -23.58009], [-70.3866, -23.57996], [-70.38645, -23.58009]]}, "properties": {"name": "", "highway": "residential"}}, {"type": "Feature", "geometry": {"type": "LineString", "coordinates": [[-70.38662, -23.57999], [-70.38691, -23.58027]]}, "properties": {"name": "", "highway": "residential"}}, {"type": "Feature", "geometry": {"type": "LineString", "coordinates": [[-70.38685, -23.58034], [-70.38655, -23.58011]]}, "properties": {"name": "", "highway": "residential"}}, {"type": "Feature", "geometry": {"type": "LineString", "coordinates": [[-70.38691, -23.58062], [-70.38669, -23.58073]]}, "properties": {"name": "", "highway": "residential"}}, {"type": "Feature", "geometry": {"type": "LineString", "coordinates": [[-70.3867, -23.58103], [-70.38669, -23.58073]]}, "properties": {"name": "", "highway": "residential"}}, {"type": "Feature", "geometry": {"type": "LineString", "coordinates": [[-70.38682, -23.58105], [-70.38691, -23.58062]]}, "properties": {"name": "", "highway": "residential"}}, {"type": "Feature", "geometry": {"type": "LineString", "coordinates": [[-70.38715, -23.58015], [-70.38726, -23.58029]]}, "properties": {"name": "", "highway": "residential"}}, {"type": "Feature", "geometry": {"type": "LineString", "coordinates": [[-70.38875, -23.58104], [-70.38857, -23.58328]]}, "properties": {"name": "", "highway": "residential"}}, {"type": "Feature", "geometry": {"type": "LineString", "coordinates": [[-70.40312, -23.66366], [-70.40311, -23.66472]]}, "properties": {"name": "Manuel Verbal", "highway": "residential"}}, {"type": "Feature", "geometry": {"type": "LineString", "coordinates": [[-70.39507, -23.66507], [-70.39512, -23.665]]}, "properties": {"name": "Díaz Gana", "highway": "tertiary"}}, {"type": "Feature", "geometry": {"type": "LineString", "coordinates": [[-70.40582, -23.68046], [-70.40511, -23.68073]]}, "properties": {"name": "", "highway": "residential"}}, {"type": "Feature", "geometry": {"type": "LineString", "coordinates": [[-70.37504, -23.62717], [-70.37523, -23.62666]]}, "properties": {"name": "Centenario", "highway": "tertiary"}}, {"type": "Feature", "geometry": {"type": "LineString", "coordinates": [[-70.38129, -23.60848], [-70.3809, -23.60908]]}, "properties": {"name": "Caliche", "highway": "residential"}}, {"type": "Feature", "geometry": {"type": "LineString", "coordinates": [[-70.38042, -23.60511], [-70.38049, -23.60364]]}, "properties": {"name": "Teatinos", "highway": "residential"}}, {"type": "Feature", "geometry": {"type": "LineString", "coordinates": [[-70.37487, -23.60693], [-70.37491, -23.6035]]}, "properties": {"name": "Luis Cruz Martínez", "highway": "living_street"}}, {"type": "Feature", "geometry": {"type": "LineString", "coordinates": [[-70.37531, -23.62555], [-70.37564, -23.62641]]}, "properties": {"name": "Sargento Candelaria Pérez", "highway": "living_street"}}, {"type": "Feature", "geometry": {"type": "LineString", "coordinates": [[-70.39722, -23.64289], [-70.3981, -23.64386]]}, "properties": {"name": "Avenida Séptimo de Linea", "highway": "trunk"}}, {"type": "Feature", "geometry": {"type": "LineString", "coordinates": [[-70.39677, -23.64187], [-70.39722, -23.64289]]}, "properties": {"name": "Avenida Séptimo de Linea", "highway": "trunk"}}, {"type": "Feature", "geometry": {"type": "LineString", "coordinates": [[-70.38103, -23.59652], [-70.37971, -23.59659]]}, "properties": {"name": "Mateo de Toro y Zambrano", "highway": "tertiary"}}, {"type": "Feature", "geometry": {"type": "LineString", "coordinates": [[-70.39684, -23.64124], [-70.39661, -23.64138]]}, "properties": {"name": "La Cañada", "highway": "residential"}}, {"type": "Feature", "geometry": {"type": "LineString", "coordinates": [[-70.38158, -23.58045], [-70.38318, -23.58056]]}, "properties": {"name": "María Elena", "highway": "residential"}}, {"type": "Feature", "geometry": {"type": "LineString", "coordinates": [[-70.38289, -23.64846], [-70.38266, -23.64835], [-70.38238, -23.64857]]}, "properties": {"name": "", "highway": "living_street"}}, {"type": "Feature", "geometry": {"type": "LineString", "coordinates": [[-70.38275, -23.64913], [-70.38252, -23.64913], [-70.38238, -23.64857]]}, "properties": {"name": "", "highway": "living_street"}}, {"type": "Feature", "geometry": {"type": "LineString", "coordinates": [[-70.38298, -23.64883], [-70.38271, -23.64909], [-70.38229, -23.64802], [-70.38196, -23.64604]]}, "properties": {"name": "", "highway": "living_street"}}, {"type": "Feature", "geometry": {"type": "LineString", "coordinates": [[-70.37818, -23.57926], [-70.37769, -23.57922]]}, "properties": {"name": "", "highway": "residential"}}, {"type": "Feature", "geometry": {"type": "LineString", "coordinates": [[-70.41019, -23.68585], [-70.41016, -23.68602]]}, "properties": {"name": "Mar del Plata", "highway": "tertiary"}}, {"type": "Feature", "geometry": {"type": "LineString", "coordinates": [[-70.38677, -23.65119], [-70.38618, -23.65148]]}, "properties": {"name": "", "highway": "living_street"}}, {"type": "Feature", "geometry": {"type": "LineString", "coordinates": [[-70.38394, -23.65183], [-70.38397, -23.65214]]}, "properties": {"name": "", "highway": "residential"}}, {"type": "Feature", "geometry": {"type": "LineString", "coordinates": [[-70.38343, -23.64474], [-70.38287, -23.64524]]}, "properties": {"name": "", "highway": "residential"}}, {"type": "Feature", "geometry": {"type": "LineString", "coordinates": [[-70.37938, -23.58029], [-70.38158, -23.58045]]}, "properties": {"name": "María Elena", "highway": "residential"}}, {"type": "Feature", "geometry": {"type": "LineString", "coordinates": [[-70.41417, -23.7027], [-70.41631, -23.70407]]}, "properties": {"name": "Avenida Escondida", "highway": "tertiary"}}, {"type": "Feature", "geometry": {"type": "LineString", "coordinates": [[-70.39232, -23.61657], [-70.39221, -23.61659]]}, "properties": {"name": "Víctor Jara", "highway": "secondary"}}, {"type": "Feature", "geometry": {"type": "LineString", "coordinates": [[-70.39575, -23.63802], [-70.39625, -23.64018]]}, "properties": {"name": "Avenida Séptimo de Linea", "highway": "trunk"}}, {"type": "Feature", "geometry": {"type": "LineString", "coordinates": [[-70.38875, -23.60707], [-70.38886, -23.60704]]}, "properties": {"name": "Andalién", "highway": "residential"}}, {"type": "Feature", "geometry": {"type": "LineString", "coordinates": [[-70.40263, -23.65511], [-70.40271, -23.65518]]}, "properties": {"name": "Manuel Antonio Matta", "highway": "tertiary"}}, {"type": "Feature", "geometry": {"type": "LineString", "coordinates": [[-70.40376, -23.66254], [-70.40367, -23.66254]]}, "properties": {"name": "Antonino Toro", "highway": "residential"}}, {"type": "Feature", "geometry": {"type": "LineString", "coordinates": [[-70.40525, -23.67781], [-70.40534, -23.67776]]}, "properties": {"name": "Augusto D´Halmar", "highway": "residential"}}, {"type": "Feature", "geometry": {"type": "LineString", "coordinates": [[-70.41316, -23.68422], [-70.41303, -23.6843]]}, "properties": {"name": "Sangra", "highway": "tertiary"}}, {"type": "Feature", "geometry": {"type": "LineString", "coordinates": [[-70.3893, -23.61824], [-70.3892, -23.61825]]}, "properties": {"name": "Huasco", "highway": "residential"}}, {"type": "Feature", "geometry": {"type": "LineString", "coordinates": [[-70.38905, -23.61716], [-70.38894, -23.61718]]}, "properties": {"name": "Víctor Jara", "highway": "secondary"}}, {"type": "Feature", "geometry": {"type": "LineString", "coordinates": [[-70.37524, -23.59002], [-70.37525, -23.59029]]}, "properties": {"name": "Cerro Linzor", "highway": "residential"}}, {"type": "Feature", "geometry": {"type": "LineString", "coordinates": [[-70.37484, -23.59001], [-70.37487, -23.59029]]}, "properties": {"name": "", "highway": "residential"}}, {"type": "Feature", "geometry": {"type": "LineString", "coordinates": [[-70.40256, -23.65321], [-70.40267, -23.65316]]}, "properties": {"name": "Calle del Puerto", "highway": "residential"}}, {"type": "Feature", "geometry": {"type": "LineString", "coordinates": [[-70.41321, -23.67878], [-70.41376, -23.68081]]}, "properties": {"name": "Avenida República de Croacia", "highway": "trunk"}}, {"type": "Feature", "geometry": {"type": "LineString", "coordinates": [[-70.41398, -23.68189], [-70.41365, -23.68084]]}, "properties": {"name": "Avenida Ejército", "highway": "trunk"}}, {"type": "Feature", "geometry": {"type": "LineString", "coordinates": [[-70.41283, -23.67759], [-70.41321, -23.67878]]}, "properties": {"name": "Avenida República de Croacia", "highway": "trunk"}}, {"type": "Feature", "geometry": {"type": "LineString", "coordinates": [[-70.41213, -23.67554], [-70.41283, -23.67759]]}, "properties": {"name": "Avenida República de Croacia", "highway": "trunk"}}, {"type": "Feature", "geometry": {"type": "LineString", "coordinates": [[-70.41226, -23.68125], [-70.41266, -23.68273]]}, "properties": {"name": "Cornelio Vernaza", "highway": "residential"}}, {"type": "Feature", "geometry": {"type": "LineString", "coordinates": [[-70.41108, -23.67457], [-70.41116, -23.67497]]}, "properties": {"name": "General Pedro Lagos", "highway": "residential"}}, {"type": "Feature", "geometry": {"type": "LineString", "coordinates": [[-70.3875, -23.65317], [-70.38753, -23.65329]]}, "properties": {"name": "", "highway": "residential"}}, {"type": "Feature", "geometry": {"type": "LineString", "coordinates": [[-70.38767, -23.65138], [-70.38806, -23.65123]]}, "properties": {"name": "Riquelme", "highway": "living_street"}}, {"type": "Feature", "geometry": {"type": "LineString", "coordinates": [[-70.37813, -23.61225], [-70.37786, -23.61227], [-70.37764, -23.61269], [-70.37772, -23.61208]]}, "properties": {"name": "", "highway": "residential"}}, {"type": "Feature", "geometry": {"type": "LineString", "coordinates": [[-70.42413, -23.7059], [-70.42398, -23.70511]]}, "properties": {"name": "Avenida Travesía de Coloso", "highway": "residential"}}, {"type": "Feature", "geometry": {"type": "LineString", "coordinates": [[-70.4232, -23.70139], [-70.42306, -23.70099]]}, "properties": {"name": "Avenida Universidad de Antofagasta", "highway": "secondary"}}, {"type": "Feature", "geometry": {"type": "LineString", "coordinates": [[-70.42339, -23.70193], [-70.4232, -23.70139]]}, "properties": {"name": "Avenida Universidad de Antofagasta", "highway": "secondary"}}, {"type": "Feature", "geometry": {"type": "LineString", "coordinates": [[-70.41329, -23.69749], [-70.41375, -23.69751]]}, "properties": {"name": "", "highway": "residential"}}, {"type": "Feature", "geometry": {"type": "LineString", "coordinates": [[-70.36997, -23.60007], [-70.36974, -23.59993], [-70.36933, -23.60004], [-70.36954, -23.60092]]}, "properties": {"name": "", "highway": "living_street"}}, {"type": "Feature", "geometry": {"type": "LineString", "coordinates": [[-70.38627, -23.58436], [-70.3866, -23.58441], [-70.38658, -23.58469], [-70.38623, -23.58468], [-70.38627, -23.58436]]}, "properties": {"name": "", "highway": "residential"}}, {"type": "Feature", "geometry": {"type": "LineString", "coordinates": [[-70.3865, -23.58473], [-70.38676, -23.58618], [-70.38669, -23.58708]]}, "properties": {"name": "", "highway": "residential"}}, {"type": "Feature", "geometry": {"type": "LineString", "coordinates": [[-70.38491, -23.58483], [-70.38571, -23.58483], [-70.38618, -23.58457]]}, "properties": {"name": "", "highway": "residential"}}, {"type": "Feature", "geometry": {"type": "LineString", "coordinates": [[-70.39038, -23.65536], [-70.38984, -23.65572]]}, "properties": {"name": "Capitán Arturo Prat Chacón", "highway": "residential"}}, {"type": "Feature", "geometry": {"type": "LineString", "coordinates": [[-70.38878, -23.66927], [-70.38841, -23.66928]]}, "properties": {"name": "", "highway": "residential"}}, {"type": "Feature", "geometry": {"type": "LineString", "coordinates": [[-70.40338, -23.65969], [-70.40367, -23.6605], [-70.40383, -23.66402]]}, "properties": {"name": "Avenida Grecia", "highway": "trunk"}}, {"type": "Feature", "geometry": {"type": "LineString", "coordinates": [[-70.4027, -23.65397], [-70.40256, -23.65598], [-70.40268, -23.65751], [-70.40338, -23.65969]]}, "properties": {"name": "Avenida Grecia", "highway": "trunk"}}, {"type": "Feature", "geometry": {"type": "LineString", "coordinates": [[-70.40154, -23.64665], [-70.40131, -23.6469]]}, "properties": {"name": "Maipú", "highway": "residential"}}, {"type": "Feature", "geometry": {"type": "LineString", "coordinates": [[-70.39455, -23.67006], [-70.39437, -23.67016], [-70.3945, -23.67051]]}, "properties": {"name": "", "highway": "living_street"}}, {"type": "Feature", "geometry": {"type": "LineString", "coordinates": [[-70.39245, -23.66964], [-70.39164, -23.67022]]}, "properties": {"name": "", "highway": "residential"}}, {"type": "Feature", "geometry": {"type": "LineString", "coordinates": [[-70.37911, -23.6221], [-70.37939, -23.62252]]}, "properties": {"name": "Vasco de Gama", "highway": "living_street"}}, {"type": "Feature", "geometry": {"type": "LineString", "coordinates": [[-70.37948, -23.62245], [-70.3799, -23.62311]]}, "properties": {"name": "Vasco de Gama", "highway": "living_street"}}, {"type": "Feature", "geometry": {"type": "LineString", "coordinates": [[-70.38727, -23.5884], [-70.38721, -23.58905]]}, "properties": {"name": "Chollay", "highway": "residential"}}, {"type": "Feature", "geometry": {"type": "LineString", "coordinates": [[-70.37618, -23.58036], [-70.3764, -23.58107], [-70.37708, -23.58135]]}, "properties": {"name": "González Castro", "highway": "residential"}}, {"type": "Feature", "geometry": {"type": "LineString", "coordinates": [[-70.39524, -23.66487], [-70.39512, -23.665]]}, "properties": {"name": "Díaz Gana", "highway": "tertiary"}}, {"type": "Feature", "geometry": {"type": "LineString", "coordinates": [[-70.39086, -23.57656], [-70.39096, -23.57531]]}, "properties": {"name": "Avenida Pedro Aguirre Cerda", "highway": "residential"}}, {"type": "Feature", "geometry": {"type": "LineString", "coordinates": [[-70.39113, -23.5756], [-70.39106, -23.57643]]}, "properties": {"name": "Avenida Pedro Aguirre Cerda", "highway": "primary"}}, {"type": "Feature", "geometry": {"type": "LineString", "coordinates": [[-70.39106, -23.57643], [-70.39089, -23.57813]]}, "properties": {"name": "Avenida Pedro Aguirre Cerda", "highway": "primary"}}, {"type": "Feature", "geometry": {"type": "LineString", "coordinates": [[-70.40497, -23.69844], [-70.40611, -23.69868]]}, "properties": {"name": "Ruta 28", "highway": "trunk"}}, {"type": "Feature", "geometry": {"type": "LineString", "coordinates": [[-70.39383, -23.63792], [-70.39362, -23.63778]]}, "properties": {"name": "Zenteno", "highway": "residential"}}, {"type": "Feature", "geometry": {"type": "LineString", "coordinates": [[-70.38372, -23.63875], [-70.38388, -23.63866]]}, "properties": {"name": "Yelcho", "highway": "living_street"}}, {"type": "Feature", "geometry": {"type": "LineString", "coordinates": [[-70.37993, -23.62767], [-70.37927, -23.62659]]}, "properties": {"name": "Rubén Darío", "highway": "living_street"}}, {"type": "Feature", "geometry": {"type": "LineString", "coordinates": [[-70.38064, -23.62864], [-70.38056, -23.62749]]}, "properties": {"name": "Diego de Almagro", "highway": "living_street"}}, {"type": "Feature", "geometry": {"type": "LineString", "coordinates": [[-70.38057, -23.62436], [-70.38059, -23.62413]]}, "properties": {"name": "Tomás Alba Edison", "highway": "living_street"}}, {"type": "Feature", "geometry": {"type": "LineString", "coordinates": [[-70.38022, -23.62436], [-70.38024, -23.62413]]}, "properties": {"name": "Tomás Alba Edison", "highway": "living_street"}}, {"type": "Feature", "geometry": {"type": "LineString", "coordinates": [[-70.39561, -23.63801], [-70.39553, -23.63801]]}, "properties": {"name": "Zenteno", "highway": "residential"}}, {"type": "Feature", "geometry": {"type": "LineString", "coordinates": [[-70.38643, -23.58505], [-70.38598, -23.58484]]}, "properties": {"name": "", "highway": "residential"}}, {"type": "Feature", "geometry": {"type": "LineString", "coordinates": [[-70.38535, -23.58485], [-70.38535, -23.58494]]}, "properties": {"name": "", "highway": "residential"}}, {"type": "Feature", "geometry": {"type": "LineString", "coordinates": [[-70.38663, -23.58446], [-70.3875, -23.58452]]}, "properties": {"name": "", "highway": "residential"}}, {"type": "Feature", "geometry": {"type": "LineString", "coordinates": [[-70.38753, -23.58462], [-70.38664, -23.58458]]}, "properties": {"name": "", "highway": "residential"}}, {"type": "Feature", "geometry": {"type": "LineString", "coordinates": [[-70.3875, -23.58452], [-70.38751, -23.58431]]}, "properties": {"name": "", "highway": "residential"}}, {"type": "Feature", "geometry": {"type": "LineString", "coordinates": [[-70.39094, -23.57829], [-70.39087, -23.57829]]}, "properties": {"name": "Gabriel Silva", "highway": "residential"}}, {"type": "Feature", "geometry": {"type": "LineString", "coordinates": [[-70.39087, -23.57837], [-70.39077, -23.57937]]}, "properties": {"name": "Avenida Pedro Aguirre Cerda", "highway": "primary"}}, {"type": "Feature", "geometry": {"type": "LineString", "coordinates": [[-70.39089, -23.57813], [-70.39087, -23.57837]]}, "properties": {"name": "Avenida Pedro Aguirre Cerda", "highway": "primary"}}, {"type": "Feature", "geometry": {"type": "LineString", "coordinates": [[-70.3907, -23.57813], [-70.39079, -23.57706]]}, "properties": {"name": "Avenida Pedro Aguirre Cerda", "highway": "tertiary"}}, {"type": "Feature", "geometry": {"type": "LineString", "coordinates": [[-70.39062, -23.57893], [-70.39069, -23.57827]]}, "properties": {"name": "Avenida Pedro Aguirre Cerda", "highway": "tertiary"}}, {"type": "Feature", "geometry": {"type": "LineString", "coordinates": [[-70.39064, -23.57819], [-70.39088, -23.57821]]}, "properties": {"name": "Juan Pablo II", "highway": "tertiary"}}, {"type": "Feature", "geometry": {"type": "LineString", "coordinates": [[-70.38887, -23.65532], [-70.38941, -23.65475]]}, "properties": {"name": "Sucre", "highway": "tertiary"}}, {"type": "Feature", "geometry": {"type": "LineString", "coordinates": [[-70.39003, -23.65412], [-70.38941, -23.65475]]}, "properties": {"name": "Sucre", "highway": "tertiary"}}, {"type": "Feature", "geometry": {"type": "LineString", "coordinates": [[-70.4208, -23.69173], [-70.42056, -23.69105]]}, "properties": {"name": "Avenida Ejército", "highway": "trunk"}}, {"type": "Feature", "geometry": {"type": "LineString", "coordinates": [[-70.42154, -23.69506], [-70.42117, -23.69284], [-70.4208, -23.69173]]}, "properties": {"name": "Avenida Ejército", "highway": "trunk"}}, {"type": "Feature", "geometry": {"type": "LineString", "coordinates": [[-70.41802, -23.68604], [-70.41885, -23.68693]]}, "properties": {"name": "Avenida Ejército", "highway": "trunk"}}, {"type": "Feature", "geometry": {"type": "LineString", "coordinates": [[-70.41491, -23.68284], [-70.41802, -23.68604]]}, "properties": {"name": "Avenida Ejército", "highway": "trunk"}}, {"type": "Feature", "geometry": {"type": "LineString", "coordinates": [[-70.42123, -23.69257], [-70.42162, -23.69462]]}, "properties": {"name": "Avenida Ejército", "highway": "trunk"}}, {"type": "Feature", "geometry": {"type": "LineString", "coordinates": [[-70.41375, -23.68602], [-70.4136, -23.68556]]}, "properties": {"name": "Avenida Angamos", "highway": "secondary"}}, {"type": "Feature", "geometry": {"type": "LineString", "coordinates": [[-70.4136, -23.68556], [-70.41334, -23.6848], [-70.41212, -23.68304], [-70.41178, -23.68139]]}, "properties": {"name": "Avenida Angamos", "highway": "secondary"}}, {"type": "Feature", "geometry": {"type": "LineString", "coordinates": [[-70.38438, -23.64078], [-70.38305, -23.64078]]}, "properties": {"name": "Huanchaca", "highway": "residential"}}, {"type": "Feature", "geometry": {"type": "LineString", "coordinates": [[-70.40948, -23.68946], [-70.40949, -23.68967]]}, "properties": {"name": "Reumen", "highway": "residential"}}, {"type": "Feature", "geometry": {"type": "LineString", "coordinates": [[-70.40068, -23.65647], [-70.40078, -23.65663], [-70.40116, -23.65661]]}, "properties": {"name": "", "highway": "residential"}}], "_meta": {"ciudad": "antofagasta", "fuente": "OpenStreetMap (ODbL)"}}