{"type": "FeatureCollection", "features": [{"type": "Feature", "geometry": {"type": "LineString", "coordinates": [[-68.92246, -22.41014], [-68.9282, -22.40481], [-68.92901, -22.40367], [-68.92937, -22.40251], [-68.93029, -22.39513], [-68.93173, -22.39058], [-68.9314, -22.38876], [-68.92988, -22.38546], [-68.92963, -22.38385], [-68.92969, -22.37663], [-68.92995, -22.37434], [-68.93161, -22.36565], [-68.93154, -22.36324], [-68.9309, -22.36125], [-68.92909, -22.35769], [-68.9281, -22.35669], [-68.92432, -22.35377]]}, "properties": {"name": "Ruta 24", "highway": "trunk"}}, {"type": "Feature", "geometry": {"type": "LineString", "coordinates": [[-68.93267, -22.4475], [-68.93952, -22.44639]]}, "properties": {"name": "Diego de Almagro", "highway": "tertiary"}}, {"type": "Feature", "geometry": {"type": "LineString", "coordinates": [[-68.92962, -22.4796], [-68.93062, -22.48038], [-68.93186, -22.48101], [-68.93364, -22.48144]]}, "properties": {"name": "Ojo de Opache", "highway": "secondary"}}, {"type": "Feature", "geometry": {"type": "LineString", "coordinates": [[-68.96456, -22.50755], [-68.9645, -22.50779], [-68.96494, -22.50804], [-68.96498, -22.50786], [-68.96456, -22.50755], [-68.9637, -22.50719], [-68.96141, -22.50809], [-68.96, -22.5092], [-68.96006, -22.51007], [-68.95966, -22.51025], [-68.9437, -22.50883], [-68.94264, -22.5092], [-68.94184, -22.50975], [-68.9401, -22.51186]]}, "properties": {"name": "", "highway": "unclassified"}}, {"type": "Feature", "geometry": {"type": "LineString", "coordinates": [[-68.90644, -22.49435], [-68.90926, -22.49416], [-68.90948, -22.49478], [-68.90995, -22.49499]]}, "properties": {"name": "Aeropuerto El Loa", "highway": "tertiary"}}, {"type": "Feature", "geometry": {"type": "LineString", "coordinates": [[-68.92522, -22.49147], [-68.92539, -22.49209]]}, "properties": {"name": "Balmaceda", "highway": "primary"}}, {"type": "Feature", "geometry": {"type": "LineString", "coordinates": [[-68.92336, -22.49281], [-68.92215, -22.4926]]}, "properties": {"name": "Avenida Circunvalación", "highway": "trunk"}}, {"type": "Feature", "geometry": {"type": "LineString", "coordinates": [[-68.92053, -22.49109], [-68.92077, -22.4913]]}, "properties": {"name": "Avenida Circunvalación", "highway": "trunk"}}, {"type": "Feature", "geometry": {"type": "LineString", "coordinates": [[-68.92298, -22.49274], [-68.92412, -22.49264]]}, "properties": {"name": "Avenida Circunvalación", "highway": "trunk"}}, {"type": "Feature", "geometry": {"type": "LineString", "coordinates": [[-68.92069, -22.49136], [-68.92043, -22.49113]]}, "properties": {"name": "Avenida Circunvalación", "highway": "trunk"}}, {"type": "Feature", "geometry": {"type": "LineString", "coordinates": [[-68.90525, -22.47789], [-68.90149, -22.47456], [-68.89927, -22.47177]]}, "properties": {"name": "Avenida Circunvalación", "highway": "trunk"}}, {"type": "Feature", "geometry": {"type": "LineString", "coordinates": [[-68.92509, -22.49099], [-68.92522, -22.49147]]}, "properties": {"name": "Balmaceda", "highway": "primary"}}, {"type": "Feature", "geometry": {"type": "LineString", "coordinates": [[-68.9244, -22.48903], [-68.92565, -22.48754]]}, "properties": {"name": "Avenida Libertador Bernardo O'Higgins", "highway": "primary"}}, {"type": "Feature", "geometry": {"type": "LineString", "coordinates": [[-68.92219, -22.49024], [-68.92195, -22.48902], [-68.92176, -22.48895], [-68.9203, -22.48904], [-68.91952, -22.48981]]}, "properties": {"name": "Juan Soldado", "highway": "residential"}}, {"type": "Feature", "geometry": {"type": "LineString", "coordinates": [[-68.92025, -22.48495], [-68.92014, -22.48613], [-68.92051, -22.49057]]}, "properties": {"name": "Avenida Licarayen", "highway": "residential"}}, {"type": "Feature", "geometry": {"type": "LineString", "coordinates": [[-68.92078, -22.4876], [-68.92106, -22.49072]]}, "properties": {"name": "Pasaje Tangata Manu", "highway": "residential"}}, {"type": "Feature", "geometry": {"type": "LineString", "coordinates": [[-68.92214, -22.48997], [-68.92104, -22.49049]]}, "properties": {"name": "Pasaje Alcalde José Lira", "highway": "residential"}}, {"type": "Feature", "geometry": {"type": "LineString", "coordinates": [[-68.92101, -22.49001], [-68.92206, -22.48956]]}, "properties": {"name": "Pasaje Juan Soldado Oriente", "highway": "residential"}}, {"type": "Feature", "geometry": {"type": "LineString", "coordinates": [[-68.92155, -22.48978], [-68.92141, -22.48896]]}, "properties": {"name": "Pasaje Tangata Manu Poniente", "highway": "residential"}}, {"type": "Feature", "geometry": {"type": "LineString", "coordinates": [[-68.91989, -22.48945], [-68.92046, -22.48989]]}, "properties": {"name": "Pasaje Licarayen Sur", "highway": "living_street"}}, {"type": "Feature", "geometry": {"type": "LineString", "coordinates": [[-68.92034, -22.48848], [-68.92012, -22.48847], [-68.9184, -22.48697]]}, "properties": {"name": "Caicaivilu", "highway": "residential"}}, {"type": "Feature", "geometry": {"type": "LineString", "coordinates": [[-68.92012, -22.48847], [-68.91915, -22.48948]]}, "properties": {"name": "La Tirana", "highway": "residential"}}, {"type": "Feature", "geometry": {"type": "LineString", "coordinates": [[-68.91943, -22.48853], [-68.91911, -22.48825], [-68.91847, -22.48889]]}, "properties": {"name": "Pasaje Kora Lle", "highway": "living_street"}}, {"type": "Feature", "geometry": {"type": "LineString", "coordinates": [[-68.91979, -22.48818], [-68.91911, -22.48884], [-68.91878, -22.48858]]}, "properties": {"name": "Pasaje Kora Lle", "highway": "living_street"}}, {"type": "Feature", "geometry": {"type": "LineString", "coordinates": [[-68.9191, -22.48758], [-68.91811, -22.48858]]}, "properties": {"name": "La Laguna del Inca", "highway": "residential"}}, {"type": "Feature", "geometry": {"type": "LineString", "coordinates": [[-68.91804, -22.48732], [-68.91837, -22.48762], [-68.91775, -22.48826]]}, "properties": {"name": "Pasaje Illi Yanqui", "highway": "residential"}}, {"type": "Feature", "geometry": {"type": "LineString", "coordinates": [[-68.91881, -22.48659], [-68.91772, -22.48763], [-68.91805, -22.48792]]}, "properties": {"name": "Pasaje Illi Yanqui", "highway": "residential"}}, {"type": "Feature", "geometry": {"type": "LineString", "coordinates": [[-68.91875, -22.48727], [-68.91913, -22.48687]]}, "properties": {"name": "Pasaje Caicaivilu", "highway": "living_street"}}, {"type": "Feature", "geometry": {"type": "LineString", "coordinates": [[-68.92195, -22.48902], [-68.92167, -22.48744]]}, "properties": {"name": "Pasaje Baldomero Lillo Poniente", "highway": "residential"}}, {"type": "Feature", "geometry": {"type": "LineString", "coordinates": [[-68.92087, -22.48859], [-68.92186, -22.48853]]}, "properties": {"name": "Pasaje Moto Nui", "highway": "residential"}}, {"type": "Feature", "geometry": {"type": "LineString", "coordinates": [[-68.92136, -22.48856], [-68.92127, -22.4875]]}, "properties": {"name": "Pasaje Tangata Manu Poniente", "highway": "residential"}}, {"type": "Feature", "geometry": {"type": "LineString", "coordinates": [[-68.92135, -22.4881], [-68.92148, -22.48855]]}, "properties": {"name": "Pasaje Tangata Manu Poniente", "highway": "residential"}}, {"type": "Feature", "geometry": {"type": "LineString", "coordinates": [[-68.9207, -22.48623], [-68.92084, -22.48759]]}, "properties": {"name": "Tangata Manu", "highway": "residential"}}, {"type": "Feature", "geometry": {"type": "LineString", "coordinates": [[-68.92017, -22.48666], [-68.91955, -22.48727]]}, "properties": {"name": "Pasaje Licarayen Nte", "highway": "living_street"}}, {"type": "Feature", "geometry": {"type": "LineString", "coordinates": [[-68.91787, -22.48429], [-68.91792, -22.48423]]}, "properties": {"name": "Pasaje La Calchona", "highway": "residential"}}, {"type": "Feature", "geometry": {"type": "LineString", "coordinates": [[-68.92389, -22.48721], [-68.92141, -22.48593], [-68.92067, -22.4851]]}, "properties": {"name": "Avenida Jorge Alessandri Rodríguez", "highway": "tertiary"}}, {"type": "Feature", "geometry": {"type": "LineString", "coordinates": [[-68.90611, -22.47809], [-68.90713, -22.4769], [-68.90766, -22.47683], [-68.9128, -22.48009], [-68.91397, -22.48187], [-68.91492, -22.48278], [-68.91814, -22.48432], [-68.92067, -22.4851]]}, "properties": {"name": "Avenida Jorge Alessandri Rodríguez", "highway": "tertiary"}}, {"type": "Feature", "geometry": {"type": "LineString", "coordinates": [[-68.90995, -22.49499], [-68.91183, -22.49487], [-68.91548, -22.49335]]}, "properties": {"name": "Acceso Aeródromo El Loa", "highway": "tertiary"}}, {"type": "Feature", "geometry": {"type": "LineString", "coordinates": [[-68.91821, -22.49219], [-68.91403, -22.48755], [-68.90533, -22.47919]]}, "properties": {"name": "Laguna Kalina", "highway": "residential"}}, {"type": "Feature", "geometry": {"type": "LineString", "coordinates": [[-68.90553, -22.47901], [-68.90533, -22.47919]]}, "properties": {"name": "", "highway": "tertiary"}}, {"type": "Feature", "geometry": {"type": "LineString", "coordinates": [[-68.90504, -22.47893], [-68.90028, -22.48297]]}, "properties": {"name": "Laguna Céjar", "highway": "tertiary"}}, {"type": "Feature", "geometry": {"type": "LineString", "coordinates": [[-68.89867, -22.44657], [-68.89789, -22.4484], [-68.89762, -22.45054], [-68.89783, -22.45218], [-68.89892, -22.45613]]}, "properties": {"name": "Avenida Circunvalación", "highway": "trunk"}}, {"type": "Feature", "geometry": {"type": "LineString", "coordinates": [[-68.89638, -22.47149], [-68.89675, -22.47113]]}, "properties": {"name": "Ruta 23 CH", "highway": "trunk"}}, {"type": "Feature", "geometry": {"type": "LineString", "coordinates": [[-68.90465, -22.46511], [-68.90247, -22.46697], [-68.90085, -22.4679]]}, "properties": {"name": "Avenida La Paz", "highway": "primary"}}, {"type": "Feature", "geometry": {"type": "LineString", "coordinates": [[-68.9054, -22.46478], [-68.90465, -22.46511]]}, "properties": {"name": "Avenida La Paz", "highway": "primary"}}, {"type": "Feature", "geometry": {"type": "LineString", "coordinates": [[-68.90698, -22.46415], [-68.90701, -22.46596], [-68.90795, -22.46698], [-68.90953, -22.46822], [-68.9101, -22.46928], [-68.91206, -22.46972], [-68.91277, -22.47019], [-68.91343, -22.47034], [-68.9141, -22.47097], [-68.91584, -22.47183], [-68.91818, -22.47263]]}, "properties": {"name": "Avenida Oriente", "highway": "tertiary"}}, {"type": "Feature", "geometry": {"type": "LineString", "coordinates": [[-68.91818, -22.47263], [-68.91864, -22.47121], [-68.91957, -22.47059], [-68.9205, -22.46936], [-68.92138, -22.46671]]}, "properties": {"name": "Miraflores", "highway": "residential"}}, {"type": "Feature", "geometry": {"type": "LineString", "coordinates": [[-68.90085, -22.4679], [-68.89898, -22.46928]]}, "properties": {"name": "Avenida La Paz", "highway": "primary"}}, {"type": "Feature", "geometry": {"type": "LineString", "coordinates": [[-68.93004, -22.4815], [-68.9295, -22.47961]]}, "properties": {"name": "Avenida Libertador Bernardo O'Higgins", "highway": "primary"}}, {"type": "Feature", "geometry": {"type": "LineString", "coordinates": [[-68.92603, -22.46899], [-68.92697, -22.47184]]}, "properties": {"name": "Avenida Libertador Bernardo O'Higgins", "highway": "primary"}}, {"type": "Feature", "geometry": {"type": "LineString", "coordinates": [[-68.92778, -22.47602], [-68.92825, -22.47588]]}, "properties": {"name": "Peñaliri", "highway": "living_street"}}, {"type": "Feature", "geometry": {"type": "LineString", "coordinates": [[-68.92653, -22.47447], [-68.92652, -22.47564]]}, "properties": {"name": "Yerbas Buenas", "highway": "residential"}}, {"type": "Feature", "geometry": {"type": "LineString", "coordinates": [[-68.93074, -22.47441], [-68.93118, -22.47296], [-68.93128, -22.47183], [-68.9332, -22.46658]]}, "properties": {"name": "Avenida Grecia", "highway": "secondary"}}, {"type": "Feature", "geometry": {"type": "LineString", "coordinates": [[-68.9295, -22.47542], [-68.92914, -22.47446]]}, "properties": {"name": "Casilla", "highway": "living_street"}}, {"type": "Feature", "geometry": {"type": "LineString", "coordinates": [[-68.92671, -22.47427], [-68.92761, -22.47398]]}, "properties": {"name": "Janequeo", "highway": "residential"}}, {"type": "Feature", "geometry": {"type": "LineString", "coordinates": [[-68.9251, -22.47041], [-68.92721, -22.47544]]}, "properties": {"name": "Gabriela Mistral", "highway": "residential"}}, {"type": "Feature", "geometry": {"type": "LineString", "coordinates": [[-68.93006, -22.47443], [-68.93006, -22.47389]]}, "properties": {"name": "Valdivia", "highway": "living_street"}}, {"type": "Feature", "geometry": {"type": "LineString", "coordinates": [[-68.92916, -22.47346], [-68.92919, -22.47446]]}, "properties": {"name": "Aysén", "highway": "living_street"}}, {"type": "Feature", "geometry": {"type": "LineString", "coordinates": [[-68.93092, -22.47386], [-68.93006, -22.47389]]}, "properties": {"name": "Quillota", "highway": "residential"}}, {"type": "Feature", "geometry": {"type": "LineString", "coordinates": [[-68.92781, -22.4735], [-68.92829, -22.47349]]}, "properties": {"name": "Justo Arteaga", "highway": "residential"}}, {"type": "Feature", "geometry": {"type": "LineString", "coordinates": [[-68.9276, -22.47048], [-68.92824, -22.47241], [-68.92829, -22.47349]]}, "properties": {"name": "Los Andes", "highway": "residential"}}, {"type": "Feature", "geometry": {"type": "LineString", "coordinates": [[-68.92717, -22.47242], [-68.93121, -22.47233]]}, "properties": {"name": "Aconcagua", "highway": "tertiary"}}, {"type": "Feature", "geometry": {"type": "LineString", "coordinates": [[-68.92655, -22.47054], [-68.92935, -22.4704]]}, "properties": {"name": "Punta Arenas", "highway": "residential"}}, {"type": "Feature", "geometry": {"type": "LineString", "coordinates": [[-68.92741, -22.47244], [-68.92674, -22.47053]]}, "properties": {"name": "Rancagua", "highway": "living_street"}}, {"type": "Feature", "geometry": {"type": "LineString", "coordinates": [[-68.93144, -22.47138], [-68.92686, -22.47149]]}, "properties": {"name": "Arauco", "highway": "residential"}}, {"type": "Feature", "geometry": {"type": "LineString", "coordinates": [[-68.92883, -22.47144], [-68.92915, -22.47238]]}, "properties": {"name": "Aysén", "highway": "residential"}}, {"type": "Feature", "geometry": {"type": "LineString", "coordinates": [[-68.93057, -22.4714], [-68.93085, -22.47234]]}, "properties": {"name": "Osorno", "highway": "residential"}}, {"type": "Feature", "geometry": {"type": "LineString", "coordinates": [[-68.92697, -22.47286], [-68.92664, -22.47192]]}, "properties": {"name": "Pasaje Manuel Rodríguez", "highway": "living_street"}}, {"type": "Feature", "geometry": {"type": "LineString", "coordinates": [[-68.93762, -22.46951], [-68.93351, -22.46826]]}, "properties": {"name": "Cobija", "highway": "secondary"}}, {"type": "Feature", "geometry": {"type": "LineString", "coordinates": [[-68.92711, -22.46683], [-68.92806, -22.46704]]}, "properties": {"name": "Porvenir", "highway": "residential"}}, {"type": "Feature", "geometry": {"type": "LineString", "coordinates": [[-68.92617, -22.46895], [-68.92597, -22.46885], [-68.92585, -22.46838]]}, "properties": {"name": "Abaroa", "highway": "tertiary"}}, {"type": "Feature", "geometry": {"type": "LineString", "coordinates": [[-68.92423, -22.46718], [-68.92524, -22.46753]]}, "properties": {"name": "Manzano", "highway": "residential"}}, {"type": "Feature", "geometry": {"type": "LineString", "coordinates": [[-68.92704, -22.46527], [-68.92658, -22.46539]]}, "properties": {"name": "Pedro León Gallo", "highway": "secondary"}}, {"type": "Feature", "geometry": {"type": "LineString", "coordinates": [[-68.92306, -22.46427], [-68.9244, -22.46416]]}, "properties": {"name": "Atacama", "highway": "residential"}}, {"type": "Feature", "geometry": {"type": "LineString", "coordinates": [[-68.93172, -22.47339], [-68.93175, -22.47438]]}, "properties": {"name": "Alianza", "highway": "residential"}}, {"type": "Feature", "geometry": {"type": "LineString", "coordinates": [[-68.93259, -22.47381], [-68.93174, -22.47383]]}, "properties": {"name": "Victoria", "highway": "residential"}}, {"type": "Feature", "geometry": {"type": "LineString", "coordinates": [[-68.93144, -22.47138], [-68.93111, -22.4703]]}, "properties": {"name": "La Serena", "highway": "residential"}}, {"type": "Feature", "geometry": {"type": "LineString", "coordinates": [[-68.93032, -22.46722], [-68.93064, -22.46629]]}, "properties": {"name": "Chinchilla", "highway": "living_street"}}, {"type": "Feature", "geometry": {"type": "LineString", "coordinates": [[-68.92952, -22.46486], [-68.9305, -22.46494]]}, "properties": {"name": "Javiera Carrera", "highway": "residential"}}, {"type": "Feature", "geometry": {"type": "LineString", "coordinates": [[-68.92989, -22.467], [-68.9305, -22.46494]]}, "properties": {"name": "Aníbal Pinto", "highway": "tertiary"}}, {"type": "Feature", "geometry": {"type": "LineString", "coordinates": [[-68.93115, -22.46644], [-68.93015, -22.46614]]}, "properties": {"name": "Salar San Martín", "highway": "living_street"}}, {"type": "Feature", "geometry": {"type": "LineString", "coordinates": [[-68.93328, -22.46661], [-68.93028, -22.4657]]}, "properties": {"name": "Paula Jaraquemada", "highway": "tertiary"}}, {"type": "Feature", "geometry": {"type": "LineString", "coordinates": [[-68.93101, -22.46497], [-68.93083, -22.46586]]}, "properties": {"name": "Chinchilla", "highway": "living_street"}}, {"type": "Feature", "geometry": {"type": "LineString", "coordinates": [[-68.93336, -22.46414], [-68.93157, -22.46406]]}, "properties": {"name": "Cerro Miño", "highway": "living_street"}}, {"type": "Feature", "geometry": {"type": "LineString", "coordinates": [[-68.93127, -22.46757], [-68.93176, -22.46615]]}, "properties": {"name": "La Cascada", "highway": "residential"}}, {"type": "Feature", "geometry": {"type": "LineString", "coordinates": [[-68.93094, -22.46698], [-68.93142, -22.46713]]}, "properties": {"name": "Cerro Jardín", "highway": "living_street"}}, {"type": "Feature", "geometry": {"type": "LineString", "coordinates": [[-68.93222, -22.46786], [-68.93275, -22.46645]]}, "properties": {"name": "Llama", "highway": "living_street"}}, {"type": "Feature", "geometry": {"type": "LineString", "coordinates": [[-68.93161, -22.46658], [-68.93258, -22.46688]]}, "properties": {"name": "Salar San Martín", "highway": "living_street"}}, {"type": "Feature", "geometry": {"type": "LineString", "coordinates": [[-68.9324, -22.46743], [-68.93287, -22.46757]]}, "properties": {"name": "Cerro Jardín", "highway": "living_street"}}, {"type": "Feature", "geometry": {"type": "LineString", "coordinates": [[-68.93211, -22.46673], [-68.93175, -22.46772]]}, "properties": {"name": "Guanaco", "highway": "living_street"}}, {"type": "Feature", "geometry": {"type": "LineString", "coordinates": [[-68.92968, -22.46556], [-68.92939, -22.46667]]}, "properties": {"name": "Pasaje 1", "highway": "living_street"}}, {"type": "Feature", "geometry": {"type": "LineString", "coordinates": [[-68.92938, -22.46554], [-68.92934, -22.46628]]}, "properties": {"name": "Pasaje 2", "highway": "living_street"}}, {"type": "Feature", "geometry": {"type": "LineString", "coordinates": [[-68.93131, -22.46601], [-68.93159, -22.46358]]}, "properties": {"name": "Alpaca", "highway": "living_street"}}, {"type": "Feature", "geometry": {"type": "LineString", "coordinates": [[-68.93251, -22.4641], [-68.93244, -22.46506]]}, "properties": {"name": "Guanaco", "highway": "living_street"}}, {"type": "Feature", "geometry": {"type": "LineString", "coordinates": [[-68.93154, -22.46455], [-68.93054, -22.46448]]}, "properties": {"name": "Volcán Santa Rosa", "highway": "living_street"}}, {"type": "Feature", "geometry": {"type": "LineString", "coordinates": [[-68.92952, -22.46486], [-68.92953, -22.46343]]}, "properties": {"name": "Santa María", "highway": "residential"}}, {"type": "Feature", "geometry": {"type": "LineString", "coordinates": [[-68.94779, -22.46309], [-68.94571, -22.46304]]}, "properties": {"name": "Emilio Sotomayor", "highway": "tertiary"}}, {"type": "Feature", "geometry": {"type": "LineString", "coordinates": [[-68.93164, -22.45996], [-68.93152, -22.46285]]}, "properties": {"name": "23 de Marzo", "highway": "residential"}}, {"type": "Feature", "geometry": {"type": "LineString", "coordinates": [[-68.93245, -22.46284], [-68.93255, -22.45999]]}, "properties": {"name": "Pedro Aguirre Cerda", "highway": "residential"}}, {"type": "Feature", "geometry": {"type": "LineString", "coordinates": [[-68.93124, -22.45771], [-68.93077, -22.4588], [-68.93059, -22.46352]]}, "properties": {"name": "Aníbal Pinto", "highway": "tertiary"}}, {"type": "Feature", "geometry": {"type": "LineString", "coordinates": [[-68.93064, -22.4616], [-68.93339, -22.46166]]}, "properties": {"name": "Loa", "highway": "residential"}}, {"type": "Feature", "geometry": {"type": "LineString", "coordinates": [[-68.93247, -22.46459], [-68.93333, -22.46463]]}, "properties": {"name": "Volcán Santa Rosa", "highway": "living_street"}}, {"type": "Feature", "geometry": {"type": "LineString", "coordinates": [[-68.92783, -22.46564], [-68.92796, -22.46538]]}, "properties": {"name": "Pasaje Monseñor Juan Bautista Herrada", "highway": "residential"}}, {"type": "Feature", "geometry": {"type": "LineString", "coordinates": [[-68.93353, -22.46004], [-68.93071, -22.45991]]}, "properties": {"name": "Félix Hoyos", "highway": "residential"}}, {"type": "Feature", "geometry": {"type": "LineString", "coordinates": [[-68.93125, -22.46103], [-68.93136, -22.45994]]}, "properties": {"name": "Caracas", "highway": "living_street"}}, {"type": "Feature", "geometry": {"type": "LineString", "coordinates": [[-68.931, -22.46048], [-68.93104, -22.45992]]}, "properties": {"name": "Lima", "highway": "living_street"}}, {"type": "Feature", "geometry": {"type": "LineString", "coordinates": [[-68.93187, -22.46107], [-68.93194, -22.45997]]}, "properties": {"name": "Pasaje Colón", "highway": "living_street"}}, {"type": "Feature", "geometry": {"type": "LineString", "coordinates": [[-68.93217, -22.46108], [-68.93226, -22.45998]]}, "properties": {"name": "Pasaje Haití", "highway": "living_street"}}, {"type": "Feature", "geometry": {"type": "LineString", "coordinates": [[-68.93281, -22.46112], [-68.93287, -22.46001]]}, "properties": {"name": "Pasaje Salta", "highway": "living_street"}}, {"type": "Feature", "geometry": {"type": "LineString", "coordinates": [[-68.93312, -22.46114], [-68.93316, -22.46002]]}, "properties": {"name": "Pasaje Perú", "highway": "living_street"}}, {"type": "Feature", "geometry": {"type": "LineString", "coordinates": [[-68.9322, -22.45998], [-68.93228, -22.45774]]}, "properties": {"name": "Pedro Aguirre Cerda", "highway": "residential"}}, {"type": "Feature", "geometry": {"type": "LineString", "coordinates": [[-68.93076, -22.45915], [-68.93223, -22.45922]]}, "properties": {"name": "Cosca", "highway": "residential"}}, {"type": "Feature", "geometry": {"type": "LineString", "coordinates": [[-68.93075, -22.45949], [-68.9241, -22.4577]]}, "properties": {"name": "Félix Hoyos", "highway": "residential"}}, {"type": "Feature", "geometry": {"type": "LineString", "coordinates": [[-68.92274, -22.45811], [-68.92472, -22.45883], [-68.92842, -22.45976]]}, "properties": {"name": "Antofagasta", "highway": "secondary"}}, {"type": "Feature", "geometry": {"type": "LineString", "coordinates": [[-68.92276, -22.45963], [-68.92462, -22.46025], [-68.9296, -22.46063]]}, "properties": {"name": "Bañados Espinoza", "highway": "residential"}}, {"type": "Feature", "geometry": {"type": "LineString", "coordinates": [[-68.93322, -22.46003], [-68.93331, -22.45778]]}, "properties": {"name": "Luis Risopatrón", "highway": "residential"}}, {"type": "Feature", "geometry": {"type": "LineString", "coordinates": [[-68.93352, -22.45899], [-68.93276, -22.45883]]}, "properties": {"name": "Carlos Cisternas", "highway": "residential"}}, {"type": "Feature", "geometry": {"type": "LineString", "coordinates": [[-68.93328, -22.45873], [-68.93088, -22.45874], [-68.92956, -22.4584]]}, "properties": {"name": "Carlos Cisternas", "highway": "residential"}}, {"type": "Feature", "geometry": {"type": "LineString", "coordinates": [[-68.93333, -22.45625], [-68.93314, -22.45777]]}, "properties": {"name": "Luis Risopatrón", "highway": "living_street"}}, {"type": "Feature", "geometry": {"type": "LineString", "coordinates": [[-68.93284, -22.45725], [-68.93321, -22.45727]]}, "properties": {"name": "Cabildo", "highway": "living_street"}}, {"type": "Feature", "geometry": {"type": "LineString", "coordinates": [[-68.93215, -22.45686], [-68.93202, -22.45773]]}, "properties": {"name": "Cal y Canto", "highway": "residential"}}, {"type": "Feature", "geometry": {"type": "LineString", "coordinates": [[-68.93274, -22.45776], [-68.93289, -22.45694]]}, "properties": {"name": "Montecristo", "highway": "living_street"}}, {"type": "Feature", "geometry": {"type": "LineString", "coordinates": [[-68.93215, -22.45686], [-68.93289, -22.45694]]}, "properties": {"name": "Mestizo Alejo", "highway": "living_street"}}, {"type": "Feature", "geometry": {"type": "LineString", "coordinates": [[-68.9325, -22.4569], [-68.93238, -22.45774]]}, "properties": {"name": "Pasaje Tarapacá", "highway": "living_street"}}, {"type": "Feature", "geometry": {"type": "LineString", "coordinates": [[-68.93279, -22.45754], [-68.93205, -22.45745]]}, "properties": {"name": "Vallenar", "highway": "living_street"}}, {"type": "Feature", "geometry": {"type": "LineString", "coordinates": [[-68.93209, -22.45716], [-68.93133, -22.45706]]}, "properties": {"name": "Huasco", "highway": "residential"}}, {"type": "Feature", "geometry": {"type": "LineString", "coordinates": [[-68.93164, -22.45773], [-68.93178, -22.45667]]}, "properties": {"name": "Tumbes", "highway": "living_street"}}, {"type": "Feature", "geometry": {"type": "LineString", "coordinates": [[-68.93083, -22.45767], [-68.93059, -22.45831]]}, "properties": {"name": "Pacífico", "highway": "residential"}}, {"type": "Feature", "geometry": {"type": "LineString", "coordinates": [[-68.93135, -22.45692], [-68.92916, -22.45662]]}, "properties": {"name": "Yareta", "highway": "residential"}}, {"type": "Feature", "geometry": {"type": "LineString", "coordinates": [[-68.93057, -22.45681], [-68.93013, -22.45855]]}, "properties": {"name": "Los Ángeles", "highway": "residential"}}, {"type": "Feature", "geometry": {"type": "LineString", "coordinates": [[-68.93026, -22.45821], [-68.93097, -22.45842]]}, "properties": {"name": "La Quintrala", "highway": "residential"}}, {"type": "Feature", "geometry": {"type": "LineString", "coordinates": [[-68.92995, -22.45673], [-68.92956, -22.4584]]}, "properties": {"name": "Madame Curie", "highway": "residential"}}, {"type": "Feature", "geometry": {"type": "LineString", "coordinates": [[-68.93033, -22.45678], [-68.93042, -22.45625]]}, "properties": {"name": "Bandera", "highway": "residential"}}, {"type": "Feature", "geometry": {"type": "LineString", "coordinates": [[-68.93292, -22.45323], [-68.93295, -22.45625]]}, "properties": {"name": "México", "highway": "residential"}}, {"type": "Feature", "geometry": {"type": "LineString", "coordinates": [[-68.93213, -22.45627], [-68.93215, -22.45322]]}, "properties": {"name": "Colombia", "highway": "residential"}}, {"type": "Feature", "geometry": {"type": "LineString", "coordinates": [[-68.92984, -22.45457], [-68.93292, -22.45588]]}, "properties": {"name": "Tocopilla", "highway": "residential"}}, {"type": "Feature", "geometry": {"type": "LineString", "coordinates": [[-68.93135, -22.45319], [-68.93137, -22.45625]]}, "properties": {"name": "Venezuela", "highway": "residential"}}, {"type": "Feature", "geometry": {"type": "LineString", "coordinates": [[-68.93057, -22.4531], [-68.9306, -22.45625]]}, "properties": {"name": "Costa Rica", "highway": "residential"}}, {"type": "Feature", "geometry": {"type": "LineString", "coordinates": [[-68.92594, -22.469], [-68.92534, -22.46737]]}, "properties": {"name": "Avenida Libertador Bernardo O'Higgins", "highway": "primary"}}, {"type": "Feature", "geometry": {"type": "LineString", "coordinates": [[-68.92748, -22.46081], [-68.92737, -22.462]]}, "properties": {"name": "General José Velásquez", "highway": "residential"}}, {"type": "Feature", "geometry": {"type": "LineString", "coordinates": [[-68.92612, -22.45738], [-68.92439, -22.45695]]}, "properties": {"name": "San Lorenzo", "highway": "living_street"}}, {"type": "Feature", "geometry": {"type": "LineString", "coordinates": [[-68.92618, -22.45684], [-68.92497, -22.45653]]}, "properties": {"name": "Tarapacá", "highway": "residential"}}, {"type": "Feature", "geometry": {"type": "LineString", "coordinates": [[-68.92709, -22.45709], [-68.92746, -22.45586]]}, "properties": {"name": "Chile", "highway": "residential"}}, {"type": "Feature", "geometry": {"type": "LineString", "coordinates": [[-68.92665, -22.44989], [-68.92731, -22.45328], [-68.92724, -22.45584]]}, "properties": {"name": "Concepción", "highway": "residential"}}, {"type": "Feature", "geometry": {"type": "LineString", "coordinates": [[-68.92787, -22.4559], [-68.92793, -22.45328], [-68.92723, -22.44979]]}, "properties": {"name": "Iquique", "highway": "residential"}}, {"type": "Feature", "geometry": {"type": "LineString", "coordinates": [[-68.92639, -22.45458], [-68.92924, -22.45457]]}, "properties": {"name": "Vasco de Gama", "highway": "tertiary"}}, {"type": "Feature", "geometry": {"type": "LineString", "coordinates": [[-68.94635, -22.45497], [-68.92935, -22.45458]]}, "properties": {"name": "Vasco de Gama", "highway": "tertiary"}}, {"type": "Feature", "geometry": {"type": "LineString", "coordinates": [[-68.92924, -22.45328], [-68.92763, -22.44523]]}, "properties": {"name": "Avenida Granaderos", "highway": "primary"}}, {"type": "Feature", "geometry": {"type": "LineString", "coordinates": [[-68.92933, -22.45327], [-68.92927, -22.45603]]}, "properties": {"name": "Avenida Granaderos", "highway": "primary"}}, {"type": "Feature", "geometry": {"type": "LineString", "coordinates": [[-68.92885, -22.45806], [-68.92956, -22.4584]]}, "properties": {"name": "Carlos Cisternas", "highway": "residential"}}, {"type": "Feature", "geometry": {"type": "LineString", "coordinates": [[-68.93528, -22.46721], [-68.93491, -22.46561]]}, "properties": {"name": "Cerro Quimal", "highway": "living_street"}}, {"type": "Feature", "geometry": {"type": "LineString", "coordinates": [[-68.9348, -22.46503], [-68.93478, -22.4656]]}, "properties": {"name": "Cerro Quimal", "highway": "living_street"}}, {"type": "Feature", "geometry": {"type": "LineString", "coordinates": [[-68.93516, -22.46671], [-68.93431, -22.46645]]}, "properties": {"name": "Cerro Puruña", "highway": "living_street"}}, {"type": "Feature", "geometry": {"type": "LineString", "coordinates": [[-68.93502, -22.46378], [-68.93482, -22.46281]]}, "properties": {"name": "Brasilia", "highway": "tertiary"}}, {"type": "Feature", "geometry": {"type": "LineString", "coordinates": [[-68.93437, -22.46557], [-68.9342, -22.46689]]}, "properties": {"name": "Quirquincho", "highway": "living_street"}}, {"type": "Feature", "geometry": {"type": "LineString", "coordinates": [[-68.93328, -22.46661], [-68.93586, -22.46738], [-68.93713, -22.46731], [-68.93926, -22.46799]]}, "properties": {"name": "Paula Jaraquemada", "highway": "tertiary"}}, {"type": "Feature", "geometry": {"type": "LineString", "coordinates": [[-68.93381, -22.46677], [-68.93388, -22.46557]]}, "properties": {"name": "Vizcachas", "highway": "living_street"}}, {"type": "Feature", "geometry": {"type": "LineString", "coordinates": [[-68.93421, -22.46553], [-68.93335, -22.46552]]}, "properties": {"name": "Javiera Carrera", "highway": "living_street"}}, {"type": "Feature", "geometry": {"type": "LineString", "coordinates": [[-68.93533, -22.46505], [-68.93416, -22.46499]]}, "properties": {"name": "Volcán Santa Rosa", "highway": "living_street"}}, {"type": "Feature", "geometry": {"type": "LineString", "coordinates": [[-68.93355, -22.46512], [-68.93415, -22.46509]]}, "properties": {"name": "Javiera Carrera", "highway": "living_street"}}, {"type": "Feature", "geometry": {"type": "LineString", "coordinates": [[-68.93464, -22.46502], [-68.93467, -22.46453]]}, "properties": {"name": "Cerro Quimal", "highway": "living_street"}}, {"type": "Feature", "geometry": {"type": "LineString", "coordinates": [[-68.93415, -22.46509], [-68.93424, -22.46372]]}, "properties": {"name": "Quirquincho", "highway": "living_street"}}, {"type": "Feature", "geometry": {"type": "LineString", "coordinates": [[-68.93419, -22.46451], [-68.93521, -22.46456]]}, "properties": {"name": "Volcán Santa Rosa Nte", "highway": "living_street"}}, {"type": "Feature", "geometry": {"type": "LineString", "coordinates": [[-68.93418, -22.46465], [-68.93341, -22.4646]]}, "properties": {"name": "Volcán Santa Rosa Nte", "highway": "living_street"}}, {"type": "Feature", "geometry": {"type": "LineString", "coordinates": [[-68.93457, -22.46452], [-68.93464, -22.46375]]}, "properties": {"name": "Cerro Quimal", "highway": "living_street"}}, {"type": "Feature", "geometry": {"type": "LineString", "coordinates": [[-68.93421, -22.46419], [-68.93344, -22.46415]]}, "properties": {"name": "Cerro Miño", "highway": "living_street"}}, {"type": "Feature", "geometry": {"type": "LineString", "coordinates": [[-68.93397, -22.46371], [-68.93402, -22.4631]]}, "properties": {"name": "Quirquincho", "highway": "living_street"}}, {"type": "Feature", "geometry": {"type": "LineString", "coordinates": [[-68.93437, -22.46373], [-68.93441, -22.46311]]}, "properties": {"name": "Cerro Quimal", "highway": "living_street"}}, {"type": "Feature", "geometry": {"type": "LineString", "coordinates": [[-68.93645, -22.45666], [-68.93599, -22.46382], [-68.93614, -22.4664]]}, "properties": {"name": "Río de Janeiro", "highway": "residential"}}, {"type": "Feature", "geometry": {"type": "LineString", "coordinates": [[-68.94092, -22.46678], [-68.93562, -22.46637]]}, "properties": {"name": "Irene Frei", "highway": "residential"}}, {"type": "Feature", "geometry": {"type": "LineString", "coordinates": [[-68.93524, -22.46471], [-68.94153, -22.4651]]}, "properties": {"name": "General Salvo", "highway": "residential"}}, {"type": "Feature", "geometry": {"type": "LineString", "coordinates": [[-68.94025, -22.45622], [-68.93966, -22.46667], [-68.93859, -22.4698]]}, "properties": {"name": "Pedro de Valdivia", "highway": "tertiary"}}, {"type": "Feature", "geometry": {"type": "LineString", "coordinates": [[-68.93835, -22.46721], [-68.93942, -22.46754]]}, "properties": {"name": "Clarín de la Gloria", "highway": "living_street"}}, {"type": "Feature", "geometry": {"type": "LineString", "coordinates": [[-68.93957, -22.46712], [-68.93842, -22.46703]]}, "properties": {"name": "Verdes Campinas", "highway": "living_street"}}, {"type": "Feature", "geometry": {"type": "LineString", "coordinates": [[-68.93961, -22.46703], [-68.94316, -22.46783], [-68.94405, -22.46837]]}, "properties": {"name": "Verdes Campinas", "highway": "unclassified"}}, {"type": "Feature", "geometry": {"type": "LineString", "coordinates": [[-68.93644, -22.46735], [-68.9365, -22.46855]]}, "properties": {"name": "Río de Janeiro", "highway": "residential"}}, {"type": "Feature", "geometry": {"type": "LineString", "coordinates": [[-68.93939, -22.46871], [-68.9369, -22.46795], [-68.93599, -22.468]]}, "properties": {"name": "Lago San Martín", "highway": "living_street"}}, {"type": "Feature", "geometry": {"type": "LineString", "coordinates": [[-68.93762, -22.46951], [-68.9371, -22.47135]]}, "properties": {"name": "Aldunate", "highway": "secondary"}}, {"type": "Feature", "geometry": {"type": "LineString", "coordinates": [[-68.94882, -22.47909], [-68.95099, -22.47653]]}, "properties": {"name": "", "highway": "tertiary"}}, {"type": "Feature", "geometry": {"type": "LineString", "coordinates": [[-68.95099, -22.47653], [-68.94248, -22.4724], [-68.93957, -22.47013]]}, "properties": {"name": "Cobija", "highway": "tertiary"}}, {"type": "Feature", "geometry": {"type": "LineString", "coordinates": [[-68.93121, -22.47233], [-68.93661, -22.47218]]}, "properties": {"name": "Aconcagua", "highway": "tertiary"}}, {"type": "Feature", "geometry": {"type": "LineString", "coordinates": [[-68.93476, -22.46752], [-68.93549, -22.46775]]}, "properties": {"name": "Lago San Martín", "highway": "living_street"}}, {"type": "Feature", "geometry": {"type": "LineString", "coordinates": [[-68.93483, -22.46817], [-68.93413, -22.46794]]}, "properties": {"name": "Cerro Jardín", "highway": "living_street"}}, {"type": "Feature", "geometry": {"type": "LineString", "coordinates": [[-68.93446, -22.46697], [-68.93397, -22.46839]]}, "properties": {"name": "Quirquincho", "highway": "living_street"}}, {"type": "Feature", "geometry": {"type": "LineString", "coordinates": [[-68.93503, -22.46761], [-68.93468, -22.46861]]}, "properties": {"name": "Cerro Quimal", "highway": "living_street"}}, {"type": "Feature", "geometry": {"type": "LineString", "coordinates": [[-68.93491, -22.46711], [-68.93456, -22.46808]]}, "properties": {"name": "Cerro Quimal", "highway": "living_street"}}, {"type": "Feature", "geometry": {"type": "LineString", "coordinates": [[-68.93564, -22.46732], [-68.93514, -22.46875]]}, "properties": {"name": "Chunchurí", "highway": "living_street"}}, {"type": "Feature", "geometry": {"type": "LineString", "coordinates": [[-68.93388, -22.46726], [-68.93351, -22.46826]]}, "properties": {"name": "Vizcachas", "highway": "living_street"}}, {"type": "Feature", "geometry": {"type": "LineString", "coordinates": [[-68.93295, -22.46759], [-68.93367, -22.46781]]}, "properties": {"name": "Cerro Jardín", "highway": "living_street"}}, {"type": "Feature", "geometry": {"type": "LineString", "coordinates": [[-68.93431, -22.4674], [-68.9336, -22.46717]]}, "properties": {"name": "Lago San Martín", "highway": "living_street"}}, {"type": "Feature", "geometry": {"type": "LineString", "coordinates": [[-68.93374, -22.46675], [-68.93339, -22.46773]]}, "properties": {"name": "Vizcachas", "highway": "living_street"}}, {"type": "Feature", "geometry": {"type": "LineString", "coordinates": [[-68.93558, -22.46888], [-68.93594, -22.46781]]}, "properties": {"name": "Cerro Jardín Oriente", "highway": "living_street"}}, {"type": "Feature", "geometry": {"type": "LineString", "coordinates": [[-68.93646, -22.46915], [-68.9373, -22.46689], [-68.93775, -22.4568]]}, "properties": {"name": "Uruguay", "highway": "residential"}}, {"type": "Feature", "geometry": {"type": "LineString", "coordinates": [[-68.93611, -22.46959], [-68.93567, -22.4698]]}, "properties": {"name": "Oasis Toconce", "highway": "living_street"}}, {"type": "Feature", "geometry": {"type": "LineString", "coordinates": [[-68.9356, -22.46999], [-68.9359, -22.46898]]}, "properties": {"name": "Oasis San Pedro", "highway": "living_street"}}, {"type": "Feature", "geometry": {"type": "LineString", "coordinates": [[-68.93575, -22.46954], [-68.93748, -22.46999]]}, "properties": {"name": "Oasis Puritama", "highway": "living_street"}}, {"type": "Feature", "geometry": {"type": "LineString", "coordinates": [[-68.93603, -22.46976], [-68.93663, -22.4716], [-68.937, -22.47171]]}, "properties": {"name": "Oasis Toconce", "highway": "living_street"}}, {"type": "Feature", "geometry": {"type": "LineString", "coordinates": [[-68.93632, -22.47065], [-68.93722, -22.4709]]}, "properties": {"name": "Oasis Caspana", "highway": "living_street"}}, {"type": "Feature", "geometry": {"type": "LineString", "coordinates": [[-68.93615, -22.47012], [-68.93735, -22.47044]]}, "properties": {"name": "Oasis Ayquina", "highway": "living_street"}}, {"type": "Feature", "geometry": {"type": "LineString", "coordinates": [[-68.9351, -22.47524], [-68.93607, -22.47219]]}, "properties": {"name": "Colpa", "highway": "living_street"}}, {"type": "Feature", "geometry": {"type": "LineString", "coordinates": [[-68.93386, -22.47328], [-68.93627, -22.4732]]}, "properties": {"name": "Justo Arteaga", "highway": "residential"}}, {"type": "Feature", "geometry": {"type": "LineString", "coordinates": [[-68.94076, -22.46722], [-68.94116, -22.46604]]}, "properties": {"name": "Inés de Suárez", "highway": "residential"}}, {"type": "Feature", "geometry": {"type": "LineString", "coordinates": [[-68.941, -22.46654], [-68.94034, -22.46648]]}, "properties": {"name": "Pasaje 2", "highway": "living_street"}}, {"type": "Feature", "geometry": {"type": "LineString", "coordinates": [[-68.94004, -22.4667], [-68.94017, -22.465]]}, "properties": {"name": "José Orella", "highway": "living_street"}}, {"type": "Feature", "geometry": {"type": "LineString", "coordinates": [[-68.94058, -22.466], [-68.94079, -22.46361]]}, "properties": {"name": "Cirujano Videla", "highway": "living_street"}}, {"type": "Feature", "geometry": {"type": "LineString", "coordinates": [[-68.93979, -22.46357], [-68.94157, -22.46363]]}, "properties": {"name": "Lucila Godoy Alcayaga", "highway": "living_street"}}, {"type": "Feature", "geometry": {"type": "LineString", "coordinates": [[-68.94155, -22.46405], [-68.9416, -22.46296]]}, "properties": {"name": "Sonetos", "highway": "living_street"}}, {"type": "Feature", "geometry": {"type": "LineString", "coordinates": [[-68.94113, -22.46362], [-68.94115, -22.46295]]}, "properties": {"name": "Elqui", "highway": "living_street"}}, {"type": "Feature", "geometry": {"type": "LineString", "coordinates": [[-68.94069, -22.4636], [-68.9407, -22.46294]]}, "properties": {"name": "Tala", "highway": "living_street"}}, {"type": "Feature", "geometry": {"type": "LineString", "coordinates": [[-68.94025, -22.46358], [-68.94027, -22.46293]]}, "properties": {"name": "Monte Grande", "highway": "living_street"}}, {"type": "Feature", "geometry": {"type": "LineString", "coordinates": [[-68.94159, -22.46338], [-68.94222, -22.4634]]}, "properties": {"name": "Lucila Godoy Alcayaga", "highway": "living_street"}}, {"type": "Feature", "geometry": {"type": "LineString", "coordinates": [[-68.93974, -22.46445], [-68.94171, -22.46457]]}, "properties": {"name": "Piloto Stanley", "highway": "living_street"}}, {"type": "Feature", "geometry": {"type": "LineString", "coordinates": [[-68.94575, -22.46247], [-68.93337, -22.4622]]}, "properties": {"name": "Eleuterio Ramírez", "highway": "residential"}}, {"type": "Feature", "geometry": {"type": "LineString", "coordinates": [[-68.93481, -22.46068], [-68.93506, -22.45613]]}, "properties": {"name": "Brasilia", "highway": "tertiary"}}, {"type": "Feature", "geometry": {"type": "LineString", "coordinates": [[-68.92959, -22.46094], [-68.9228, -22.46053]]}, "properties": {"name": "Vargas", "highway": "tertiary"}}, {"type": "Feature", "geometry": {"type": "LineString", "coordinates": [[-68.94173, -22.45135], [-68.94145, -22.45626]]}, "properties": {"name": "Santiago Humberstone", "highway": "residential"}}, {"type": "Feature", "geometry": {"type": "LineString", "coordinates": [[-68.93067, -22.46047], [-68.93343, -22.46061]]}, "properties": {"name": "Antofagasta", "highway": "residential"}}, {"type": "Feature", "geometry": {"type": "LineString", "coordinates": [[-68.94478, -22.46064], [-68.93881, -22.46035]]}, "properties": {"name": "Félix Hoyos", "highway": "residential"}}, {"type": "Feature", "geometry": {"type": "LineString", "coordinates": [[-68.93356, -22.45941], [-68.94298, -22.45993]]}, "properties": {"name": "Juan Antonio Ríos", "highway": "residential"}}, {"type": "Feature", "geometry": {"type": "LineString", "coordinates": [[-68.93755, -22.46023], [-68.93353, -22.46004]]}, "properties": {"name": "Félix Hoyos", "highway": "residential"}}, {"type": "Feature", "geometry": {"type": "LineString", "coordinates": [[-68.93359, -22.45877], [-68.94127, -22.45925]]}, "properties": {"name": "Carlos Cisternas", "highway": "tertiary"}}, {"type": "Feature", "geometry": {"type": "LineString", "coordinates": [[-68.93363, -22.45814], [-68.93897, -22.45846]]}, "properties": {"name": "Tarapacá", "highway": "residential"}}, {"type": "Feature", "geometry": {"type": "LineString", "coordinates": [[-68.93731, -22.45763], [-68.93366, -22.45752]]}, "properties": {"name": "Chacabuco", "highway": "residential"}}, {"type": "Feature", "geometry": {"type": "LineString", "coordinates": [[-68.93503, -22.45672], [-68.94011, -22.45877]]}, "properties": {"name": "Tocopilla", "highway": "residential"}}, {"type": "Feature", "geometry": {"type": "LineString", "coordinates": [[-68.9499, -22.45904], [-68.94772, -22.45888]]}, "properties": {"name": "Chacabuco", "highway": "residential"}}, {"type": "Feature", "geometry": {"type": "LineString", "coordinates": [[-68.93369, -22.45688], [-68.93502, -22.45697]]}, "properties": {"name": "Cardenal José María Caro", "highway": "residential"}}, {"type": "Feature", "geometry": {"type": "LineString", "coordinates": [[-68.9361, -22.45331], [-68.93609, -22.4566]]}, "properties": {"name": "Florida", "highway": "residential"}}, {"type": "Feature", "geometry": {"type": "LineString", "coordinates": [[-68.93533, -22.45322], [-68.93531, -22.45614]]}, "properties": {"name": "Paraguay", "highway": "residential"}}, {"type": "Feature", "geometry": {"type": "LineString", "coordinates": [[-68.93451, -22.45612], [-68.93454, -22.45327]]}, "properties": {"name": "O'Higgins", "highway": "residential"}}, {"type": "Feature", "geometry": {"type": "LineString", "coordinates": [[-68.93056, -22.45292], [-68.93134, -22.45283]]}, "properties": {"name": "Alonso de Ercilla", "highway": "tertiary"}}, {"type": "Feature", "geometry": {"type": "LineString", "coordinates": [[-68.93505, -22.45644], [-68.94993, -22.45796]]}, "properties": {"name": "Coquimbo", "highway": "residential"}}, {"type": "Feature", "geometry": {"type": "LineString", "coordinates": [[-68.9384, -22.45687], [-68.93842, -22.45336], [-68.93824, -22.45176], [-68.93725, -22.44676]]}, "properties": {"name": "Frankfurt", "highway": "residential"}}, {"type": "Feature", "geometry": {"type": "LineString", "coordinates": [[-68.93163, -22.43855], [-68.93191, -22.43996]]}, "properties": {"name": "Guatemala", "highway": "residential"}}, {"type": "Feature", "geometry": {"type": "LineString", "coordinates": [[-68.93761, -22.45679], [-68.93764, -22.45335]]}, "properties": {"name": "Hamburgo", "highway": "residential"}}, {"type": "Feature", "geometry": {"type": "LineString", "coordinates": [[-68.93015, -22.44682], [-68.93134, -22.45283]]}, "properties": {"name": "Venezuela", "highway": "residential"}}, {"type": "Feature", "geometry": {"type": "LineString", "coordinates": [[-68.93206, -22.44444], [-68.93737, -22.44354]]}, "properties": {"name": "Arturo Prat", "highway": "secondary"}}, {"type": "Feature", "geometry": {"type": "LineString", "coordinates": [[-68.92857, -22.44944], [-68.93292, -22.44874]]}, "properties": {"name": "Manuel Montt", "highway": "residential"}}, {"type": "Feature", "geometry": {"type": "LineString", "coordinates": [[-68.93234, -22.44586], [-68.93613, -22.4452]]}, "properties": {"name": "Escocia", "highway": "residential"}}, {"type": "Feature", "geometry": {"type": "LineString", "coordinates": [[-68.93245, -22.44643], [-68.93473, -22.44606]]}, "properties": {"name": "Finlandia", "highway": "residential"}}, {"type": "Feature", "geometry": {"type": "LineString", "coordinates": [[-68.92907, -22.45193], [-68.93876, -22.45038]]}, "properties": {"name": "Federico Errázuriz", "highway": "residential"}}, {"type": "Feature", "geometry": {"type": "LineString", "coordinates": [[-68.93251, -22.44293], [-68.93178, -22.44306]]}, "properties": {"name": "Independencia", "highway": "residential"}}, {"type": "Feature", "geometry": {"type": "LineString", "coordinates": [[-68.94039, -22.45071], [-68.93952, -22.44639]]}, "properties": {"name": "Colonia", "highway": "residential"}}, {"type": "Feature", "geometry": {"type": "LineString", "coordinates": [[-68.93008, -22.43882], [-68.93169, -22.44656]]}, "properties": {"name": "España", "highway": "residential"}}, {"type": "Feature", "geometry": {"type": "LineString", "coordinates": [[-68.92647, -22.43943], [-68.93088, -22.43868]]}, "properties": {"name": "Alejandro Rodríguez", "highway": "secondary"}}, {"type": "Feature", "geometry": {"type": "LineString", "coordinates": [[-68.94852, -22.45358], [-68.94081, -22.45333]]}, "properties": {"name": "Maipú", "highway": "tertiary"}}, {"type": "Feature", "geometry": {"type": "LineString", "coordinates": [[-68.94081, -22.45333], [-68.93917, -22.45337]]}, "properties": {"name": "Avenida Maipú", "highway": "tertiary"}}, {"type": "Feature", "geometry": {"type": "LineString", "coordinates": [[-68.93688, -22.45325], [-68.93685, -22.45671]]}, "properties": {"name": "Berlín", "highway": "residential"}}, {"type": "Feature", "geometry": {"type": "LineString", "coordinates": [[-68.93691, -22.44134], [-68.93737, -22.44354]]}, "properties": {"name": "Frei Bonn", "highway": "residential"}}, {"type": "Feature", "geometry": {"type": "LineString", "coordinates": [[-68.93985, -22.45621], [-68.94007, -22.45338]]}, "properties": {"name": "Colonia", "highway": "residential"}}, {"type": "Feature", "geometry": {"type": "LineString", "coordinates": [[-68.94074, -22.45434], [-68.94159, -22.45436]]}, "properties": {"name": "Alonso de Córdoba", "highway": "residential"}}, {"type": "Feature", "geometry": {"type": "LineString", "coordinates": [[-68.94077, -22.45392], [-68.94161, -22.45393]]}, "properties": {"name": "Frutillar", "highway": "residential"}}, {"type": "Feature", "geometry": {"type": "LineString", "coordinates": [[-68.93764, -22.45335], [-68.93748, -22.45189]]}, "properties": {"name": "Hamburgo", "highway": "residential"}}, {"type": "Feature", "geometry": {"type": "LineString", "coordinates": [[-68.93674, -22.452], [-68.93688, -22.45325]]}, "properties": {"name": "Berlín", "highway": "residential"}}, {"type": "Feature", "geometry": {"type": "LineString", "coordinates": [[-68.93454, -22.45327], [-68.93342, -22.44738]]}, "properties": {"name": "O'Higgins", "highway": "residential"}}, {"type": "Feature", "geometry": {"type": "LineString", "coordinates": [[-68.93007, -22.45047], [-68.93056, -22.45292]]}, "properties": {"name": "Costa Rica", "highway": "residential"}}, {"type": "Feature", "geometry": {"type": "LineString", "coordinates": [[-68.93316, -22.44996], [-68.92873, -22.45069]]}, "properties": {"name": "Hernán Cortés", "highway": "residential"}}, {"type": "Feature", "geometry": {"type": "LineString", "coordinates": [[-68.92338, -22.42396], [-68.92444, -22.42911]]}, "properties": {"name": "Avenida Granaderos", "highway": "primary"}}, {"type": "Feature", "geometry": {"type": "LineString", "coordinates": [[-68.92292, -22.45135], [-68.92863, -22.45022]]}, "properties": {"name": "Hernán Cortés", "highway": "residential"}}, {"type": "Feature", "geometry": {"type": "LineString", "coordinates": [[-68.9277, -22.44906], [-68.92851, -22.45328], [-68.92847, -22.45597]]}, "properties": {"name": "Ramón Freire", "highway": "residential"}}, {"type": "Feature", "geometry": {"type": "LineString", "coordinates": [[-68.92746, -22.44872], [-68.92677, -22.44537]]}, "properties": {"name": "Ramón Freire", "highway": "residential"}}, {"type": "Feature", "geometry": {"type": "LineString", "coordinates": [[-68.92831, -22.44859], [-68.92451, -22.44916]]}, "properties": {"name": "Heriberto Salgado", "highway": "residential"}}, {"type": "Feature", "geometry": {"type": "LineString", "coordinates": [[-68.91987, -22.4477], [-68.91997, -22.44768]]}, "properties": {"name": "Simón Bolívar", "highway": "tertiary"}}, {"type": "Feature", "geometry": {"type": "LineString", "coordinates": [[-68.92517, -22.44535], [-68.92623, -22.4507]]}, "properties": {"name": "Almirante Latorre", "highway": "secondary"}}, {"type": "Feature", "geometry": {"type": "LineString", "coordinates": [[-68.92301, -22.46467], [-68.92299, -22.46427]]}, "properties": {"name": "Balmaceda", "highway": "primary"}}, {"type": "Feature", "geometry": {"type": "LineString", "coordinates": [[-68.91603, -22.43282], [-68.91884, -22.44351]]}, "properties": {"name": "Avenida Balmaceda", "highway": "primary"}}, {"type": "Feature", "geometry": {"type": "LineString", "coordinates": [[-68.92189, -22.45436], [-68.92304, -22.45407]]}, "properties": {"name": "Avenida Chorrillos", "highway": "secondary"}}, {"type": "Feature", "geometry": {"type": "LineString", "coordinates": [[-68.92353, -22.44121], [-68.92432, -22.44107]]}, "properties": {"name": "Aucalquincha", "highway": "living_street"}}, {"type": "Feature", "geometry": {"type": "LineString", "coordinates": [[-68.92704, -22.44188], [-68.92478, -22.44246], [-68.91884, -22.44351]]}, "properties": {"name": "Ascotán", "highway": "tertiary"}}, {"type": "Feature", "geometry": {"type": "LineString", "coordinates": [[-68.9227, -22.44081], [-68.92232, -22.43895]]}, "properties": {"name": "José Miguel Carrera", "highway": "residential"}}, {"type": "Feature", "geometry": {"type": "LineString", "coordinates": [[-68.92461, -22.44048], [-68.92117, -22.44109]]}, "properties": {"name": "Caspana", "highway": "residential"}}, {"type": "Feature", "geometry": {"type": "LineString", "coordinates": [[-68.92099, -22.44018], [-68.92443, -22.43958]]}, "properties": {"name": "Talca", "highway": "residential"}}, {"type": "Feature", "geometry": {"type": "LineString", "coordinates": [[-68.92443, -22.43958], [-68.92463, -22.44063], [-68.92432, -22.44099]]}, "properties": {"name": "Riquelme", "highway": "tertiary"}}, {"type": "Feature", "geometry": {"type": "LineString", "coordinates": [[-68.9207, -22.43935], [-68.92632, -22.43825]]}, "properties": {"name": "Central Sur", "highway": "tertiary"}}, {"type": "Feature", "geometry": {"type": "LineString", "coordinates": [[-68.92119, -22.43915], [-68.92021, -22.43436]]}, "properties": {"name": "Camarones", "highway": "residential"}}, {"type": "Feature", "geometry": {"type": "LineString", "coordinates": [[-68.92425, -22.43871], [-68.92329, -22.43382]]}, "properties": {"name": "Riquelme", "highway": "tertiary"}}, {"type": "Feature", "geometry": {"type": "LineString", "coordinates": [[-68.92936, -22.43536], [-68.92778, -22.43563]]}, "properties": {"name": "Freirina", "highway": "residential"}}, {"type": "Feature", "geometry": {"type": "LineString", "coordinates": [[-68.91563, -22.43889], [-68.91744, -22.43856]]}, "properties": {"name": "Central Norte", "highway": "residential"}}, {"type": "Feature", "geometry": {"type": "LineString", "coordinates": [[-68.91876, -22.43384], [-68.91966, -22.43827]]}, "properties": {"name": "Caracoles", "highway": "residential"}}, {"type": "Feature", "geometry": {"type": "LineString", "coordinates": [[-68.92527, -22.43347], [-68.91646, -22.43502]]}, "properties": {"name": "Huaytiquina", "highway": "secondary"}}, {"type": "Feature", "geometry": {"type": "LineString", "coordinates": [[-68.92306, -22.46427], [-68.92189, -22.46433]]}, "properties": {"name": "Atacama", "highway": "primary"}}, {"type": "Feature", "geometry": {"type": "LineString", "coordinates": [[-68.92982, -22.45618], [-68.92983, -22.45305]]}, "properties": {"name": "Argentina", "highway": "residential"}}, {"type": "Feature", "geometry": {"type": "LineString", "coordinates": [[-68.92983, -22.45305], [-68.92977, -22.45275]]}, "properties": {"name": "Argentina", "highway": "residential"}}, {"type": "Feature", "geometry": {"type": "LineString", "coordinates": [[-68.93169, -22.44656], [-68.93292, -22.45323]]}, "properties": {"name": "México", "highway": "residential"}}, {"type": "Feature", "geometry": {"type": "LineString", "coordinates": [[-68.92977, -22.45275], [-68.92931, -22.4506]]}, "properties": {"name": "Argentina", "highway": "residential"}}, {"type": "Feature", "geometry": {"type": "LineString", "coordinates": [[-68.93316, -22.44996], [-68.94151, -22.44866], [-68.95005, -22.4488]]}, "properties": {"name": "Hernán Cortés", "highway": "residential"}}, {"type": "Feature", "geometry": {"type": "LineString", "coordinates": [[-68.93292, -22.44874], [-68.93826, -22.44789]]}, "properties": {"name": "Manuel Montt", "highway": "residential"}}, {"type": "Feature", "geometry": {"type": "LineString", "coordinates": [[-68.92524, -22.46753], [-68.92528, -22.46718]]}, "properties": {"name": "Almirante Latorre", "highway": "residential"}}, {"type": "Feature", "geometry": {"type": "LineString", "coordinates": [[-68.92489, -22.4742], [-68.92326, -22.47372]]}, "properties": {"name": "Enrique Villegas", "highway": "residential"}}, {"type": "Feature", "geometry": {"type": "LineString", "coordinates": [[-68.92325, -22.47111], [-68.92443, -22.47086]]}, "properties": {"name": "Serrano", "highway": "residential"}}, {"type": "Feature", "geometry": {"type": "LineString", "coordinates": [[-68.92513, -22.47223], [-68.92664, -22.47192]]}, "properties": {"name": "Esmeralda", "highway": "residential"}}, {"type": "Feature", "geometry": {"type": "LineString", "coordinates": [[-68.92962, -22.4796], [-68.9295, -22.47961]]}, "properties": {"name": "Balmaceda", "highway": "secondary"}}, {"type": "Feature", "geometry": {"type": "LineString", "coordinates": [[-68.92413, -22.47907], [-68.92414, -22.47695]]}, "properties": {"name": "Carasilla", "highway": "residential"}}, {"type": "Feature", "geometry": {"type": "LineString", "coordinates": [[-68.92506, -22.47337], [-68.92595, -22.47387], [-68.92607, -22.47415], [-68.92581, -22.47531], [-68.92552, -22.47579]]}, "properties": {"name": "18 de Mayo", "highway": "residential"}}, {"type": "Feature", "geometry": {"type": "LineString", "coordinates": [[-68.93154, -22.48349], [-68.93209, -22.48237]]}, "properties": {"name": "Rafael Sancio", "highway": "residential"}}, {"type": "Feature", "geometry": {"type": "LineString", "coordinates": [[-68.93162, -22.48316], [-68.9333, -22.48345]]}, "properties": {"name": "Miguel Ángel", "highway": "residential"}}, {"type": "Feature", "geometry": {"type": "LineString", "coordinates": [[-68.9326, -22.47436], [-68.93254, -22.47229]]}, "properties": {"name": "Sofanor Parra", "highway": "residential"}}, {"type": "Feature", "geometry": {"type": "LineString", "coordinates": [[-68.93363, -22.48331], [-68.93287, -22.48318], [-68.93284, -22.48273], [-68.93148, -22.4821]]}, "properties": {"name": "Leonardo da Vinci", "highway": "living_street"}}, {"type": "Feature", "geometry": {"type": "LineString", "coordinates": [[-68.93582, -22.47829], [-68.93004, -22.4767]]}, "properties": {"name": "Lenguado", "highway": "residential"}}, {"type": "Feature", "geometry": {"type": "LineString", "coordinates": [[-68.93616, -22.47723], [-68.93038, -22.47562]]}, "properties": {"name": "Topáter", "highway": "residential"}}, {"type": "Feature", "geometry": {"type": "LineString", "coordinates": [[-68.93206, -22.48109], [-68.93391, -22.47528]]}, "properties": {"name": "Puritama", "highway": "residential"}}, {"type": "Feature", "geometry": {"type": "LineString", "coordinates": [[-68.93391, -22.47528], [-68.93381, -22.47226]]}, "properties": {"name": "Dublé Almeyda", "highway": "residential"}}, {"type": "Feature", "geometry": {"type": "LineString", "coordinates": [[-68.90887, -22.47835], [-68.91074, -22.47954], [-68.91163, -22.47963]]}, "properties": {"name": "Avenida Peuco", "highway": "residential"}}, {"type": "Feature", "geometry": {"type": "LineString", "coordinates": [[-68.909, -22.47844], [-68.90858, -22.47936], [-68.90809, -22.4793], [-68.90923, -22.47789]]}, "properties": {"name": "Llayle", "highway": "residential"}}, {"type": "Feature", "geometry": {"type": "LineString", "coordinates": [[-68.92025, -22.48495], [-68.92105, -22.48444], [-68.92325, -22.48242]]}, "properties": {"name": "", "highway": "unclassified"}}, {"type": "Feature", "geometry": {"type": "LineString", "coordinates": [[-68.92978, -22.47896], [-68.93513, -22.48042]]}, "properties": {"name": "Quemazón", "highway": "residential"}}, {"type": "Feature", "geometry": {"type": "LineString", "coordinates": [[-68.93548, -22.47937], [-68.92971, -22.47775]]}, "properties": {"name": "Chala", "highway": "residential"}}, {"type": "Feature", "geometry": {"type": "LineString", "coordinates": [[-68.91229, -22.48349], [-68.91397, -22.48187]]}, "properties": {"name": "Pedro Aguirre Cerda", "highway": "residential"}}, {"type": "Feature", "geometry": {"type": "LineString", "coordinates": [[-68.91577, -22.48653], [-68.91676, -22.4856]]}, "properties": {"name": "Pasaje El Río Damas", "highway": "residential"}}, {"type": "Feature", "geometry": {"type": "LineString", "coordinates": [[-68.90838, -22.48048], [-68.90955, -22.48028], [-68.91262, -22.48048], [-68.91303, -22.48029]]}, "properties": {"name": "Héctor Pumarino Soto", "highway": "residential"}}, {"type": "Feature", "geometry": {"type": "LineString", "coordinates": [[-68.90769, -22.47759], [-68.90725, -22.47755], [-68.90679, -22.47812], [-68.907, -22.47842]]}, "properties": {"name": "Guanay", "highway": "living_street"}}, {"type": "Feature", "geometry": {"type": "LineString", "coordinates": [[-68.90841, -22.47799], [-68.90761, -22.47896], [-68.90742, -22.4788], [-68.90818, -22.47783], [-68.90841, -22.47799]]}, "properties": {"name": "Cautín", "highway": "living_street"}}, {"type": "Feature", "geometry": {"type": "LineString", "coordinates": [[-68.91692, -22.48534], [-68.91787, -22.48429]]}, "properties": {"name": "Pasaje La Calchona", "highway": "residential"}}, {"type": "Feature", "geometry": {"type": "LineString", "coordinates": [[-68.91671, -22.48736], [-68.9171, -22.48698], [-68.91743, -22.48727], [-68.91801, -22.48669]]}, "properties": {"name": "Pasaje El Alicanto", "highway": "living_street"}}, {"type": "Feature", "geometry": {"type": "LineString", "coordinates": [[-68.91329, -22.48436], [-68.91484, -22.48283]]}, "properties": {"name": "La Añañuca", "highway": "residential"}}, {"type": "Feature", "geometry": {"type": "LineString", "coordinates": [[-68.94127, -22.45925], [-68.94694, -22.46151]]}, "properties": {"name": "Tocopilla", "highway": "tertiary"}}, {"type": "Feature", "geometry": {"type": "LineString", "coordinates": [[-68.94338, -22.46356], [-68.9436, -22.45978]]}, "properties": {"name": "Colo Colo", "highway": "residential"}}, {"type": "Feature", "geometry": {"type": "LineString", "coordinates": [[-68.94577, -22.46223], [-68.94688, -22.46224]]}, "properties": {"name": "Eleuterio Ramírez", "highway": "residential"}}, {"type": "Feature", "geometry": {"type": "LineString", "coordinates": [[-68.94856, -22.46029], [-68.9436, -22.45978]]}, "properties": {"name": "Carlos Cisternas", "highway": "residential"}}, {"type": "Feature", "geometry": {"type": "LineString", "coordinates": [[-68.94571, -22.46304], [-68.94623, -22.45637]]}, "properties": {"name": "Pucón", "highway": "tertiary"}}, {"type": "Feature", "geometry": {"type": "LineString", "coordinates": [[-68.94604, -22.44438], [-68.94564, -22.44518], [-68.94537, -22.45143]]}, "properties": {"name": "Arauco", "highway": "residential"}}, {"type": "Feature", "geometry": {"type": "LineString", "coordinates": [[-68.92113, -22.4518], [-68.91372, -22.4509]]}, "properties": {"name": "Nueva Norte", "highway": "residential"}}, {"type": "Feature", "geometry": {"type": "LineString", "coordinates": [[-68.91952, -22.45674], [-68.91961, -22.4543]]}, "properties": {"name": "Fresia", "highway": "residential"}}, {"type": "Feature", "geometry": {"type": "LineString", "coordinates": [[-68.91879, -22.45095], [-68.92055, -22.4512], [-68.92072, -22.45181]]}, "properties": {"name": "5 Norte", "highway": "residential"}}, {"type": "Feature", "geometry": {"type": "LineString", "coordinates": [[-68.91863, -22.45415], [-68.91869, -22.45642]]}, "properties": {"name": "Galvarino", "highway": "residential"}}, {"type": "Feature", "geometry": {"type": "LineString", "coordinates": [[-68.91769, -22.45384], [-68.92135, -22.45439]]}, "properties": {"name": "Avenida Chorrillos", "highway": "tertiary"}}, {"type": "Feature", "geometry": {"type": "LineString", "coordinates": [[-68.9206, -22.45428], [-68.92031, -22.45707]]}, "properties": {"name": "Lautaro", "highway": "residential"}}, {"type": "Feature", "geometry": {"type": "LineString", "coordinates": [[-68.92135, -22.45456], [-68.91712, -22.45393]]}, "properties": {"name": "Avenida Chorrillos", "highway": "tertiary"}}, {"type": "Feature", "geometry": {"type": "LineString", "coordinates": [[-68.92266, -22.45808], [-68.91832, -22.45626], [-68.91785, -22.45573], [-68.91764, -22.45485]]}, "properties": {"name": "Antofagasta", "highway": "tertiary"}}, {"type": "Feature", "geometry": {"type": "LineString", "coordinates": [[-68.91843, -22.45297], [-68.91826, -22.45392]]}, "properties": {"name": "1 Poniente", "highway": "residential"}}, {"type": "Feature", "geometry": {"type": "LineString", "coordinates": [[-68.9178, -22.44776], [-68.91765, -22.44636]]}, "properties": {"name": "San Antonio", "highway": "residential"}}, {"type": "Feature", "geometry": {"type": "LineString", "coordinates": [[-68.91653, -22.45185], [-68.91494, -22.45161]]}, "properties": {"name": "José Miguel Carrera", "highway": "residential"}}, {"type": "Feature", "geometry": {"type": "LineString", "coordinates": [[-68.917, -22.44721], [-68.91167, -22.44613]]}, "properties": {"name": "Tiltil", "highway": "residential"}}, {"type": "Feature", "geometry": {"type": "LineString", "coordinates": [[-68.9189, -22.45304], [-68.91783, -22.45279]]}, "properties": {"name": "2 Norte", "highway": "residential"}}, {"type": "Feature", "geometry": {"type": "LineString", "coordinates": [[-68.91524, -22.4459], [-68.9149, -22.44737]]}, "properties": {"name": "Mantos Blancos", "highway": "residential"}}, {"type": "Feature", "geometry": {"type": "LineString", "coordinates": [[-68.91886, -22.45053], [-68.91852, -22.45245]]}, "properties": {"name": "1 Poniente", "highway": "residential"}}, {"type": "Feature", "geometry": {"type": "LineString", "coordinates": [[-68.91752, -22.44817], [-68.91725, -22.44781]]}, "properties": {"name": "Talagante", "highway": "tertiary"}}, {"type": "Feature", "geometry": {"type": "LineString", "coordinates": [[-68.91665, -22.4512], [-68.91619, -22.45378]]}, "properties": {"name": "Angamos", "highway": "residential"}}, {"type": "Feature", "geometry": {"type": "LineString", "coordinates": [[-68.91688, -22.44775], [-68.91711, -22.44677]]}, "properties": {"name": "Talagante", "highway": "tertiary"}}, {"type": "Feature", "geometry": {"type": "LineString", "coordinates": [[-68.91828, -22.44645], [-68.91846, -22.44762]]}, "properties": {"name": "Sevilla", "highway": "residential"}}, {"type": "Feature", "geometry": {"type": "LineString", "coordinates": [[-68.91859, -22.44796], [-68.91802, -22.448]]}, "properties": {"name": "11 Norte", "highway": "tertiary"}}, {"type": "Feature", "geometry": {"type": "LineString", "coordinates": [[-68.92474, -22.44313], [-68.91944, -22.44408]]}, "properties": {"name": "Lord Cochrane", "highway": "residential"}}, {"type": "Feature", "geometry": {"type": "LineString", "coordinates": [[-68.9229, -22.44077], [-68.92302, -22.44131]]}, "properties": {"name": "José Miguel Carrera", "highway": "living_street"}}, {"type": "Feature", "geometry": {"type": "LineString", "coordinates": [[-68.92397, -22.44326], [-68.92441, -22.44547]]}, "properties": {"name": "Manuel Bulnes", "highway": "residential"}}, {"type": "Feature", "geometry": {"type": "LineString", "coordinates": [[-68.92043, -22.44527], [-68.91933, -22.44548]]}, "properties": {"name": "Guillermo Cabrales", "highway": "residential"}}, {"type": "Feature", "geometry": {"type": "LineString", "coordinates": [[-68.92204, -22.4424], [-68.92158, -22.44008]]}, "properties": {"name": "El Laco", "highway": "living_street"}}, {"type": "Feature", "geometry": {"type": "LineString", "coordinates": [[-68.92479, -22.43082], [-68.9161, -22.43325]]}, "properties": {"name": "Circunvalación", "highway": "tertiary"}}, {"type": "Feature", "geometry": {"type": "LineString", "coordinates": [[-68.92015, -22.44395], [-68.92061, -22.44611]]}, "properties": {"name": "Camilo Henríquez", "highway": "residential"}}, {"type": "Feature", "geometry": {"type": "LineString", "coordinates": [[-68.92649, -22.43955], [-68.92449, -22.43991]]}, "properties": {"name": "Carcote", "highway": "living_street"}}, {"type": "Feature", "geometry": {"type": "LineString", "coordinates": [[-68.92432, -22.43092], [-68.92505, -22.43351]]}, "properties": {"name": "Avenida Granaderos", "highway": "living_street"}}, {"type": "Feature", "geometry": {"type": "LineString", "coordinates": [[-68.92234, -22.44289], [-68.92206, -22.44147]]}, "properties": {"name": "El Laco", "highway": "living_street"}}, {"type": "Feature", "geometry": {"type": "LineString", "coordinates": [[-68.92097, -22.43804], [-68.9174, -22.43867]]}, "properties": {"name": "Central Norte", "highway": "residential"}}, {"type": "Feature", "geometry": {"type": "LineString", "coordinates": [[-68.91898, -22.43242], [-68.9191, -22.43298], [-68.91942, -22.43298]]}, "properties": {"name": "Portezuelo del Inca", "highway": "living_street"}}, {"type": "Feature", "geometry": {"type": "LineString", "coordinates": [[-68.92106, -22.44054], [-68.91814, -22.44104]]}, "properties": {"name": "Carcote", "highway": "residential"}}, {"type": "Feature", "geometry": {"type": "LineString", "coordinates": [[-68.92245, -22.44354], [-68.92287, -22.44573]]}, "properties": {"name": "San Martín", "highway": "residential"}}, {"type": "Feature", "geometry": {"type": "LineString", "coordinates": [[-68.92137, -22.44598], [-68.92092, -22.44381]]}, "properties": {"name": "José Santos Ossa", "highway": "residential"}}, {"type": "Feature", "geometry": {"type": "LineString", "coordinates": [[-68.91748, -22.43283], [-68.91759, -22.43321], [-68.9181, -22.43324]]}, "properties": {"name": "Sierra Gorda", "highway": "living_street"}}, {"type": "Feature", "geometry": {"type": "LineString", "coordinates": [[-68.92224, -22.44236], [-68.92145, -22.44249]]}, "properties": {"name": "Amincha", "highway": "living_street"}}, {"type": "Feature", "geometry": {"type": "LineString", "coordinates": [[-68.92286, -22.4428], [-68.92276, -22.44225]]}, "properties": {"name": "José Miguel Carrera", "highway": "living_street"}}, {"type": "Feature", "geometry": {"type": "LineString", "coordinates": [[-68.92302, -22.44131], [-68.92185, -22.4415]]}, "properties": {"name": "Aucalquincha", "highway": "living_street"}}, {"type": "Feature", "geometry": {"type": "LineString", "coordinates": [[-68.92117, -22.44109], [-68.92213, -22.44586]]}, "properties": {"name": "General Sucre", "highway": "residential"}}, {"type": "Feature", "geometry": {"type": "LineString", "coordinates": [[-68.92432, -22.44099], [-68.92512, -22.44508]]}, "properties": {"name": "Riquelme", "highway": "tertiary"}}, {"type": "Feature", "geometry": {"type": "LineString", "coordinates": [[-68.92188, -22.43328], [-68.92276, -22.4377]]}, "properties": {"name": "Limón Verde", "highway": "residential"}}, {"type": "Feature", "geometry": {"type": "LineString", "coordinates": [[-68.92025, -22.43943], [-68.92068, -22.44142]]}, "properties": {"name": "Portezuelo del Inca", "highway": "residential"}}, {"type": "Feature", "geometry": {"type": "LineString", "coordinates": [[-68.91822, -22.43261], [-68.91834, -22.43308], [-68.9188, -22.4331]]}, "properties": {"name": "Salar del Carmen", "highway": "living_street"}}, {"type": "Feature", "geometry": {"type": "LineString", "coordinates": [[-68.92425, -22.43871], [-68.92443, -22.43958]]}, "properties": {"name": "Riquelme", "highway": "tertiary"}}, {"type": "Feature", "geometry": {"type": "LineString", "coordinates": [[-68.92274, -22.43756], [-68.92093, -22.43787]]}, "properties": {"name": "Central Norte", "highway": "residential"}}, {"type": "Feature", "geometry": {"type": "LineString", "coordinates": [[-68.92889, -22.45147], [-68.92322, -22.45252]]}, "properties": {"name": "Federico Errázuriz", "highway": "residential"}}, {"type": "Feature", "geometry": {"type": "LineString", "coordinates": [[-68.92227, -22.43524], [-68.92047, -22.43559]]}, "properties": {"name": "Curutu", "highway": "residential"}}, {"type": "Feature", "geometry": {"type": "LineString", "coordinates": [[-68.92251, -22.43642], [-68.9207, -22.43673]]}, "properties": {"name": "Collahuasi", "highway": "residential"}}, {"type": "Feature", "geometry": {"type": "LineString", "coordinates": [[-68.92936, -22.43536], [-68.92901, -22.43367], [-68.92773, -22.43305]]}, "properties": {"name": "Mejillones", "highway": "residential"}}, {"type": "Feature", "geometry": {"type": "LineString", "coordinates": [[-68.92835, -22.43331], [-68.92824, -22.43355], [-68.9286, -22.43548]]}, "properties": {"name": "Pasaje Colchagua Ote.", "highway": "residential"}}, {"type": "Feature", "geometry": {"type": "LineString", "coordinates": [[-68.93379, -22.44111], [-68.92712, -22.44225]]}, "properties": {"name": "Canadá", "highway": "residential"}}, {"type": "Feature", "geometry": {"type": "LineString", "coordinates": [[-68.92727, -22.43311], [-68.92778, -22.43563]]}, "properties": {"name": "Laguna Legía", "highway": "tertiary"}}, {"type": "Feature", "geometry": {"type": "LineString", "coordinates": [[-68.92899, -22.44501], [-68.9278, -22.43921]]}, "properties": {"name": "Brasil", "highway": "residential"}}, {"type": "Feature", "geometry": {"type": "LineString", "coordinates": [[-68.93267, -22.4475], [-68.92823, -22.44822]]}, "properties": {"name": "Diego de Almagro", "highway": "tertiary"}}, {"type": "Feature", "geometry": {"type": "LineString", "coordinates": [[-68.93545, -22.44185], [-68.93748, -22.45189]]}, "properties": {"name": "Hamburgo", "highway": "residential"}}, {"type": "Feature", "geometry": {"type": "LineString", "coordinates": [[-68.9194, -22.43696], [-68.91715, -22.43736]]}, "properties": {"name": "Collahuasi", "highway": "residential"}}, {"type": "Feature", "geometry": {"type": "LineString", "coordinates": [[-68.91915, -22.43579], [-68.91685, -22.43621]]}, "properties": {"name": "Curutu", "highway": "residential"}}, {"type": "Feature", "geometry": {"type": "LineString", "coordinates": [[-68.93245, -22.44643], [-68.9309, -22.44669]]}, "properties": {"name": "Finlandia", "highway": "residential"}}, {"type": "Feature", "geometry": {"type": "LineString", "coordinates": [[-68.92953, -22.43618], [-68.92936, -22.43536]]}, "properties": {"name": "Pasaje Río Salado", "highway": "residential"}}, {"type": "Feature", "geometry": {"type": "LineString", "coordinates": [[-68.93571, -22.44701], [-68.93674, -22.452]]}, "properties": {"name": "Berlín", "highway": "residential"}}, {"type": "Feature", "geometry": {"type": "LineString", "coordinates": [[-68.93419, -22.44725], [-68.93533, -22.45322]]}, "properties": {"name": "Paraguay", "highway": "residential"}}, {"type": "Feature", "geometry": {"type": "LineString", "coordinates": [[-68.93234, -22.44586], [-68.92849, -22.4465]]}, "properties": {"name": "Escocia", "highway": "residential"}}, {"type": "Feature", "geometry": {"type": "LineString", "coordinates": [[-68.92931, -22.4506], [-68.92822, -22.44514]]}, "properties": {"name": "Argentina", "highway": "residential"}}, {"type": "Feature", "geometry": {"type": "LineString", "coordinates": [[-68.92042, -22.44623], [-68.92075, -22.44756]]}, "properties": {"name": "Camilo Henríquez", "highway": "residential"}}, {"type": "Feature", "geometry": {"type": "LineString", "coordinates": [[-68.92308, -22.44275], [-68.92367, -22.4456]]}, "properties": {"name": "Faustino Sarmiento", "highway": "residential"}}, {"type": "Feature", "geometry": {"type": "LineString", "coordinates": [[-68.92798, -22.447], [-68.92292, -22.44779]]}, "properties": {"name": "José Joaquín Prieto", "highway": "residential"}}, {"type": "Feature", "geometry": {"type": "LineString", "coordinates": [[-68.92128, -22.44748], [-68.921, -22.44611]]}, "properties": {"name": "Blanco Encalada", "highway": "residential"}}, {"type": "Feature", "geometry": {"type": "LineString", "coordinates": [[-68.92791, -22.44358], [-68.92585, -22.43336]]}, "properties": {"name": "Argentina", "highway": "residential"}}, {"type": "Feature", "geometry": {"type": "LineString", "coordinates": [[-68.9188, -22.44093], [-68.91905, -22.4422]]}, "properties": {"name": "Río Negro", "highway": "residential"}}, {"type": "Feature", "geometry": {"type": "LineString", "coordinates": [[-68.93161, -22.43798], [-68.9281, -22.43858]]}, "properties": {"name": "Curicó", "highway": "living_street"}}, {"type": "Feature", "geometry": {"type": "LineString", "coordinates": [[-68.92132, -22.44182], [-68.9185, -22.44229]]}, "properties": {"name": "Aucalquincha", "highway": "residential"}}, {"type": "Feature", "geometry": {"type": "LineString", "coordinates": [[-68.92252, -22.44586], [-68.92308, -22.44852]]}, "properties": {"name": "Patricio Lynch", "highway": "residential"}}, {"type": "Feature", "geometry": {"type": "LineString", "coordinates": [[-68.92099, -22.44313], [-68.92074, -22.44192]]}, "properties": {"name": "Portezuelo del Inca", "highway": "residential"}}, {"type": "Feature", "geometry": {"type": "LineString", "coordinates": [[-68.92752, -22.44974], [-68.92608, -22.44999]]}, "properties": {"name": "Einstein", "highway": "residential"}}, {"type": "Feature", "geometry": {"type": "LineString", "coordinates": [[-68.92826, -22.44834], [-68.92422, -22.44838], [-68.92228, -22.44863]]}, "properties": {"name": "Arturo Alessandri", "highway": "residential"}}, {"type": "Feature", "geometry": {"type": "LineString", "coordinates": [[-68.94721, -22.45836], [-68.94494, -22.45811]]}, "properties": {"name": "Nazareth", "highway": "living_street"}}, {"type": "Feature", "geometry": {"type": "LineString", "coordinates": [[-68.94099, -22.45132], [-68.94064, -22.45623]]}, "properties": {"name": "Múnich", "highway": "residential"}}, {"type": "Feature", "geometry": {"type": "LineString", "coordinates": [[-68.93196, -22.4369], [-68.93224, -22.43845]]}, "properties": {"name": "Canelo", "highway": "residential"}}, {"type": "Feature", "geometry": {"type": "LineString", "coordinates": [[-68.92808, -22.4475], [-68.92302, -22.44827]]}, "properties": {"name": "Diego Portales", "highway": "residential"}}, {"type": "Feature", "geometry": {"type": "LineString", "coordinates": [[-68.93142, -22.43698], [-68.93172, -22.43854]]}, "properties": {"name": "Mejillones", "highway": "residential"}}, {"type": "Feature", "geometry": {"type": "LineString", "coordinates": [[-68.92628, -22.44671], [-68.92602, -22.44551]]}, "properties": {"name": "Luis Uribe", "highway": "residential"}}, {"type": "Feature", "geometry": {"type": "LineString", "coordinates": [[-68.9274, -22.44367], [-68.93175, -22.44291]]}, "properties": {"name": "Independencia", "highway": "tertiary"}}, {"type": "Feature", "geometry": {"type": "LineString", "coordinates": [[-68.92642, -22.44888], [-68.9262, -22.44779]]}, "properties": {"name": "Andrés Bello", "highway": "residential"}}, {"type": "Feature", "geometry": {"type": "LineString", "coordinates": [[-68.94112, -22.45483], [-68.94109, -22.45625]]}, "properties": {"name": "Calle Nueva", "highway": "residential"}}, {"type": "Feature", "geometry": {"type": "LineString", "coordinates": [[-68.92736, -22.44874], [-68.92752, -22.44974]]}, "properties": {"name": "Ramón Freire", "highway": "living_street"}}, {"type": "Feature", "geometry": {"type": "LineString", "coordinates": [[-68.92855, -22.43908], [-68.93015, -22.44682]]}, "properties": {"name": "Ejército", "highway": "residential"}}, {"type": "Feature", "geometry": {"type": "LineString", "coordinates": [[-68.92669, -22.44771], [-68.92687, -22.44881]]}, "properties": {"name": "William Rebolledo", "highway": "residential"}}, {"type": "Feature", "geometry": {"type": "LineString", "coordinates": [[-68.93238, -22.43628], [-68.93277, -22.43836]]}, "properties": {"name": "Italia", "highway": "living_street"}}, {"type": "Feature", "geometry": {"type": "LineString", "coordinates": [[-68.91723, -22.44066], [-68.91228, -22.44531]]}, "properties": {"name": "Paipote", "highway": "residential"}}, {"type": "Feature", "geometry": {"type": "LineString", "coordinates": [[-68.91834, -22.44202], [-68.91785, -22.44219], [-68.91424, -22.4456]]}, "properties": {"name": "El Abra", "highway": "residential"}}, {"type": "Feature", "geometry": {"type": "LineString", "coordinates": [[-68.9422, -22.46361], [-68.94742, -22.46382]]}, "properties": {"name": "Agrebus", "highway": "residential"}}, {"type": "Feature", "geometry": {"type": "LineString", "coordinates": [[-68.9153, -22.41451], [-68.91502, -22.40596]]}, "properties": {"name": "", "highway": "unclassified"}}, {"type": "Feature", "geometry": {"type": "LineString", "coordinates": [[-68.89878, -22.4696], [-68.89874, -22.46932]]}, "properties": {"name": "Avenida Circunvalación", "highway": "trunk"}}, {"type": "Feature", "geometry": {"type": "LineString", "coordinates": [[-68.92899, -22.48362], [-68.92927, -22.48327]]}, "properties": {"name": "Avenida Libertador Bernardo O'Higgins", "highway": "primary"}}, {"type": "Feature", "geometry": {"type": "LineString", "coordinates": [[-68.89883, -22.4692], [-68.89888, -22.46952]]}, "properties": {"name": "Avenida Circunvalación", "highway": "trunk"}}, {"type": "Feature", "geometry": {"type": "LineString", "coordinates": [[-68.89886, -22.4672], [-68.90003, -22.46498], [-68.90016, -22.46377], [-68.89898, -22.4568], [-68.89764, -22.45181], [-68.89752, -22.45005], [-68.89768, -22.44885]]}, "properties": {"name": "Avenida Circunvalación", "highway": "trunk"}}, {"type": "Feature", "geometry": {"type": "LineString", "coordinates": [[-68.92652, -22.45319], [-68.92923, -22.45274]]}, "properties": {"name": "Avenida Maipú", "highway": "secondary"}}, {"type": "Feature", "geometry": {"type": "LineString", "coordinates": [[-68.92927, -22.48327], [-68.92996, -22.48224], [-68.93004, -22.4815]]}, "properties": {"name": "Avenida Libertador Bernardo O'Higgins", "highway": "primary"}}, {"type": "Feature", "geometry": {"type": "LineString", "coordinates": [[-68.89908, -22.47073], [-68.89934, -22.47169], [-68.89977, -22.47234], [-68.90248, -22.47535]]}, "properties": {"name": "Avenida Circunvalación", "highway": "trunk"}}, {"type": "Feature", "geometry": {"type": "LineString", "coordinates": [[-68.9309, -22.44669], [-68.93189, -22.45149]]}, "properties": {"name": "Colombia", "highway": "residential"}}, {"type": "Feature", "geometry": {"type": "LineString", "coordinates": [[-68.94663, -22.48173], [-68.94882, -22.47909]]}, "properties": {"name": "", "highway": "unclassified"}}, {"type": "Feature", "geometry": {"type": "LineString", "coordinates": [[-68.94649, -22.46999], [-68.94587, -22.47103], [-68.9449, -22.4735], [-68.94335, -22.47562]]}, "properties": {"name": "", "highway": "unclassified"}}, {"type": "Feature", "geometry": {"type": "LineString", "coordinates": [[-68.95941, -22.46383], [-68.94944, -22.45989]]}, "properties": {"name": "Ayquina", "highway": "unclassified"}}, {"type": "Feature", "geometry": {"type": "LineString", "coordinates": [[-68.95037, -22.45814], [-68.94841, -22.46209]]}, "properties": {"name": "", "highway": "unclassified"}}, {"type": "Feature", "geometry": {"type": "LineString", "coordinates": [[-68.94147, -22.46529], [-68.94486, -22.46601], [-68.94605, -22.46655]]}, "properties": {"name": "General Salvo", "highway": "residential"}}, {"type": "Feature", "geometry": {"type": "LineString", "coordinates": [[-68.94445, -22.46973], [-68.94437, -22.47068], [-68.94412, -22.47063]]}, "properties": {"name": "", "highway": "unclassified"}}, {"type": "Feature", "geometry": {"type": "LineString", "coordinates": [[-68.95256, -22.46924], [-68.95323, -22.46634], [-68.95401, -22.46431]]}, "properties": {"name": "", "highway": "unclassified"}}, {"type": "Feature", "geometry": {"type": "LineString", "coordinates": [[-68.95099, -22.47653], [-68.96308, -22.48224], [-68.96811, -22.48285], [-68.97192, -22.484], [-68.97447, -22.48421], [-68.98092, -22.48422], [-68.98761, -22.48506], [-68.99247, -22.48623], [-68.99884, -22.48934]]}, "properties": {"name": "Cobija", "highway": "residential"}}, {"type": "Feature", "geometry": {"type": "LineString", "coordinates": [[-68.94896, -22.47028], [-68.94445, -22.46973]]}, "properties": {"name": "", "highway": "unclassified"}}, {"type": "Feature", "geometry": {"type": "LineString", "coordinates": [[-68.95913, -22.45762], [-68.95758, -22.46105]]}, "properties": {"name": "Lican Antai", "highway": "unclassified"}}, {"type": "Feature", "geometry": {"type": "LineString", "coordinates": [[-68.94981, -22.46814], [-68.94728, -22.47465]]}, "properties": {"name": "", "highway": "unclassified"}}, {"type": "Feature", "geometry": {"type": "LineString", "coordinates": [[-68.91577, -22.4859], [-68.91603, -22.48564], [-68.9157, -22.48537], [-68.91612, -22.48494]]}, "properties": {"name": "Pasaje Lago Pullehue", "highway": "living_street"}}, {"type": "Feature", "geometry": {"type": "LineString", "coordinates": [[-68.91119, -22.45625], [-68.91132, -22.45565], [-68.91057, -22.45548], [-68.91104, -22.45308]]}, "properties": {"name": "5 Oriente", "highway": "residential"}}, {"type": "Feature", "geometry": {"type": "LineString", "coordinates": [[-68.91586, -22.46781], [-68.91664, -22.46519]]}, "properties": {"name": "Camping Extraccion Calama", "highway": "unclassified"}}, {"type": "Feature", "geometry": {"type": "LineString", "coordinates": [[-68.90777, -22.44659], [-68.90624, -22.44426]]}, "properties": {"name": "Alcalde Olegario Barrera", "highway": "tertiary"}}, {"type": "Feature", "geometry": {"type": "LineString", "coordinates": [[-68.91105, -22.48169], [-68.91003, -22.48076], [-68.91006, -22.48002]]}, "properties": {"name": "Ramón Silva Ulloa", "highway": "residential"}}, {"type": "Feature", "geometry": {"type": "LineString", "coordinates": [[-68.90582, -22.44864], [-68.90549, -22.44839], [-68.90553, -22.44794]]}, "properties": {"name": "José de la Cruz Vargas", "highway": "residential"}}, {"type": "Feature", "geometry": {"type": "LineString", "coordinates": [[-68.92141, -22.46163], [-68.91991, -22.46108]]}, "properties": {"name": "Bilbao", "highway": "tertiary"}}, {"type": "Feature", "geometry": {"type": "LineString", "coordinates": [[-68.91705, -22.46528], [-68.91724, -22.46565], [-68.91937, -22.46638], [-68.92138, -22.46671]]}, "properties": {"name": "Avenida Ecuador", "highway": "tertiary"}}, {"type": "Feature", "geometry": {"type": "LineString", "coordinates": [[-68.91764, -22.45485], [-68.91748, -22.45427], [-68.91712, -22.45393]]}, "properties": {"name": "Antofagasta", "highway": "tertiary"}}, {"type": "Feature", "geometry": {"type": "LineString", "coordinates": [[-68.90664, -22.4776], [-68.907, -22.47786]]}, "properties": {"name": "Guanay", "highway": "living_street"}}, {"type": "Feature", "geometry": {"type": "LineString", "coordinates": [[-68.89977, -22.44284], [-68.90157, -22.44317]]}, "properties": {"name": "Almirante Grau", "highway": "trunk"}}, {"type": "Feature", "geometry": {"type": "LineString", "coordinates": [[-68.9024, -22.44797], [-68.89807, -22.44931]]}, "properties": {"name": "Salar de Loyoques", "highway": "residential"}}, {"type": "Feature", "geometry": {"type": "LineString", "coordinates": [[-68.9037, -22.44329], [-68.90299, -22.44256]]}, "properties": {"name": "Inca Coya", "highway": "residential"}}, {"type": "Feature", "geometry": {"type": "LineString", "coordinates": [[-68.91647, -22.48459], [-68.91669, -22.48475], [-68.91736, -22.48408]]}, "properties": {"name": "Pasaje Los Payachatas", "highway": "residential"}}, {"type": "Feature", "geometry": {"type": "LineString", "coordinates": [[-68.91621, -22.48412], [-68.91597, -22.48393], [-68.91547, -22.48438]]}, "properties": {"name": "Pasaje Caleuche Nte", "highway": "residential"}}, {"type": "Feature", "geometry": {"type": "LineString", "coordinates": [[-68.91065, -22.48207], [-68.91191, -22.48093]]}, "properties": {"name": "El Waman", "highway": "residential"}}, {"type": "Feature", "geometry": {"type": "LineString", "coordinates": [[-68.90636, -22.44932], [-68.90609, -22.44937], [-68.90603, -22.44912], [-68.9063, -22.44907], [-68.90636, -22.44932]]}, "properties": {"name": "Belisario Riquelme", "highway": "residential"}}, {"type": "Feature", "geometry": {"type": "LineString", "coordinates": [[-68.906, -22.45204], [-68.90608, -22.45172], [-68.90583, -22.45124], [-68.90615, -22.45111]]}, "properties": {"name": "Belisario Riquelme", "highway": "residential"}}, {"type": "Feature", "geometry": {"type": "LineString", "coordinates": [[-68.92069, -22.45722], [-68.92049, -22.45843], [-68.9213, -22.45982], [-68.92148, -22.46324]]}, "properties": {"name": "Avenida Matta", "highway": "tertiary"}}, {"type": "Feature", "geometry": {"type": "LineString", "coordinates": [[-68.91536, -22.48306], [-68.9147, -22.48371]]}, "properties": {"name": "Pasaje La Serena", "highway": "residential"}}, {"type": "Feature", "geometry": {"type": "LineString", "coordinates": [[-68.91045, -22.43934], [-68.90854, -22.4375]]}, "properties": {"name": "Placilla", "highway": "residential"}}, {"type": "Feature", "geometry": {"type": "LineString", "coordinates": [[-68.91546, -22.45614], [-68.9157, -22.45485]]}, "properties": {"name": "Los Tamarugos", "highway": "living_street"}}, {"type": "Feature", "geometry": {"type": "LineString", "coordinates": [[-68.9089, -22.45827], [-68.90942, -22.45867], [-68.91284, -22.46015], [-68.91432, -22.46117], [-68.91602, -22.46178]]}, "properties": {"name": "Pasaje Vecinal", "highway": "residential"}}, {"type": "Feature", "geometry": {"type": "LineString", "coordinates": [[-68.91484, -22.45528], [-68.91412, -22.45731]]}, "properties": {"name": "Los Sauces", "highway": "living_street"}}, {"type": "Feature", "geometry": {"type": "LineString", "coordinates": [[-68.9062, -22.45003], [-68.9062, -22.44983]]}, "properties": {"name": "Belisario Riquelme", "highway": "residential"}}, {"type": "Feature", "geometry": {"type": "LineString", "coordinates": [[-68.91102, -22.45318], [-68.90769, -22.45251]]}, "properties": {"name": "Avenida Los Chorrillos", "highway": "tertiary"}}, {"type": "Feature", "geometry": {"type": "LineString", "coordinates": [[-68.9157, -22.48537], [-68.91545, -22.4856], [-68.91577, -22.4859], [-68.91539, -22.4862]]}, "properties": {"name": "Pasaje Lago Pullehue", "highway": "living_street"}}, {"type": "Feature", "geometry": {"type": "LineString", "coordinates": [[-68.89882, -22.44801], [-68.89869, -22.44864], [-68.89901, -22.4486]]}, "properties": {"name": "Salar Llamará", "highway": "living_street"}}, {"type": "Feature", "geometry": {"type": "LineString", "coordinates": [[-68.91259, -22.48245], [-68.91177, -22.48171]]}, "properties": {"name": "Pasaje Tesoro del Loa", "highway": "residential"}}, {"type": "Feature", "geometry": {"type": "LineString", "coordinates": [[-68.91498, -22.46472], [-68.91456, -22.46598]]}, "properties": {"name": "", "highway": "residential"}}, {"type": "Feature", "geometry": {"type": "LineString", "coordinates": [[-68.90479, -22.44945], [-68.906, -22.44922]]}, "properties": {"name": "Segundo José Sepúlveda", "highway": "residential"}}, {"type": "Feature", "geometry": {"type": "LineString", "coordinates": [[-68.93206, -22.44444], [-68.92771, -22.44522]]}, "properties": {"name": "Arturo Prat", "highway": "secondary"}}, {"type": "Feature", "geometry": {"type": "LineString", "coordinates": [[-68.9117, -22.45316], [-68.91146, -22.45496]]}, "properties": {"name": "4 Oriente", "highway": "residential"}}, {"type": "Feature", "geometry": {"type": "LineString", "coordinates": [[-68.90175, -22.44817], [-68.89872, -22.44676]]}, "properties": {"name": "Avenida Salar de Atacama", "highway": "residential"}}, {"type": "Feature", "geometry": {"type": "LineString", "coordinates": [[-68.91168, -22.47937], [-68.91144, -22.48041], [-68.91154, -22.48126], [-68.91345, -22.48263], [-68.91646, -22.48524], [-68.91761, -22.48554], [-68.91991, -22.48757], [-68.92198, -22.48739]]}, "properties": {"name": "Presidente Eduardo Frei Montalva", "highway": "residential"}}, {"type": "Feature", "geometry": {"type": "LineString", "coordinates": [[-68.89944, -22.44756], [-68.89902, -22.4474], [-68.89907, -22.44768]]}, "properties": {"name": "Salar Llamará", "highway": "living_street"}}, {"type": "Feature", "geometry": {"type": "LineString", "coordinates": [[-68.90764, -22.44949], [-68.90639, -22.44921]]}, "properties": {"name": "Segundo José Sepúlveda", "highway": "residential"}}, {"type": "Feature", "geometry": {"type": "LineString", "coordinates": [[-68.89904, -22.44839], [-68.89894, -22.44904]]}, "properties": {"name": "Salar Llamará", "highway": "living_street"}}, {"type": "Feature", "geometry": {"type": "LineString", "coordinates": [[-68.90785, -22.4472], [-68.90722, -22.44876]]}, "properties": {"name": "Soldado Carlos Fernández", "highway": "residential"}}, {"type": "Feature", "geometry": {"type": "LineString", "coordinates": [[-68.89986, -22.44874], [-68.89998, -22.44827], [-68.90032, -22.44815], [-68.90102, -22.4469], [-68.90078, -22.44672]]}, "properties": {"name": "Pasaje Salar de Pujsa", "highway": "living_street"}}, {"type": "Feature", "geometry": {"type": "LineString", "coordinates": [[-68.91084, -22.48087], [-68.9114, -22.48137]]}, "properties": {"name": "Pasaje Tesoro del Loa", "highway": "residential"}}, {"type": "Feature", "geometry": {"type": "LineString", "coordinates": [[-68.91665, -22.45651], [-68.91694, -22.45486]]}, "properties": {"name": "Los Pinos", "highway": "living_street"}}, {"type": "Feature", "geometry": {"type": "LineString", "coordinates": [[-68.8941, -22.47347], [-68.89434, -22.47399], [-68.89394, -22.47452], [-68.89332, -22.47456], [-68.89304, -22.47431]]}, "properties": {"name": "", "highway": "tertiary"}}, {"type": "Feature", "geometry": {"type": "LineString", "coordinates": [[-68.89827, -22.44789], [-68.89954, -22.44817]]}, "properties": {"name": "Pasaje Salar Agua Amarga", "highway": "residential"}}, {"type": "Feature", "geometry": {"type": "LineString", "coordinates": [[-68.91696, -22.48646], [-68.91639, -22.48599]]}, "properties": {"name": "Pasaje La Laguna del Inca", "highway": "living_street"}}, {"type": "Feature", "geometry": {"type": "LineString", "coordinates": [[-68.91564, -22.46586], [-68.91305, -22.46486]]}, "properties": {"name": "", "highway": "residential"}}, {"type": "Feature", "geometry": {"type": "LineString", "coordinates": [[-68.905, -22.44072], [-68.90769, -22.44328], [-68.90793, -22.44372], [-68.90781, -22.44437]]}, "properties": {"name": "El Litio", "highway": "residential"}}, {"type": "Feature", "geometry": {"type": "LineString", "coordinates": [[-68.9127, -22.48385], [-68.91306, -22.48352], [-68.91326, -22.48369], [-68.91393, -22.48304]]}, "properties": {"name": "Pasaje Los Comuneros", "highway": "residential"}}, {"type": "Feature", "geometry": {"type": "LineString", "coordinates": [[-68.91357, -22.48338], [-68.91336, -22.48321], [-68.91306, -22.48352]]}, "properties": {"name": "Pasaje Los Comuneros", "highway": "residential"}}, {"type": "Feature", "geometry": {"type": "LineString", "coordinates": [[-68.91676, -22.48666], [-68.91619, -22.4862]]}, "properties": {"name": "Pasaje La Laguna del Inca", "highway": "living_street"}}, {"type": "Feature", "geometry": {"type": "LineString", "coordinates": [[-68.91478, -22.48495], [-68.91508, -22.4852], [-68.91574, -22.48461]]}, "properties": {"name": "Pasaje Millalobo", "highway": "living_street"}}, {"type": "Feature", "geometry": {"type": "LineString", "coordinates": [[-68.91072, -22.43832], [-68.9092, -22.43687]]}, "properties": {"name": "Chañarcillo", "highway": "residential"}}, {"type": "Feature", "geometry": {"type": "LineString", "coordinates": [[-68.90972, -22.47889], [-68.90948, -22.47941], [-68.90924, -22.47943], [-68.90946, -22.47872]]}, "properties": {"name": "Traro", "highway": "residential"}}, {"type": "Feature", "geometry": {"type": "LineString", "coordinates": [[-68.89927, -22.4475], [-68.89911, -22.44807]]}, "properties": {"name": "Salar Llamará", "highway": "living_street"}}, {"type": "Feature", "geometry": {"type": "LineString", "coordinates": [[-68.90483, -22.4438], [-68.91191, -22.43722], [-68.91233, -22.43649], [-68.91302, -22.43582], [-68.91369, -22.43521], [-68.91425, -22.43498]]}, "properties": {"name": "Huaytiquina", "highway": "tertiary"}}, {"type": "Feature", "geometry": {"type": "LineString", "coordinates": [[-68.91854, -22.4441], [-68.91753, -22.44444]]}, "properties": {"name": "Santa Fé", "highway": "residential"}}, {"type": "Feature", "geometry": {"type": "LineString", "coordinates": [[-68.90783, -22.44894], [-68.90667, -22.44867], [-68.90524, -22.4487]]}, "properties": {"name": "José de la Cruz Vargas", "highway": "residential"}}, {"type": "Feature", "geometry": {"type": "LineString", "coordinates": [[-68.90849, -22.44726], [-68.90777, -22.44659]]}, "properties": {"name": "Pasaje Vado Lo Carvajal", "highway": "tertiary"}}, {"type": "Feature", "geometry": {"type": "LineString", "coordinates": [[-68.90966, -22.44079], [-68.90732, -22.4386]]}, "properties": {"name": "El Tambo", "highway": "residential"}}, {"type": "Feature", "geometry": {"type": "LineString", "coordinates": [[-68.90039, -22.44645], [-68.89937, -22.44576]]}, "properties": {"name": "Pasaje Salar de Ascotán", "highway": "residential"}}, {"type": "Feature", "geometry": {"type": "LineString", "coordinates": [[-68.91516, -22.43478], [-68.91483, -22.43361]]}, "properties": {"name": "Valle de la Luna", "highway": "residential"}}, {"type": "Feature", "geometry": {"type": "LineString", "coordinates": [[-68.91347, -22.45436], [-68.91156, -22.45408]]}, "properties": {"name": "1 Sur", "highway": "residential"}}, {"type": "Feature", "geometry": {"type": "LineString", "coordinates": [[-68.90002, -22.4462], [-68.8997, -22.4467], [-68.89943, -22.4466]]}, "properties": {"name": "Salar Llamará", "highway": "living_street"}}, {"type": "Feature", "geometry": {"type": "LineString", "coordinates": [[-68.91774, -22.45595], [-68.91667, -22.4559], [-68.91484, -22.45528]]}, "properties": {"name": "Los Chañares", "highway": "residential"}}, {"type": "Feature", "geometry": {"type": "LineString", "coordinates": [[-68.90506, -22.4482], [-68.90623, -22.44785], [-68.90739, -22.44827]]}, "properties": {"name": "José de la Cruz Vargas", "highway": "residential"}}, {"type": "Feature", "geometry": {"type": "LineString", "coordinates": [[-68.90337, -22.45459], [-68.90524, -22.45318]]}, "properties": {"name": "Teniente Merino", "highway": "residential"}}, {"type": "Feature", "geometry": {"type": "LineString", "coordinates": [[-68.89419, -22.4743], [-68.89415, -22.47459]]}, "properties": {"name": "", "highway": "tertiary"}}, {"type": "Feature", "geometry": {"type": "LineString", "coordinates": [[-68.90531, -22.44326], [-68.9038, -22.44182]]}, "properties": {"name": "Túpac Yupanqui", "highway": "residential"}}, {"type": "Feature", "geometry": {"type": "LineString", "coordinates": [[-68.91368, -22.4847], [-68.9143, -22.48411], [-68.91463, -22.48439]]}, "properties": {"name": "Pasaje La Flor del Hielo", "highway": "living_street"}}, {"type": "Feature", "geometry": {"type": "LineString", "coordinates": [[-68.91016, -22.47916], [-68.91005, -22.47945], [-68.91074, -22.47954]]}, "properties": {"name": "Avenida Peuco", "highway": "residential"}}, {"type": "Feature", "geometry": {"type": "LineString", "coordinates": [[-68.90757, -22.44632], [-68.9049, -22.44712]]}, "properties": {"name": "Alcalde Julio Fuentes Vega", "highway": "residential"}}, {"type": "Feature", "geometry": {"type": "LineString", "coordinates": [[-68.89312, -22.47446], [-68.89287, -22.47443]]}, "properties": {"name": "", "highway": "tertiary"}}, {"type": "Feature", "geometry": {"type": "LineString", "coordinates": [[-68.90094, -22.44585], [-68.89987, -22.44728], [-68.8994, -22.44889]]}, "properties": {"name": "Pasaje Salar de Tara", "highway": "residential"}}, {"type": "Feature", "geometry": {"type": "LineString", "coordinates": [[-68.90817, -22.4481], [-68.90755, -22.4479]]}, "properties": {"name": "Soldado José Quiroga", "highway": "living_street"}}, {"type": "Feature", "geometry": {"type": "LineString", "coordinates": [[-68.91732, -22.48609], [-68.91635, -22.48704]]}, "properties": {"name": "Pasaje La Laguna del Inca", "highway": "residential"}}, {"type": "Feature", "geometry": {"type": "LineString", "coordinates": [[-68.91915, -22.44629], [-68.91802, -22.44235], [-68.91731, -22.4408], [-68.91563, -22.43889]]}, "properties": {"name": "Del Ferrocarril", "highway": "residential"}}, {"type": "Feature", "geometry": {"type": "LineString", "coordinates": [[-68.90617, -22.45067], [-68.90677, -22.45056], [-68.907, -22.45028], [-68.90682, -22.44995], [-68.9062, -22.44983]]}, "properties": {"name": "Rafael Ramírez", "highway": "residential"}}, {"type": "Feature", "geometry": {"type": "LineString", "coordinates": [[-68.91584, -22.48331], [-68.91509, -22.48405]]}, "properties": {"name": "Pasaje El Trauco", "highway": "residential"}}, {"type": "Feature", "geometry": {"type": "LineString", "coordinates": [[-68.9153, -22.485], [-68.915, -22.48475], [-68.91438, -22.48531]]}, "properties": {"name": "Pasaje Millalobo", "highway": "living_street"}}, {"type": "Feature", "geometry": {"type": "LineString", "coordinates": [[-68.90667, -22.44867], [-68.90698, -22.44835], [-68.90691, -22.44799]]}, "properties": {"name": "José de la Cruz Vargas", "highway": "residential"}}, {"type": "Feature", "geometry": {"type": "LineString", "coordinates": [[-68.90028, -22.48297], [-68.89878, -22.48056], [-68.8984, -22.47901], [-68.89774, -22.47782], [-68.89675, -22.47677], [-68.89488, -22.47549], [-68.89415, -22.47459]]}, "properties": {"name": "", "highway": "tertiary"}}, {"type": "Feature", "geometry": {"type": "LineString", "coordinates": [[-68.91181, -22.44561], [-68.91711, -22.44666]]}, "properties": {"name": "Tiltil Norte", "highway": "living_street"}}, {"type": "Feature", "geometry": {"type": "LineString", "coordinates": [[-68.89902, -22.4474], [-68.89956, -22.44635]]}, "properties": {"name": "Salar Llamará", "highway": "living_street"}}, {"type": "Feature", "geometry": {"type": "LineString", "coordinates": [[-68.91207, -22.48093], [-68.91051, -22.48084]]}, "properties": {"name": "Pasaje el Waman", "highway": "residential"}}, {"type": "Feature", "geometry": {"type": "LineString", "coordinates": [[-68.91424, -22.44138], [-68.91753, -22.44444]]}, "properties": {"name": "Chañarcillo", "highway": "residential"}}, {"type": "Feature", "geometry": {"type": "LineString", "coordinates": [[-68.9037, -22.44329], [-68.90996, -22.43759]]}, "properties": {"name": "Taira", "highway": "residential"}}, {"type": "Feature", "geometry": {"type": "LineString", "coordinates": [[-68.91585, -22.43687], [-68.91429, -22.4372]]}, "properties": {"name": "Collahuasi", "highway": "residential"}}, {"type": "Feature", "geometry": {"type": "LineString", "coordinates": [[-68.90615, -22.45111], [-68.90617, -22.45067]]}, "properties": {"name": "Belisario Riquelme", "highway": "residential"}}, {"type": "Feature", "geometry": {"type": "LineString", "coordinates": [[-68.91442, -22.45358], [-68.91421, -22.45562]]}, "properties": {"name": "1 Oriente", "highway": "residential"}}, {"type": "Feature", "geometry": {"type": "LineString", "coordinates": [[-68.91989, -22.46085], [-68.91968, -22.46297]]}, "properties": {"name": "Malaquías Concha", "highway": "tertiary"}}, {"type": "Feature", "geometry": {"type": "LineString", "coordinates": [[-68.91766, -22.48704], [-68.91734, -22.48675], [-68.9171, -22.48698]]}, "properties": {"name": "Pasaje El Alicanto", "highway": "residential"}}, {"type": "Feature", "geometry": {"type": "LineString", "coordinates": [[-68.91398, -22.43382], [-68.91476, -22.43711]]}, "properties": {"name": "Los Salares", "highway": "unclassified"}}, {"type": "Feature", "geometry": {"type": "LineString", "coordinates": [[-68.92055, -22.4631], [-68.92043, -22.46439]]}, "properties": {"name": "Las Acacias", "highway": "residential"}}, {"type": "Feature", "geometry": {"type": "LineString", "coordinates": [[-68.92002, -22.46302], [-68.91988, -22.46423]]}, "properties": {"name": "Los Aromos", "highway": "residential"}}, {"type": "Feature", "geometry": {"type": "LineString", "coordinates": [[-68.92298, -22.46605], [-68.92242, -22.46739]]}, "properties": {"name": "Balmaceda", "highway": "residential"}}, {"type": "Feature", "geometry": {"type": "LineString", "coordinates": [[-68.92102, -22.46437], [-68.92111, -22.46319]]}, "properties": {"name": "Los Robles", "highway": "residential"}}, {"type": "Feature", "geometry": {"type": "LineString", "coordinates": [[-68.91818, -22.47263], [-68.92031, -22.47377], [-68.92326, -22.47578]]}, "properties": {"name": "Oriente", "highway": "tertiary"}}, {"type": "Feature", "geometry": {"type": "LineString", "coordinates": [[-68.93134, -22.50359], [-68.93099, -22.50378], [-68.92857, -22.50091]]}, "properties": {"name": "", "highway": "residential"}}, {"type": "Feature", "geometry": {"type": "LineString", "coordinates": [[-68.93514, -22.50817], [-68.93134, -22.50359]]}, "properties": {"name": "", "highway": "unclassified"}}, {"type": "Feature", "geometry": {"type": "LineString", "coordinates": [[-68.95894, -22.50318], [-68.95955, -22.50253], [-68.9591, -22.50217], [-68.95864, -22.50213], [-68.95796, -22.50276], [-68.95894, -22.50318], [-68.96, -22.5092]]}, "properties": {"name": "", "highway": "unclassified"}}, {"type": "Feature", "geometry": {"type": "LineString", "coordinates": [[-68.92148, -22.45455], [-68.92195, -22.45713]]}, "properties": {"name": "Pedro Lagos", "highway": "residential"}}, {"type": "Feature", "geometry": {"type": "LineString", "coordinates": [[-68.92148, -22.4552], [-68.92051, -22.45521]]}, "properties": {"name": "El Roble", "highway": "residential"}}, {"type": "Feature", "geometry": {"type": "LineString", "coordinates": [[-68.91464, -22.44304], [-68.91735, -22.44559], [-68.91725, -22.44628]]}, "properties": {"name": "Placilla", "highway": "residential"}}, {"type": "Feature", "geometry": {"type": "LineString", "coordinates": [[-68.92112, -22.45566], [-68.92088, -22.45731]]}, "properties": {"name": "Presidente Ibáñez", "highway": "residential"}}, {"type": "Feature", "geometry": {"type": "LineString", "coordinates": [[-68.91496, -22.44052], [-68.91617, -22.44162]]}, "properties": {"name": "Inca de Oro", "highway": "residential"}}, {"type": "Feature", "geometry": {"type": "LineString", "coordinates": [[-68.91371, -22.4419], [-68.91479, -22.44289]]}, "properties": {"name": "Placilla", "highway": "residential"}}, {"type": "Feature", "geometry": {"type": "LineString", "coordinates": [[-68.92046, -22.45566], [-68.92159, -22.45566]]}, "properties": {"name": "Gómez", "highway": "residential"}}, {"type": "Feature", "geometry": {"type": "LineString", "coordinates": [[-68.9252, -22.45362], [-68.92518, -22.45451]]}, "properties": {"name": "Vía Parque Poniente", "highway": "residential"}}, {"type": "Feature", "geometry": {"type": "LineString", "coordinates": [[-68.9214, -22.45212], [-68.9219, -22.45215], [-68.92194, -22.45231]]}, "properties": {"name": "", "highway": "unclassified"}}, {"type": "Feature", "geometry": {"type": "LineString", "coordinates": [[-68.91866, -22.44813], [-68.9186, -22.44796]]}, "properties": {"name": "Nueva Poniente", "highway": "residential"}}, {"type": "Feature", "geometry": {"type": "LineString", "coordinates": [[-68.91602, -22.46178], [-68.91661, -22.46083], [-68.9198, -22.46195]]}, "properties": {"name": "Vecinal", "highway": "residential"}}, {"type": "Feature", "geometry": {"type": "LineString", "coordinates": [[-68.90676, -22.44761], [-68.90726, -22.44741]]}, "properties": {"name": "Soldado José Quiroga", "highway": "living_street"}}, {"type": "Feature", "geometry": {"type": "LineString", "coordinates": [[-68.9156, -22.45844], [-68.91572, -22.45812]]}, "properties": {"name": "", "highway": "unclassified"}}, {"type": "Feature", "geometry": {"type": "LineString", "coordinates": [[-68.91363, -22.45349], [-68.91328, -22.45545]]}, "properties": {"name": "2 Oriente", "highway": "residential"}}, {"type": "Feature", "geometry": {"type": "LineString", "coordinates": [[-68.90524, -22.4487], [-68.90506, -22.4482]]}, "properties": {"name": "Feliciano Martínez", "highway": "residential"}}, {"type": "Feature", "geometry": {"type": "LineString", "coordinates": [[-68.94412, -22.47063], [-68.9436, -22.47292]]}, "properties": {"name": "", "highway": "unclassified"}}, {"type": "Feature", "geometry": {"type": "LineString", "coordinates": [[-68.91796, -22.46047], [-68.91823, -22.46064], [-68.91854, -22.46021]]}, "properties": {"name": "Condominio Bilbao", "highway": "living_street"}}, {"type": "Feature", "geometry": {"type": "LineString", "coordinates": [[-68.94317, -22.47042], [-68.94412, -22.47063]]}, "properties": {"name": "", "highway": "unclassified"}}, {"type": "Feature", "geometry": {"type": "LineString", "coordinates": [[-68.91329, -22.45538], [-68.91422, -22.45552]]}, "properties": {"name": "3 Sur", "highway": "residential"}}, {"type": "Feature", "geometry": {"type": "LineString", "coordinates": [[-68.90017, -22.44588], [-68.90074, -22.44542]]}, "properties": {"name": "Salar Llamará", "highway": "residential"}}, {"type": "Feature", "geometry": {"type": "LineString", "coordinates": [[-68.9179, -22.45959], [-68.91797, -22.4607]]}, "properties": {"name": "Condominio Bilbao", "highway": "living_street"}}, {"type": "Feature", "geometry": {"type": "LineString", "coordinates": [[-68.90047, -22.4457], [-68.90026, -22.44551], [-68.89981, -22.44605]]}, "properties": {"name": "Salar Llamará", "highway": "residential"}}, {"type": "Feature", "geometry": {"type": "LineString", "coordinates": [[-68.90726, -22.44741], [-68.90764, -22.44771]]}, "properties": {"name": "Soldado José Quiroga", "highway": "residential"}}, {"type": "Feature", "geometry": {"type": "LineString", "coordinates": [[-68.91801, -22.48669], [-68.91664, -22.48534]]}, "properties": {"name": "Pasaje La Piedra Feliz", "highway": "residential"}}, {"type": "Feature", "geometry": {"type": "LineString", "coordinates": [[-68.91809, -22.43209], [-68.91693, -22.43127], [-68.91684, -22.43075]]}, "properties": {"name": "Pasaje David Silverman", "highway": "residential"}}, {"type": "Feature", "geometry": {"type": "LineString", "coordinates": [[-68.92846, -22.32924], [-68.92781, -22.32985], [-68.92772, -22.33023], [-68.92856, -22.33561], [-68.92855, -22.33712], [-68.92507, -22.34891], [-68.92459, -22.35089], [-68.92452, -22.35243], [-68.92478, -22.35336], [-68.92545, -22.35437], [-68.9283, -22.35672], [-68.92927, -22.35778], [-68.93112, -22.36152], [-68.93162, -22.36316], [-68.93168, -22.36585], [-68.9302, -22.37341], [-68.92978, -22.37675], [-68.92974, -22.38403], [-68.93002, -22.38552], [-68.93164, -22.38912], [-68.93182, -22.39064], [-68.93042, -22.39505], [-68.9295, -22.40233], [-68.92907, -22.40391], [-68.92834, -22.40494], [-68.92194, -22.41107]]}, "properties": {"name": "Ruta 24", "highway": "trunk"}}, {"type": "Feature", "geometry": {"type": "LineString", "coordinates": [[-68.92194, -22.42999], [-68.9224, -22.43144]]}, "properties": {"name": "Periodista Carlos Berguer", "highway": "residential"}}, {"type": "Feature", "geometry": {"type": "LineString", "coordinates": [[-68.91618, -22.43197], [-68.91741, -22.43162]]}, "properties": {"name": "Pasaje Club Chuqui", "highway": "living_street"}}, {"type": "Feature", "geometry": {"type": "LineString", "coordinates": [[-68.91653, -22.4322], [-68.91775, -22.43184]]}, "properties": {"name": "Pasaje El Minero", "highway": "living_street"}}, {"type": "Feature", "geometry": {"type": "LineString", "coordinates": [[-68.92248, -22.45706], [-68.92176, -22.45438]]}, "properties": {"name": "Avenida Balmaceda", "highway": "primary"}}, {"type": "Feature", "geometry": {"type": "LineString", "coordinates": [[-68.91655, -22.43252], [-68.91653, -22.43188]]}, "properties": {"name": "Pasaje El Monje", "highway": "living_street"}}, {"type": "Feature", "geometry": {"type": "LineString", "coordinates": [[-68.91615, -22.43117], [-68.9197, -22.43064]]}, "properties": {"name": "Pasaje Las Normac", "highway": "living_street"}}, {"type": "Feature", "geometry": {"type": "LineString", "coordinates": [[-68.9164, -22.43257], [-68.9162, -22.43245], [-68.91613, -22.43086]]}, "properties": {"name": "Roy Glover", "highway": "residential"}}, {"type": "Feature", "geometry": {"type": "LineString", "coordinates": [[-68.91613, -22.43086], [-68.92454, -22.42959]]}, "properties": {"name": "John Bradford", "highway": "residential"}}, {"type": "Feature", "geometry": {"type": "LineString", "coordinates": [[-68.91852, -22.43197], [-68.91807, -22.43057]]}, "properties": {"name": "Haroldo Cabrera", "highway": "residential"}}, {"type": "Feature", "geometry": {"type": "LineString", "coordinates": [[-68.9082, -22.43781], [-68.90864, -22.43822]]}, "properties": {"name": "Hojalar", "highway": "living_street"}}, {"type": "Feature", "geometry": {"type": "LineString", "coordinates": [[-68.90764, -22.4389], [-68.9085, -22.43809]]}, "properties": {"name": "Pocor", "highway": "living_street"}}, {"type": "Feature", "geometry": {"type": "LineString", "coordinates": [[-68.92248, -22.43052], [-68.92347, -22.43005], [-68.92343, -22.42976]]}, "properties": {"name": "Pasaje Teatro Chilex", "highway": "living_street"}}, {"type": "Feature", "geometry": {"type": "LineString", "coordinates": [[-68.92189, -22.43101], [-68.92168, -22.43036]]}, "properties": {"name": "Pasaje Los Buques", "highway": "living_street"}}, {"type": "Feature", "geometry": {"type": "LineString", "coordinates": [[-68.90885, -22.43943], [-68.90972, -22.43862]]}, "properties": {"name": "Aymani", "highway": "living_street"}}, {"type": "Feature", "geometry": {"type": "LineString", "coordinates": [[-68.91009, -22.43615], [-68.91188, -22.43787]]}, "properties": {"name": "Inca de Oro", "highway": "residential"}}, {"type": "Feature", "geometry": {"type": "LineString", "coordinates": [[-68.9131, -22.43474], [-68.91342, -22.43445]]}, "properties": {"name": "Zapaleri", "highway": "living_street"}}, {"type": "Feature", "geometry": {"type": "LineString", "coordinates": [[-68.91307, -22.43409], [-68.91342, -22.43445]]}, "properties": {"name": "Tocopuri", "highway": "living_street"}}, {"type": "Feature", "geometry": {"type": "LineString", "coordinates": [[-68.91617, -22.43166], [-68.91701, -22.43135], [-68.91911, -22.43104]]}, "properties": {"name": "Pasaje Los Adobes", "highway": "living_street"}}, {"type": "Feature", "geometry": {"type": "LineString", "coordinates": [[-68.9198, -22.43126], [-68.91967, -22.43033]]}, "properties": {"name": "Pasaje Las Flores", "highway": "living_street"}}, {"type": "Feature", "geometry": {"type": "LineString", "coordinates": [[-68.91819, -22.43206], [-68.9179, -22.43122]]}, "properties": {"name": "Pasaje La Verbena", "highway": "living_street"}}, {"type": "Feature", "geometry": {"type": "LineString", "coordinates": [[-68.91918, -22.43143], [-68.91905, -22.43074]]}, "properties": {"name": "Pasaje Los Seiscientos", "highway": "living_street"}}, {"type": "Feature", "geometry": {"type": "LineString", "coordinates": [[-68.91138, -22.4385], [-68.91095, -22.4381]]}, "properties": {"name": "Las Terrazas", "highway": "living_street"}}, {"type": "Feature", "geometry": {"type": "LineString", "coordinates": [[-68.91415, -22.43453], [-68.91505, -22.43434]]}, "properties": {"name": "Zapaleri", "highway": "living_street"}}, {"type": "Feature", "geometry": {"type": "LineString", "coordinates": [[-68.92204, -22.4303], [-68.92004, -22.43059]]}, "properties": {"name": "Pasaje Los Hundidos", "highway": "living_street"}}, {"type": "Feature", "geometry": {"type": "LineString", "coordinates": [[-68.90839, -22.4396], [-68.90925, -22.43881]]}, "properties": {"name": "Aymani", "highway": "living_street"}}, {"type": "Feature", "geometry": {"type": "LineString", "coordinates": [[-68.92239, -22.43023], [-68.92347, -22.43005]]}, "properties": {"name": "Pasaje Teatro Variedades", "highway": "living_street"}}, {"type": "Feature", "geometry": {"type": "LineString", "coordinates": [[-68.91922, -22.43177], [-68.91913, -22.43151]]}, "properties": {"name": "Pasaje Los Seiscientos", "highway": "living_street"}}, {"type": "Feature", "geometry": {"type": "LineString", "coordinates": [[-68.91015, -22.43714], [-68.90954, -22.43655]]}, "properties": {"name": "Las Terrazas", "highway": "living_street"}}, {"type": "Feature", "geometry": {"type": "LineString", "coordinates": [[-68.9164, -22.43257], [-68.92308, -22.43069], [-68.92384, -22.43022], [-68.92376, -22.42971]]}, "properties": {"name": "Avenida Charles Brinckerhoff", "highway": "residential"}}, {"type": "Feature", "geometry": {"type": "LineString", "coordinates": [[-68.91089, -22.43754], [-68.91004, -22.43672]]}, "properties": {"name": "Las Terrazas", "highway": "living_street"}}, {"type": "Feature", "geometry": {"type": "LineString", "coordinates": [[-68.91106, -22.438], [-68.91046, -22.43743]]}, "properties": {"name": "Las Terrazas", "highway": "living_street"}}, {"type": "Feature", "geometry": {"type": "LineString", "coordinates": [[-68.91062, -22.43728], [-68.91012, -22.43775]]}, "properties": {"name": "Aymani", "highway": "living_street"}}, {"type": "Feature", "geometry": {"type": "LineString", "coordinates": [[-68.90938, -22.43894], [-68.90893, -22.43852]]}, "properties": {"name": "Hojalar", "highway": "living_street"}}, {"type": "Feature", "geometry": {"type": "LineString", "coordinates": [[-68.92012, -22.43118], [-68.92, -22.43028]]}, "properties": {"name": "Pasaje Villa Florencia", "highway": "living_street"}}, {"type": "Feature", "geometry": {"type": "LineString", "coordinates": [[-68.92095, -22.43129], [-68.92067, -22.43051]]}, "properties": {"name": "Pasaje Arauco", "highway": "living_street"}}, {"type": "Feature", "geometry": {"type": "LineString", "coordinates": [[-68.91913, -22.43151], [-68.92051, -22.43107]]}, "properties": {"name": "Pasaje El Bosque", "highway": "living_street"}}, {"type": "Feature", "geometry": {"type": "LineString", "coordinates": [[-68.91073, -22.43768], [-68.91121, -22.43723]]}, "properties": {"name": "Aymani", "highway": "living_street"}}, {"type": "Feature", "geometry": {"type": "LineString", "coordinates": [[-68.9098, -22.43744], [-68.91032, -22.43699]]}, "properties": {"name": "Pocor", "highway": "living_street"}}, {"type": "Feature", "geometry": {"type": "LineString", "coordinates": [[-68.90971, -22.43926], [-68.91011, -22.43964]]}, "properties": {"name": "Hojalar", "highway": "living_street"}}, {"type": "Feature", "geometry": {"type": "LineString", "coordinates": [[-68.9127, -22.43553], [-68.91373, -22.43471]]}, "properties": {"name": "Zapaleri", "highway": "living_street"}}, {"type": "Feature", "geometry": {"type": "LineString", "coordinates": [[-68.90988, -22.43687], [-68.91038, -22.43643]]}, "properties": {"name": "Pocor", "highway": "living_street"}}, {"type": "Feature", "geometry": {"type": "LineString", "coordinates": [[-68.92099, -22.43046], [-68.92093, -22.43014]]}, "properties": {"name": "Pasaje Descubridores de América", "highway": "living_street"}}, {"type": "Feature", "geometry": {"type": "LineString", "coordinates": [[-68.91332, -22.43496], [-68.91264, -22.43427]]}, "properties": {"name": "El Llano", "highway": "living_street"}}, {"type": "Feature", "geometry": {"type": "LineString", "coordinates": [[-68.92083, -22.43096], [-68.92177, -22.4307]]}, "properties": {"name": "Pasaje Los Lagos", "highway": "living_street"}}, {"type": "Feature", "geometry": {"type": "LineString", "coordinates": [[-68.9081, -22.43873], [-68.90897, -22.43791]]}, "properties": {"name": "Pocor", "highway": "living_street"}}, {"type": "Feature", "geometry": {"type": "LineString", "coordinates": [[-68.90871, -22.4393], [-68.90918, -22.43973]]}, "properties": {"name": "Alana", "highway": "living_street"}}, {"type": "Feature", "geometry": {"type": "LineString", "coordinates": [[-68.91389, -22.43508], [-68.91364, -22.43439]]}, "properties": {"name": "Tocopuri", "highway": "living_street"}}, {"type": "Feature", "geometry": {"type": "LineString", "coordinates": [[-68.91065, -22.43839], [-68.91105, -22.43879]]}, "properties": {"name": "Chañarcillo", "highway": "living_street"}}, {"type": "Feature", "geometry": {"type": "LineString", "coordinates": [[-68.91948, -22.43135], [-68.91937, -22.43068]]}, "properties": {"name": "Pasaje El Alba", "highway": "living_street"}}, {"type": "Feature", "geometry": {"type": "LineString", "coordinates": [[-68.91461, -22.43443], [-68.91443, -22.4337]]}, "properties": {"name": "El Mármol", "highway": "living_street"}}, {"type": "Feature", "geometry": {"type": "LineString", "coordinates": [[-68.92062, -22.43138], [-68.92034, -22.43055]]}, "properties": {"name": "Pasaje Bellavista", "highway": "living_street"}}, {"type": "Feature", "geometry": {"type": "LineString", "coordinates": [[-68.91342, -22.43445], [-68.91409, -22.43429]]}, "properties": {"name": "Zapaleri", "highway": "living_street"}}, {"type": "Feature", "geometry": {"type": "LineString", "coordinates": [[-68.9098, -22.43993], [-68.90937, -22.44017]]}, "properties": {"name": "Las Canteras", "highway": "living_street"}}, {"type": "Feature", "geometry": {"type": "LineString", "coordinates": [[-68.90797, -22.43859], [-68.90839, -22.43902]]}, "properties": {"name": "Alana", "highway": "living_street"}}, {"type": "Feature", "geometry": {"type": "LineString", "coordinates": [[-68.9122, -22.43446], [-68.91301, -22.43525]]}, "properties": {"name": "Valle del Inca", "highway": "living_street"}}, {"type": "Feature", "geometry": {"type": "LineString", "coordinates": [[-68.92259, -22.43082], [-68.92231, -22.42993]]}, "properties": {"name": "Pasaje Club Obrero", "highway": "living_street"}}, {"type": "Feature", "geometry": {"type": "LineString", "coordinates": [[-68.89935, -22.44279], [-68.87327, -22.4377]]}, "properties": {"name": "Ruta 21 CH", "highway": "trunk"}}, {"type": "Feature", "geometry": {"type": "LineString", "coordinates": [[-68.9004, -22.44435], [-68.90076, -22.44403]]}, "properties": {"name": "Avenida Circunvalación", "highway": "trunk"}}, {"type": "Feature", "geometry": {"type": "LineString", "coordinates": [[-68.90146, -22.44337], [-68.90173, -22.44312]]}, "properties": {"name": "Avenida Circunvalación", "highway": "trunk"}}, {"type": "Feature", "geometry": {"type": "LineString", "coordinates": [[-68.90187, -22.44315], [-68.9016, -22.4434]]}, "properties": {"name": "Avenida Circunvalación", "highway": "trunk"}}, {"type": "Feature", "geometry": {"type": "LineString", "coordinates": [[-68.90591, -22.43928], [-68.91127, -22.4345], [-68.91229, -22.43396], [-68.9159, -22.43274]]}, "properties": {"name": "Avenida Circunvalación", "highway": "trunk"}}, {"type": "Feature", "geometry": {"type": "LineString", "coordinates": [[-68.90076, -22.44403], [-68.90146, -22.44337]]}, "properties": {"name": "Avenida Circunvalación", "highway": "trunk"}}, {"type": "Feature", "geometry": {"type": "LineString", "coordinates": [[-68.90081, -22.44409], [-68.90068, -22.44422]]}, "properties": {"name": "Avenida Circunvalación", "highway": "trunk"}}, {"type": "Feature", "geometry": {"type": "LineString", "coordinates": [[-68.9016, -22.4434], [-68.90081, -22.44409]]}, "properties": {"name": "Avenida Circunvalación", "highway": "trunk"}}, {"type": "Feature", "geometry": {"type": "LineString", "coordinates": [[-68.90024, -22.44482], [-68.90054, -22.44449]]}, "properties": {"name": "", "highway": "tertiary"}}, {"type": "Feature", "geometry": {"type": "LineString", "coordinates": [[-68.90054, -22.44449], [-68.90089, -22.44418]]}, "properties": {"name": "", "highway": "tertiary"}}, {"type": "Feature", "geometry": {"type": "LineString", "coordinates": [[-68.90401, -22.443], [-68.90359, -22.44259]]}, "properties": {"name": "Inca colla", "highway": "living_street"}}, {"type": "Feature", "geometry": {"type": "LineString", "coordinates": [[-68.90765, -22.44531], [-68.90775, -22.44493]]}, "properties": {"name": "Pasaje Volcán San Pedro", "highway": "living_street"}}, {"type": "Feature", "geometry": {"type": "LineString", "coordinates": [[-68.90266, -22.44526], [-68.90553, -22.4444], [-68.90568, -22.44415]]}, "properties": {"name": "Avenida Almirante Óscar Flores", "highway": "residential"}}, {"type": "Feature", "geometry": {"type": "LineString", "coordinates": [[-68.90826, -22.44542], [-68.90835, -22.44505]]}, "properties": {"name": "Pasaje Volcán San Pablo", "highway": "living_street"}}, {"type": "Feature", "geometry": {"type": "LineString", "coordinates": [[-68.90669, -22.44293], [-68.90595, -22.44356]]}, "properties": {"name": "Las Canteras", "highway": "living_street"}}, {"type": "Feature", "geometry": {"type": "LineString", "coordinates": [[-68.90353, -22.44501], [-68.90511, -22.44747]]}, "properties": {"name": "Pasaje Alcalde Ballesteros Ávila", "highway": "residential"}}, {"type": "Feature", "geometry": {"type": "LineString", "coordinates": [[-68.90567, -22.44295], [-68.90519, -22.44251]]}, "properties": {"name": "Pukará", "highway": "living_street"}}, {"type": "Feature", "geometry": {"type": "LineString", "coordinates": [[-68.90475, -22.44537], [-68.9046, -22.44513], [-68.90378, -22.44539]]}, "properties": {"name": "Volcán Putana", "highway": "living_street"}}, {"type": "Feature", "geometry": {"type": "LineString", "coordinates": [[-68.90465, -22.44104], [-68.90511, -22.44144]]}, "properties": {"name": "Guayacán", "highway": "living_street"}}, {"type": "Feature", "geometry": {"type": "LineString", "coordinates": [[-68.9037, -22.4427], [-68.90423, -22.44222]]}, "properties": {"name": "Pocor", "highway": "living_street"}}, {"type": "Feature", "geometry": {"type": "LineString", "coordinates": [[-68.9063, -22.446], [-68.90644, -22.44625], [-68.90734, -22.44596]]}, "properties": {"name": "Pasaje Volcán Isluga", "highway": "living_street"}}, {"type": "Feature", "geometry": {"type": "LineString", "coordinates": [[-68.90543, -22.44175], [-68.90587, -22.44213]]}, "properties": {"name": "Guayacán", "highway": "living_street"}}, {"type": "Feature", "geometry": {"type": "LineString", "coordinates": [[-68.90595, -22.44356], [-68.90546, -22.44313]]}, "properties": {"name": "Túpac Yupanqui", "highway": "living_street"}}, {"type": "Feature", "geometry": {"type": "LineString", "coordinates": [[-68.90491, -22.44222], [-68.90445, -22.4418]]}, "properties": {"name": "Pukará", "highway": "living_street"}}, {"type": "Feature", "geometry": {"type": "LineString", "coordinates": [[-68.90804, -22.44499], [-68.90812, -22.44463]]}, "properties": {"name": "Pasaje Volcán Linzor", "highway": "living_street"}}, {"type": "Feature", "geometry": {"type": "LineString", "coordinates": [[-68.9063, -22.44328], [-68.90581, -22.44282]]}, "properties": {"name": "Pukará", "highway": "living_street"}}, {"type": "Feature", "geometry": {"type": "LineString", "coordinates": [[-68.90623, -22.44672], [-68.90443, -22.4439]]}, "properties": {"name": "Alcalde Bartolomé Oyanedel", "highway": "residential"}}, {"type": "Feature", "geometry": {"type": "LineString", "coordinates": [[-68.90699, -22.44322], [-68.90653, -22.44278]]}, "properties": {"name": "Pukará", "highway": "living_street"}}, {"type": "Feature", "geometry": {"type": "LineString", "coordinates": [[-68.90387, -22.4472], [-68.90478, -22.44694]]}, "properties": {"name": "Pasaje Volcán Chiliques", "highway": "living_street"}}, {"type": "Feature", "geometry": {"type": "LineString", "coordinates": [[-68.90341, -22.44641], [-68.90427, -22.44616]]}, "properties": {"name": "Pasaje Volcán Ojos del Salado", "highway": "living_street"}}, {"type": "Feature", "geometry": {"type": "LineString", "coordinates": [[-68.90328, -22.44288], [-68.90378, -22.44241]]}, "properties": {"name": "Pocor", "highway": "living_street"}}, {"type": "Feature", "geometry": {"type": "LineString", "coordinates": [[-68.90615, -22.44314], [-68.90772, -22.44166]]}, "properties": {"name": "Las Canteras", "highway": "living_street"}}, {"type": "Feature", "geometry": {"type": "LineString", "coordinates": [[-68.90317, -22.44604], [-68.90403, -22.44578]]}, "properties": {"name": "Pasaje Volcán Lastarria", "highway": "living_street"}}, {"type": "Feature", "geometry": {"type": "LineString", "coordinates": [[-68.90624, -22.44426], [-68.90298, -22.4437]]}, "properties": {"name": "Almirante Grau", "highway": "tertiary"}}, {"type": "Feature", "geometry": {"type": "LineString", "coordinates": [[-68.9061, -22.44498], [-68.90597, -22.44471]]}, "properties": {"name": "Pasaje Volcán Socompa", "highway": "living_street"}}, {"type": "Feature", "geometry": {"type": "LineString", "coordinates": [[-68.90532, -22.44262], [-68.9062, -22.44185]]}, "properties": {"name": "Aymani", "highway": "living_street"}}, {"type": "Feature", "geometry": {"type": "LineString", "coordinates": [[-68.90464, -22.44583], [-68.90475, -22.44604], [-68.90563, -22.44579]]}, "properties": {"name": "Pasaje Volcán Apagado", "highway": "living_street"}}, {"type": "Feature", "geometry": {"type": "LineString", "coordinates": [[-68.9056, -22.44482], [-68.90575, -22.44508]]}, "properties": {"name": "Pasaje Volcán Socompa", "highway": "living_street"}}, {"type": "Feature", "geometry": {"type": "LineString", "coordinates": [[-68.90765, -22.44567], [-68.90785, -22.44591], [-68.90861, -22.44549]]}, "properties": {"name": "Pasaje Volcán Copiapó", "highway": "living_street"}}, {"type": "Feature", "geometry": {"type": "LineString", "coordinates": [[-68.9039, -22.44253], [-68.90347, -22.44212]]}, "properties": {"name": "Tagua", "highway": "living_street"}}, {"type": "Feature", "geometry": {"type": "LineString", "coordinates": [[-68.90498, -22.44132], [-68.90411, -22.44211]]}, "properties": {"name": "Pocor", "highway": "living_street"}}, {"type": "Feature", "geometry": {"type": "LineString", "coordinates": [[-68.90549, -22.44654], [-68.90539, -22.44629], [-68.90452, -22.44653]]}, "properties": {"name": "Pasaje Volcán Guallatiri", "highway": "living_street"}}, {"type": "Feature", "geometry": {"type": "LineString", "coordinates": [[-68.90364, -22.44679], [-68.90452, -22.44653]]}, "properties": {"name": "Pasaje Volcán Jurique", "highway": "living_street"}}, {"type": "Feature", "geometry": {"type": "LineString", "coordinates": [[-68.90501, -22.4464], [-68.90514, -22.44664], [-68.90601, -22.44638]]}, "properties": {"name": "Pasaje San Juan", "highway": "living_street"}}, {"type": "Feature", "geometry": {"type": "LineString", "coordinates": [[-68.90761, -22.44639], [-68.90841, -22.44624]]}, "properties": {"name": "Pasaje Volcán Irrupuntucu", "highway": "living_street"}}, {"type": "Feature", "geometry": {"type": "LineString", "coordinates": [[-68.90686, -22.44613], [-68.90672, -22.44587], [-68.90585, -22.44613]]}, "properties": {"name": "Pasaje Volcán Isluga", "highway": "living_street"}}, {"type": "Feature", "geometry": {"type": "LineString", "coordinates": [[-68.90708, -22.44556], [-68.90819, -22.44578]]}, "properties": {"name": "Pasaje Volcán Copiapó", "highway": "living_street"}}, {"type": "Feature", "geometry": {"type": "LineString", "coordinates": [[-68.90291, -22.44565], [-68.90378, -22.44539]]}, "properties": {"name": "Pasaje Volcán Lejía", "highway": "living_street"}}, {"type": "Feature", "geometry": {"type": "LineString", "coordinates": [[-68.90428, -22.44523], [-68.90435, -22.44543]]}, "properties": {"name": "Pasaje Volcán Parinacota", "highway": "living_street"}}, {"type": "Feature", "geometry": {"type": "LineString", "coordinates": [[-68.90574, -22.44202], [-68.90485, -22.44282]]}, "properties": {"name": "Aymani", "highway": "living_street"}}, {"type": "Feature", "geometry": {"type": "LineString", "coordinates": [[-68.90499, -22.44295], [-68.90467, -22.44323]]}, "properties": {"name": "Aymani", "highway": "living_street"}}, {"type": "Feature", "geometry": {"type": "LineString", "coordinates": [[-68.90646, -22.44555], [-68.90637, -22.44532]]}, "properties": {"name": "Pasaje Volcán Socompa", "highway": "living_street"}}, {"type": "Feature", "geometry": {"type": "LineString", "coordinates": [[-68.90951, -22.44527], [-68.90652, -22.4447]]}, "properties": {"name": "Pasaje Volcán San Pedro", "highway": "living_street"}}, {"type": "Feature", "geometry": {"type": "LineString", "coordinates": [[-68.90511, -22.44594], [-68.90497, -22.44572], [-68.90415, -22.44597]]}, "properties": {"name": "Pasaje Volcán Apagado", "highway": "living_street"}}, {"type": "Feature", "geometry": {"type": "LineString", "coordinates": [[-68.90681, -22.44515], [-68.90916, -22.44562]]}, "properties": {"name": "Pasaje Volcán San Pablo", "highway": "living_street"}}, {"type": "Feature", "geometry": {"type": "LineString", "coordinates": [[-68.90458, -22.44193], [-68.90543, -22.44113]]}, "properties": {"name": "Pocor", "highway": "living_street"}}, {"type": "Feature", "geometry": {"type": "LineString", "coordinates": [[-68.906, -22.44542], [-68.90612, -22.44565]]}, "properties": {"name": "Pasaje Volcán Socompa", "highway": "living_street"}}, {"type": "Feature", "geometry": {"type": "LineString", "coordinates": [[-68.90253, -22.4443], [-68.90282, -22.4442], [-68.90337, -22.44505]]}, "properties": {"name": "Pasaje Volcán Olca", "highway": "living_street"}}, {"type": "Feature", "geometry": {"type": "LineString", "coordinates": [[-68.90419, -22.44423], [-68.9045, -22.44405]]}, "properties": {"name": "Pasaje Volcán Pomarape", "highway": "living_street"}}, {"type": "Feature", "geometry": {"type": "LineString", "coordinates": [[-68.90376, -22.4444], [-68.90348, -22.44449], [-68.90298, -22.4437]]}, "properties": {"name": "Pasaje Volcán Parinacota", "highway": "living_street"}}, {"type": "Feature", "geometry": {"type": "LineString", "coordinates": [[-68.90623, -22.44804], [-68.90622, -22.44843]]}, "properties": {"name": "Belisario Riquelme", "highway": "residential"}}, {"type": "Feature", "geometry": {"type": "LineString", "coordinates": [[-68.90328, -22.44416], [-68.90356, -22.44406], [-68.90404, -22.44484]]}, "properties": {"name": "Pasaje Volcán Parinacota", "highway": "living_street"}}, {"type": "Feature", "geometry": {"type": "LineString", "coordinates": [[-68.90308, -22.4446], [-68.90279, -22.4447], [-68.90239, -22.44389]]}, "properties": {"name": "Pasaje Volcán Olca", "highway": "living_street"}}, {"type": "Feature", "geometry": {"type": "LineString", "coordinates": [[-68.90622, -22.44843], [-68.90623, -22.44804]]}, "properties": {"name": "Belisario Riquelme", "highway": "residential"}}, {"type": "Feature", "geometry": {"type": "LineString", "coordinates": [[-68.90909, -22.44393], [-68.90919, -22.44403]]}, "properties": {"name": "Radomiro Tomic", "highway": "residential"}}, {"type": "Feature", "geometry": {"type": "LineString", "coordinates": [[-68.91246, -22.44275], [-68.91088, -22.44183], [-68.91018, -22.44095], [-68.9098, -22.43993]]}, "properties": {"name": "Avenida El Abra", "highway": "residential"}}, {"type": "Feature", "geometry": {"type": "LineString", "coordinates": [[-68.90852, -22.44034], [-68.90902, -22.44078]]}, "properties": {"name": "Quelena", "highway": "living_street"}}, {"type": "Feature", "geometry": {"type": "LineString", "coordinates": [[-68.90875, -22.444], [-68.90794, -22.44384]]}, "properties": {"name": "Avenida Chuquicamata", "highway": "residential"}}, {"type": "Feature", "geometry": {"type": "LineString", "coordinates": [[-68.90777, -22.44041], [-68.90852, -22.43971]]}, "properties": {"name": "Aymani", "highway": "living_street"}}, {"type": "Feature", "geometry": {"type": "LineString", "coordinates": [[-68.90903, -22.44249], [-68.90919, -22.44242], [-68.90969, -22.44289]]}, "properties": {"name": "Pasaje El Teniente", "highway": "living_street"}}, {"type": "Feature", "geometry": {"type": "LineString", "coordinates": [[-68.90857, -22.44121], [-68.90933, -22.44049]]}, "properties": {"name": "Las Canteras", "highway": "living_street"}}, {"type": "Feature", "geometry": {"type": "LineString", "coordinates": [[-68.90865, -22.44283], [-68.90879, -22.44276], [-68.90935, -22.44327]]}, "properties": {"name": "Pasaje Toki", "highway": "living_street"}}, {"type": "Feature", "geometry": {"type": "LineString", "coordinates": [[-68.90808, -22.43988], [-68.90727, -22.44061]]}, "properties": {"name": "Aymani", "highway": "living_street"}}, {"type": "Feature", "geometry": {"type": "LineString", "coordinates": [[-68.90821, -22.44], [-68.90776, -22.43959]]}, "properties": {"name": "Quelena", "highway": "living_street"}}, {"type": "Feature", "geometry": {"type": "LineString", "coordinates": [[-68.90627, -22.44388], [-68.90997, -22.4405]]}, "properties": {"name": "La Pampa", "highway": "residential"}}, {"type": "Feature", "geometry": {"type": "LineString", "coordinates": [[-68.90903, -22.44379], [-68.90905, -22.44403], [-68.9088, -22.44406], [-68.90879, -22.44379], [-68.90903, -22.44379]]}, "properties": {"name": "Avenida Chuquicamata", "highway": "residential"}}, {"type": "Feature", "geometry": {"type": "LineString", "coordinates": [[-68.90895, -22.44408], [-68.90879, -22.44457]]}, "properties": {"name": "Avenida Mina Sur", "highway": "residential"}}, {"type": "Feature", "geometry": {"type": "LineString", "coordinates": [[-68.90873, -22.44455], [-68.9088, -22.44406]]}, "properties": {"name": "Avenida Mina Sur", "highway": "residential"}}, {"type": "Feature", "geometry": {"type": "LineString", "coordinates": [[-68.9089, -22.44375], [-68.91088, -22.44183]]}, "properties": {"name": "Avenida Chuquicamata", "highway": "residential"}}, {"type": "Feature", "geometry": {"type": "LineString", "coordinates": [[-68.90764, -22.44029], [-68.90809, -22.44072]]}, "properties": {"name": "Pator", "highway": "living_street"}}, {"type": "Feature", "geometry": {"type": "LineString", "coordinates": [[-68.90888, -22.4415], [-68.90842, -22.44107]]}, "properties": {"name": "Pator", "highway": "living_street"}}, {"type": "Feature", "geometry": {"type": "LineString", "coordinates": [[-68.91099, -22.44192], [-68.90909, -22.4439]]}, "properties": {"name": "Avenida Chuquicamata", "highway": "residential"}}, {"type": "Feature", "geometry": {"type": "LineString", "coordinates": [[-68.90864, -22.44336], [-68.90848, -22.44346], [-68.90801, -22.443]]}, "properties": {"name": "Pasaje Gaby", "highway": "living_street"}}, {"type": "Feature", "geometry": {"type": "LineString", "coordinates": [[-68.90825, -22.44319], [-68.90838, -22.44311], [-68.909, -22.44366]]}, "properties": {"name": "Pasaje Gaby", "highway": "living_street"}}, {"type": "Feature", "geometry": {"type": "LineString", "coordinates": [[-68.9079, -22.4436], [-68.90879, -22.44379]]}, "properties": {"name": "Avenida Chuquicamata", "highway": "residential"}}, {"type": "Feature", "geometry": {"type": "LineString", "coordinates": [[-68.90895, -22.44214], [-68.90622, -22.43961]]}, "properties": {"name": "San Bartolo", "highway": "residential"}}, {"type": "Feature", "geometry": {"type": "LineString", "coordinates": [[-68.90912, -22.44306], [-68.90897, -22.44314], [-68.90843, -22.44262]]}, "properties": {"name": "Pasaje Toki", "highway": "living_street"}}, {"type": "Feature", "geometry": {"type": "LineString", "coordinates": [[-68.90945, -22.44266], [-68.90932, -22.44275], [-68.90879, -22.44228]]}, "properties": {"name": "Pasaje El Teniente", "highway": "living_street"}}, {"type": "Feature", "geometry": {"type": "LineString", "coordinates": [[-68.91001, -22.44061], [-68.90628, -22.44408]]}, "properties": {"name": "La Pampa", "highway": "residential"}}, {"type": "Feature", "geometry": {"type": "LineString", "coordinates": [[-68.90769, -22.44328], [-68.90928, -22.442], [-68.91094, -22.44362], [-68.91022, -22.44427], [-68.90919, -22.44403]]}, "properties": {"name": "Radomiro Tomic", "highway": "residential"}}, {"type": "Feature", "geometry": {"type": "LineString", "coordinates": [[-68.90809, -22.44137], [-68.90887, -22.44065]]}, "properties": {"name": "Las Canteras", "highway": "living_street"}}, {"type": "Feature", "geometry": {"type": "LineString", "coordinates": [[-68.90653, -22.44152], [-68.9074, -22.44073]]}, "properties": {"name": "Aymani", "highway": "living_street"}}, {"type": "Feature", "geometry": {"type": "LineString", "coordinates": [[-68.90641, -22.44141], [-68.90687, -22.44184]]}, "properties": {"name": "Palqui", "highway": "living_street"}}, {"type": "Feature", "geometry": {"type": "LineString", "coordinates": [[-68.90731, -22.43999], [-68.90687, -22.43957]]}, "properties": {"name": "Pator", "highway": "living_street"}}, {"type": "Feature", "geometry": {"type": "LineString", "coordinates": [[-68.90563, -22.44072], [-68.90607, -22.44116]]}, "properties": {"name": "Palqui", "highway": "living_street"}}, {"type": "Feature", "geometry": {"type": "LineString", "coordinates": [[-68.90619, -22.4402], [-68.9053, -22.44101]]}, "properties": {"name": "Pocor", "highway": "living_street"}}, {"type": "Feature", "geometry": {"type": "LineString", "coordinates": [[-68.90741, -22.44136], [-68.90791, -22.44183]]}, "properties": {"name": "Las Hualtatas", "highway": "living_street"}}, {"type": "Feature", "geometry": {"type": "LineString", "coordinates": [[-68.90606, -22.44172], [-68.90697, -22.44091]]}, "properties": {"name": "Aymani", "highway": "living_street"}}, {"type": "Feature", "geometry": {"type": "LineString", "coordinates": [[-68.90728, -22.43919], [-68.9065, -22.43989]]}, "properties": {"name": "Pocor", "highway": "living_street"}}, {"type": "Feature", "geometry": {"type": "LineString", "coordinates": [[-68.90576, -22.44085], [-68.90664, -22.44002]]}, "properties": {"name": "Pocor", "highway": "living_street"}}, {"type": "Feature", "geometry": {"type": "LineString", "coordinates": [[-68.90632, -22.44032], [-68.90588, -22.43992]]}, "properties": {"name": "Las Hualtatas", "highway": "living_street"}}, {"type": "Feature", "geometry": {"type": "LineString", "coordinates": [[-68.90702, -22.43971], [-68.90776, -22.43901]]}, "properties": {"name": "Pocor", "highway": "living_street"}}, {"type": "Feature", "geometry": {"type": "LineString", "coordinates": [[-68.90767, -22.4426], [-68.90719, -22.44216]]}, "properties": {"name": "Palqui", "highway": "living_street"}}, {"type": "Feature", "geometry": {"type": "LineString", "coordinates": [[-68.90698, -22.43891], [-68.90743, -22.43933]]}, "properties": {"name": "Quelena", "highway": "living_street"}}, {"type": "Feature", "geometry": {"type": "LineString", "coordinates": [[-68.90738, -22.44233], [-68.90824, -22.44151]]}, "properties": {"name": "Las Canteras", "highway": "living_street"}}, {"type": "Feature", "geometry": {"type": "LineString", "coordinates": [[-68.90665, -22.44061], [-68.90708, -22.44102]]}, "properties": {"name": "Las Hualtatas", "highway": "living_street"}}, {"type": "Feature", "geometry": {"type": "LineString", "coordinates": [[-68.91105, -22.43879], [-68.91263, -22.44025]]}, "properties": {"name": "Cerro Colorado", "highway": "residential"}}, {"type": "Feature", "geometry": {"type": "LineString", "coordinates": [[-68.90947, -22.44162], [-68.91024, -22.44103]]}, "properties": {"name": "Pasaje Irma", "highway": "living_street"}}, {"type": "Feature", "geometry": {"type": "LineString", "coordinates": [[-68.91324, -22.43974], [-68.91416, -22.44057]]}, "properties": {"name": "Mantos Blancos", "highway": "residential"}}, {"type": "Feature", "geometry": {"type": "LineString", "coordinates": [[-68.91128, -22.44329], [-68.91116, -22.44318], [-68.9117, -22.44242]]}, "properties": {"name": "Pasaje Chuquin", "highway": "living_street"}}, {"type": "Feature", "geometry": {"type": "LineString", "coordinates": [[-68.91688, -22.44775], [-68.91398, -22.44719], [-68.91388, -22.44702]]}, "properties": {"name": "San Fernando", "highway": "tertiary"}}, {"type": "Feature", "geometry": {"type": "LineString", "coordinates": [[-68.91083, -22.4429], [-68.91108, -22.44267], [-68.91096, -22.44253]]}, "properties": {"name": "Pasaje Santa Filomena", "highway": "living_street"}}, {"type": "Feature", "geometry": {"type": "LineString", "coordinates": [[-68.91161, -22.44237], [-68.91173, -22.4422]]}, "properties": {"name": "Doña Inés Sur", "highway": "living_street"}}, {"type": "Feature", "geometry": {"type": "LineString", "coordinates": [[-68.90947, -22.44162], [-68.90957, -22.44172], [-68.90992, -22.44144], [-68.90984, -22.44129]]}, "properties": {"name": "Pasaje Irma", "highway": "living_street"}}, {"type": "Feature", "geometry": {"type": "LineString", "coordinates": [[-68.91142, -22.43964], [-68.91108, -22.43993]]}, "properties": {"name": "Pasaje Escondida", "highway": "living_street"}}, {"type": "Feature", "geometry": {"type": "LineString", "coordinates": [[-68.91127, -22.44215], [-68.91073, -22.44277], [-68.91083, -22.4429]]}, "properties": {"name": "Pasaje Santa Filomena", "highway": "living_street"}}, {"type": "Feature", "geometry": {"type": "LineString", "coordinates": [[-68.91034, -22.44025], [-68.91023, -22.4401], [-68.91049, -22.43989], [-68.91061, -22.44], [-68.91011, -22.44051]]}, "properties": {"name": "Pasaje Salvador", "highway": "living_street"}}, {"type": "Feature", "geometry": {"type": "LineString", "coordinates": [[-68.91304, -22.44437], [-68.91256, -22.44482]]}, "properties": {"name": "Condominio El Alto", "highway": "living_street"}}, {"type": "Feature", "geometry": {"type": "LineString", "coordinates": [[-68.91358, -22.44113], [-68.9139, -22.44142]]}, "properties": {"name": "Cerro Colorado", "highway": "residential"}}, {"type": "Feature", "geometry": {"type": "LineString", "coordinates": [[-68.91128, -22.44329], [-68.91161, -22.44298], [-68.91145, -22.44283]]}, "properties": {"name": "Pasaje Chuquin", "highway": "living_street"}}, {"type": "Feature", "geometry": {"type": "LineString", "coordinates": [[-68.91018, -22.44095], [-68.91041, -22.44082]]}, "properties": {"name": "Doña Inés Norte", "highway": "living_street"}}, {"type": "Feature", "geometry": {"type": "LineString", "coordinates": [[-68.91286, -22.44063], [-68.91353, -22.44]]}, "properties": {"name": "Pasaje Ivan Zar", "highway": "living_street"}}, {"type": "Feature", "geometry": {"type": "LineString", "coordinates": [[-68.91262, -22.43968], [-68.91225, -22.43932], [-68.91245, -22.43909], [-68.91293, -22.43941]]}, "properties": {"name": "Pasaje Chuquicamata", "highway": "living_street"}}, {"type": "Feature", "geometry": {"type": "LineString", "coordinates": [[-68.9122, -22.44149], [-68.91187, -22.44174], [-68.91205, -22.44183], [-68.9123, -22.44158], [-68.9122, -22.44149]]}, "properties": {"name": "Pasaje El Inca", "highway": "living_street"}}, {"type": "Feature", "geometry": {"type": "LineString", "coordinates": [[-68.91154, -22.44202], [-68.91187, -22.44174]]}, "properties": {"name": "Pasaje El Inca", "highway": "living_street"}}, {"type": "Feature", "geometry": {"type": "LineString", "coordinates": [[-68.91174, -22.4411], [-68.91185, -22.44121], [-68.91154, -22.44146], [-68.91142, -22.44135], [-68.91174, -22.4411]]}, "properties": {"name": "Pasaje Andina", "highway": "living_street"}}, {"type": "Feature", "geometry": {"type": "LineString", "coordinates": [[-68.91142, -22.44135], [-68.91117, -22.44166]]}, "properties": {"name": "Pasaje Andina", "highway": "living_street"}}, {"type": "Feature", "geometry": {"type": "LineString", "coordinates": [[-68.91228, -22.44531], [-68.91197, -22.44669]]}, "properties": {"name": "Comandante Neira", "highway": "residential"}}, {"type": "Feature", "geometry": {"type": "LineString", "coordinates": [[-68.91351, -22.44119], [-68.91256, -22.44033]]}, "properties": {"name": "Cerro Colorado", "highway": "residential"}}, {"type": "Feature", "geometry": {"type": "LineString", "coordinates": [[-68.91138, -22.43911], [-68.91081, -22.43966], [-68.91135, -22.44018], [-68.91198, -22.43966]]}, "properties": {"name": "Pasaje Altamira", "highway": "living_street"}}, {"type": "Feature", "geometry": {"type": "LineString", "coordinates": [[-68.91256, -22.44033], [-68.91207, -22.44085], [-68.91239, -22.44107], [-68.91286, -22.44063]]}, "properties": {"name": "Pasaje Lomas Bayas", "highway": "living_street"}}, {"type": "Feature", "geometry": {"type": "LineString", "coordinates": [[-68.91009, -22.44325], [-68.91001, -22.44337], [-68.91066, -22.44398]]}, "properties": {"name": "Pasaje El Teniente", "highway": "living_street"}}, {"type": "Feature", "geometry": {"type": "LineString", "coordinates": [[-68.91004, -22.4441], [-68.91012, -22.44395], [-68.9095, -22.44338]]}, "properties": {"name": "Pasaje Toki", "highway": "living_street"}}, {"type": "Feature", "geometry": {"type": "LineString", "coordinates": [[-68.91496, -22.44052], [-68.9106, -22.44449], [-68.91003, -22.44479]]}, "properties": {"name": "Quebrada Blanca", "highway": "residential"}}, {"type": "Feature", "geometry": {"type": "LineString", "coordinates": [[-68.91554, -22.44001], [-68.91496, -22.44052]]}, "properties": {"name": "", "highway": "residential"}}, {"type": "Feature", "geometry": {"type": "LineString", "coordinates": [[-68.91196, -22.44374], [-68.91283, -22.44458]]}, "properties": {"name": "Condominio El Alto - Manzana B", "highway": "living_street"}}, {"type": "Feature", "geometry": {"type": "LineString", "coordinates": [[-68.91409, -22.44125], [-68.91424, -22.44138]]}, "properties": {"name": "", "highway": "residential"}}, {"type": "Feature", "geometry": {"type": "LineString", "coordinates": [[-68.91283, -22.44458], [-68.91191, -22.44379]]}, "properties": {"name": "Condominio El Alto - Manzana C", "highway": "living_street"}}, {"type": "Feature", "geometry": {"type": "LineString", "coordinates": [[-68.91126, -22.44411], [-68.91419, -22.44134]]}, "properties": {"name": "", "highway": "residential"}}, {"type": "Feature", "geometry": {"type": "LineString", "coordinates": [[-68.90987, -22.44199], [-68.90998, -22.4421], [-68.91025, -22.44189], [-68.91017, -22.44174]]}, "properties": {"name": "Pasaje Lince", "highway": "living_street"}}, {"type": "Feature", "geometry": {"type": "LineString", "coordinates": [[-68.90987, -22.44199], [-68.91056, -22.44147]]}, "properties": {"name": "Pasaje Lince", "highway": "living_street"}}, {"type": "Feature", "geometry": {"type": "LineString", "coordinates": [[-68.91259, -22.44189], [-68.91219, -22.44222], [-68.91238, -22.44228], [-68.91269, -22.44199], [-68.91259, -22.44189]]}, "properties": {"name": "Pasaje La Tuna", "highway": "living_street"}}, {"type": "Feature", "geometry": {"type": "LineString", "coordinates": [[-68.91064, -22.44157], [-68.91323, -22.43913]]}, "properties": {"name": "Pasaje Chuquicamata", "highway": "residential"}}, {"type": "Feature", "geometry": {"type": "LineString", "coordinates": [[-68.90979, -22.44365], [-68.90971, -22.44379], [-68.91022, -22.44427]]}, "properties": {"name": "Pasaje Toki", "highway": "living_street"}}, {"type": "Feature", "geometry": {"type": "LineString", "coordinates": [[-68.9132, -22.44092], [-68.91386, -22.4403]]}, "properties": {"name": "Pasaje Saldivar", "highway": "living_street"}}, {"type": "Feature", "geometry": {"type": "LineString", "coordinates": [[-68.91206, -22.44438], [-68.91256, -22.44391]]}, "properties": {"name": "Condominio El Alto", "highway": "living_street"}}, {"type": "Feature", "geometry": {"type": "LineString", "coordinates": [[-68.91351, -22.44119], [-68.91302, -22.44167], [-68.91271, -22.44145], [-68.9132, -22.44092]]}, "properties": {"name": "Pasaje El Tesoro", "highway": "living_street"}}, {"type": "Feature", "geometry": {"type": "LineString", "coordinates": [[-68.91291, -22.44466], [-68.91283, -22.44458]]}, "properties": {"name": "Condominio El Alto", "highway": "living_street"}}, {"type": "Feature", "geometry": {"type": "LineString", "coordinates": [[-68.91045, -22.44378], [-68.9105, -22.44362], [-68.90983, -22.44301]]}, "properties": {"name": "Pasaje El Teniente", "highway": "living_street"}}, {"type": "Feature", "geometry": {"type": "LineString", "coordinates": [[-68.91356, -22.44176], [-68.91371, -22.4419]]}, "properties": {"name": "", "highway": "residential"}}, {"type": "Feature", "geometry": {"type": "LineString", "coordinates": [[-68.91554, -22.44001], [-68.9161, -22.43949]]}, "properties": {"name": "Quebrada Blanca", "highway": "residential"}}, {"type": "Feature", "geometry": {"type": "LineString", "coordinates": [[-68.88656, -22.43686], [-68.88666, -22.43676], [-68.88782, -22.43801], [-68.90332, -22.44114], [-68.90377, -22.441]]}, "properties": {"name": "Av Las Industrias", "highway": "residential"}}, {"type": "Feature", "geometry": {"type": "LineString", "coordinates": [[-68.90556, -22.44438], [-68.90614, -22.44424]]}, "properties": {"name": "Pasaje Volcán Sairecabur", "highway": "living_street"}}, {"type": "Feature", "geometry": {"type": "LineString", "coordinates": [[-68.91926, -22.44288], [-68.91912, -22.44219]]}, "properties": {"name": "Río Negro", "highway": "living_street"}}, {"type": "Feature", "geometry": {"type": "LineString", "coordinates": [[-68.92342, -22.44068], [-68.92371, -22.4421]]}, "properties": {"name": "Lascar", "highway": "living_street"}}, {"type": "Feature", "geometry": {"type": "LineString", "coordinates": [[-68.92375, -22.44117], [-68.92404, -22.44259]]}, "properties": {"name": "Lascar", "highway": "living_street"}}, {"type": "Feature", "geometry": {"type": "LineString", "coordinates": [[-68.9206, -22.44108], [-68.91889, -22.4414]]}, "properties": {"name": "Caspana", "highway": "living_street"}}, {"type": "Feature", "geometry": {"type": "LineString", "coordinates": [[-68.91938, -22.44131], [-68.91955, -22.44212]]}, "properties": {"name": "Pajonales", "highway": "living_street"}}, {"type": "Feature", "geometry": {"type": "LineString", "coordinates": [[-68.91852, -22.44024], [-68.92036, -22.43994]]}, "properties": {"name": "El Tatio", "highway": "living_street"}}, {"type": "Feature", "geometry": {"type": "LineString", "coordinates": [[-68.92393, -22.44206], [-68.92322, -22.44218]]}, "properties": {"name": "Amincha", "highway": "living_street"}}, {"type": "Feature", "geometry": {"type": "LineString", "coordinates": [[-68.91984, -22.44025], [-68.91801, -22.44055]]}, "properties": {"name": "El Tatio", "highway": "living_street"}}, {"type": "Feature", "geometry": {"type": "LineString", "coordinates": [[-68.92049, -22.44322], [-68.92033, -22.44247]]}, "properties": {"name": "Salar del Carmen", "highway": "living_street"}}, {"type": "Feature", "geometry": {"type": "LineString", "coordinates": [[-68.92038, -22.44269], [-68.9187, -22.44298]]}, "properties": {"name": "Amincha", "highway": "living_street"}}, {"type": "Feature", "geometry": {"type": "LineString", "coordinates": [[-68.91855, -22.44046], [-68.91842, -22.43975]]}, "properties": {"name": "Río Negro", "highway": "living_street"}}, {"type": "Feature", "geometry": {"type": "LineString", "coordinates": [[-68.91992, -22.44072], [-68.91983, -22.44003]]}, "properties": {"name": "Salar del Carmen", "highway": "living_street"}}, {"type": "Feature", "geometry": {"type": "LineString", "coordinates": [[-68.91744, -22.43856], [-68.92094, -22.43792]]}, "properties": {"name": "Central Norte", "highway": "residential"}}, {"type": "Feature", "geometry": {"type": "LineString", "coordinates": [[-68.91927, -22.44343], [-68.91986, -22.44622]]}, "properties": {"name": "Mateo de Toro y Zambrano", "highway": "residential"}}, {"type": "Feature", "geometry": {"type": "LineString", "coordinates": [[-68.91921, -22.44266], [-68.92084, -22.44239]]}, "properties": {"name": "Amincha", "highway": "living_street"}}, {"type": "Feature", "geometry": {"type": "LineString", "coordinates": [[-68.91946, -22.44165], [-68.92122, -22.44133]]}, "properties": {"name": "Caspana", "highway": "living_street"}}, {"type": "Feature", "geometry": {"type": "LineString", "coordinates": [[-68.91621, -22.44647], [-68.91628, -22.4461]]}, "properties": {"name": "Pasaje 1", "highway": "living_street"}}, {"type": "Feature", "geometry": {"type": "LineString", "coordinates": [[-68.92122, -22.43925], [-68.92119, -22.43915]]}, "properties": {"name": "Central Sur", "highway": "residential"}}, {"type": "Feature", "geometry": {"type": "LineString", "coordinates": [[-68.921, -22.43819], [-68.92168, -22.43808]]}, "properties": {"name": "Central Nte", "highway": "living_street"}}, {"type": "Feature", "geometry": {"type": "LineString", "coordinates": [[-68.9218, -22.43865], [-68.92112, -22.43877]]}, "properties": {"name": "Central Sur", "highway": "living_street"}}, {"type": "Feature", "geometry": {"type": "LineString", "coordinates": [[-68.92523, -22.43844], [-68.92514, -22.438]]}, "properties": {"name": "Manio", "highway": "residential"}}, {"type": "Feature", "geometry": {"type": "LineString", "coordinates": [[-68.92156, -22.43869], [-68.92144, -22.43812]]}, "properties": {"name": "Central", "highway": "living_street"}}, {"type": "Feature", "geometry": {"type": "LineString", "coordinates": [[-68.92401, -22.43733], [-68.92598, -22.437]]}, "properties": {"name": "Central Norte", "highway": "living_street"}}, {"type": "Feature", "geometry": {"type": "LineString", "coordinates": [[-68.92404, -22.43747], [-68.92276, -22.4377]]}, "properties": {"name": "Central Norte", "highway": "residential"}}, {"type": "Feature", "geometry": {"type": "LineString", "coordinates": [[-68.92274, -22.4376], [-68.92402, -22.43738]]}, "properties": {"name": "Central Norte", "highway": "residential"}}, {"type": "Feature", "geometry": {"type": "LineString", "coordinates": [[-68.92634, -22.43833], [-68.92081, -22.43934]]}, "properties": {"name": "Central Sur", "highway": "tertiary"}}, {"type": "Feature", "geometry": {"type": "LineString", "coordinates": [[-68.92162, -22.43775], [-68.92187, -22.43903]]}, "properties": {"name": "Los Arrecifes", "highway": "living_street"}}, {"type": "Feature", "geometry": {"type": "LineString", "coordinates": [[-68.92538, -22.434], [-68.92394, -22.43425]]}, "properties": {"name": "Conchi Viejo", "highway": "living_street"}}, {"type": "Feature", "geometry": {"type": "LineString", "coordinates": [[-68.92296, -22.43597], [-68.92317, -22.43699]]}, "properties": {"name": "Lascar", "highway": "living_street"}}, {"type": "Feature", "geometry": {"type": "LineString", "coordinates": [[-68.91999, -22.43603], [-68.91977, -22.43499]]}, "properties": {"name": "Portezuelo del Inca", "highway": "living_street"}}, {"type": "Feature", "geometry": {"type": "LineString", "coordinates": [[-68.92278, -22.43504], [-68.92256, -22.43395]]}, "properties": {"name": "Lascar", "highway": "living_street"}}, {"type": "Feature", "geometry": {"type": "LineString", "coordinates": [[-68.92339, -22.43695], [-68.92264, -22.43709]]}, "properties": {"name": "Cebollar", "highway": "living_street"}}, {"type": "Feature", "geometry": {"type": "LineString", "coordinates": [[-68.92243, -22.43606], [-68.92371, -22.43584]]}, "properties": {"name": "Conde Duque", "highway": "living_street"}}, {"type": "Feature", "geometry": {"type": "LineString", "coordinates": [[-68.91875, -22.43657], [-68.91702, -22.43688]]}, "properties": {"name": "Conde Duque", "highway": "living_street"}}, {"type": "Feature", "geometry": {"type": "LineString", "coordinates": [[-68.91955, -22.43503], [-68.92032, -22.43489]]}, "properties": {"name": "Conchi Viejo", "highway": "living_street"}}, {"type": "Feature", "geometry": {"type": "LineString", "coordinates": [[-68.92094, -22.43499], [-68.92079, -22.43426]]}, "properties": {"name": "El Laco", "highway": "living_street"}}, {"type": "Feature", "geometry": {"type": "LineString", "coordinates": [[-68.92561, -22.43516], [-68.92417, -22.43541]]}, "properties": {"name": "Conde Duque", "highway": "living_street"}}, {"type": "Feature", "geometry": {"type": "LineString", "coordinates": [[-68.9179, -22.43792], [-68.91775, -22.43725]]}, "properties": {"name": "Río Negro", "highway": "living_street"}}, {"type": "Feature", "geometry": {"type": "LineString", "coordinates": [[-68.91732, -22.43803], [-68.91901, -22.43772]]}, "properties": {"name": "Cebollar", "highway": "living_street"}}, {"type": "Feature", "geometry": {"type": "LineString", "coordinates": [[-68.91923, -22.43616], [-68.92054, -22.43593]]}, "properties": {"name": "Conde Duque", "highway": "living_street"}}, {"type": "Feature", "geometry": {"type": "LineString", "coordinates": [[-68.92398, -22.43446], [-68.92384, -22.43372]]}, "properties": {"name": "Incahuasi", "highway": "living_street"}}, {"type": "Feature", "geometry": {"type": "LineString", "coordinates": [[-68.92083, -22.43739], [-68.92212, -22.43719]]}, "properties": {"name": "Cebollar", "highway": "living_street"}}, {"type": "Feature", "geometry": {"type": "LineString", "coordinates": [[-68.92392, -22.43686], [-68.92516, -22.43665]]}, "properties": {"name": "Cebollar", "highway": "living_street"}}, {"type": "Feature", "geometry": {"type": "LineString", "coordinates": [[-68.91759, -22.43453], [-68.91752, -22.43406]]}, "properties": {"name": "Sierra Gorda", "highway": "living_street"}}, {"type": "Feature", "geometry": {"type": "LineString", "coordinates": [[-68.91786, -22.43774], [-68.91949, -22.43744]]}, "properties": {"name": "Cebollar", "highway": "living_street"}}, {"type": "Feature", "geometry": {"type": "LineString", "coordinates": [[-68.92242, -22.4335], [-68.92251, -22.43396]]}, "properties": {"name": "Lascar", "highway": "living_street"}}, {"type": "Feature", "geometry": {"type": "LineString", "coordinates": [[-68.91728, -22.43564], [-68.91713, -22.4349]]}, "properties": {"name": "Río Negro", "highway": "living_street"}}, {"type": "Feature", "geometry": {"type": "LineString", "coordinates": [[-68.92526, -22.43713], [-68.92511, -22.43645]]}, "properties": {"name": "Inacaliri", "highway": "living_street"}}, {"type": "Feature", "geometry": {"type": "LineString", "coordinates": [[-68.92348, -22.43747], [-68.92329, -22.43639]]}, "properties": {"name": "Lascar", "highway": "living_street"}}, {"type": "Feature", "geometry": {"type": "LineString", "coordinates": [[-68.92488, -22.43551], [-68.92368, -22.43571]]}, "properties": {"name": "Conde Duque", "highway": "living_street"}}, {"type": "Feature", "geometry": {"type": "LineString", "coordinates": [[-68.92552, -22.43469], [-68.92354, -22.43503]]}, "properties": {"name": "Curutu", "highway": "living_street"}}, {"type": "Feature", "geometry": {"type": "LineString", "coordinates": [[-68.92138, -22.4371], [-68.9226, -22.43689]]}, "properties": {"name": "Cebollar", "highway": "living_street"}}, {"type": "Feature", "geometry": {"type": "LineString", "coordinates": [[-68.91858, -22.4359], [-68.91848, -22.43522]]}, "properties": {"name": "Salar del Carmen", "highway": "living_street"}}, {"type": "Feature", "geometry": {"type": "LineString", "coordinates": [[-68.91966, -22.43559], [-68.91944, -22.4345]]}, "properties": {"name": "Portezuelo del Inca", "highway": "living_street"}}, {"type": "Feature", "geometry": {"type": "LineString", "coordinates": [[-68.92142, -22.4373], [-68.92127, -22.43663]]}, "properties": {"name": "El Laco", "highway": "living_street"}}, {"type": "Feature", "geometry": {"type": "LineString", "coordinates": [[-68.92126, -22.43418], [-68.92117, -22.43372]]}, "properties": {"name": "José Miguel Carrera", "highway": "living_street"}}, {"type": "Feature", "geometry": {"type": "LineString", "coordinates": [[-68.92421, -22.43562], [-68.92407, -22.43494]]}, "properties": {"name": "Incahuasi", "highway": "living_street"}}, {"type": "Feature", "geometry": {"type": "LineString", "coordinates": [[-68.9209, -22.43479], [-68.92214, -22.43458]]}, "properties": {"name": "Conchi Viejo", "highway": "living_street"}}, {"type": "Feature", "geometry": {"type": "LineString", "coordinates": [[-68.92289, -22.43445], [-68.9231, -22.43547]]}, "properties": {"name": "Lascar", "highway": "living_street"}}, {"type": "Feature", "geometry": {"type": "LineString", "coordinates": [[-68.92119, -22.43614], [-68.92105, -22.43548]]}, "properties": {"name": "El Laco", "highway": "living_street"}}, {"type": "Feature", "geometry": {"type": "LineString", "coordinates": [[-68.92234, -22.43561], [-68.92362, -22.43538]]}, "properties": {"name": "Conde Duque", "highway": "living_street"}}, {"type": "Feature", "geometry": {"type": "LineString", "coordinates": [[-68.92463, -22.43435], [-68.92345, -22.43457]]}, "properties": {"name": "Conchi Viejo", "highway": "living_street"}}, {"type": "Feature", "geometry": {"type": "LineString", "coordinates": [[-68.91752, -22.43657], [-68.91925, -22.43629]]}, "properties": {"name": "Conde Duque", "highway": "living_street"}}, {"type": "Feature", "geometry": {"type": "LineString", "coordinates": [[-68.92186, -22.43602], [-68.9206, -22.43625]]}, "properties": {"name": "Conde Duque", "highway": "living_street"}}, {"type": "Feature", "geometry": {"type": "LineString", "coordinates": [[-68.91932, -22.43661], [-68.92063, -22.43639]]}, "properties": {"name": "Conde Duque", "highway": "living_street"}}, {"type": "Feature", "geometry": {"type": "LineString", "coordinates": [[-68.92225, -22.43513], [-68.92301, -22.43501]]}, "properties": {"name": "Curutu", "highway": "living_street"}}, {"type": "Feature", "geometry": {"type": "LineString", "coordinates": [[-68.91803, -22.43425], [-68.91813, -22.43473]]}, "properties": {"name": "Sierra Gorda", "highway": "living_street"}}, {"type": "Feature", "geometry": {"type": "LineString", "coordinates": [[-68.92267, -22.43449], [-68.92341, -22.43436]]}, "properties": {"name": "Conchi Viejo", "highway": "living_street"}}, {"type": "Feature", "geometry": {"type": "LineString", "coordinates": [[-68.92575, -22.43585], [-68.92378, -22.43619]]}, "properties": {"name": "Collahuasi", "highway": "living_street"}}, {"type": "Feature", "geometry": {"type": "LineString", "coordinates": [[-68.91885, -22.43706], [-68.9187, -22.43638]]}, "properties": {"name": "Salar del Carmen", "highway": "living_street"}}, {"type": "Feature", "geometry": {"type": "LineString", "coordinates": [[-68.92446, -22.43677], [-68.92433, -22.43609]]}, "properties": {"name": "Incahuasi", "highway": "living_street"}}, {"type": "Feature", "geometry": {"type": "LineString", "coordinates": [[-68.92305, -22.43643], [-68.9238, -22.4363]]}, "properties": {"name": "Collahuasi", "highway": "living_street"}}, {"type": "Feature", "geometry": {"type": "LineString", "coordinates": [[-68.91724, -22.43543], [-68.91901, -22.43512]]}, "properties": {"name": "Conchi Viejo", "highway": "living_street"}}, {"type": "Feature", "geometry": {"type": "LineString", "coordinates": [[-68.92196, -22.43652], [-68.92182, -22.43585]]}, "properties": {"name": "José Miguel Carrera", "highway": "living_street"}}, {"type": "Feature", "geometry": {"type": "LineString", "coordinates": [[-68.92472, -22.43484], [-68.92459, -22.43414]]}, "properties": {"name": "Inacaliri", "highway": "living_street"}}, {"type": "Feature", "geometry": {"type": "LineString", "coordinates": [[-68.92498, -22.43598], [-68.92484, -22.4353]]}, "properties": {"name": "Inacaliri", "highway": "living_street"}}, {"type": "Feature", "geometry": {"type": "LineString", "coordinates": [[-68.92172, -22.43535], [-68.9216, -22.43467]]}, "properties": {"name": "José Miguel Carrera", "highway": "living_street"}}, {"type": "Feature", "geometry": {"type": "LineString", "coordinates": [[-68.91996, -22.43696], [-68.92072, -22.43684]]}, "properties": {"name": "Collahuasi", "highway": "living_street"}}, {"type": "Feature", "geometry": {"type": "LineString", "coordinates": [[-68.92017, -22.43693], [-68.92038, -22.43802]]}, "properties": {"name": "Portezuelo del Inca", "highway": "living_street"}}, {"type": "Feature", "geometry": {"type": "LineString", "coordinates": [[-68.92007, -22.43753], [-68.91987, -22.43652]]}, "properties": {"name": "Portezuelo del Inca", "highway": "living_street"}}, {"type": "Feature", "geometry": {"type": "LineString", "coordinates": [[-68.92221, -22.43765], [-68.92208, -22.43698]]}, "properties": {"name": "José Miguel Carrera", "highway": "living_street"}}, {"type": "Feature", "geometry": {"type": "LineString", "coordinates": [[-68.91673, -22.43573], [-68.91849, -22.43545]]}, "properties": {"name": "Conchi Viejo", "highway": "living_street"}}, {"type": "Feature", "geometry": {"type": "LineString", "coordinates": [[-68.92028, -22.43749], [-68.91953, -22.43764]]}, "properties": {"name": "Cebollar", "highway": "living_street"}}, {"type": "Feature", "geometry": {"type": "LineString", "coordinates": [[-68.92006, -22.4336], [-68.91628, -22.43428]]}, "properties": {"name": "Punta de Rieles", "highway": "tertiary"}}, {"type": "Feature", "geometry": {"type": "LineString", "coordinates": [[-68.92116, -22.43598], [-68.92237, -22.43575]]}, "properties": {"name": "Conde Duque", "highway": "living_street"}}, {"type": "Feature", "geometry": {"type": "LineString", "coordinates": [[-68.91912, -22.43825], [-68.91897, -22.43753]]}, "properties": {"name": "Salar del Carmen", "highway": "living_street"}}, {"type": "Feature", "geometry": {"type": "LineString", "coordinates": [[-68.91757, -22.43678], [-68.91742, -22.43611]]}, "properties": {"name": "Río Negro", "highway": "living_street"}}, {"type": "Feature", "geometry": {"type": "LineString", "coordinates": [[-68.92391, -22.43319], [-68.92401, -22.4337]]}, "properties": {"name": "Incahuasi", "highway": "living_street"}}, {"type": "Feature", "geometry": {"type": "LineString", "coordinates": [[-68.92163, -22.43487], [-68.92037, -22.43509]]}, "properties": {"name": "Conchi Viejo", "highway": "living_street"}}, {"type": "Feature", "geometry": {"type": "LineString", "coordinates": [[-68.91989, -22.43555], [-68.91913, -22.43568]]}, "properties": {"name": "Curutu", "highway": "living_street"}}, {"type": "Feature", "geometry": {"type": "LineString", "coordinates": [[-68.92442, -22.43657], [-68.92562, -22.43636]]}, "properties": {"name": "Cebollar", "highway": "living_street"}}, {"type": "Feature", "geometry": {"type": "LineString", "coordinates": [[-68.92419, -22.43169], [-68.92439, -22.43244]]}, "properties": {"name": "Baquedano", "highway": "living_street"}}, {"type": "Feature", "geometry": {"type": "LineString", "coordinates": [[-68.92132, -22.43184], [-68.92141, -22.43237]]}, "properties": {"name": "Limón Verde", "highway": "residential"}}, {"type": "Feature", "geometry": {"type": "LineString", "coordinates": [[-68.92419, -22.43169], [-68.92298, -22.43193]]}, "properties": {"name": "Pampa Unión", "highway": "living_street"}}, {"type": "Feature", "geometry": {"type": "LineString", "coordinates": [[-68.92066, -22.43253], [-68.92053, -22.43198]]}, "properties": {"name": "José Miguel Carrera", "highway": "living_street"}}, {"type": "Feature", "geometry": {"type": "LineString", "coordinates": [[-68.92077, -22.43279], [-68.92089, -22.43345]]}, "properties": {"name": "José Miguel Carrera", "highway": "residential"}}, {"type": "Feature", "geometry": {"type": "LineString", "coordinates": [[-68.92311, -22.43258], [-68.92319, -22.43305]]}, "properties": {"name": "Riquelme", "highway": "living_street"}}, {"type": "Feature", "geometry": {"type": "LineString", "coordinates": [[-68.92225, -22.43231], [-68.92231, -22.43253]]}, "properties": {"name": "Lascar", "highway": "living_street"}}, {"type": "Feature", "geometry": {"type": "LineString", "coordinates": [[-68.92363, -22.43109], [-68.92374, -22.43178]]}, "properties": {"name": "Incahuasi", "highway": "living_street"}}, {"type": "Feature", "geometry": {"type": "LineString", "coordinates": [[-68.92121, -22.43253], [-68.92149, -22.43249]]}, "properties": {"name": "Pampa Unión", "highway": "living_street"}}, {"type": "Feature", "geometry": {"type": "LineString", "coordinates": [[-68.92043, -22.43256], [-68.9211, -22.43245]]}, "properties": {"name": "Pampa Unión", "highway": "living_street"}}, {"type": "Feature", "geometry": {"type": "LineString", "coordinates": [[-68.92219, -22.43232], [-68.92218, -22.43165]]}, "properties": {"name": "Lascar", "highway": "living_street"}}, {"type": "Feature", "geometry": {"type": "LineString", "coordinates": [[-68.92206, -22.43258], [-68.92154, -22.43267]]}, "properties": {"name": "Baquedano", "highway": "living_street"}}, {"type": "Feature", "geometry": {"type": "LineString", "coordinates": [[-68.92261, -22.43225], [-68.92146, -22.43243]]}, "properties": {"name": "Pampa Unión", "highway": "living_street"}}, {"type": "Feature", "geometry": {"type": "LineString", "coordinates": [[-68.92401, -22.4329], [-68.9238, -22.43175]]}, "properties": {"name": "Incahuasi", "highway": "living_street"}}, {"type": "Feature", "geometry": {"type": "LineString", "coordinates": [[-68.9211, -22.43245], [-68.92124, -22.43272]]}, "properties": {"name": "Baquedano", "highway": "living_street"}}, {"type": "Feature", "geometry": {"type": "LineString", "coordinates": [[-68.92184, -22.43203], [-68.92179, -22.43174]]}, "properties": {"name": "Lascar", "highway": "living_street"}}, {"type": "Feature", "geometry": {"type": "LineString", "coordinates": [[-68.92043, -22.43256], [-68.92052, -22.43302]]}, "properties": {"name": "El Laco", "highway": "living_street"}}, {"type": "Feature", "geometry": {"type": "LineString", "coordinates": [[-68.91315, -22.43377], [-68.91184, -22.43428], [-68.91077, -22.435], [-68.90601, -22.43936]]}, "properties": {"name": "Avenida Circunvalación", "highway": "trunk"}}, {"type": "Feature", "geometry": {"type": "LineString", "coordinates": [[-68.92543, -22.44172], [-68.92527, -22.44095]]}, "properties": {"name": "Incahuasi", "highway": "living_street"}}, {"type": "Feature", "geometry": {"type": "LineString", "coordinates": [[-68.92661, -22.44122], [-68.92537, -22.44143]]}, "properties": {"name": "Amincha", "highway": "living_street"}}, {"type": "Feature", "geometry": {"type": "LineString", "coordinates": [[-68.92628, -22.4436], [-68.9261, -22.44269]]}, "properties": {"name": "Ñandú", "highway": "living_street"}}, {"type": "Feature", "geometry": {"type": "LineString", "coordinates": [[-68.92565, -22.43921], [-68.92439, -22.43942]]}, "properties": {"name": "El Tatio", "highway": "living_street"}}, {"type": "Feature", "geometry": {"type": "LineString", "coordinates": [[-68.92496, -22.43933], [-68.92482, -22.43861]]}, "properties": {"name": "Incahuasi", "highway": "living_street"}}, {"type": "Feature", "geometry": {"type": "LineString", "coordinates": [[-68.92615, -22.43891], [-68.92492, -22.43912]]}, "properties": {"name": "El Tatio", "highway": "living_street"}}, {"type": "Feature", "geometry": {"type": "LineString", "coordinates": [[-68.92588, -22.44035], [-68.92463, -22.44059]]}, "properties": {"name": "Caspana", "highway": "living_street"}}, {"type": "Feature", "geometry": {"type": "LineString", "coordinates": [[-68.92384, -22.44651], [-68.92535, -22.44626]]}, "properties": {"name": "Antonio Varas", "highway": "residential"}}, {"type": "Feature", "geometry": {"type": "LineString", "coordinates": [[-68.92638, -22.44007], [-68.92514, -22.44028]]}, "properties": {"name": "Caspana", "highway": "living_street"}}, {"type": "Feature", "geometry": {"type": "LineString", "coordinates": [[-68.92547, -22.44376], [-68.92591, -22.44363], [-68.92572, -22.44276]]}, "properties": {"name": "La Garza", "highway": "living_street"}}, {"type": "Feature", "geometry": {"type": "LineString", "coordinates": [[-68.92896, -22.44874], [-68.92844, -22.44883]]}, "properties": {"name": "Manuel Montt", "highway": "residential"}}, {"type": "Feature", "geometry": {"type": "LineString", "coordinates": [[-68.92451, -22.44198], [-68.92612, -22.44152]]}, "properties": {"name": "Amincha", "highway": "living_street"}}, {"type": "Feature", "geometry": {"type": "LineString", "coordinates": [[-68.92598, -22.44082], [-68.92584, -22.44016]]}, "properties": {"name": "Inacaliri", "highway": "living_street"}}, {"type": "Feature", "geometry": {"type": "LineString", "coordinates": [[-68.92574, -22.43968], [-68.92561, -22.439]]}, "properties": {"name": "Inacaliri", "highway": "living_street"}}, {"type": "Feature", "geometry": {"type": "LineString", "coordinates": [[-68.92624, -22.44201], [-68.92608, -22.44131]]}, "properties": {"name": "Inacaliri", "highway": "living_street"}}, {"type": "Feature", "geometry": {"type": "LineString", "coordinates": [[-68.92519, -22.44047], [-68.92504, -22.4398]]}, "properties": {"name": "Incahuasi", "highway": "living_street"}}, {"type": "Feature", "geometry": {"type": "LineString", "coordinates": [[-68.92547, -22.44376], [-68.92534, -22.44282]]}, "properties": {"name": "Colibrí", "highway": "living_street"}}, {"type": "Feature", "geometry": {"type": "LineString", "coordinates": [[-68.92304, -22.45407], [-68.92322, -22.45252], [-68.92176, -22.44599]]}, "properties": {"name": "Sargento Aldea", "highway": "tertiary"}}, {"type": "Feature", "geometry": {"type": "LineString", "coordinates": [[-68.9199, -22.45322], [-68.91974, -22.45415]]}, "properties": {"name": "4 Poniente", "highway": "residential"}}, {"type": "Feature", "geometry": {"type": "LineString", "coordinates": [[-68.91946, -22.45314], [-68.92047, -22.4533]]}, "properties": {"name": "2 Norte", "highway": "residential"}}, {"type": "Feature", "geometry": {"type": "LineString", "coordinates": [[-68.92311, -22.45205], [-68.92156, -22.45233]]}, "properties": {"name": "David Quiroz Cáceres", "highway": "residential"}}, {"type": "Feature", "geometry": {"type": "LineString", "coordinates": [[-68.91939, -22.45353], [-68.91963, -22.4522]]}, "properties": {"name": "3 Poniente", "highway": "residential"}}, {"type": "Feature", "geometry": {"type": "LineString", "coordinates": [[-68.91983, -22.4536], [-68.91836, -22.45338]]}, "properties": {"name": "1 Norte", "highway": "residential"}}, {"type": "Feature", "geometry": {"type": "LineString", "coordinates": [[-68.91899, -22.45252], [-68.91791, -22.45236]]}, "properties": {"name": "3 Norte", "highway": "residential"}}, {"type": "Feature", "geometry": {"type": "LineString", "coordinates": [[-68.92016, -22.45174], [-68.92002, -22.4527]]}, "properties": {"name": "4 Poniente", "highway": "residential"}}, {"type": "Feature", "geometry": {"type": "LineString", "coordinates": [[-68.92008, -22.45227], [-68.91859, -22.45205]]}, "properties": {"name": "4 Norte", "highway": "residential"}}, {"type": "Feature", "geometry": {"type": "LineString", "coordinates": [[-68.91882, -22.45345], [-68.91906, -22.45212]]}, "properties": {"name": "2 Poniente", "highway": "residential"}}, {"type": "Feature", "geometry": {"type": "LineString", "coordinates": [[-68.91955, -22.45264], [-68.92056, -22.45278]]}, "properties": {"name": "3 Norte", "highway": "residential"}}, {"type": "Feature", "geometry": {"type": "LineString", "coordinates": [[-68.91926, -22.45101], [-68.91944, -22.45005]]}, "properties": {"name": "2 Poniente", "highway": "residential"}}, {"type": "Feature", "geometry": {"type": "LineString", "coordinates": [[-68.91933, -22.4506], [-68.91827, -22.45044]]}, "properties": {"name": "6 Norte", "highway": "residential"}}, {"type": "Feature", "geometry": {"type": "LineString", "coordinates": [[-68.92032, -22.45017], [-68.91836, -22.44989]]}, "properties": {"name": "7 Norte", "highway": "residential"}}, {"type": "Feature", "geometry": {"type": "LineString", "coordinates": [[-68.91905, -22.44942], [-68.9201, -22.44957]]}, "properties": {"name": "8 Norte", "highway": "residential"}}, {"type": "Feature", "geometry": {"type": "LineString", "coordinates": [[-68.91911, -22.44903], [-68.91896, -22.44998]]}, "properties": {"name": "1 Poniente", "highway": "residential"}}, {"type": "Feature", "geometry": {"type": "LineString", "coordinates": [[-68.92013, -22.44945], [-68.91982, -22.45109]]}, "properties": {"name": "3 Poniente", "highway": "residential"}}, {"type": "Feature", "geometry": {"type": "LineString", "coordinates": [[-68.91811, -22.45997], [-68.91794, -22.4602]]}, "properties": {"name": "Condominio Bilbao", "highway": "living_street"}}, {"type": "Feature", "geometry": {"type": "LineString", "coordinates": [[-68.91856, -22.45869], [-68.91851, -22.45881], [-68.9182, -22.45873], [-68.91824, -22.45859], [-68.92071, -22.45902]]}, "properties": {"name": "Condominio Matta", "highway": "living_street"}}, {"type": "Feature", "geometry": {"type": "LineString", "coordinates": [[-68.91508, -22.456], [-68.9153, -22.45484]]}, "properties": {"name": "Los Nogales", "highway": "living_street"}}, {"type": "Feature", "geometry": {"type": "LineString", "coordinates": [[-68.92368, -22.45894], [-68.92418, -22.45906]]}, "properties": {"name": "Anexo Sokol", "highway": "living_street"}}, {"type": "Feature", "geometry": {"type": "LineString", "coordinates": [[-68.92428, -22.45867], [-68.92394, -22.46004]]}, "properties": {"name": "Anexo Sokol", "highway": "living_street"}}, {"type": "Feature", "geometry": {"type": "LineString", "coordinates": [[-68.91585, -22.45625], [-68.91612, -22.45485]]}, "properties": {"name": "Los Aromos", "highway": "living_street"}}, {"type": "Feature", "geometry": {"type": "LineString", "coordinates": [[-68.91624, -22.45634], [-68.91653, -22.45559], [-68.91653, -22.45486]]}, "properties": {"name": "Los Cipreses", "highway": "living_street"}}, {"type": "Feature", "geometry": {"type": "LineString", "coordinates": [[-68.90769, -22.45251], [-68.90776, -22.45241]]}, "properties": {"name": "Chorrillos", "highway": "residential"}}, {"type": "Feature", "geometry": {"type": "LineString", "coordinates": [[-68.90671, -22.45342], [-68.90638, -22.45317]]}, "properties": {"name": "Pasaje Alcacia", "highway": "living_street"}}, {"type": "Feature", "geometry": {"type": "LineString", "coordinates": [[-68.90764, -22.45248], [-68.90748, -22.4524]]}, "properties": {"name": "Chañar", "highway": "residential"}}, {"type": "Feature", "geometry": {"type": "LineString", "coordinates": [[-68.90406, -22.45197], [-68.90563, -22.45199]]}, "properties": {"name": "Avenida Chorrillos", "highway": "residential"}}, {"type": "Feature", "geometry": {"type": "LineString", "coordinates": [[-68.90596, -22.45332], [-68.90658, -22.45363], [-68.90691, -22.45259], [-68.90744, -22.45249]]}, "properties": {"name": "Chañar", "highway": "residential"}}, {"type": "Feature", "geometry": {"type": "LineString", "coordinates": [[-68.92975, -22.43724], [-68.93248, -22.43681]]}, "properties": {"name": "La Tirana", "highway": "residential"}}, {"type": "Feature", "geometry": {"type": "LineString", "coordinates": [[-68.92904, -22.43626], [-68.92981, -22.43614]]}, "properties": {"name": "Malleco", "highway": "living_street"}}, {"type": "Feature", "geometry": {"type": "LineString", "coordinates": [[-68.92939, -22.43836], [-68.92918, -22.43733]]}, "properties": {"name": "Colchagua", "highway": "living_street"}}, {"type": "Feature", "geometry": {"type": "LineString", "coordinates": [[-68.92604, -22.43429], [-68.92904, -22.43378]]}, "properties": {"name": "Pasaje Parina", "highway": "living_street"}}, {"type": "Feature", "geometry": {"type": "LineString", "coordinates": [[-68.92962, -22.43433], [-68.92989, -22.43572]]}, "properties": {"name": "Pasaje Talca", "highway": "residential"}}, {"type": "Feature", "geometry": {"type": "LineString", "coordinates": [[-68.92782, -22.43723], [-68.92821, -22.43914]]}, "properties": {"name": "Llanquihue", "highway": "living_street"}}, {"type": "Feature", "geometry": {"type": "LineString", "coordinates": [[-68.92906, -22.43604], [-68.92894, -22.43543]]}, "properties": {"name": "Pasaje Colchagua", "highway": "living_street"}}, {"type": "Feature", "geometry": {"type": "LineString", "coordinates": [[-68.92913, -22.43679], [-68.92906, -22.43604]]}, "properties": {"name": "Pasaje Colchagua", "highway": "living_street"}}, {"type": "Feature", "geometry": {"type": "LineString", "coordinates": [[-68.92737, -22.43657], [-68.92794, -22.43649]]}, "properties": {"name": "Malleco", "highway": "living_street"}}, {"type": "Feature", "geometry": {"type": "LineString", "coordinates": [[-68.93281, -22.43727], [-68.93204, -22.43738]]}, "properties": {"name": "Altolari", "highway": "living_street"}}, {"type": "Feature", "geometry": {"type": "LineString", "coordinates": [[-68.92894, -22.43737], [-68.92885, -22.43684]]}, "properties": {"name": "Colchagua", "highway": "living_street"}}, {"type": "Feature", "geometry": {"type": "LineString", "coordinates": [[-68.92975, -22.43724], [-68.92964, -22.43671]]}, "properties": {"name": "Talca", "highway": "living_street"}}, {"type": "Feature", "geometry": {"type": "LineString", "coordinates": [[-68.92896, -22.43901], [-68.92866, -22.43741]]}, "properties": {"name": "Arica", "highway": "living_street"}}, {"type": "Feature", "geometry": {"type": "LineString", "coordinates": [[-68.92799, -22.43806], [-68.92876, -22.43794]]}, "properties": {"name": "Altolari", "highway": "living_street"}}, {"type": "Feature", "geometry": {"type": "LineString", "coordinates": [[-68.92756, -22.43455], [-68.92916, -22.43428]]}, "properties": {"name": "Victoria", "highway": "living_street"}}, {"type": "Feature", "geometry": {"type": "LineString", "coordinates": [[-68.92618, -22.43501], [-68.9276, -22.43474]]}, "properties": {"name": "Pasaje Victoria", "highway": "living_street"}}, {"type": "Feature", "geometry": {"type": "LineString", "coordinates": [[-68.92975, -22.43724], [-68.93008, -22.43882]]}, "properties": {"name": "Talca", "highway": "tertiary"}}, {"type": "Feature", "geometry": {"type": "LineString", "coordinates": [[-68.92751, -22.43728], [-68.9272, -22.43572]]}, "properties": {"name": "Talabre", "highway": "living_street"}}, {"type": "Feature", "geometry": {"type": "LineString", "coordinates": [[-68.92681, -22.43489], [-68.92648, -22.43325]]}, "properties": {"name": "Pasaje Talabre", "highway": "living_street"}}, {"type": "Feature", "geometry": {"type": "LineString", "coordinates": [[-68.92667, -22.43742], [-68.92808, -22.43719]]}, "properties": {"name": "Putre", "highway": "living_street"}}, {"type": "Feature", "geometry": {"type": "LineString", "coordinates": [[-68.92825, -22.43555], [-68.92804, -22.43447]]}, "properties": {"name": "Pasaje Arica", "highway": "living_street"}}, {"type": "Feature", "geometry": {"type": "LineString", "coordinates": [[-68.92738, -22.43781], [-68.92765, -22.43923]]}, "properties": {"name": "Magallanes", "highway": "living_street"}}, {"type": "Feature", "geometry": {"type": "LineString", "coordinates": [[-68.9272, -22.43482], [-68.92688, -22.43318]]}, "properties": {"name": "Pasaje Llanquihue", "highway": "living_street"}}, {"type": "Feature", "geometry": {"type": "LineString", "coordinates": [[-68.92792, -22.43771], [-68.92627, -22.43801]]}, "properties": {"name": "Chiloé", "highway": "living_street"}}, {"type": "Feature", "geometry": {"type": "LineString", "coordinates": [[-68.92803, -22.43696], [-68.93238, -22.43628]]}, "properties": {"name": "Tilopozo", "highway": "residential"}}, {"type": "Feature", "geometry": {"type": "LineString", "coordinates": [[-68.92918, -22.43441], [-68.93053, -22.4342]]}, "properties": {"name": "Pasaje Victoria", "highway": "residential"}}, {"type": "Feature", "geometry": {"type": "LineString", "coordinates": [[-68.9285, -22.43613], [-68.92862, -22.43687]]}, "properties": {"name": "Arica", "highway": "living_street"}}, {"type": "Feature", "geometry": {"type": "LineString", "coordinates": [[-68.92655, -22.43359], [-68.92734, -22.43345]]}, "properties": {"name": "Pasaje El Desierto", "highway": "living_street"}}, {"type": "Feature", "geometry": {"type": "LineString", "coordinates": [[-68.93155, -22.43446], [-68.92971, -22.43478]]}, "properties": {"name": "Pasaje Los Vilos", "highway": "residential"}}, {"type": "Feature", "geometry": {"type": "LineString", "coordinates": [[-68.9269, -22.43859], [-68.92806, -22.43838]]}, "properties": {"name": "Aysén", "highway": "living_street"}}, {"type": "Feature", "geometry": {"type": "LineString", "coordinates": [[-68.92741, -22.43678], [-68.92657, -22.43692]]}, "properties": {"name": "Cautín", "highway": "living_street"}}, {"type": "Feature", "geometry": {"type": "LineString", "coordinates": [[-68.92783, -22.43357], [-68.92773, -22.43305]]}, "properties": {"name": "Pasaje Arica", "highway": "living_street"}}, {"type": "Feature", "geometry": {"type": "LineString", "coordinates": [[-68.93166, -22.4349], [-68.93155, -22.43446]]}, "properties": {"name": "Canelo", "highway": "living_street"}}, {"type": "Feature", "geometry": {"type": "LineString", "coordinates": [[-68.92719, -22.43784], [-68.9271, -22.43735]]}, "properties": {"name": "Argentina Puente", "highway": "living_street"}}, {"type": "Feature", "geometry": {"type": "LineString", "coordinates": [[-68.92767, -22.43506], [-68.92925, -22.43477]]}, "properties": {"name": "Pasaje Los Vilos", "highway": "living_street"}}, {"type": "Feature", "geometry": {"type": "LineString", "coordinates": [[-68.92907, -22.43389], [-68.92749, -22.43416]]}, "properties": {"name": "Pasaje Parina", "highway": "living_street"}}, {"type": "Feature", "geometry": {"type": "LineString", "coordinates": [[-68.92738, -22.43365], [-68.92824, -22.4335]]}, "properties": {"name": "Pasaje Desierto", "highway": "living_street"}}, {"type": "Feature", "geometry": {"type": "LineString", "coordinates": [[-68.92647, -22.43642], [-68.92731, -22.43627]]}, "properties": {"name": "Malleco", "highway": "living_street"}}, {"type": "Feature", "geometry": {"type": "LineString", "coordinates": [[-68.93214, -22.43788], [-68.93291, -22.43774]]}, "properties": {"name": "Curicó", "highway": "living_street"}}, {"type": "Feature", "geometry": {"type": "LineString", "coordinates": [[-68.93053, -22.4342], [-68.93114, -22.43648]]}, "properties": {"name": "Pasaje Huara", "highway": "residential"}}, {"type": "Feature", "geometry": {"type": "LineString", "coordinates": [[-68.92986, -22.43776], [-68.93097, -22.43756]]}, "properties": {"name": "Altolari", "highway": "living_street"}}, {"type": "Feature", "geometry": {"type": "LineString", "coordinates": [[-68.93107, -22.43807], [-68.93088, -22.43704]]}, "properties": {"name": "Huara", "highway": "living_street"}}, {"type": "Feature", "geometry": {"type": "LineString", "coordinates": [[-68.93156, -22.43769], [-68.93208, -22.4376]]}, "properties": {"name": "Altolari", "highway": "living_street"}}, {"type": "Feature", "geometry": {"type": "LineString", "coordinates": [[-68.93033, -22.43819], [-68.93002, -22.43662]]}, "properties": {"name": "Talca", "highway": "living_street"}}, {"type": "Feature", "geometry": {"type": "LineString", "coordinates": [[-68.92906, -22.43604], [-68.9279, -22.43623]]}, "properties": {"name": "Malleco", "highway": "residential"}}, {"type": "Feature", "geometry": {"type": "LineString", "coordinates": [[-68.9297, -22.43888], [-68.92958, -22.43832]]}, "properties": {"name": "Talca", "highway": "living_street"}}, {"type": "Feature", "geometry": {"type": "LineString", "coordinates": [[-68.95014, -22.43825], [-68.94892, -22.43807], [-68.94688, -22.43707], [-68.94412, -22.43664], [-68.94386, -22.43607], [-68.94287, -22.435], [-68.94207, -22.43358]]}, "properties": {"name": "", "highway": "unclassified"}}, {"type": "Feature", "geometry": {"type": "LineString", "coordinates": [[-68.93288, -22.44081], [-68.93367, -22.44066]]}, "properties": {"name": "Pasaje Genoveva", "highway": "living_street"}}, {"type": "Feature", "geometry": {"type": "LineString", "coordinates": [[-68.93495, -22.44713], [-68.93358, -22.44023]]}, "properties": {"name": "Italia", "highway": "residential"}}, {"type": "Feature", "geometry": {"type": "LineString", "coordinates": [[-68.9324, -22.43842], [-68.93299, -22.44125]]}, "properties": {"name": "Honduras", "highway": "residential"}}, {"type": "Feature", "geometry": {"type": "LineString", "coordinates": [[-68.95797, -22.42612], [-68.96005, -22.42171], [-68.95993, -22.42102], [-68.95594, -22.41691], [-68.95381, -22.41405], [-68.95162, -22.41275], [-68.93887, -22.41495], [-68.93656, -22.41663], [-68.93501, -22.41844], [-68.93489, -22.41886], [-68.9352, -22.42018], [-68.93493, -22.42081], [-68.93323, -22.42145], [-68.92995, -22.42067], [-68.92605, -22.41874]]}, "properties": {"name": "", "highway": "unclassified"}}, {"type": "Feature", "geometry": {"type": "LineString", "coordinates": [[-68.93952, -22.44639], [-68.94483, -22.44556]]}, "properties": {"name": "Diego de Almagro", "highway": "tertiary"}}, {"type": "Feature", "geometry": {"type": "LineString", "coordinates": [[-68.93303, -22.43977], [-68.93334, -22.44119]]}, "properties": {"name": "Pasaje Atahualpa", "highway": "living_street"}}, {"type": "Feature", "geometry": {"type": "LineString", "coordinates": [[-68.93485, -22.44665], [-68.93637, -22.44638]]}, "properties": {"name": "Vitacura", "highway": "residential"}}, {"type": "Feature", "geometry": {"type": "LineString", "coordinates": [[-68.93936, -22.44547], [-68.93872, -22.44559]]}, "properties": {"name": "10 de Julio", "highway": "living_street"}}, {"type": "Feature", "geometry": {"type": "LineString", "coordinates": [[-68.93823, -22.44387], [-68.93672, -22.44412]]}, "properties": {"name": "Yacimientos", "highway": "living_street"}}, {"type": "Feature", "geometry": {"type": "LineString", "coordinates": [[-68.93526, -22.4439], [-68.93445, -22.43986]]}, "properties": {"name": "Proyecto Torre Dos", "highway": "residential"}}, {"type": "Feature", "geometry": {"type": "LineString", "coordinates": [[-68.93645, -22.44141], [-68.93682, -22.44319]]}, "properties": {"name": "Frei Bonn Ote.", "highway": "living_street"}}, {"type": "Feature", "geometry": {"type": "LineString", "coordinates": [[-68.9366, -22.44521], [-68.93717, -22.4451]]}, "properties": {"name": "Los Molinos", "highway": "living_street"}}, {"type": "Feature", "geometry": {"type": "LineString", "coordinates": [[-68.93885, -22.44518], [-68.93813, -22.44182]]}, "properties": {"name": "Colonia Oriente", "highway": "residential"}}, {"type": "Feature", "geometry": {"type": "LineString", "coordinates": [[-68.93586, -22.44647], [-68.93545, -22.44439]]}, "properties": {"name": "11 de Septiembre", "highway": "residential"}}, {"type": "Feature", "geometry": {"type": "LineString", "coordinates": [[-68.93686, -22.44555], [-68.93679, -22.44518]]}, "properties": {"name": "Frankfurt", "highway": "living_street"}}, {"type": "Feature", "geometry": {"type": "LineString", "coordinates": [[-68.93594, -22.44429], [-68.93649, -22.44419]]}, "properties": {"name": "Yacimientos", "highway": "living_street"}}, {"type": "Feature", "geometry": {"type": "LineString", "coordinates": [[-68.93398, -22.44208], [-68.93545, -22.44185], [-68.93594, -22.44149], [-68.93802, -22.44116]]}, "properties": {"name": "Atahualpa", "highway": "residential"}}, {"type": "Feature", "geometry": {"type": "LineString", "coordinates": [[-68.93594, -22.44149], [-68.9366, -22.44521]]}, "properties": {"name": "Frankfurt", "highway": "living_street"}}, {"type": "Feature", "geometry": {"type": "LineString", "coordinates": [[-68.9363, -22.44603], [-68.93688, -22.44593]]}, "properties": {"name": "10 de Julio", "highway": "residential"}}, {"type": "Feature", "geometry": {"type": "LineString", "coordinates": [[-68.93696, -22.44408], [-68.93742, -22.44629]]}, "properties": {"name": "Frei Bonn Oriente", "highway": "residential"}}, {"type": "Feature", "geometry": {"type": "LineString", "coordinates": [[-68.93799, -22.4439], [-68.93851, -22.44655]]}, "properties": {"name": "Frei Bonn Pte", "highway": "living_street"}}, {"type": "Feature", "geometry": {"type": "LineString", "coordinates": [[-68.93478, -22.44398], [-68.93471, -22.44363]]}, "properties": {"name": "Proyecto Mina Sur", "highway": "living_street"}}, {"type": "Feature", "geometry": {"type": "LineString", "coordinates": [[-68.93416, -22.44307], [-68.93507, -22.44291]]}, "properties": {"name": "Malaquita", "highway": "living_street"}}, {"type": "Feature", "geometry": {"type": "LineString", "coordinates": [[-68.93782, -22.44264], [-68.93568, -22.44301]]}, "properties": {"name": "Las Rocas", "highway": "living_street"}}, {"type": "Feature", "geometry": {"type": "LineString", "coordinates": [[-68.93531, -22.4427], [-68.93504, -22.44275]]}, "properties": {"name": "Pasaje Proyecto Gaby", "highway": "living_street"}}, {"type": "Feature", "geometry": {"type": "LineString", "coordinates": [[-68.93479, -22.44296], [-68.93467, -22.44242]]}, "properties": {"name": "Proyecto Toki", "highway": "living_street"}}, {"type": "Feature", "geometry": {"type": "LineString", "coordinates": [[-68.93594, -22.44429], [-68.93443, -22.44455]]}, "properties": {"name": "10 de Julio", "highway": "residential"}}, {"type": "Feature", "geometry": {"type": "LineString", "coordinates": [[-68.93538, -22.44655], [-68.93497, -22.44447]]}, "properties": {"name": "Marcos Maturana", "highway": "residential"}}, {"type": "Feature", "geometry": {"type": "LineString", "coordinates": [[-68.93428, -22.44371], [-68.93577, -22.44344]]}, "properties": {"name": "Proyecto Óxido", "highway": "living_street"}}, {"type": "Feature", "geometry": {"type": "LineString", "coordinates": [[-68.93357, -22.4442], [-68.93419, -22.44725]]}, "properties": {"name": "Honduras", "highway": "residential"}}, {"type": "Feature", "geometry": {"type": "LineString", "coordinates": [[-68.93721, -22.44632], [-68.93842, -22.44613]]}, "properties": {"name": "Vitacura", "highway": "living_street"}}, {"type": "Feature", "geometry": {"type": "LineString", "coordinates": [[-68.93622, -22.44566], [-68.93929, -22.44511]]}, "properties": {"name": "10 de Julio", "highway": "residential"}}, {"type": "Feature", "geometry": {"type": "LineString", "coordinates": [[-68.94226, -22.45272], [-68.94025, -22.45265]]}, "properties": {"name": "Petrohué Sur", "highway": "living_street"}}, {"type": "Feature", "geometry": {"type": "LineString", "coordinates": [[-68.94127, -22.45174], [-68.94125, -22.4523]]}, "properties": {"name": "Múnich", "highway": "living_street"}}, {"type": "Feature", "geometry": {"type": "LineString", "coordinates": [[-68.94682, -22.46306], [-68.94761, -22.45354]]}, "properties": {"name": "Rupanco", "highway": "residential"}}, {"type": "Feature", "geometry": {"type": "LineString", "coordinates": [[-68.94333, -22.45298], [-68.9434, -22.45184]]}, "properties": {"name": "Américo Vespucio", "highway": "living_street"}}, {"type": "Feature", "geometry": {"type": "LineString", "coordinates": [[-68.94362, -22.45299], [-68.94366, -22.45225]]}, "properties": {"name": "Américo Vespucio", "highway": "living_street"}}, {"type": "Feature", "geometry": {"type": "LineString", "coordinates": [[-68.9402, -22.45332], [-68.94027, -22.45227]]}, "properties": {"name": "Colonia", "highway": "living_street"}}, {"type": "Feature", "geometry": {"type": "LineString", "coordinates": [[-68.94523, -22.45396], [-68.9471, -22.45404]]}, "properties": {"name": "Frutillar", "highway": "living_street"}}, {"type": "Feature", "geometry": {"type": "LineString", "coordinates": [[-68.94287, -22.45297], [-68.94455, -22.45302]]}, "properties": {"name": "Pasaje Petrohué Sur", "highway": "residential"}}, {"type": "Feature", "geometry": {"type": "LineString", "coordinates": [[-68.94159, -22.45432], [-68.94278, -22.45438]]}, "properties": {"name": "Antillanca", "highway": "living_street"}}, {"type": "Feature", "geometry": {"type": "LineString", "coordinates": [[-68.94521, -22.45438], [-68.94588, -22.45441]]}, "properties": {"name": "Antillanca", "highway": "living_street"}}, {"type": "Feature", "geometry": {"type": "LineString", "coordinates": [[-68.94162, -22.45387], [-68.94449, -22.45398]]}, "properties": {"name": "Frutillar", "highway": "residential"}}, {"type": "Feature", "geometry": {"type": "LineString", "coordinates": [[-68.94447, -22.45442], [-68.94465, -22.45142]]}, "properties": {"name": "Licanray", "highway": "residential"}}, {"type": "Feature", "geometry": {"type": "LineString", "coordinates": [[-68.94022, -22.45298], [-68.94085, -22.45301]]}, "properties": {"name": "Pasaje Maipú Norte", "highway": "living_street"}}, {"type": "Feature", "geometry": {"type": "LineString", "coordinates": [[-68.94294, -22.45183], [-68.94416, -22.45187]]}, "properties": {"name": "Calafquén", "highway": "residential"}}, {"type": "Feature", "geometry": {"type": "LineString", "coordinates": [[-68.94205, -22.45339], [-68.94208, -22.45271]]}, "properties": {"name": "Ñielol", "highway": "living_street"}}, {"type": "Feature", "geometry": {"type": "LineString", "coordinates": [[-68.94465, -22.45484], [-68.94469, -22.45396]]}, "properties": {"name": "Angelmó", "highway": "living_street"}}, {"type": "Feature", "geometry": {"type": "LineString", "coordinates": [[-68.9435, -22.45436], [-68.94354, -22.45343]]}, "properties": {"name": "Américo Vespucio", "highway": "living_street"}}, {"type": "Feature", "geometry": {"type": "LineString", "coordinates": [[-68.94278, -22.45433], [-68.94467, -22.45443]]}, "properties": {"name": "Antillanca", "highway": "living_street"}}, {"type": "Feature", "geometry": {"type": "LineString", "coordinates": [[-68.94095, -22.45173], [-68.94212, -22.45178]]}, "properties": {"name": "Calafquén", "highway": "living_street"}}, {"type": "Feature", "geometry": {"type": "LineString", "coordinates": [[-68.94291, -22.45223], [-68.94413, -22.45227]]}, "properties": {"name": "Petrohué", "highway": "residential"}}, {"type": "Feature", "geometry": {"type": "LineString", "coordinates": [[-68.94121, -22.45335], [-68.94125, -22.45268]]}, "properties": {"name": "Múnich", "highway": "living_street"}}, {"type": "Feature", "geometry": {"type": "LineString", "coordinates": [[-68.94231, -22.4539], [-68.94215, -22.45628]]}, "properties": {"name": "Ñielol", "highway": "residential"}}, {"type": "Feature", "geometry": {"type": "LineString", "coordinates": [[-68.94571, -22.45636], [-68.94581, -22.45495]]}, "properties": {"name": "Antuco", "highway": "residential"}}, {"type": "Feature", "geometry": {"type": "LineString", "coordinates": [[-68.94248, -22.45287], [-68.94246, -22.45339]]}, "properties": {"name": "Ñielol Poniente", "highway": "living_street"}}, {"type": "Feature", "geometry": {"type": "LineString", "coordinates": [[-68.94861, -22.4526], [-68.94414, -22.45216]]}, "properties": {"name": "Pasaje Petrohué", "highway": "living_street"}}, {"type": "Feature", "geometry": {"type": "LineString", "coordinates": [[-68.93985, -22.4533], [-68.93976, -22.45153]]}, "properties": {"name": "Colonia", "highway": "residential"}}, {"type": "Feature", "geometry": {"type": "LineString", "coordinates": [[-68.94027, -22.45227], [-68.94291, -22.45235]]}, "properties": {"name": "Petrohué", "highway": "residential"}}, {"type": "Feature", "geometry": {"type": "LineString", "coordinates": [[-68.94212, -22.45339], [-68.94207, -22.45434]]}, "properties": {"name": "Ñielol", "highway": "living_street"}}, {"type": "Feature", "geometry": {"type": "LineString", "coordinates": [[-68.94249, -22.45233], [-68.94254, -22.45137]]}, "properties": {"name": "Ñielol Poniente", "highway": "living_street"}}, {"type": "Feature", "geometry": {"type": "LineString", "coordinates": [[-68.92485, -22.45533], [-68.92628, -22.45573]]}, "properties": {"name": "Hurtado de Mendoza", "highway": "residential"}}, {"type": "Feature", "geometry": {"type": "LineString", "coordinates": [[-68.94631, -22.4554], [-68.94744, -22.45544]]}, "properties": {"name": "Isabel La Católica", "highway": "living_street"}}, {"type": "Feature", "geometry": {"type": "LineString", "coordinates": [[-68.94629, -22.46223], [-68.94637, -22.46129]]}, "properties": {"name": "Pucón Poniente", "highway": "living_street"}}, {"type": "Feature", "geometry": {"type": "LineString", "coordinates": [[-68.94388, -22.45574], [-68.94505, -22.45581]]}, "properties": {"name": "Rodrigo de Triana", "highway": "living_street"}}, {"type": "Feature", "geometry": {"type": "LineString", "coordinates": [[-68.94728, -22.46047], [-68.94718, -22.46161]]}, "properties": {"name": "Rupanco Interior", "highway": "living_street"}}, {"type": "Feature", "geometry": {"type": "LineString", "coordinates": [[-68.94642, -22.46082], [-68.94646, -22.46011]]}, "properties": {"name": "Pucón Poniente", "highway": "living_street"}}, {"type": "Feature", "geometry": {"type": "LineString", "coordinates": [[-68.94731, -22.45148], [-68.94707, -22.45449]]}, "properties": {"name": "Pasaje Villarica", "highway": "living_street"}}, {"type": "Feature", "geometry": {"type": "LineString", "coordinates": [[-68.94603, -22.45351], [-68.94616, -22.45145]]}, "properties": {"name": "Antuco", "highway": "living_street"}}, {"type": "Feature", "geometry": {"type": "LineString", "coordinates": [[-68.94452, -22.45578], [-68.94458, -22.45491]]}, "properties": {"name": "Licanray", "highway": "living_street"}}, {"type": "Feature", "geometry": {"type": "LineString", "coordinates": [[-68.94148, -22.45577], [-68.94269, -22.4558]]}, "properties": {"name": "Rodrigo de Triana", "highway": "living_street"}}, {"type": "Feature", "geometry": {"type": "LineString", "coordinates": [[-68.94775, -22.45192], [-68.94821, -22.45196]]}, "properties": {"name": "Calafquén", "highway": "living_street"}}, {"type": "Feature", "geometry": {"type": "LineString", "coordinates": [[-68.94756, -22.454], [-68.94934, -22.45412]]}, "properties": {"name": "Frutillar", "highway": "living_street"}}, {"type": "Feature", "geometry": {"type": "LineString", "coordinates": [[-68.94318, -22.45581], [-68.94387, -22.45583]]}, "properties": {"name": "Rodrigo de Triana", "highway": "living_street"}}, {"type": "Feature", "geometry": {"type": "LineString", "coordinates": [[-68.94462, -22.45186], [-68.94613, -22.45191]]}, "properties": {"name": "Calafquén", "highway": "living_street"}}, {"type": "Feature", "geometry": {"type": "LineString", "coordinates": [[-68.9448, -22.46039], [-68.94589, -22.46054]]}, "properties": {"name": "Pasaje Arauco", "highway": "living_street"}}, {"type": "Feature", "geometry": {"type": "LineString", "coordinates": [[-68.94315, -22.45629], [-68.94321, -22.45537]]}, "properties": {"name": "Américo Vespucio", "highway": "living_street"}}, {"type": "Feature", "geometry": {"type": "LineString", "coordinates": [[-68.94457, -22.45261], [-68.94608, -22.45277]]}, "properties": {"name": "Pasaje Petrohué Sur", "highway": "living_street"}}, {"type": "Feature", "geometry": {"type": "LineString", "coordinates": [[-68.94587, -22.46079], [-68.94724, -22.46089]]}, "properties": {"name": "Pasaje Arauco", "highway": "living_street"}}, {"type": "Feature", "geometry": {"type": "LineString", "coordinates": [[-68.9434, -22.45538], [-68.94152, -22.45533]]}, "properties": {"name": "Isabel La Católica", "highway": "living_street"}}, {"type": "Feature", "geometry": {"type": "LineString", "coordinates": [[-68.94577, -22.45273], [-68.94572, -22.4535]]}, "properties": {"name": "Antuco Oriente", "highway": "living_street"}}, {"type": "Feature", "geometry": {"type": "LineString", "coordinates": [[-68.94673, -22.4559], [-68.9474, -22.45592]]}, "properties": {"name": "Rodrigo de Triana", "highway": "living_street"}}, {"type": "Feature", "geometry": {"type": "LineString", "coordinates": [[-68.94766, -22.45292], [-68.94811, -22.45296]]}, "properties": {"name": "Pasaje Petrohué Sur", "highway": "living_street"}}, {"type": "Feature", "geometry": {"type": "LineString", "coordinates": [[-68.94659, -22.45201], [-68.94727, -22.45204]]}, "properties": {"name": "Calafquén", "highway": "living_street"}}, {"type": "Feature", "geometry": {"type": "LineString", "coordinates": [[-68.94339, -22.45582], [-68.94343, -22.45489]]}, "properties": {"name": "Américo Vespucio", "highway": "living_street"}}, {"type": "Feature", "geometry": {"type": "LineString", "coordinates": [[-68.94638, -22.45447], [-68.94752, -22.45451]]}, "properties": {"name": "Antillanca", "highway": "living_street"}}, {"type": "Feature", "geometry": {"type": "LineString", "coordinates": [[-68.94676, -22.45542], [-68.94668, -22.45638]]}, "properties": {"name": "Isabel La Católica Sur", "highway": "living_street"}}, {"type": "Feature", "geometry": {"type": "LineString", "coordinates": [[-68.94514, -22.45545], [-68.94579, -22.45549]]}, "properties": {"name": "Isabel La Católica", "highway": "living_street"}}, {"type": "Feature", "geometry": {"type": "LineString", "coordinates": [[-68.94482, -22.45263], [-68.94476, -22.45347]]}, "properties": {"name": "Angelmó", "highway": "living_street"}}, {"type": "Feature", "geometry": {"type": "LineString", "coordinates": [[-68.94643, -22.4606], [-68.94727, -22.46066]]}, "properties": {"name": "Pasaje Arauco", "highway": "living_street"}}, {"type": "Feature", "geometry": {"type": "LineString", "coordinates": [[-68.94484, -22.45907], [-68.94713, -22.45933]]}, "properties": {"name": "Tarapacá", "highway": "living_street"}}, {"type": "Feature", "geometry": {"type": "LineString", "coordinates": [[-68.94713, -22.4559], [-68.94718, -22.45543]]}, "properties": {"name": "", "highway": "living_street"}}, {"type": "Feature", "geometry": {"type": "LineString", "coordinates": [[-68.94011, -22.45877], [-68.9471, -22.45961]]}, "properties": {"name": "Tarapacá", "highway": "residential"}}, {"type": "Feature", "geometry": {"type": "LineString", "coordinates": [[-68.94652, -22.45305], [-68.94717, -22.45309]]}, "properties": {"name": "Pasaje Petrohué Sur", "highway": "living_street"}}, {"type": "Feature", "geometry": {"type": "LineString", "coordinates": [[-68.94436, -22.45577], [-68.94443, -22.45491]]}, "properties": {"name": "Licanray", "highway": "living_street"}}, {"type": "Feature", "geometry": {"type": "LineString", "coordinates": [[-68.94653, -22.45279], [-68.9472, -22.45287]]}, "properties": {"name": "Pasaje Petrohué Sur", "highway": "living_street"}}, {"type": "Feature", "geometry": {"type": "LineString", "coordinates": [[-68.92651, -22.4759], [-68.92746, -22.47877]]}, "properties": {"name": "Yerbas Buenas", "highway": "residential"}}, {"type": "Feature", "geometry": {"type": "LineString", "coordinates": [[-68.93417, -22.4762], [-68.93446, -22.47526]]}, "properties": {"name": "Bayo", "highway": "living_street"}}, {"type": "Feature", "geometry": {"type": "LineString", "coordinates": [[-68.93407, -22.48154], [-68.93435, -22.48066]]}, "properties": {"name": "Los Cactus", "highway": "living_street"}}, {"type": "Feature", "geometry": {"type": "LineString", "coordinates": [[-68.93655, -22.47592], [-68.93594, -22.47575]]}, "properties": {"name": "Amancai", "highway": "living_street"}}, {"type": "Feature", "geometry": {"type": "LineString", "coordinates": [[-68.9358, -22.47467], [-68.93625, -22.47479]]}, "properties": {"name": "Maizales", "highway": "living_street"}}, {"type": "Feature", "geometry": {"type": "LineString", "coordinates": [[-68.93385, -22.47728], [-68.93403, -22.47665]]}, "properties": {"name": "Bayo", "highway": "living_street"}}, {"type": "Feature", "geometry": {"type": "LineString", "coordinates": [[-68.93319, -22.47921], [-68.93255, -22.48121]]}, "properties": {"name": "Bayo", "highway": "living_street"}}, {"type": "Feature", "geometry": {"type": "LineString", "coordinates": [[-68.93959, -22.46977], [-68.9387, -22.4695]]}, "properties": {"name": "Bastión de Chilenidad", "highway": "living_street"}}, {"type": "Feature", "geometry": {"type": "LineString", "coordinates": [[-68.93393, -22.48054], [-68.93456, -22.48072]]}, "properties": {"name": "Quinoa", "highway": "living_street"}}, {"type": "Feature", "geometry": {"type": "LineString", "coordinates": [[-68.93432, -22.47327], [-68.93429, -22.47225]]}, "properties": {"name": "Bayo", "highway": "living_street"}}, {"type": "Feature", "geometry": {"type": "LineString", "coordinates": [[-68.93811, -22.47114], [-68.93776, -22.47244]]}, "properties": {"name": "Las Higueras", "highway": "living_street"}}, {"type": "Feature", "geometry": {"type": "LineString", "coordinates": [[-68.93304, -22.47636], [-68.93339, -22.4753]]}, "properties": {"name": "Paqui", "highway": "living_street"}}, {"type": "Feature", "geometry": {"type": "LineString", "coordinates": [[-68.93236, -22.47663], [-68.93339, -22.47692]]}, "properties": {"name": "Lequena", "highway": "living_street"}}, {"type": "Feature", "geometry": {"type": "LineString", "coordinates": [[-68.93434, -22.47742], [-68.93332, -22.47714]]}, "properties": {"name": "Lequena", "highway": "living_street"}}, {"type": "Feature", "geometry": {"type": "LineString", "coordinates": [[-68.93071, -22.47642], [-68.93092, -22.47578]]}, "properties": {"name": "Polapi", "highway": "living_street"}}, {"type": "Feature", "geometry": {"type": "LineString", "coordinates": [[-68.9376, -22.47092], [-68.93737, -22.47172]]}, "properties": {"name": "Los Cedros", "highway": "living_street"}}, {"type": "Feature", "geometry": {"type": "LineString", "coordinates": [[-68.9328, -22.47698], [-68.93179, -22.4767]]}, "properties": {"name": "Lequena", "highway": "living_street"}}, {"type": "Feature", "geometry": {"type": "LineString", "coordinates": [[-68.93517, -22.47881], [-68.93558, -22.4775]]}, "properties": {"name": "Los Cactus", "highway": "living_street"}}, {"type": "Feature", "geometry": {"type": "LineString", "coordinates": [[-68.92779, -22.4745], [-68.93593, -22.47426]]}, "properties": {"name": "Santiago", "highway": "residential"}}, {"type": "Feature", "geometry": {"type": "LineString", "coordinates": [[-68.93442, -22.48114], [-68.9349, -22.47966]]}, "properties": {"name": "Los Cactus", "highway": "living_street"}}, {"type": "Feature", "geometry": {"type": "LineString", "coordinates": [[-68.93481, -22.47601], [-68.93577, -22.47627]]}, "properties": {"name": "Laguna Lejía", "highway": "living_street"}}, {"type": "Feature", "geometry": {"type": "LineString", "coordinates": [[-68.93631, -22.47463], [-68.9353, -22.4777]]}, "properties": {"name": "Los Cactus", "highway": "living_street"}}, {"type": "Feature", "geometry": {"type": "LineString", "coordinates": [[-68.93316, -22.47254], [-68.93317, -22.4729]]}, "properties": {"name": "Candelaria", "highway": "living_street"}}, {"type": "Feature", "geometry": {"type": "LineString", "coordinates": [[-68.93749, -22.47232], [-68.93784, -22.47104]]}, "properties": {"name": "Los Abetos", "highway": "living_street"}}, {"type": "Feature", "geometry": {"type": "LineString", "coordinates": [[-68.93387, -22.47386], [-68.93259, -22.47389]]}, "properties": {"name": "Valparaíso", "highway": "residential"}}, {"type": "Feature", "geometry": {"type": "LineString", "coordinates": [[-68.93299, -22.47821], [-68.93401, -22.47848]]}, "properties": {"name": "Ollague", "highway": "living_street"}}, {"type": "Feature", "geometry": {"type": "LineString", "coordinates": [[-68.92979, -22.47614], [-68.92978, -22.47542]]}, "properties": {"name": "Carasilla", "highway": "living_street"}}, {"type": "Feature", "geometry": {"type": "LineString", "coordinates": [[-68.93498, -22.47876], [-68.93561, -22.47893]]}, "properties": {"name": "Ollague", "highway": "living_street"}}, {"type": "Feature", "geometry": {"type": "LineString", "coordinates": [[-68.93547, -22.47572], [-68.93591, -22.47584]]}, "properties": {"name": "Amancai", "highway": "living_street"}}, {"type": "Feature", "geometry": {"type": "LineString", "coordinates": [[-68.9355, -22.47776], [-68.93487, -22.47757]]}, "properties": {"name": "Yareta", "highway": "living_street"}}, {"type": "Feature", "geometry": {"type": "LineString", "coordinates": [[-68.93421, -22.48109], [-68.93487, -22.48127]]}, "properties": {"name": "Quinoa", "highway": "living_street"}}, {"type": "Feature", "geometry": {"type": "LineString", "coordinates": [[-68.93327, -22.47531], [-68.93322, -22.47434]]}, "properties": {"name": "Paqui", "highway": "living_street"}}, {"type": "Feature", "geometry": {"type": "LineString", "coordinates": [[-68.9342, -22.47785], [-68.93441, -22.47722]]}, "properties": {"name": "Colpa", "highway": "living_street"}}, {"type": "Feature", "geometry": {"type": "LineString", "coordinates": [[-68.93371, -22.47935], [-68.93164, -22.47877]]}, "properties": {"name": "Colorado", "highway": "living_street"}}, {"type": "Feature", "geometry": {"type": "LineString", "coordinates": [[-68.93669, -22.474], [-68.93606, -22.47385]]}, "properties": {"name": "Llantén", "highway": "living_street"}}, {"type": "Feature", "geometry": {"type": "LineString", "coordinates": [[-68.93538, -22.47744], [-68.93603, -22.47763]]}, "properties": {"name": "Yareta", "highway": "living_street"}}, {"type": "Feature", "geometry": {"type": "LineString", "coordinates": [[-68.9326, -22.47576], [-68.93318, -22.47593]]}, "properties": {"name": "Laguna Lejía", "highway": "living_street"}}, {"type": "Feature", "geometry": {"type": "LineString", "coordinates": [[-68.92932, -22.47495], [-68.93059, -22.47493]]}, "properties": {"name": "Quitor", "highway": "living_street"}}, {"type": "Feature", "geometry": {"type": "LineString", "coordinates": [[-68.93117, -22.47701], [-68.93138, -22.47638]]}, "properties": {"name": "Palpana", "highway": "living_street"}}, {"type": "Feature", "geometry": {"type": "LineString", "coordinates": [[-68.93357, -22.47813], [-68.93524, -22.47858]]}, "properties": {"name": "Ollague", "highway": "living_street"}}, {"type": "Feature", "geometry": {"type": "LineString", "coordinates": [[-68.92889, -22.47616], [-68.92888, -22.47542]]}, "properties": {"name": "Santa Bárbara", "highway": "living_street"}}, {"type": "Feature", "geometry": {"type": "LineString", "coordinates": [[-68.92652, -22.47544], [-68.93044, -22.47541]]}, "properties": {"name": "Turi", "highway": "residential"}}, {"type": "Feature", "geometry": {"type": "LineString", "coordinates": [[-68.93343, -22.4729], [-68.9334, -22.47227]]}, "properties": {"name": "Schneider", "highway": "residential"}}, {"type": "Feature", "geometry": {"type": "LineString", "coordinates": [[-68.93667, -22.47342], [-68.93686, -22.47408]]}, "properties": {"name": "Los Cactus", "highway": "living_street"}}, {"type": "Feature", "geometry": {"type": "LineString", "coordinates": [[-68.93391, -22.47707], [-68.93494, -22.47736]]}, "properties": {"name": "Lequena", "highway": "living_street"}}, {"type": "Feature", "geometry": {"type": "LineString", "coordinates": [[-68.93351, -22.47834], [-68.9337, -22.47771]]}, "properties": {"name": "Bayo", "highway": "living_street"}}, {"type": "Feature", "geometry": {"type": "LineString", "coordinates": [[-68.93628, -22.47682], [-68.93565, -22.47664]]}, "properties": {"name": "Maitenes", "highway": "living_street"}}, {"type": "Feature", "geometry": {"type": "LineString", "coordinates": [[-68.93031, -22.47616], [-68.92854, -22.47616]]}, "properties": {"name": "Topain", "highway": "living_street"}}, {"type": "Feature", "geometry": {"type": "LineString", "coordinates": [[-68.92851, -22.47633], [-68.92839, -22.47599]]}, "properties": {"name": "Topain", "highway": "living_street"}}, {"type": "Feature", "geometry": {"type": "LineString", "coordinates": [[-68.93062, -22.48038], [-68.93221, -22.47535]]}, "properties": {"name": "Peine", "highway": "residential"}}, {"type": "Feature", "geometry": {"type": "LineString", "coordinates": [[-68.93463, -22.47984], [-68.93506, -22.47853]]}, "properties": {"name": "Los Cactus", "highway": "living_street"}}, {"type": "Feature", "geometry": {"type": "LineString", "coordinates": [[-68.93078, -22.47621], [-68.93185, -22.47651]]}, "properties": {"name": "Lequena", "highway": "living_street"}}, {"type": "Feature", "geometry": {"type": "LineString", "coordinates": [[-68.93071, -22.47492], [-68.93186, -22.47489]]}, "properties": {"name": "Quitor", "highway": "living_street"}}, {"type": "Feature", "geometry": {"type": "LineString", "coordinates": [[-68.9365, -22.47124], [-68.9371, -22.47135]]}, "properties": {"name": "Oasis Lasana", "highway": "living_street"}}, {"type": "Feature", "geometry": {"type": "LineString", "coordinates": [[-68.93419, -22.4797], [-68.93312, -22.4794]]}, "properties": {"name": "Colorado", "highway": "living_street"}}, {"type": "Feature", "geometry": {"type": "LineString", "coordinates": [[-68.93244, -22.47619], [-68.93275, -22.47533]]}, "properties": {"name": "Platero", "highway": "living_street"}}, {"type": "Feature", "geometry": {"type": "LineString", "coordinates": [[-68.9339, -22.4748], [-68.93526, -22.47474]]}, "properties": {"name": "Quitor", "highway": "living_street"}}, {"type": "Feature", "geometry": {"type": "LineString", "coordinates": [[-68.93511, -22.47475], [-68.93509, -22.47428]]}, "properties": {"name": "Colpa", "highway": "living_street"}}, {"type": "Feature", "geometry": {"type": "LineString", "coordinates": [[-68.93265, -22.47742], [-68.93287, -22.47677]]}, "properties": {"name": "Paqui", "highway": "living_street"}}, {"type": "Feature", "geometry": {"type": "LineString", "coordinates": [[-68.93684, -22.47507], [-68.93621, -22.47489]]}, "properties": {"name": "Maizales", "highway": "living_street"}}, {"type": "Feature", "geometry": {"type": "LineString", "coordinates": [[-68.9365, -22.47395], [-68.9367, -22.47331]]}, "properties": {"name": "Los Cactus", "highway": "living_street"}}, {"type": "Feature", "geometry": {"type": "LineString", "coordinates": [[-68.93637, -22.47494], [-68.93676, -22.47377]]}, "properties": {"name": "Los Cactus", "highway": "living_street"}}, {"type": "Feature", "geometry": {"type": "LineString", "coordinates": [[-68.93018, -22.47626], [-68.93131, -22.4766]]}, "properties": {"name": "Lequena", "highway": "living_street"}}, {"type": "Feature", "geometry": {"type": "LineString", "coordinates": [[-68.93534, -22.47978], [-68.93471, -22.4796]]}, "properties": {"name": "Colorado", "highway": "living_street"}}, {"type": "Feature", "geometry": {"type": "LineString", "coordinates": [[-68.93257, -22.47292], [-68.92828, -22.47304]]}, "properties": {"name": "Osvaldo Muñoz", "highway": "residential"}}, {"type": "Feature", "geometry": {"type": "LineString", "coordinates": [[-68.93431, -22.4727], [-68.93592, -22.47265]]}, "properties": {"name": "Solar", "highway": "living_street"}}, {"type": "Feature", "geometry": {"type": "LineString", "coordinates": [[-68.93176, -22.46615], [-68.93208, -22.4636]]}, "properties": {"name": "La Cascada", "highway": "living_street"}}, {"type": "Feature", "geometry": {"type": "LineString", "coordinates": [[-68.93435, -22.47373], [-68.93559, -22.47368]]}, "properties": {"name": "Solcor", "highway": "living_street"}}, {"type": "Feature", "geometry": {"type": "LineString", "coordinates": [[-68.93939, -22.46871], [-68.93958, -22.46809]]}, "properties": {"name": "Esmeralda", "highway": "living_street"}}, {"type": "Feature", "geometry": {"type": "LineString", "coordinates": [[-68.9396, -22.46941], [-68.93669, -22.46852]]}, "properties": {"name": "Cerro Jardín", "highway": "living_street"}}, {"type": "Feature", "geometry": {"type": "LineString", "coordinates": [[-68.93168, -22.47537], [-68.932, -22.47438]]}, "properties": {"name": "Palpana", "highway": "living_street"}}, {"type": "Feature", "geometry": {"type": "LineString", "coordinates": [[-68.93966, -22.46912], [-68.93892, -22.4689]]}, "properties": {"name": "Ciudad Heroica", "highway": "living_street"}}, {"type": "Feature", "geometry": {"type": "LineString", "coordinates": [[-68.9347, -22.47633], [-68.93367, -22.47606]]}, "properties": {"name": "Laguna Lejía", "highway": "living_street"}}, {"type": "Feature", "geometry": {"type": "LineString", "coordinates": [[-68.92934, -22.47615], [-68.92932, -22.47542]]}, "properties": {"name": "Trapiche", "highway": "living_street"}}, {"type": "Feature", "geometry": {"type": "LineString", "coordinates": [[-68.93365, -22.47955], [-68.93408, -22.47827]]}, "properties": {"name": "Colpa", "highway": "living_street"}}, {"type": "Feature", "geometry": {"type": "LineString", "coordinates": [[-68.93051, -22.47915], [-68.93071, -22.47851]]}, "properties": {"name": "Palpana", "highway": "living_street"}}, {"type": "Feature", "geometry": {"type": "LineString", "coordinates": [[-68.93203, -22.47957], [-68.93224, -22.47893]]}, "properties": {"name": "Paqui", "highway": "living_street"}}, {"type": "Feature", "geometry": {"type": "LineString", "coordinates": [[-68.92978, -22.47896], [-68.92965, -22.47938], [-68.93084, -22.47971]]}, "properties": {"name": "Blanco", "highway": "living_street"}}, {"type": "Feature", "geometry": {"type": "LineString", "coordinates": [[-68.93218, -22.47915], [-68.93112, -22.47884]]}, "properties": {"name": "Colorado", "highway": "living_street"}}, {"type": "Feature", "geometry": {"type": "LineString", "coordinates": [[-68.93237, -22.4785], [-68.93259, -22.47788]]}, "properties": {"name": "Paqui", "highway": "living_street"}}, {"type": "Feature", "geometry": {"type": "LineString", "coordinates": [[-68.93469, -22.48219], [-68.93401, -22.48205]]}, "properties": {"name": "Condominio San Francisco", "highway": "living_street"}}, {"type": "Feature", "geometry": {"type": "LineString", "coordinates": [[-68.93086, -22.47808], [-68.93107, -22.47745]]}, "properties": {"name": "Palpana", "highway": "living_street"}}, {"type": "Feature", "geometry": {"type": "LineString", "coordinates": [[-68.9301, -22.47834], [-68.93117, -22.47864]]}, "properties": {"name": "Colorado", "highway": "living_street"}}, {"type": "Feature", "geometry": {"type": "LineString", "coordinates": [[-68.93228, -22.4849], [-68.93279, -22.48391]]}, "properties": {"name": "Quebrada Ichuña", "highway": "residential"}}, {"type": "Feature", "geometry": {"type": "LineString", "coordinates": [[-68.93076, -22.47994], [-68.93184, -22.48024]]}, "properties": {"name": "Blanco", "highway": "living_street"}}, {"type": "Feature", "geometry": {"type": "LineString", "coordinates": [[-68.93198, -22.4777], [-68.93306, -22.47801]]}, "properties": {"name": "Ollague", "highway": "living_street"}}, {"type": "Feature", "geometry": {"type": "LineString", "coordinates": [[-68.9327, -22.48071], [-68.93378, -22.481]]}, "properties": {"name": "Blanco", "highway": "living_street"}}, {"type": "Feature", "geometry": {"type": "LineString", "coordinates": [[-68.9319, -22.47791], [-68.93211, -22.47728]]}, "properties": {"name": "Platero", "highway": "living_street"}}, {"type": "Feature", "geometry": {"type": "LineString", "coordinates": [[-68.93121, -22.48007], [-68.93142, -22.4794]]}, "properties": {"name": "Platero", "highway": "living_street"}}, {"type": "Feature", "geometry": {"type": "LineString", "coordinates": [[-68.93251, -22.47808], [-68.93145, -22.47778]]}, "properties": {"name": "Ollague", "highway": "living_street"}}, {"type": "Feature", "geometry": {"type": "LineString", "coordinates": [[-68.93415, -22.48155], [-68.93348, -22.48402]]}, "properties": {"name": "Los Cactus", "highway": "residential"}}, {"type": "Feature", "geometry": {"type": "LineString", "coordinates": [[-68.93188, -22.48477], [-68.93238, -22.48384]]}, "properties": {"name": "Quebrada Viscachilla", "highway": "residential"}}, {"type": "Feature", "geometry": {"type": "LineString", "coordinates": [[-68.93003, -22.47855], [-68.93025, -22.4779]]}, "properties": {"name": "Polapi", "highway": "living_street"}}, {"type": "Feature", "geometry": {"type": "LineString", "coordinates": [[-68.93038, -22.47748], [-68.93058, -22.47685]]}, "properties": {"name": "Polapi", "highway": "living_street"}}, {"type": "Feature", "geometry": {"type": "LineString", "coordinates": [[-68.93162, -22.4809], [-68.93192, -22.48001]]}, "properties": {"name": "Paqui", "highway": "living_street"}}, {"type": "Feature", "geometry": {"type": "LineString", "coordinates": [[-68.93318, -22.48261], [-68.93322, -22.48248], [-68.93441, -22.48273], [-68.93449, -22.48299]]}, "properties": {"name": "Pasaje Vecinal", "highway": "living_street"}}, {"type": "Feature", "geometry": {"type": "LineString", "coordinates": [[-68.93119, -22.4843], [-68.93161, -22.48434]]}, "properties": {"name": "Quebrada de Tiara", "highway": "residential"}}, {"type": "Feature", "geometry": {"type": "LineString", "coordinates": [[-68.931, -22.47766], [-68.92993, -22.47735]]}, "properties": {"name": "Ollague", "highway": "living_street"}}, {"type": "Feature", "geometry": {"type": "LineString", "coordinates": [[-68.93044, -22.47728], [-68.93152, -22.47758]]}, "properties": {"name": "Ollague", "highway": "living_street"}}, {"type": "Feature", "geometry": {"type": "LineString", "coordinates": [[-68.93341, -22.47995], [-68.93314, -22.48083]]}, "properties": {"name": "Colpa", "highway": "living_street"}}, {"type": "Feature", "geometry": {"type": "LineString", "coordinates": [[-68.93209, -22.48379], [-68.93204, -22.48445]]}, "properties": {"name": "Quebrada Alpahuasi", "highway": "residential"}}, {"type": "Feature", "geometry": {"type": "LineString", "coordinates": [[-68.93129, -22.47982], [-68.93284, -22.48027]]}, "properties": {"name": "Blanco", "highway": "living_street"}}, {"type": "Feature", "geometry": {"type": "LineString", "coordinates": [[-68.93156, -22.47897], [-68.93177, -22.47833]]}, "properties": {"name": "Platero", "highway": "living_street"}}, {"type": "Feature", "geometry": {"type": "LineString", "coordinates": [[-68.93186, -22.48101], [-68.93157, -22.48157], [-68.93089, -22.48439]]}, "properties": {"name": "Camino Vecinal", "highway": "residential"}}, {"type": "Feature", "geometry": {"type": "LineString", "coordinates": [[-68.91458, -22.45104], [-68.91471, -22.45245]]}, "properties": {"name": "4 Oriente", "highway": "residential"}}, {"type": "Feature", "geometry": {"type": "LineString", "coordinates": [[-68.91405, -22.45193], [-68.91471, -22.45203]]}, "properties": {"name": "3 Norte", "highway": "residential"}}, {"type": "Feature", "geometry": {"type": "LineString", "coordinates": [[-68.91381, -22.45036], [-68.91523, -22.45057]]}, "properties": {"name": "4 Norte", "highway": "residential"}}, {"type": "Feature", "geometry": {"type": "LineString", "coordinates": [[-68.91047, -22.45307], [-68.91031, -22.45367]]}, "properties": {"name": "7 Oriente", "highway": "residential"}}, {"type": "Feature", "geometry": {"type": "LineString", "coordinates": [[-68.91561, -22.45018], [-68.91576, -22.44932]]}, "properties": {"name": "3 Oriente", "highway": "living_street"}}, {"type": "Feature", "geometry": {"type": "LineString", "coordinates": [[-68.91321, -22.44588], [-68.91329, -22.44551]]}, "properties": {"name": "Pasaje 2", "highway": "living_street"}}, {"type": "Feature", "geometry": {"type": "LineString", "coordinates": [[-68.91459, -22.44955], [-68.91435, -22.45099]]}, "properties": {"name": "6 Oriente", "highway": "living_street"}}, {"type": "Feature", "geometry": {"type": "LineString", "coordinates": [[-68.91587, -22.45054], [-68.91525, -22.45045]]}, "properties": {"name": "5 Norte", "highway": "living_street"}}, {"type": "Feature", "geometry": {"type": "LineString", "coordinates": [[-68.91618, -22.45027], [-68.91633, -22.44941]]}, "properties": {"name": "2 Oriente", "highway": "living_street"}}, {"type": "Feature", "geometry": {"type": "LineString", "coordinates": [[-68.91612, -22.46382], [-68.91775, -22.46444]]}, "properties": {"name": "Blister", "highway": "residential"}}, {"type": "Feature", "geometry": {"type": "LineString", "coordinates": [[-68.91421, -22.45097], [-68.91397, -22.45235]]}, "properties": {"name": "5 Oriente", "highway": "residential"}}, {"type": "Feature", "geometry": {"type": "LineString", "coordinates": [[-68.91513, -22.45111], [-68.91552, -22.44889]]}, "properties": {"name": "4 Oriente", "highway": "residential"}}, {"type": "Feature", "geometry": {"type": "LineString", "coordinates": [[-68.91729, -22.44955], [-68.91546, -22.44928]]}, "properties": {"name": "8 Norte", "highway": "residential"}}, {"type": "Feature", "geometry": {"type": "LineString", "coordinates": [[-68.91577, -22.45074], [-68.91703, -22.45093]]}, "properties": {"name": "5 Norte", "highway": "living_street"}}, {"type": "Feature", "geometry": {"type": "LineString", "coordinates": [[-68.91668, -22.45087], [-68.91713, -22.44832]]}, "properties": {"name": "1 Oriente", "highway": "living_street"}}, {"type": "Feature", "geometry": {"type": "LineString", "coordinates": [[-68.91713, -22.45041], [-68.9153, -22.45013]]}, "properties": {"name": "6 Norte", "highway": "living_street"}}, {"type": "Feature", "geometry": {"type": "LineString", "coordinates": [[-68.90738, -22.45233], [-68.91104, -22.45308]]}, "properties": {"name": "Avenida Los Chorrillos", "highway": "tertiary"}}, {"type": "Feature", "geometry": {"type": "LineString", "coordinates": [[-68.91739, -22.44894], [-68.91601, -22.44874]]}, "properties": {"name": "10 Norte", "highway": "living_street"}}, {"type": "Feature", "geometry": {"type": "LineString", "coordinates": [[-68.9145, -22.44954], [-68.91499, -22.44962]]}, "properties": {"name": "7 Norte", "highway": "living_street"}}, {"type": "Feature", "geometry": {"type": "LineString", "coordinates": [[-68.90654, -22.46232], [-68.90682, -22.4636], [-68.90713, -22.46411]]}, "properties": {"name": "Los Suspiros", "highway": "unclassified"}}, {"type": "Feature", "geometry": {"type": "LineString", "coordinates": [[-68.91684, -22.45735], [-68.9181, -22.45751], [-68.91838, -22.45646]]}, "properties": {"name": "Calcopirita", "highway": "living_street"}}, {"type": "Feature", "geometry": {"type": "LineString", "coordinates": [[-68.91779, -22.45747], [-68.91795, -22.45684]]}, "properties": {"name": "Embalse Conchi", "highway": "living_street"}}, {"type": "Feature", "geometry": {"type": "LineString", "coordinates": [[-68.91712, -22.45393], [-68.91462, -22.45353]]}, "properties": {"name": "Avenida Los Chorrillos", "highway": "tertiary"}}, {"type": "Feature", "geometry": {"type": "LineString", "coordinates": [[-68.91774, -22.45681], [-68.91808, -22.45642], [-68.91838, -22.45646]]}, "properties": {"name": "Condominio San José de El Abra", "highway": "living_street"}}, {"type": "Feature", "geometry": {"type": "LineString", "coordinates": [[-68.91694, -22.45703], [-68.91786, -22.45717]]}, "properties": {"name": "Diorita", "highway": "living_street"}}, {"type": "Feature", "geometry": {"type": "LineString", "coordinates": [[-68.91398, -22.44947], [-68.91328, -22.45345]]}, "properties": {"name": "Avenida Nueva", "highway": "tertiary"}}, {"type": "Feature", "geometry": {"type": "LineString", "coordinates": [[-68.92789, -22.47863], [-68.92689, -22.47544]]}, "properties": {"name": "Gabriela Mistral", "highway": "residential"}}, {"type": "Feature", "geometry": {"type": "LineString", "coordinates": [[-68.92342, -22.47862], [-68.92504, -22.47862]]}, "properties": {"name": "Guatín", "highway": "living_street"}}, {"type": "Feature", "geometry": {"type": "LineString", "coordinates": [[-68.92491, -22.47412], [-68.92607, -22.47447]]}, "properties": {"name": "Juan Palazuelos", "highway": "living_street"}}, {"type": "Feature", "geometry": {"type": "LineString", "coordinates": [[-68.92616, -22.47881], [-68.92589, -22.47804]]}, "properties": {"name": "Cucuter", "highway": "living_street"}}, {"type": "Feature", "geometry": {"type": "LineString", "coordinates": [[-68.92778, -22.47602], [-68.92861, -22.47843]]}, "properties": {"name": "San Juan", "highway": "living_street"}}, {"type": "Feature", "geometry": {"type": "LineString", "coordinates": [[-68.92659, -22.4787], [-68.92782, -22.47831]]}, "properties": {"name": "Cabaña", "highway": "living_street"}}, {"type": "Feature", "geometry": {"type": "LineString", "coordinates": [[-68.92591, -22.47929], [-68.92576, -22.47884]]}, "properties": {"name": "Catarpe", "highway": "living_street"}}, {"type": "Feature", "geometry": {"type": "LineString", "coordinates": [[-68.92479, -22.4745], [-68.92595, -22.47485]]}, "properties": {"name": "Antonio Toro", "highway": "living_street"}}, {"type": "Feature", "geometry": {"type": "LineString", "coordinates": [[-68.9263, -22.47791], [-68.92659, -22.4787]]}, "properties": {"name": "Tulor", "highway": "living_street"}}, {"type": "Feature", "geometry": {"type": "LineString", "coordinates": [[-68.92467, -22.47488], [-68.92584, -22.47522]]}, "properties": {"name": "Luis Camus", "highway": "living_street"}}, {"type": "Feature", "geometry": {"type": "LineString", "coordinates": [[-68.92367, -22.47304], [-68.92358, -22.47331], [-68.92455, -22.4736], [-68.92465, -22.47328]]}, "properties": {"name": "", "highway": "living_street"}}, {"type": "Feature", "geometry": {"type": "LineString", "coordinates": [[-68.92821, -22.47855], [-68.92906, -22.47829]]}, "properties": {"name": "Copa Coya", "highway": "living_street"}}, {"type": "Feature", "geometry": {"type": "LineString", "coordinates": [[-68.91964, -22.46475], [-68.9192, -22.46632]]}, "properties": {"name": "Ecuador", "highway": "residential"}}, {"type": "Feature", "geometry": {"type": "LineString", "coordinates": [[-68.92351, -22.47831], [-68.92504, -22.47831]]}, "properties": {"name": "Machuca", "highway": "living_street"}}, {"type": "Feature", "geometry": {"type": "LineString", "coordinates": [[-68.92534, -22.47757], [-68.92454, -22.47756]]}, "properties": {"name": "Santiago de Río Grande", "highway": "living_street"}}, {"type": "Feature", "geometry": {"type": "LineString", "coordinates": [[-68.92674, -22.47898], [-68.92789, -22.47863]]}, "properties": {"name": "Copa Coya", "highway": "living_street"}}, {"type": "Feature", "geometry": {"type": "LineString", "coordinates": [[-68.92455, -22.47726], [-68.92454, -22.4779]]}, "properties": {"name": "Cablor", "highway": "living_street"}}, {"type": "Feature", "geometry": {"type": "LineString", "coordinates": [[-68.92639, -22.47789], [-68.92628, -22.47756]]}, "properties": {"name": "Tulor", "highway": "living_street"}}, {"type": "Feature", "geometry": {"type": "LineString", "coordinates": [[-68.92326, -22.47443], [-68.92456, -22.47522]]}, "properties": {"name": "Cesáreo Aguirre", "highway": "residential"}}, {"type": "Feature", "geometry": {"type": "LineString", "coordinates": [[-68.92476, -22.4746], [-68.92326, -22.47415]]}, "properties": {"name": "Francisco San Román", "highway": "living_street"}}, {"type": "Feature", "geometry": {"type": "LineString", "coordinates": [[-68.92372, -22.47065], [-68.92373, -22.47215]]}, "properties": {"name": "Volcán Tacora", "highway": "living_street"}}, {"type": "Feature", "geometry": {"type": "LineString", "coordinates": [[-68.92869, -22.47687], [-68.9286, -22.4769]]}, "properties": {"name": "Piedras Grandes", "highway": "residential"}}, {"type": "Feature", "geometry": {"type": "LineString", "coordinates": [[-68.92701, -22.47857], [-68.92674, -22.47778]]}, "properties": {"name": "Cerro Polan", "highway": "living_street"}}, {"type": "Feature", "geometry": {"type": "LineString", "coordinates": [[-68.92504, -22.47897], [-68.92504, -22.4779]]}, "properties": {"name": "Larache", "highway": "living_street"}}, {"type": "Feature", "geometry": {"type": "LineString", "coordinates": [[-68.92709, -22.47768], [-68.92553, -22.47815]]}, "properties": {"name": "Machuca", "highway": "living_street"}}, {"type": "Feature", "geometry": {"type": "LineString", "coordinates": [[-68.91454, -22.47585], [-68.91468, -22.4743], [-68.91434, -22.47347], [-68.91514, -22.47282], [-68.91514, -22.4719], [-68.91537, -22.47158]]}, "properties": {"name": "Caracoles", "highway": "residential"}}, {"type": "Feature", "geometry": {"type": "LineString", "coordinates": [[-68.92414, -22.47757], [-68.92365, -22.47757]]}, "properties": {"name": "Santiago de Río Grande", "highway": "living_street"}}, {"type": "Feature", "geometry": {"type": "LineString", "coordinates": [[-68.92761, -22.47766], [-68.92828, -22.47746]]}, "properties": {"name": "Machuca", "highway": "living_street"}}, {"type": "Feature", "geometry": {"type": "LineString", "coordinates": [[-68.92416, -22.47349], [-68.92433, -22.47298]]}, "properties": {"name": "", "highway": "living_street"}}, {"type": "Feature", "geometry": {"type": "LineString", "coordinates": [[-68.92508, -22.47677], [-68.92541, -22.47669]]}, "properties": {"name": "Lican", "highway": "living_street"}}, {"type": "Feature", "geometry": {"type": "LineString", "coordinates": [[-68.9244, -22.47119], [-68.92514, -22.47138]]}, "properties": {"name": "Lincoyán", "highway": "living_street"}}, {"type": "Feature", "geometry": {"type": "LineString", "coordinates": [[-68.92494, -22.47636], [-68.92576, -22.47884]]}, "properties": {"name": "Catarpe", "highway": "residential"}}, {"type": "Feature", "geometry": {"type": "LineString", "coordinates": [[-68.91745, -22.47679], [-68.9181, -22.47538], [-68.91893, -22.47446], [-68.91905, -22.47379], [-68.91941, -22.47326]]}, "properties": {"name": "Avenida Oriente Interior", "highway": "unclassified"}}, {"type": "Feature", "geometry": {"type": "LineString", "coordinates": [[-68.92732, -22.47679], [-68.92799, -22.47661]]}, "properties": {"name": "Santiago de Río Grande", "highway": "living_street"}}, {"type": "Feature", "geometry": {"type": "LineString", "coordinates": [[-68.92556, -22.47711], [-68.92618, -22.47694]]}, "properties": {"name": "Tambillo", "highway": "living_street"}}, {"type": "Feature", "geometry": {"type": "LineString", "coordinates": [[-68.92876, -22.47884], [-68.92902, -22.4796]]}, "properties": {"name": "San Juan", "highway": "living_street"}}, {"type": "Feature", "geometry": {"type": "LineString", "coordinates": [[-68.92618, -22.47694], [-68.92639, -22.47753]]}, "properties": {"name": "Tulor", "highway": "living_street"}}, {"type": "Feature", "geometry": {"type": "LineString", "coordinates": [[-68.92664, -22.47635], [-68.92713, -22.4762]]}, "properties": {"name": "Lican", "highway": "living_street"}}, {"type": "Feature", "geometry": {"type": "LineString", "coordinates": [[-68.91959, -22.47752], [-68.91963, -22.47704], [-68.91866, -22.47644], [-68.91769, -22.47614]]}, "properties": {"name": "", "highway": "living_street"}}, {"type": "Feature", "geometry": {"type": "LineString", "coordinates": [[-68.91761, -22.47632], [-68.91732, -22.47607], [-68.91742, -22.4756], [-68.91778, -22.47518], [-68.9181, -22.47538]]}, "properties": {"name": "", "highway": "residential"}}, {"type": "Feature", "geometry": {"type": "LineString", "coordinates": [[-68.92736, -22.47544], [-68.92777, -22.47667]]}, "properties": {"name": "San Juan", "highway": "living_street"}}, {"type": "Feature", "geometry": {"type": "LineString", "coordinates": [[-68.92958, -22.47842], [-68.93064, -22.47872]]}, "properties": {"name": "Colorado", "highway": "living_street"}}, {"type": "Feature", "geometry": {"type": "LineString", "coordinates": [[-68.92778, -22.47819], [-68.92846, -22.47799]]}, "properties": {"name": "Cabaña", "highway": "living_street"}}, {"type": "Feature", "geometry": {"type": "LineString", "coordinates": [[-68.92843, -22.47894], [-68.9292, -22.47871]]}, "properties": {"name": "Paniri", "highway": "living_street"}}, {"type": "Feature", "geometry": {"type": "LineString", "coordinates": [[-68.92566, -22.4774], [-68.92687, -22.47704]]}, "properties": {"name": "Santiago de Río Grande", "highway": "living_street"}}, {"type": "Feature", "geometry": {"type": "LineString", "coordinates": [[-68.93592, -22.43838], [-68.93251, -22.43895]]}, "properties": {"name": "Clotario Blest", "highway": "residential"}}, {"type": "Feature", "geometry": {"type": "LineString", "coordinates": [[-68.92201, -22.45487], [-68.92301, -22.45465]]}, "properties": {"name": "Balmaceda", "highway": "residential"}}, {"type": "Feature", "geometry": {"type": "LineString", "coordinates": [[-68.91592, -22.43285], [-68.91315, -22.43377]]}, "properties": {"name": "Avenida Circunvalación", "highway": "trunk"}}, {"type": "Feature", "geometry": {"type": "LineString", "coordinates": [[-68.92527, -22.43347], [-68.9247, -22.43085]]}, "properties": {"name": "Avenida Granaderos", "highway": "tertiary"}}, {"type": "Feature", "geometry": {"type": "LineString", "coordinates": [[-68.9399, -22.46728], [-68.94048, -22.4674]]}, "properties": {"name": "Condominio Verdes Campiñas", "highway": "living_street"}}, {"type": "Feature", "geometry": {"type": "LineString", "coordinates": [[-68.93957, -22.47013], [-68.94053, -22.46719]]}, "properties": {"name": "Condominio Verdes Campiñas", "highway": "residential"}}, {"type": "Feature", "geometry": {"type": "LineString", "coordinates": [[-68.93987, -22.46754], [-68.9404, -22.46767]]}, "properties": {"name": "Condominio Verdes Campiñas", "highway": "living_street"}}, {"type": "Feature", "geometry": {"type": "LineString", "coordinates": [[-68.93982, -22.46781], [-68.94033, -22.46794]]}, "properties": {"name": "Condominio Verdes Campiñas", "highway": "living_street"}}, {"type": "Feature", "geometry": {"type": "LineString", "coordinates": [[-68.93981, -22.46809], [-68.94025, -22.4682]]}, "properties": {"name": "Condominio Verdes Campiñas", "highway": "living_street"}}, {"type": "Feature", "geometry": {"type": "LineString", "coordinates": [[-68.93978, -22.46836], [-68.94018, -22.46846]]}, "properties": {"name": "Condominio Verdes Campiñas", "highway": "living_street"}}, {"type": "Feature", "geometry": {"type": "LineString", "coordinates": [[-68.93976, -22.46863], [-68.94011, -22.46872]]}, "properties": {"name": "Condominio Verdes Campiñas", "highway": "living_street"}}, {"type": "Feature", "geometry": {"type": "LineString", "coordinates": [[-68.93978, -22.46892], [-68.94003, -22.46898]]}, "properties": {"name": "Condominio Verdes Campiñas", "highway": "living_street"}}, {"type": "Feature", "geometry": {"type": "LineString", "coordinates": [[-68.93974, -22.4692], [-68.93996, -22.46925]]}, "properties": {"name": "Condominio Verdes Campiñas", "highway": "living_street"}}, {"type": "Feature", "geometry": {"type": "LineString", "coordinates": [[-68.93972, -22.46946], [-68.93989, -22.46951]]}, "properties": {"name": "Condominio Verdes Campiñas", "highway": "living_street"}}, {"type": "Feature", "geometry": {"type": "LineString", "coordinates": [[-68.94861, -22.4526], [-68.95089, -22.45264]]}, "properties": {"name": "Petrohué Norte", "highway": "living_street"}}, {"type": "Feature", "geometry": {"type": "LineString", "coordinates": [[-68.96786, -22.46294], [-68.96139, -22.46055], [-68.95143, -22.45648]]}, "properties": {"name": "Hurtado de Mendoza", "highway": "residential"}}, {"type": "Feature", "geometry": {"type": "LineString", "coordinates": [[-68.94386, -22.45], [-68.95119, -22.45022]]}, "properties": {"name": "Federico Errázuriz", "highway": "residential"}}, {"type": "Feature", "geometry": {"type": "LineString", "coordinates": [[-68.94599, -22.45145], [-68.94601, -22.45108]]}, "properties": {"name": "Auka Rasu", "highway": "living_street"}}, {"type": "Feature", "geometry": {"type": "LineString", "coordinates": [[-68.94745, -22.44914], [-68.94742, -22.45012]]}, "properties": {"name": "Hauka Huali Poniente", "highway": "living_street"}}, {"type": "Feature", "geometry": {"type": "LineString", "coordinates": [[-68.94919, -22.456], [-68.94998, -22.45605]]}, "properties": {"name": "Pasaje Calafquén", "highway": "living_street"}}, {"type": "Feature", "geometry": {"type": "LineString", "coordinates": [[-68.94883, -22.45152], [-68.94894, -22.44759]]}, "properties": {"name": "Kolke", "highway": "residential"}}, {"type": "Feature", "geometry": {"type": "LineString", "coordinates": [[-68.94764, -22.45975], [-68.9471, -22.45969]]}, "properties": {"name": "Tarapacá Sur", "highway": "living_street"}}, {"type": "Feature", "geometry": {"type": "LineString", "coordinates": [[-68.95092, -22.45188], [-68.94926, -22.45184]]}, "properties": {"name": "Chacra Vieja", "highway": "living_street"}}, {"type": "Feature", "geometry": {"type": "LineString", "coordinates": [[-68.94749, -22.45051], [-68.94702, -22.4505]]}, "properties": {"name": "Provincia de Canton Norte", "highway": "residential"}}, {"type": "Feature", "geometry": {"type": "LineString", "coordinates": [[-68.94923, -22.4555], [-68.94837, -22.45543]]}, "properties": {"name": "Pasaje Isabel La Católica", "highway": "living_street"}}, {"type": "Feature", "geometry": {"type": "LineString", "coordinates": [[-68.94861, -22.4526], [-68.9483, -22.4564]]}, "properties": {"name": "Hugo Vidal Zamorano", "highway": "residential"}}, {"type": "Feature", "geometry": {"type": "LineString", "coordinates": [[-68.94947, -22.45093], [-68.9495, -22.45018]]}, "properties": {"name": "Palla Poniente", "highway": "living_street"}}, {"type": "Feature", "geometry": {"type": "LineString", "coordinates": [[-68.94816, -22.44943], [-68.94816, -22.44981]]}, "properties": {"name": "Kolke Oriente", "highway": "living_street"}}, {"type": "Feature", "geometry": {"type": "LineString", "coordinates": [[-68.94173, -22.45135], [-68.95093, -22.45157]]}, "properties": {"name": "Alonso de Ercilla", "highway": "tertiary"}}, {"type": "Feature", "geometry": {"type": "LineString", "coordinates": [[-68.94925, -22.45153], [-68.94923, -22.4526]]}, "properties": {"name": "Pasaje Palla Querida", "highway": "living_street"}}, {"type": "Feature", "geometry": {"type": "LineString", "coordinates": [[-68.9489, -22.44946], [-68.94816, -22.44943]]}, "properties": {"name": "Calle Tikan Kabur", "highway": "living_street"}}, {"type": "Feature", "geometry": {"type": "LineString", "coordinates": [[-68.94981, -22.4532], [-68.9499, -22.44882]]}, "properties": {"name": "Guillermo Cavour", "highway": "residential"}}, {"type": "Feature", "geometry": {"type": "LineString", "coordinates": [[-68.94894, -22.44759], [-68.951, -22.45002]]}, "properties": {"name": "Calle Carlos Díaz Ossa", "highway": "residential"}}, {"type": "Feature", "geometry": {"type": "LineString", "coordinates": [[-68.95863, -22.45878], [-68.95672, -22.45783], [-68.95556, -22.45662], [-68.95326, -22.45647]]}, "properties": {"name": "", "highway": "unclassified"}}, {"type": "Feature", "geometry": {"type": "LineString", "coordinates": [[-68.92492, -22.45516], [-68.92514, -22.45518]]}, "properties": {"name": "Vivar", "highway": "residential"}}, {"type": "Feature", "geometry": {"type": "LineString", "coordinates": [[-68.92248, -22.45706], [-68.92286, -22.45659], [-68.92297, -22.45578]]}, "properties": {"name": "Avenida Parque Oriente", "highway": "tertiary"}}, {"type": "Feature", "geometry": {"type": "LineString", "coordinates": [[-68.96034, -22.46212], [-68.96049, -22.46218], [-68.95815, -22.46596], [-68.95099, -22.47653]]}, "properties": {"name": "Camino Yaru", "highway": "unclassified"}}, {"type": "Feature", "geometry": {"type": "LineString", "coordinates": [[-68.92297, -22.45578], [-68.92304, -22.45416]]}, "properties": {"name": "Avenida Parque Oriente", "highway": "tertiary"}}, {"type": "Feature", "geometry": {"type": "LineString", "coordinates": [[-68.94992, -22.4546], [-68.94998, -22.45368]]}, "properties": {"name": "Pasaje Gaceta", "highway": "living_street"}}, {"type": "Feature", "geometry": {"type": "LineString", "coordinates": [[-68.94922, -22.44948], [-68.94921, -22.44985]]}, "properties": {"name": "Tikan Kabur Oriente", "highway": "living_street"}}, {"type": "Feature", "geometry": {"type": "LineString", "coordinates": [[-68.94821, -22.45015], [-68.9482, -22.45053], [-68.94867, -22.45055]]}, "properties": {"name": "Errazuriz Sur", "highway": "residential"}}, {"type": "Feature", "geometry": {"type": "LineString", "coordinates": [[-68.95145, -22.45098], [-68.94665, -22.45082]]}, "properties": {"name": "Felipe Lilayu Cosme", "highway": "residential"}}, {"type": "Feature", "geometry": {"type": "LineString", "coordinates": [[-68.94875, -22.45643], [-68.94882, -22.45547]]}, "properties": {"name": "Pasaje Dos", "highway": "living_street"}}, {"type": "Feature", "geometry": {"type": "LineString", "coordinates": [[-68.95063, -22.45096], [-68.95065, -22.45021]]}, "properties": {"name": "Pasaje Ollantay Oriente", "highway": "living_street"}}, {"type": "Feature", "geometry": {"type": "LineString", "coordinates": [[-68.94768, -22.45929], [-68.94713, -22.45925]]}, "properties": {"name": "Tarapacá Norte", "highway": "living_street"}}, {"type": "Feature", "geometry": {"type": "LineString", "coordinates": [[-68.94984, -22.45212], [-68.95091, -22.45215]]}, "properties": {"name": "Nieves Caucota", "highway": "living_street"}}, {"type": "Feature", "geometry": {"type": "LineString", "coordinates": [[-68.94704, -22.44973], [-68.94744, -22.44974]]}, "properties": {"name": "Hauka Huali Sur", "highway": "living_street"}}, {"type": "Feature", "geometry": {"type": "LineString", "coordinates": [[-68.95032, -22.45095], [-68.95034, -22.45054]]}, "properties": {"name": "Federico Errazuríz Sur", "highway": "living_street"}}, {"type": "Feature", "geometry": {"type": "LineString", "coordinates": [[-68.92297, -22.45578], [-68.92291, -22.45661], [-68.92259, -22.45705]]}, "properties": {"name": "Avenida Parque Oriente", "highway": "tertiary"}}, {"type": "Feature", "geometry": {"type": "LineString", "coordinates": [[-68.9462, -22.45107], [-68.94625, -22.45045]]}, "properties": {"name": "Auka Rasu Poniente", "highway": "living_street"}}, {"type": "Feature", "geometry": {"type": "LineString", "coordinates": [[-68.95383, -22.46424], [-68.95482, -22.462]]}, "properties": {"name": "Nueva Calama", "highway": "unclassified"}}, {"type": "Feature", "geometry": {"type": "LineString", "coordinates": [[-68.9502, -22.44952], [-68.95019, -22.45019]]}, "properties": {"name": "Pasaje Guillermo Cavour", "highway": "living_street"}}, {"type": "Feature", "geometry": {"type": "LineString", "coordinates": [[-68.9499, -22.44913], [-68.95072, -22.45021]]}, "properties": {"name": "Pasaje Killa Antai (Paloma de la Luna)", "highway": "living_street"}}, {"type": "Feature", "geometry": {"type": "LineString", "coordinates": [[-68.95159, -22.45112], [-68.95143, -22.45125], [-68.94885, -22.45119]]}, "properties": {"name": "Pasaje Felipe Lilayu Cosme Sur", "highway": "living_street"}}, {"type": "Feature", "geometry": {"type": "LineString", "coordinates": [[-68.9509, -22.45231], [-68.94924, -22.45227]]}, "properties": {"name": "Nieves Caucota", "highway": "living_street"}}, {"type": "Feature", "geometry": {"type": "LineString", "coordinates": [[-68.94918, -22.45092], [-68.94919, -22.45017]]}, "properties": {"name": "Palla Oriente", "highway": "living_street"}}, {"type": "Feature", "geometry": {"type": "LineString", "coordinates": [[-68.92263, -22.45725], [-68.92444, -22.45678]]}, "properties": {"name": "Calle Nueva 2", "highway": "residential"}}, {"type": "Feature", "geometry": {"type": "LineString", "coordinates": [[-68.94905, -22.4579], [-68.94943, -22.45324]]}, "properties": {"name": "Sofía", "highway": "residential"}}, {"type": "Feature", "geometry": {"type": "LineString", "coordinates": [[-68.95005, -22.45514], [-68.94992, -22.4546]]}, "properties": {"name": "Pasaje Gaceta", "highway": "living_street"}}, {"type": "Feature", "geometry": {"type": "LineString", "coordinates": [[-68.9476, -22.4602], [-68.94792, -22.4564]]}, "properties": {"name": "Rahue", "highway": "residential"}}, {"type": "Feature", "geometry": {"type": "LineString", "coordinates": [[-68.94894, -22.44816], [-68.94932, -22.44797]]}, "properties": {"name": "Huayna Atacama", "highway": "living_street"}}, {"type": "Feature", "geometry": {"type": "LineString", "coordinates": [[-68.93688, -22.43944], [-68.93617, -22.43875]]}, "properties": {"name": "Isla Brac", "highway": "residential"}}, {"type": "Feature", "geometry": {"type": "LineString", "coordinates": [[-68.94385, -22.44755], [-68.9398, -22.44776]]}, "properties": {"name": "Manuel Montt", "highway": "residential"}}, {"type": "Feature", "geometry": {"type": "LineString", "coordinates": [[-68.94456, -22.44819], [-68.94545, -22.44824]]}, "properties": {"name": "Condominio Quetena III", "highway": "living_street"}}, {"type": "Feature", "geometry": {"type": "LineString", "coordinates": [[-68.93431, -22.43809], [-68.93464, -22.43988]]}, "properties": {"name": "Pasaje Víctor Hugo Véliz", "highway": "residential"}}, {"type": "Feature", "geometry": {"type": "LineString", "coordinates": [[-68.94385, -22.44755], [-68.94385, -22.45077]]}, "properties": {"name": "Colo Colo", "highway": "residential"}}, {"type": "Feature", "geometry": {"type": "LineString", "coordinates": [[-68.94596, -22.44838], [-68.94671, -22.4484]]}, "properties": {"name": "Huaira Sur", "highway": "living_street"}}, {"type": "Feature", "geometry": {"type": "LineString", "coordinates": [[-68.94045, -22.44882], [-68.94032, -22.44811]]}, "properties": {"name": "Kamac Pacha Inti", "highway": "living_street"}}, {"type": "Feature", "geometry": {"type": "LineString", "coordinates": [[-68.94894, -22.44759], [-68.94448, -22.44739]]}, "properties": {"name": "Manuel Montt", "highway": "residential"}}, {"type": "Feature", "geometry": {"type": "LineString", "coordinates": [[-68.94312, -22.44757], [-68.94313, -22.44865]]}, "properties": {"name": "Quetena", "highway": "residential"}}, {"type": "Feature", "geometry": {"type": "LineString", "coordinates": [[-68.93375, -22.43975], [-68.93344, -22.43824]]}, "properties": {"name": "Pasaje Alejandro Cerutti", "highway": "residential"}}, {"type": "Feature", "geometry": {"type": "LineString", "coordinates": [[-68.94055, -22.44946], [-68.94152, -22.44931]]}, "properties": {"name": "Ernesto Nuñes", "highway": "living_street"}}, {"type": "Feature", "geometry": {"type": "LineString", "coordinates": [[-68.94026, -22.45005], [-68.94153, -22.44981], [-68.94386, -22.44978]]}, "properties": {"name": "Federico Errázuriz", "highway": "residential"}}, {"type": "Feature", "geometry": {"type": "LineString", "coordinates": [[-68.94312, -22.44794], [-68.94385, -22.44794]]}, "properties": {"name": "Manuel Montt Sur", "highway": "living_street"}}, {"type": "Feature", "geometry": {"type": "LineString", "coordinates": [[-68.94219, -22.45068], [-68.94217, -22.45002]]}, "properties": {"name": "Toko Llama", "highway": "living_street"}}, {"type": "Feature", "geometry": {"type": "LineString", "coordinates": [[-68.93752, -22.43967], [-68.93746, -22.43936], [-68.93583, -22.43783]]}, "properties": {"name": "Pedro Yutronic Vladislavic", "highway": "residential"}}, {"type": "Feature", "geometry": {"type": "LineString", "coordinates": [[-68.94504, -22.44749], [-68.94495, -22.44868]]}, "properties": {"name": "Condominio Quetena III", "highway": "living_street"}}, {"type": "Feature", "geometry": {"type": "LineString", "coordinates": [[-68.94151, -22.4481], [-68.94312, -22.44809]]}, "properties": {"name": "Pasaje Jorge Alvear Urrutia Norte", "highway": "living_street"}}, {"type": "Feature", "geometry": {"type": "LineString", "coordinates": [[-68.93268, -22.43983], [-68.93338, -22.43971], [-68.93558, -22.44002], [-68.93797, -22.43958]]}, "properties": {"name": "Bolivia", "highway": "residential"}}, {"type": "Feature", "geometry": {"type": "LineString", "coordinates": [[-68.94752, -22.44845], [-68.94754, -22.44784]]}, "properties": {"name": "Hauka Huali Poniente", "highway": "living_street"}}, {"type": "Feature", "geometry": {"type": "LineString", "coordinates": [[-68.93596, -22.43995], [-68.93554, -22.43788]]}, "properties": {"name": "Luis Emilio Recabarren", "highway": "residential"}}, {"type": "Feature", "geometry": {"type": "LineString", "coordinates": [[-68.94313, -22.44865], [-68.94311, -22.45076]]}, "properties": {"name": "Quetena", "highway": "residential"}}, {"type": "Feature", "geometry": {"type": "LineString", "coordinates": [[-68.94586, -22.44907], [-68.94582, -22.44971]]}, "properties": {"name": "Pillan Apu Oriente", "highway": "living_street"}}, {"type": "Feature", "geometry": {"type": "LineString", "coordinates": [[-68.94063, -22.44997], [-68.9405, -22.44919]]}, "properties": {"name": "Kamac Pacha Inti (Gran Dios Sol)", "highway": "living_street"}}, {"type": "Feature", "geometry": {"type": "LineString", "coordinates": [[-68.94553, -22.44777], [-68.94456, -22.44771]]}, "properties": {"name": "Condominio Quetena III", "highway": "living_street"}}, {"type": "Feature", "geometry": {"type": "LineString", "coordinates": [[-68.94039, -22.45071], [-68.94299, -22.45068]]}, "properties": {"name": "Río Loa", "highway": "living_street"}}, {"type": "Feature", "geometry": {"type": "LineString", "coordinates": [[-68.93752, -22.43884], [-68.93688, -22.43944], [-68.9359, -22.43963]]}, "properties": {"name": "Inmigrante", "highway": "residential"}}, {"type": "Feature", "geometry": {"type": "LineString", "coordinates": [[-68.94312, -22.44822], [-68.94151, -22.44824]]}, "properties": {"name": "Pasaje Jorge Alvear Urrutia Sur", "highway": "living_street"}}, {"type": "Feature", "geometry": {"type": "LineString", "coordinates": [[-68.94386, -22.45], [-68.94156, -22.45002], [-68.9403, -22.45024]]}, "properties": {"name": "Federico Errázuriz", "highway": "residential"}}, {"type": "Feature", "geometry": {"type": "LineString", "coordinates": [[-68.94227, -22.44809], [-68.94227, -22.4498]]}, "properties": {"name": "Toko Llama", "highway": "residential"}}, {"type": "Feature", "geometry": {"type": "LineString", "coordinates": [[-68.94823, -22.44785], [-68.94821, -22.44847]]}, "properties": {"name": "Huayna Atacama Oriente", "highway": "living_street"}}, {"type": "Feature", "geometry": {"type": "LineString", "coordinates": [[-68.94485, -22.45002], [-68.94495, -22.44868]]}, "properties": {"name": "Pasaje Cerro La Cruz", "highway": "residential"}}, {"type": "Feature", "geometry": {"type": "LineString", "coordinates": [[-68.94072, -22.44806], [-68.94121, -22.45069]]}, "properties": {"name": "Inti Huaca", "highway": "living_street"}}, {"type": "Feature", "geometry": {"type": "LineString", "coordinates": [[-68.93797, -22.43958], [-68.93788, -22.43914], [-68.93638, -22.43774]]}, "properties": {"name": "Pasaje Sapaliri", "highway": "residential"}}, {"type": "Feature", "geometry": {"type": "LineString", "coordinates": [[-68.94151, -22.44799], [-68.93988, -22.44818]]}, "properties": {"name": "Pasaje Jorge Alvear", "highway": "residential"}}, {"type": "Feature", "geometry": {"type": "LineString", "coordinates": [[-68.94821, -22.44815], [-68.94894, -22.44816]]}, "properties": {"name": "Huayna Atacama", "highway": "living_street"}}, {"type": "Feature", "geometry": {"type": "LineString", "coordinates": [[-68.94463, -22.44747], [-68.94555, -22.44753]]}, "properties": {"name": "Condominio Quetena III", "highway": "living_street"}}, {"type": "Feature", "geometry": {"type": "LineString", "coordinates": [[-68.94311, -22.45038], [-68.94386, -22.45036]]}, "properties": {"name": "Kusi Hayla", "highway": "living_street"}}, {"type": "Feature", "geometry": {"type": "LineString", "coordinates": [[-68.93318, -22.43928], [-68.93309, -22.43884]]}, "properties": {"name": "Pasaje Vinka Ivanovic", "highway": "living_street"}}, {"type": "Feature", "geometry": {"type": "LineString", "coordinates": [[-68.9455, -22.448], [-68.94458, -22.44794]]}, "properties": {"name": "Condominio Quetena III", "highway": "living_street"}}, {"type": "Feature", "geometry": {"type": "LineString", "coordinates": [[-68.94632, -22.44939], [-68.94584, -22.44937]]}, "properties": {"name": "Pillan Apu", "highway": "living_street"}}, {"type": "Feature", "geometry": {"type": "LineString", "coordinates": [[-68.9401, -22.44927], [-68.94092, -22.44912]]}, "properties": {"name": "Pasaje Kara Pampa", "highway": "residential"}}, {"type": "Feature", "geometry": {"type": "LineString", "coordinates": [[-68.94275, -22.45488], [-68.9422, -22.46361]]}, "properties": {"name": "Quetena", "highway": "tertiary"}}, {"type": "Feature", "geometry": {"type": "LineString", "coordinates": [[-68.93451, -22.43905], [-68.9326, -22.43939]]}, "properties": {"name": "Esteban Tomic", "highway": "residential"}}, {"type": "Feature", "geometry": {"type": "LineString", "coordinates": [[-68.9349, -22.43963], [-68.93555, -22.43952]]}, "properties": {"name": "Karama", "highway": "living_street"}}, {"type": "Feature", "geometry": {"type": "LineString", "coordinates": [[-68.94385, -22.44903], [-68.94313, -22.44903]]}, "properties": {"name": "Kara Pampa", "highway": "living_street"}}, {"type": "Feature", "geometry": {"type": "LineString", "coordinates": [[-68.94424, -22.45076], [-68.94311, -22.45076]]}, "properties": {"name": "Río Loa", "highway": "residential"}}, {"type": "Feature", "geometry": {"type": "LineString", "coordinates": [[-68.93531, -22.43998], [-68.93518, -22.4392]]}, "properties": {"name": "Pasaje Agricultura", "highway": "living_street"}}, {"type": "Feature", "geometry": {"type": "LineString", "coordinates": [[-68.93455, -22.4393], [-68.9358, -22.43908], [-68.93681, -22.43816]]}, "properties": {"name": "Esteban Tomic Romero", "highway": "residential"}}, {"type": "Feature", "geometry": {"type": "LineString", "coordinates": [[-68.9426, -22.45002], [-68.9426, -22.45068]]}, "properties": {"name": "Tamen Tiquen", "highway": "living_street"}}, {"type": "Feature", "geometry": {"type": "LineString", "coordinates": [[-68.94386, -22.4494], [-68.94312, -22.44941]]}, "properties": {"name": "Ernesto Nuñes", "highway": "living_street"}}, {"type": "Feature", "geometry": {"type": "LineString", "coordinates": [[-68.90126, -22.44978], [-68.90103, -22.44914]]}, "properties": {"name": "KKota", "highway": "residential"}}, {"type": "Feature", "geometry": {"type": "LineString", "coordinates": [[-68.90216, -22.45077], [-68.89919, -22.45168]]}, "properties": {"name": "Taqui Kala", "highway": "residential"}}, {"type": "Feature", "geometry": {"type": "LineString", "coordinates": [[-68.89906, -22.45167], [-68.89877, -22.44984]]}, "properties": {"name": "Taqui Kollo", "highway": "residential"}}, {"type": "Feature", "geometry": {"type": "LineString", "coordinates": [[-68.9024, -22.44947], [-68.90215, -22.44879]]}, "properties": {"name": "Phujhu", "highway": "residential"}}, {"type": "Feature", "geometry": {"type": "LineString", "coordinates": [[-68.89982, -22.45381], [-68.89935, -22.45349]]}, "properties": {"name": "Selqui", "highway": "residential"}}, {"type": "Feature", "geometry": {"type": "LineString", "coordinates": [[-68.8984, -22.4504], [-68.89884, -22.45035]]}, "properties": {"name": "Pasaje Kollos Bayos", "highway": "living_street"}}, {"type": "Feature", "geometry": {"type": "LineString", "coordinates": [[-68.90072, -22.45376], [-68.89945, -22.4529]]}, "properties": {"name": "Kala", "highway": "residential"}}, {"type": "Feature", "geometry": {"type": "LineString", "coordinates": [[-68.90309, -22.45082], [-68.90222, -22.45056]]}, "properties": {"name": "Pasaje Humur", "highway": "living_street"}}, {"type": "Feature", "geometry": {"type": "LineString", "coordinates": [[-68.89865, -22.45121], [-68.89897, -22.45115]]}, "properties": {"name": "Pasaje Cerro del Pajonal", "highway": "living_street"}}, {"type": "Feature", "geometry": {"type": "LineString", "coordinates": [[-68.9006, -22.45174], [-68.90068, -22.45196]]}, "properties": {"name": "Pasaje Hoire", "highway": "living_street"}}, {"type": "Feature", "geometry": {"type": "LineString", "coordinates": [[-68.90199, -22.45233], [-68.90139, -22.45197]]}, "properties": {"name": "Pasaje Calal", "highway": "residential"}}, {"type": "Feature", "geometry": {"type": "LineString", "coordinates": [[-68.89938, -22.45403], [-68.89872, -22.45407]]}, "properties": {"name": "Pasaje Ichcai", "highway": "residential"}}, {"type": "Feature", "geometry": {"type": "LineString", "coordinates": [[-68.8987, -22.45391], [-68.89937, -22.45386]]}, "properties": {"name": "Pasaje Ichcai", "highway": "residential"}}, {"type": "Feature", "geometry": {"type": "LineString", "coordinates": [[-68.9018, -22.45039], [-68.90163, -22.4499]]}, "properties": {"name": "Sanu Matara", "highway": "living_street"}}, {"type": "Feature", "geometry": {"type": "LineString", "coordinates": [[-68.90173, -22.45288], [-68.90075, -22.45218]]}, "properties": {"name": "Caur", "highway": "residential"}}, {"type": "Feature", "geometry": {"type": "LineString", "coordinates": [[-68.9007, -22.44998], [-68.90046, -22.44932]]}, "properties": {"name": "Kullku", "highway": "residential"}}, {"type": "Feature", "geometry": {"type": "LineString", "coordinates": [[-68.89811, -22.45005], [-68.90274, -22.44861]]}, "properties": {"name": "Taqui Uma", "highway": "residential"}}, {"type": "Feature", "geometry": {"type": "LineString", "coordinates": [[-68.89896, -22.45112], [-68.89972, -22.45089], [-68.90015, -22.45037], [-68.90253, -22.44963]]}, "properties": {"name": "Taqui Huailla", "highway": "residential"}}, {"type": "Feature", "geometry": {"type": "LineString", "coordinates": [[-68.90186, -22.45182], [-68.90015, -22.45236], [-68.89994, -22.45258]]}, "properties": {"name": "Avenida Yaical", "highway": "residential"}}, {"type": "Feature", "geometry": {"type": "LineString", "coordinates": [[-68.90014, -22.45019], [-68.8999, -22.4495]]}, "properties": {"name": "Mayu Juchuy", "highway": "residential"}}, {"type": "Feature", "geometry": {"type": "LineString", "coordinates": [[-68.8994, -22.45446], [-68.90027, -22.45347]]}, "properties": {"name": "Lari", "highway": "residential"}}, {"type": "Feature", "geometry": {"type": "LineString", "coordinates": [[-68.90109, -22.45157], [-68.90117, -22.4518]]}, "properties": {"name": "Pasaje Halar", "highway": "living_street"}}, {"type": "Feature", "geometry": {"type": "LineString", "coordinates": [[-68.89904, -22.45195], [-68.89906, -22.45167]]}, "properties": {"name": "Avenida Cari", "highway": "residential"}}, {"type": "Feature", "geometry": {"type": "LineString", "coordinates": [[-68.90005, -22.45192], [-68.90013, -22.45214]]}, "properties": {"name": "Pasaje Camur", "highway": "living_street"}}, {"type": "Feature", "geometry": {"type": "LineString", "coordinates": [[-68.8984, -22.45173], [-68.89938, -22.45192], [-68.90131, -22.45325]]}, "properties": {"name": "Avenida Cari", "highway": "residential"}}, {"type": "Feature", "geometry": {"type": "LineString", "coordinates": [[-68.90152, -22.45193], [-68.90143, -22.45171]]}, "properties": {"name": "Avenida Yaical", "highway": "residential"}}, {"type": "Feature", "geometry": {"type": "LineString", "coordinates": [[-68.90112, -22.45337], [-68.89904, -22.45195], [-68.89843, -22.45186]]}, "properties": {"name": "Avenida Cari", "highway": "residential"}}, {"type": "Feature", "geometry": {"type": "LineString", "coordinates": [[-68.90077, -22.44723], [-68.90049, -22.4471], [-68.90106, -22.44636]]}, "properties": {"name": "Pasaje Salar de Pujsa", "highway": "living_street"}}, {"type": "Feature", "geometry": {"type": "LineString", "coordinates": [[-68.9016, -22.45144], [-68.90168, -22.45163]]}, "properties": {"name": "Pasaje Capin", "highway": "living_street"}}, {"type": "Feature", "geometry": {"type": "LineString", "coordinates": [[-68.90103, -22.4511], [-68.90071, -22.45019]]}, "properties": {"name": "Ancha Sacha", "highway": "residential"}}, {"type": "Feature", "geometry": {"type": "LineString", "coordinates": [[-68.8985, -22.45092], [-68.89892, -22.45086]]}, "properties": {"name": "Pasaje Cerro del Cajón", "highway": "living_street"}}, {"type": "Feature", "geometry": {"type": "LineString", "coordinates": [[-68.89972, -22.45242], [-68.89987, -22.45223], [-68.90193, -22.45155]]}, "properties": {"name": "Pasaje Tarar", "highway": "residential"}}, {"type": "Feature", "geometry": {"type": "LineString", "coordinates": [[-68.9026, -22.44941], [-68.90184, -22.44963]]}, "properties": {"name": "Taqui Huailla", "highway": "residential"}}, {"type": "Feature", "geometry": {"type": "LineString", "coordinates": [[-68.90009, -22.44793], [-68.89998, -22.44827]]}, "properties": {"name": "Pasaje Salar de Pujsa", "highway": "living_street"}}, {"type": "Feature", "geometry": {"type": "LineString", "coordinates": [[-68.90191, -22.44982], [-68.9016, -22.44897]]}, "properties": {"name": "Uma Urmana", "highway": "residential"}}, {"type": "Feature", "geometry": {"type": "LineString", "coordinates": [[-68.89992, -22.45144], [-68.89972, -22.45089]]}, "properties": {"name": "Taqui Junchuy", "highway": "residential"}}, {"type": "Feature", "geometry": {"type": "LineString", "coordinates": [[-68.90157, -22.45093], [-68.90126, -22.45002]]}, "properties": {"name": "Perka", "highway": "residential"}}, {"type": "Feature", "geometry": {"type": "LineString", "coordinates": [[-68.90283, -22.45128], [-68.90208, -22.45106]]}, "properties": {"name": "Pasaje Puri", "highway": "living_street"}}, {"type": "Feature", "geometry": {"type": "LineString", "coordinates": [[-68.89885, -22.45548], [-68.89807, -22.44931], [-68.8984, -22.44748], [-68.89925, -22.44591]]}, "properties": {"name": "Salar de la Luna", "highway": "tertiary"}}, {"type": "Feature", "geometry": {"type": "LineString", "coordinates": [[-68.90047, -22.45127], [-68.90015, -22.45037]]}, "properties": {"name": "Pirwa", "highway": "residential"}}, {"type": "Feature", "geometry": {"type": "LineString", "coordinates": [[-68.90024, -22.44482], [-68.90082, -22.44553], [-68.90113, -22.44646], [-68.90175, -22.44694], [-68.90237, -22.44783], [-68.90235, -22.44845], [-68.90281, -22.44863], [-68.90315, -22.4506], [-68.90173, -22.45288], [-68.90091, -22.45352], [-68.89971, -22.45493]]}, "properties": {"name": "Salar Pampa Blanca", "highway": "residential"}}, {"type": "Feature", "geometry": {"type": "LineString", "coordinates": [[-68.89956, -22.45031], [-68.89934, -22.44967]]}, "properties": {"name": "Uma Kala", "highway": "residential"}}, {"type": "Feature", "geometry": {"type": "LineString", "coordinates": [[-68.89919, -22.45168], [-68.89919, -22.45207]]}, "properties": {"name": "Arcaya", "highway": "residential"}}, {"type": "Feature", "geometry": {"type": "LineString", "coordinates": [[-68.90216, -22.44756], [-68.90178, -22.44769], [-68.90118, -22.44739], [-68.90135, -22.44719], [-68.90172, -22.44766]]}, "properties": {"name": "Pasaje Salar Quisquiro", "highway": "living_street"}}, {"type": "Feature", "geometry": {"type": "LineString", "coordinates": [[-68.90283, -22.44868], [-68.90186, -22.45182]]}, "properties": {"name": "Avenida Ichcu", "highway": "residential"}}, {"type": "Feature", "geometry": {"type": "LineString", "coordinates": [[-68.90312, -22.45027], [-68.90238, -22.45007]]}, "properties": {"name": "Pasaje Kuru", "highway": "living_street"}}, {"type": "Feature", "geometry": {"type": "LineString", "coordinates": [[-68.90045, -22.45227], [-68.90037, -22.45206]]}, "properties": {"name": "Avenida Yaical", "highway": "residential"}}, {"type": "Feature", "geometry": {"type": "LineString", "coordinates": [[-68.91079, -22.43485], [-68.91059, -22.43443], [-68.90949, -22.43347], [-68.90899, -22.43307], [-68.90873, -22.43314], [-68.9079, -22.43245], [-68.9016, -22.43348]]}, "properties": {"name": "Alberto Terrazas", "highway": "residential"}}, {"type": "Feature", "geometry": {"type": "LineString", "coordinates": [[-68.90607, -22.43394], [-68.90404, -22.43377], [-68.90273, -22.43436]]}, "properties": {"name": "Martin Vega Pizarro", "highway": "residential"}}, {"type": "Feature", "geometry": {"type": "LineString", "coordinates": [[-68.90171, -22.43811], [-68.90264, -22.43428]]}, "properties": {"name": "Manuel Villegas Maldonado", "highway": "residential"}}, {"type": "Feature", "geometry": {"type": "LineString", "coordinates": [[-68.90295, -22.4384], [-68.90873, -22.43314]]}, "properties": {"name": "Gilberto Gómez Contardo", "highway": "residential"}}, {"type": "Feature", "geometry": {"type": "LineString", "coordinates": [[-68.89215, -22.43502], [-68.89072, -22.44111]]}, "properties": {"name": "Ricardo Cifuentes", "highway": "residential"}}, {"type": "Feature", "geometry": {"type": "LineString", "coordinates": [[-68.90768, -22.43245], [-68.90175, -22.43793]]}, "properties": {"name": "Luis Callejas Rojas", "highway": "residential"}}, {"type": "Feature", "geometry": {"type": "LineString", "coordinates": [[-68.89856, -22.43398], [-68.89661, -22.44225]]}, "properties": {"name": "Alcalde EdwinRowe", "highway": "residential"}}, {"type": "Feature", "geometry": {"type": "LineString", "coordinates": [[-68.9016, -22.43348], [-68.89017, -22.43537], [-68.88947, -22.43835]]}, "properties": {"name": "Alberto Terrazas", "highway": "residential"}}, {"type": "Feature", "geometry": {"type": "LineString", "coordinates": [[-68.89912, -22.4376], [-68.90002, -22.43373]]}, "properties": {"name": "Pedro Vergara", "highway": "residential"}}, {"type": "Feature", "geometry": {"type": "LineString", "coordinates": [[-68.89403, -22.44506], [-68.8928, -22.44504], [-68.8924, -22.44473], [-68.8914, -22.44213], [-68.89138, -22.44123]]}, "properties": {"name": "", "highway": "unclassified"}}, {"type": "Feature", "geometry": {"type": "LineString", "coordinates": [[-68.85666, -22.46134], [-68.8581, -22.46128], [-68.85901, -22.46169], [-68.85954, -22.46169], [-68.86062, -22.46082], [-68.86391, -22.45926], [-68.86558, -22.45939], [-68.86675, -22.4599], [-68.86812, -22.46012], [-68.86968, -22.45968], [-68.87073, -22.45906], [-68.87314, -22.45847], [-68.87417, -22.45746], [-68.8755, -22.45721], [-68.87617, -22.45615], [-68.87686, -22.45546], [-68.87892, -22.45401], [-68.87967, -22.45324], [-68.87998, -22.45195], [-68.88118, -22.45144], [-68.88396, -22.44911], [-68.88624, -22.44837], [-68.88742, -22.44833], [-68.88781, -22.448], [-68.88884, -22.44771], [-68.8904, -22.44689], [-68.89096, -22.4471]]}, "properties": {"name": "Camino Yalquincha", "highway": "unclassified"}}, {"type": "Feature", "geometry": {"type": "LineString", "coordinates": [[-68.89031, -22.44102], [-68.88757, -22.43796]]}, "properties": {"name": "", "highway": "unclassified"}}, {"type": "Feature", "geometry": {"type": "LineString", "coordinates": [[-68.90223, -22.48004], [-68.90254, -22.47976]]}, "properties": {"name": "Laguna Verde Norte", "highway": "living_street"}}, {"type": "Feature", "geometry": {"type": "LineString", "coordinates": [[-68.91854, -22.4856], [-68.91913, -22.48502]]}, "properties": {"name": "Pasaje El Copihue Rojo", "highway": "living_street"}}, {"type": "Feature", "geometry": {"type": "LineString", "coordinates": [[-68.91989, -22.48486], [-68.91923, -22.48552], [-68.91889, -22.48526]]}, "properties": {"name": "Pasaje El Copihue Rojo", "highway": "living_street"}}, {"type": "Feature", "geometry": {"type": "LineString", "coordinates": [[-68.90326, -22.47783], [-68.90311, -22.47769], [-68.90204, -22.4786]]}, "properties": {"name": "Pasaje Laguna Meñiques sur", "highway": "living_street"}}, {"type": "Feature", "geometry": {"type": "LineString", "coordinates": [[-68.90258, -22.4804], [-68.90184, -22.47965]]}, "properties": {"name": "Laguna Verde Oriente", "highway": "living_street"}}, {"type": "Feature", "geometry": {"type": "LineString", "coordinates": [[-68.90092, -22.47933], [-68.90257, -22.48104]]}, "properties": {"name": "Laguna Tebinchique", "highway": "residential"}}, {"type": "Feature", "geometry": {"type": "LineString", "coordinates": [[-68.90874, -22.48039], [-68.90618, -22.47815]]}, "properties": {"name": "Alcalde José Lira", "highway": "tertiary"}}, {"type": "Feature", "geometry": {"type": "LineString", "coordinates": [[-68.90193, -22.47896], [-68.90177, -22.47881], [-68.90104, -22.47946]]}, "properties": {"name": "Pasaje Laguna Meñiques norte", "highway": "living_street"}}, {"type": "Feature", "geometry": {"type": "LineString", "coordinates": [[-68.90118, -22.47959], [-68.90218, -22.47874]]}, "properties": {"name": "Pasaje Laguna Meñiques norte", "highway": "living_street"}}, {"type": "Feature", "geometry": {"type": "LineString", "coordinates": [[-68.91879, -22.48462], [-68.91814, -22.48526]]}, "properties": {"name": "Pasaje Furia", "highway": "living_street"}}, {"type": "Feature", "geometry": {"type": "LineString", "coordinates": [[-68.90391, -22.47989], [-68.90317, -22.47914]]}, "properties": {"name": "Pasaje Laguna Barros Negros Poniente", "highway": "living_street"}}, {"type": "Feature", "geometry": {"type": "LineString", "coordinates": [[-68.90322, -22.47977], [-68.90252, -22.47907]]}, "properties": {"name": "Pasaje Laguna Barros Negros Oriente", "highway": "living_street"}}, {"type": "Feature", "geometry": {"type": "LineString", "coordinates": [[-68.92144, -22.48747], [-68.92122, -22.48634], [-68.92155, -22.48628], [-68.92176, -22.48743]]}, "properties": {"name": "Condominio El Peuco", "highway": "living_street"}}, {"type": "Feature", "geometry": {"type": "LineString", "coordinates": [[-68.91881, -22.48659], [-68.91945, -22.48596]]}, "properties": {"name": "Pasaje Lepún", "highway": "living_street"}}, {"type": "Feature", "geometry": {"type": "LineString", "coordinates": [[-68.91842, -22.48452], [-68.91787, -22.48503]]}, "properties": {"name": "Pasaje El Pillán", "highway": "living_street"}}, {"type": "Feature", "geometry": {"type": "LineString", "coordinates": [[-68.90112, -22.48025], [-68.90385, -22.47791]]}, "properties": {"name": "Laguna Salada", "highway": "residential"}}, {"type": "Feature", "geometry": {"type": "LineString", "coordinates": [[-68.91946, -22.4853], [-68.91913, -22.48502]]}, "properties": {"name": "Pasaje El Copihue Rojo", "highway": "living_street"}}, {"type": "Feature", "geometry": {"type": "LineString", "coordinates": [[-68.91841, -22.48628], [-68.91885, -22.48586], [-68.91747, -22.48469]]}, "properties": {"name": "Socavones de Pica", "highway": "residential"}}, {"type": "Feature", "geometry": {"type": "LineString", "coordinates": [[-68.91988, -22.48634], [-68.91945, -22.48596]]}, "properties": {"name": "Pasaje Lepún", "highway": "living_street"}}, {"type": "Feature", "geometry": {"type": "LineString", "coordinates": [[-68.91916, -22.48625], [-68.91959, -22.48663], [-68.92014, -22.48605]]}, "properties": {"name": "Pasaje Lepún", "highway": "living_street"}}, {"type": "Feature", "geometry": {"type": "LineString", "coordinates": [[-68.90243, -22.47965], [-68.90324, -22.48047]]}, "properties": {"name": "Laguna Verde Poniente", "highway": "living_street"}}, {"type": "Feature", "geometry": {"type": "LineString", "coordinates": [[-68.90947, -22.49056], [-68.91012, -22.48945], [-68.91031, -22.48753], [-68.91181, -22.48539]]}, "properties": {"name": "", "highway": "unclassified"}}, {"type": "Feature", "geometry": {"type": "LineString", "coordinates": [[-68.90947, -22.49056], [-68.90952, -22.49076], [-68.91213, -22.49065]]}, "properties": {"name": "", "highway": "unclassified"}}, {"type": "Feature", "geometry": {"type": "LineString", "coordinates": [[-68.91646, -22.49015], [-68.91512, -22.49069], [-68.91211, -22.49103]]}, "properties": {"name": "", "highway": "unclassified"}}, {"type": "Feature", "geometry": {"type": "LineString", "coordinates": [[-68.91211, -22.49103], [-68.91213, -22.49065]]}, "properties": {"name": "", "highway": "unclassified"}}, {"type": "Feature", "geometry": {"type": "LineString", "coordinates": [[-68.91155, -22.48015], [-68.90854, -22.47991], [-68.90847, -22.47936]]}, "properties": {"name": "Avenida Gobernardor Edmundo Checura", "highway": "residential"}}, {"type": "Feature", "geometry": {"type": "LineString", "coordinates": [[-68.91244, -22.48048], [-68.91245, -22.48112], [-68.91141, -22.48205]]}, "properties": {"name": "Rubén Soto Gutiérrez", "highway": "residential"}}, {"type": "Feature", "geometry": {"type": "LineString", "coordinates": [[-68.92067, -22.4851], [-68.91842, -22.48452], [-68.91484, -22.48283], [-68.91424, -22.48234], [-68.91274, -22.48015], [-68.90763, -22.4769], [-68.90706, -22.47707], [-68.90618, -22.47815]]}, "properties": {"name": "Avenida Jorge Alessandri Rodríguez", "highway": "tertiary"}}, {"type": "Feature", "geometry": {"type": "LineString", "coordinates": [[-68.907, -22.47842], [-68.90769, -22.47759]]}, "properties": {"name": "Guanay", "highway": "living_street"}}, {"type": "Feature", "geometry": {"type": "LineString", "coordinates": [[-68.90818, -22.47783], [-68.90855, -22.47737]]}, "properties": {"name": "Cautín", "highway": "living_street"}}, {"type": "Feature", "geometry": {"type": "LineString", "coordinates": [[-68.90865, -22.47743], [-68.90827, -22.47789]]}, "properties": {"name": "Cautín", "highway": "living_street"}}, {"type": "Feature", "geometry": {"type": "LineString", "coordinates": [[-68.91048, -22.46593], [-68.90879, -22.46762]]}, "properties": {"name": "", "highway": "unclassified"}}, {"type": "Feature", "geometry": {"type": "LineString", "coordinates": [[-68.91988, -22.46423], [-68.92043, -22.46439], [-68.92189, -22.46433]]}, "properties": {"name": "Atacama", "highway": "residential"}}, {"type": "Feature", "geometry": {"type": "LineString", "coordinates": [[-68.92189, -22.46433], [-68.92148, -22.46324]]}, "properties": {"name": "Avenida Matta", "highway": "primary"}}, {"type": "Feature", "geometry": {"type": "LineString", "coordinates": [[-68.90559, -22.4776], [-68.90787, -22.47418], [-68.90815, -22.47279], [-68.90803, -22.4719], [-68.90764, -22.47077], [-68.90704, -22.46976], [-68.90553, -22.46885], [-68.90319, -22.46644]]}, "properties": {"name": "Alejandrina Olivares", "highway": "unclassified"}}, {"type": "Feature", "geometry": {"type": "LineString", "coordinates": [[-68.90388, -22.46717], [-68.90517, -22.46619], [-68.90599, -22.46695], [-68.9061, -22.46729], [-68.90587, -22.46804], [-68.90377, -22.46987], [-68.90286, -22.46891], [-68.90247, -22.46697]]}, "properties": {"name": "", "highway": "unclassified"}}, {"type": "Feature", "geometry": {"type": "LineString", "coordinates": [[-68.93353, -22.46283], [-68.92821, -22.46289], [-68.92288, -22.46251]]}, "properties": {"name": "Emilio Sotomayor", "highway": "secondary"}}, {"type": "Feature", "geometry": {"type": "LineString", "coordinates": [[-68.92518, -22.45451], [-68.92497, -22.45653]]}, "properties": {"name": "Vivar", "highway": "residential"}}, {"type": "Feature", "geometry": {"type": "LineString", "coordinates": [[-68.92554, -22.46329], [-68.92953, -22.46343]]}, "properties": {"name": "Vicuña Mackenna", "highway": "tertiary"}}, {"type": "Feature", "geometry": {"type": "LineString", "coordinates": [[-68.93502, -22.46378], [-68.9362, -22.46907]]}, "properties": {"name": "Brasilia", "highway": "tertiary"}}, {"type": "Feature", "geometry": {"type": "LineString", "coordinates": [[-68.91141, -22.48205], [-68.91225, -22.48279], [-68.91317, -22.48191], [-68.91255, -22.48085]]}, "properties": {"name": "Campana de Oro", "highway": "residential"}}, {"type": "Feature", "geometry": {"type": "LineString", "coordinates": [[-68.91388, -22.44702], [-68.91419, -22.44569]]}, "properties": {"name": "Pomaire", "highway": "tertiary"}}, {"type": "Feature", "geometry": {"type": "LineString", "coordinates": [[-68.91771, -22.45521], [-68.92049, -22.45539]]}, "properties": {"name": "Caupolicán", "highway": "residential"}}, {"type": "Feature", "geometry": {"type": "LineString", "coordinates": [[-68.91499, -22.44962], [-68.91489, -22.45018]]}, "properties": {"name": "5 Oriente", "highway": "living_street"}}, {"type": "Feature", "geometry": {"type": "LineString", "coordinates": [[-68.91489, -22.45018], [-68.91529, -22.45023]]}, "properties": {"name": "6 Norte", "highway": "living_street"}}, {"type": "Feature", "geometry": {"type": "LineString", "coordinates": [[-68.91765, -22.45286], [-68.91764, -22.45485]]}, "properties": {"name": "Guacolda", "highway": "tertiary"}}, {"type": "Feature", "geometry": {"type": "LineString", "coordinates": [[-68.91783, -22.45279], [-68.91512, -22.45248]]}, "properties": {"name": "Baquedano", "highway": "residential"}}, {"type": "Feature", "geometry": {"type": "LineString", "coordinates": [[-68.92072, -22.45181], [-68.92028, -22.4544]]}, "properties": {"name": "5 Poniente", "highway": "residential"}}, {"type": "Feature", "geometry": {"type": "LineString", "coordinates": [[-68.91351, -22.44119], [-68.91446, -22.44029]]}, "properties": {"name": "Michilla", "highway": "residential"}}, {"type": "Feature", "geometry": {"type": "LineString", "coordinates": [[-68.91117, -22.44166], [-68.9119, -22.44237]]}, "properties": {"name": "Doña Inés Sur", "highway": "living_street"}}, {"type": "Feature", "geometry": {"type": "LineString", "coordinates": [[-68.9119, -22.44237], [-68.91219, -22.44222]]}, "properties": {"name": "Pasaje La Tuna", "highway": "living_street"}}, {"type": "Feature", "geometry": {"type": "LineString", "coordinates": [[-68.91184, -22.43475], [-68.91302, -22.43582]]}, "properties": {"name": "Paso de Jama", "highway": "residential"}}, {"type": "Feature", "geometry": {"type": "LineString", "coordinates": [[-68.91483, -22.43361], [-68.91298, -22.43412], [-68.91184, -22.43475]]}, "properties": {"name": "Las Parinas", "highway": "residential"}}, {"type": "Feature", "geometry": {"type": "LineString", "coordinates": [[-68.92534, -22.44282], [-68.92709, -22.44253]]}, "properties": {"name": "Los Flamencos", "highway": "living_street"}}, {"type": "Feature", "geometry": {"type": "LineString", "coordinates": [[-68.92727, -22.43311], [-68.92536, -22.43345]]}, "properties": {"name": "Huaytiquina", "highway": "tertiary"}}, {"type": "Feature", "geometry": {"type": "LineString", "coordinates": [[-68.9309, -22.44669], [-68.9293, -22.43895]]}, "properties": {"name": "Dinamarca", "highway": "residential"}}, {"type": "Feature", "geometry": {"type": "LineString", "coordinates": [[-68.93495, -22.44713], [-68.9361, -22.45331]]}, "properties": {"name": "Florida", "highway": "residential"}}, {"type": "Feature", "geometry": {"type": "LineString", "coordinates": [[-68.92164, -22.45628], [-68.9215, -22.45692], [-68.92195, -22.45713]]}, "properties": {"name": "Pedro Lagos", "highway": "residential"}}, {"type": "Feature", "geometry": {"type": "LineString", "coordinates": [[-68.94392, -22.46358], [-68.94395, -22.463]]}, "properties": {"name": "Juegos Florales", "highway": "living_street"}}, {"type": "Feature", "geometry": {"type": "LineString", "coordinates": [[-68.94441, -22.46418], [-68.94443, -22.4637]]}, "properties": {"name": "Arauco", "highway": "living_street"}}, {"type": "Feature", "geometry": {"type": "LineString", "coordinates": [[-68.9244, -22.47595], [-68.92431, -22.47665]]}, "properties": {"name": "Las Magnolias", "highway": "living_street"}}, {"type": "Feature", "geometry": {"type": "LineString", "coordinates": [[-68.92958, -22.46922], [-68.9265, -22.46897]]}, "properties": {"name": "Ecuador", "highway": "residential"}}, {"type": "Feature", "geometry": {"type": "LineString", "coordinates": [[-68.92325, -22.47257], [-68.92532, -22.47316], [-68.9272, -22.47279]]}, "properties": {"name": "Carlos Condell", "highway": "residential"}}, {"type": "Feature", "geometry": {"type": "LineString", "coordinates": [[-68.92403, -22.47665], [-68.92504, -22.47666]]}, "properties": {"name": "Peñaliri", "highway": "living_street"}}, {"type": "Feature", "geometry": {"type": "LineString", "coordinates": [[-68.92403, -22.47695], [-68.92514, -22.47696]]}, "properties": {"name": "Lican", "highway": "living_street"}}, {"type": "Feature", "geometry": {"type": "LineString", "coordinates": [[-68.92403, -22.47695], [-68.92402, -22.4759]]}, "properties": {"name": "Los Cardenales", "highway": "living_street"}}, {"type": "Feature", "geometry": {"type": "LineString", "coordinates": [[-68.92646, -22.47836], [-68.92605, -22.47848]]}, "properties": {"name": "Guatín", "highway": "living_street"}}, {"type": "Feature", "geometry": {"type": "LineString", "coordinates": [[-68.92773, -22.47804], [-68.92726, -22.47818]]}, "properties": {"name": "Guatín", "highway": "living_street"}}, {"type": "Feature", "geometry": {"type": "LineString", "coordinates": [[-68.92504, -22.4785], [-68.92565, -22.47849]]}, "properties": {"name": "Guatín", "highway": "living_street"}}, {"type": "Feature", "geometry": {"type": "LineString", "coordinates": [[-68.92517, -22.4785], [-68.92517, -22.47824]]}, "properties": {"name": "Larache", "highway": "living_street"}}, {"type": "Feature", "geometry": {"type": "LineString", "coordinates": [[-68.92474, -22.4779], [-68.9237, -22.47791]]}, "properties": {"name": "Piedras Grandes", "highway": "residential"}}, {"type": "Feature", "geometry": {"type": "LineString", "coordinates": [[-68.92525, -22.47729], [-68.92366, -22.47732]]}, "properties": {"name": "Tambillo", "highway": "living_street"}}, {"type": "Feature", "geometry": {"type": "LineString", "coordinates": [[-68.92366, -22.47751], [-68.92325, -22.47751]]}, "properties": {"name": "Santiago de Río Grande", "highway": "living_street"}}, {"type": "Feature", "geometry": {"type": "LineString", "coordinates": [[-68.92512, -22.47067], [-68.92639, -22.47037]]}, "properties": {"name": "Serrano", "highway": "residential"}}, {"type": "Feature", "geometry": {"type": "LineString", "coordinates": [[-68.91948, -22.45883], [-68.91931, -22.45934]]}, "properties": {"name": "", "highway": "living_street"}}, {"type": "Feature", "geometry": {"type": "LineString", "coordinates": [[-68.91977, -22.45887], [-68.9196, -22.45943]]}, "properties": {"name": "", "highway": "living_street"}}, {"type": "Feature", "geometry": {"type": "LineString", "coordinates": [[-68.91888, -22.45874], [-68.91878, -22.45907]]}, "properties": {"name": "", "highway": "living_street"}}, {"type": "Feature", "geometry": {"type": "LineString", "coordinates": [[-68.91918, -22.45878], [-68.91906, -22.45919]]}, "properties": {"name": "", "highway": "living_street"}}, {"type": "Feature", "geometry": {"type": "LineString", "coordinates": [[-68.92007, -22.45891], [-68.91987, -22.45954]]}, "properties": {"name": "", "highway": "living_street"}}, {"type": "Feature", "geometry": {"type": "LineString", "coordinates": [[-68.91328, -22.45676], [-68.91345, -22.45584]]}, "properties": {"name": "Pasaje 5", "highway": "living_street"}}, {"type": "Feature", "geometry": {"type": "LineString", "coordinates": [[-68.95087, -22.45291], [-68.94905, -22.45287]]}, "properties": {"name": "Adolfo Joglar", "highway": "living_street"}}, {"type": "Feature", "geometry": {"type": "LineString", "coordinates": [[-68.91181, -22.45562], [-68.91279, -22.45573]]}, "properties": {"name": "Condominio Bilbao 2", "highway": "living_street"}}, {"type": "Feature", "geometry": {"type": "LineString", "coordinates": [[-68.91175, -22.45585], [-68.91164, -22.45611], [-68.91254, -22.45647]]}, "properties": {"name": "Condominio Bilbao 2", "highway": "living_street"}}, {"type": "Feature", "geometry": {"type": "LineString", "coordinates": [[-68.90875, -22.45499], [-68.90799, -22.45469], [-68.90835, -22.45445], [-68.90888, -22.45459]]}, "properties": {"name": "Condominio Altos del Loa", "highway": "residential"}}, {"type": "Feature", "geometry": {"type": "LineString", "coordinates": [[-68.90984, -22.4551], [-68.90959, -22.45503]]}, "properties": {"name": "Condominio Nuevo Oasis", "highway": "living_street"}}, {"type": "Feature", "geometry": {"type": "LineString", "coordinates": [[-68.90896, -22.45518], [-68.90916, -22.45524]]}, "properties": {"name": "Condominio Nuevo Oasis", "highway": "living_street"}}, {"type": "Feature", "geometry": {"type": "LineString", "coordinates": [[-68.91054, -22.45428], [-68.91068, -22.45374]]}, "properties": {"name": "6 Oriente", "highway": "residential"}}, {"type": "Feature", "geometry": {"type": "LineString", "coordinates": [[-68.91241, -22.45567], [-68.91227, -22.45637]]}, "properties": {"name": "Condominio Bilbao 2", "highway": "living_street"}}, {"type": "Feature", "geometry": {"type": "LineString", "coordinates": [[-68.91306, -22.45578], [-68.91403, -22.45592]]}, "properties": {"name": "Pasaje 7", "highway": "living_street"}}, {"type": "Feature", "geometry": {"type": "LineString", "coordinates": [[-68.90685, -22.4528], [-68.90668, -22.45277]]}, "properties": {"name": "Pasaje Casuarina", "highway": "living_street"}}, {"type": "Feature", "geometry": {"type": "LineString", "coordinates": [[-68.91181, -22.45562], [-68.91171, -22.45614]]}, "properties": {"name": "Condominio Bilbao 2", "highway": "living_street"}}, {"type": "Feature", "geometry": {"type": "LineString", "coordinates": [[-68.90667, -22.45352], [-68.90694, -22.45373]]}, "properties": {"name": "Pasaje Malvilla", "highway": "living_street"}}, {"type": "Feature", "geometry": {"type": "LineString", "coordinates": [[-68.90991, -22.45482], [-68.90966, -22.45476], [-68.90941, -22.45559]]}, "properties": {"name": "Condominio Nuevo Oasis", "highway": "living_street"}}, {"type": "Feature", "geometry": {"type": "LineString", "coordinates": [[-68.91011, -22.45584], [-68.91021, -22.45571], [-68.91124, -22.45606]]}, "properties": {"name": "Bilbao", "highway": "residential"}}, {"type": "Feature", "geometry": {"type": "LineString", "coordinates": [[-68.9121, -22.45563], [-68.91199, -22.45625]]}, "properties": {"name": "Condominio Bilbao 2", "highway": "living_street"}}, {"type": "Feature", "geometry": {"type": "LineString", "coordinates": [[-68.91279, -22.45573], [-68.91254, -22.45647]]}, "properties": {"name": "Condominio Bilbao 2", "highway": "living_street"}}, {"type": "Feature", "geometry": {"type": "LineString", "coordinates": [[-68.90971, -22.45535], [-68.9095, -22.45529]]}, "properties": {"name": "Condominio Nuevo Oasis", "highway": "living_street"}}, {"type": "Feature", "geometry": {"type": "LineString", "coordinates": [[-68.91254, -22.45647], [-68.91269, -22.45571]]}, "properties": {"name": "Condominio Bilbao 2", "highway": "living_street"}}, {"type": "Feature", "geometry": {"type": "LineString", "coordinates": [[-68.91017, -22.45488], [-68.9099, -22.45578]]}, "properties": {"name": "Condominio Nuevo Oasis II", "highway": "living_street"}}, {"type": "Feature", "geometry": {"type": "LineString", "coordinates": [[-68.90915, -22.45462], [-68.90934, -22.45467], [-68.90907, -22.45545]]}, "properties": {"name": "Condominio Nuevo Oasis", "highway": "living_street"}}, {"type": "Feature", "geometry": {"type": "LineString", "coordinates": [[-68.91403, -22.45592], [-68.91386, -22.45695]]}, "properties": {"name": "Condominio Bilbao", "highway": "living_street"}}, {"type": "Feature", "geometry": {"type": "LineString", "coordinates": [[-68.94981, -22.45317], [-68.95086, -22.45319]]}, "properties": {"name": "Violeta Vergara", "highway": "residential"}}, {"type": "Feature", "geometry": {"type": "LineString", "coordinates": [[-68.90908, -22.45492], [-68.90925, -22.45496]]}, "properties": {"name": "Condominio Nuevo Oasis", "highway": "living_street"}}, {"type": "Feature", "geometry": {"type": "LineString", "coordinates": [[-68.91289, -22.4566], [-68.91306, -22.45578]]}, "properties": {"name": "Pasaje 6", "highway": "living_street"}}, {"type": "Feature", "geometry": {"type": "LineString", "coordinates": [[-68.93916, -22.45621], [-68.93859, -22.4629], [-68.9385, -22.46678], [-68.93752, -22.46947]]}, "properties": {"name": "Aldunate", "highway": "secondary"}}, {"type": "Feature", "geometry": {"type": "LineString", "coordinates": [[-68.90679, -22.4531], [-68.90702, -22.45315]]}, "properties": {"name": "Pasaje Gazania", "highway": "living_street"}}, {"type": "Feature", "geometry": {"type": "LineString", "coordinates": [[-68.90866, -22.45528], [-68.90891, -22.45448]]}, "properties": {"name": "Condominio Altos del Loa", "highway": "residential"}}, {"type": "Feature", "geometry": {"type": "LineString", "coordinates": [[-68.91357, -22.45686], [-68.91374, -22.45587]]}, "properties": {"name": "Pasaje 4", "highway": "living_street"}}, {"type": "Feature", "geometry": {"type": "LineString", "coordinates": [[-68.91301, -22.45666], [-68.91316, -22.45579]]}, "properties": {"name": "Pasaje 6", "highway": "living_street"}}, {"type": "Feature", "geometry": {"type": "LineString", "coordinates": [[-68.93278, -22.45961], [-68.93275, -22.46]]}, "properties": {"name": "Licancabur", "highway": "living_street"}}, {"type": "Feature", "geometry": {"type": "LineString", "coordinates": [[-68.92902, -22.45733], [-68.93083, -22.45767], [-68.93364, -22.45781]]}, "properties": {"name": "Tarapacá", "highway": "tertiary"}}, {"type": "Feature", "geometry": {"type": "LineString", "coordinates": [[-68.93284, -22.45813], [-68.93285, -22.45776]]}, "properties": {"name": "Montecristo", "highway": "living_street"}}, {"type": "Feature", "geometry": {"type": "LineString", "coordinates": [[-68.93282, -22.45839], [-68.93278, -22.45927]]}, "properties": {"name": "Ollague Nte", "highway": "living_street"}}, {"type": "Feature", "geometry": {"type": "LineString", "coordinates": [[-68.92137, -22.45388], [-68.92039, -22.45375]]}, "properties": {"name": "General Bonilla", "highway": "living_street"}}, {"type": "Feature", "geometry": {"type": "LineString", "coordinates": [[-68.92128, -22.45363], [-68.92044, -22.4535]]}, "properties": {"name": "General Bonilla", "highway": "living_street"}}, {"type": "Feature", "geometry": {"type": "LineString", "coordinates": [[-68.92096, -22.4552], [-68.92106, -22.45452]]}, "properties": {"name": "Presidente Ibáñez", "highway": "residential"}}, {"type": "Feature", "geometry": {"type": "LineString", "coordinates": [[-68.92097, -22.45254], [-68.92061, -22.45248]]}, "properties": {"name": "Pasaje Guías", "highway": "residential"}}, {"type": "Feature", "geometry": {"type": "LineString", "coordinates": [[-68.92546, -22.46444], [-68.92668, -22.4651]]}, "properties": {"name": "Cobija", "highway": "secondary"}}, {"type": "Feature", "geometry": {"type": "LineString", "coordinates": [[-68.94788, -22.45692], [-68.94382, -22.4567]]}, "properties": {"name": "Pasaje Sol", "highway": "living_street"}}, {"type": "Feature", "geometry": {"type": "LineString", "coordinates": [[-68.94379, -22.45709], [-68.94729, -22.45737]]}, "properties": {"name": "Pasaje Cobre", "highway": "living_street"}}, {"type": "Feature", "geometry": {"type": "LineString", "coordinates": [[-68.93551, -22.46892], [-68.93525, -22.46976]]}, "properties": {"name": "", "highway": "living_street"}}, {"type": "Feature", "geometry": {"type": "LineString", "coordinates": [[-68.92982, -22.46489], [-68.92976, -22.46557]]}, "properties": {"name": "Pasaje 1", "highway": "living_street"}}, {"type": "Feature", "geometry": {"type": "LineString", "coordinates": [[-68.9296, -22.46487], [-68.92958, -22.46555]]}, "properties": {"name": "Pasaje 2", "highway": "residential"}}, {"type": "Feature", "geometry": {"type": "LineString", "coordinates": [[-68.92959, -22.46504], [-68.92943, -22.46504]]}, "properties": {"name": "Pasaje 4", "highway": "residential"}}, {"type": "Feature", "geometry": {"type": "LineString", "coordinates": [[-68.92958, -22.46528], [-68.92941, -22.46527]]}, "properties": {"name": "Pasaje 3", "highway": "residential"}}, {"type": "Feature", "geometry": {"type": "LineString", "coordinates": [[-68.92796, -22.46538], [-68.92889, -22.46574], [-68.92902, -22.46516]]}, "properties": {"name": "Antonio Varas", "highway": "living_street"}}, {"type": "Feature", "geometry": {"type": "LineString", "coordinates": [[-68.92843, -22.46529], [-68.92831, -22.46552]]}, "properties": {"name": "Andrés Bello", "highway": "living_street"}}, {"type": "Feature", "geometry": {"type": "LineString", "coordinates": [[-68.92868, -22.46544], [-68.92859, -22.46563]]}, "properties": {"name": "Andrés Bello", "highway": "living_street"}}, {"type": "Feature", "geometry": {"type": "LineString", "coordinates": [[-68.92806, -22.46704], [-68.92833, -22.46587]]}, "properties": {"name": "Miscanti", "highway": "residential"}}, {"type": "Feature", "geometry": {"type": "LineString", "coordinates": [[-68.92358, -22.47331], [-68.92348, -22.4733]]}, "properties": {"name": "", "highway": "living_street"}}, {"type": "Feature", "geometry": {"type": "LineString", "coordinates": [[-68.924, -22.4732], [-68.92423, -22.47327]]}, "properties": {"name": "", "highway": "living_street"}}, {"type": "Feature", "geometry": {"type": "LineString", "coordinates": [[-68.91894, -22.46026], [-68.91835, -22.46125]]}, "properties": {"name": "Condominio Barcelona", "highway": "living_street"}}, {"type": "Feature", "geometry": {"type": "LineString", "coordinates": [[-68.91983, -22.46159], [-68.91836, -22.46075]]}, "properties": {"name": "Condominio Barcelona", "highway": "living_street"}}, {"type": "Feature", "geometry": {"type": "LineString", "coordinates": [[-68.91879, -22.46108], [-68.91867, -22.46136]]}, "properties": {"name": "Condominio Barcelona", "highway": "living_street"}}, {"type": "Feature", "geometry": {"type": "LineString", "coordinates": [[-68.91855, -22.46047], [-68.91896, -22.46071]]}, "properties": {"name": "Condominio Barcelona", "highway": "living_street"}}, {"type": "Feature", "geometry": {"type": "LineString", "coordinates": [[-68.90891, -22.46386], [-68.91048, -22.46593]]}, "properties": {"name": "Berna", "highway": "unclassified"}}, {"type": "Feature", "geometry": {"type": "LineString", "coordinates": [[-68.91048, -22.46593], [-68.91151, -22.46701]]}, "properties": {"name": "Berna", "highway": "unclassified"}}, {"type": "Feature", "geometry": {"type": "LineString", "coordinates": [[-68.91481, -22.47961], [-68.91371, -22.48136]]}, "properties": {"name": "", "highway": "unclassified"}}, {"type": "Feature", "geometry": {"type": "LineString", "coordinates": [[-68.91363, -22.48028], [-68.91418, -22.48059], [-68.91624, -22.48262]]}, "properties": {"name": "", "highway": "unclassified"}}, {"type": "Feature", "geometry": {"type": "LineString", "coordinates": [[-68.91717, -22.48174], [-68.91573, -22.48306]]}, "properties": {"name": "", "highway": "unclassified"}}, {"type": "Feature", "geometry": {"type": "LineString", "coordinates": [[-68.91573, -22.48306], [-68.91419, -22.48193], [-68.91327, -22.48068]]}, "properties": {"name": "", "highway": "unclassified"}}, {"type": "Feature", "geometry": {"type": "LineString", "coordinates": [[-68.91816, -22.48425], [-68.91879, -22.48215], [-68.91935, -22.48104]]}, "properties": {"name": "Pasaje La Calchona", "highway": "residential"}}, {"type": "Feature", "geometry": {"type": "LineString", "coordinates": [[-68.93238, -22.48664], [-68.93089, -22.48857]]}, "properties": {"name": "", "highway": "unclassified"}}, {"type": "Feature", "geometry": {"type": "LineString", "coordinates": [[-68.9331, -22.48713], [-68.93163, -22.48913]]}, "properties": {"name": "", "highway": "unclassified"}}, {"type": "Feature", "geometry": {"type": "LineString", "coordinates": [[-68.93348, -22.48402], [-68.93489, -22.48488], [-68.93514, -22.4847]]}, "properties": {"name": "", "highway": "unclassified"}}, {"type": "Feature", "geometry": {"type": "LineString", "coordinates": [[-68.93574, -22.48189], [-68.93706, -22.48233], [-68.9373, -22.48326], [-68.93917, -22.48587]]}, "properties": {"name": "", "highway": "unclassified"}}, {"type": "Feature", "geometry": {"type": "LineString", "coordinates": [[-68.93917, -22.48587], [-68.93944, -22.48671], [-68.93912, -22.48733], [-68.94454, -22.48953]]}, "properties": {"name": "", "highway": "unclassified"}}, {"type": "Feature", "geometry": {"type": "LineString", "coordinates": [[-68.94642, -22.46305], [-68.94639, -22.46369]]}, "properties": {"name": "Lagar", "highway": "living_street"}}, {"type": "Feature", "geometry": {"type": "LineString", "coordinates": [[-68.93322, -22.48381], [-68.93335, -22.48327]]}, "properties": {"name": "Donatello", "highway": "residential"}}, {"type": "Feature", "geometry": {"type": "LineString", "coordinates": [[-68.93322, -22.48399], [-68.9312, -22.48367]]}, "properties": {"name": "Camino Vecinal", "highway": "residential"}}, {"type": "Feature", "geometry": {"type": "LineString", "coordinates": [[-68.93322, -22.48399], [-68.93264, -22.485]]}, "properties": {"name": "Quebrada Quinchamale", "highway": "residential"}}, {"type": "Feature", "geometry": {"type": "LineString", "coordinates": [[-68.93348, -22.48402], [-68.93291, -22.48508]]}, "properties": {"name": "Los Cactus", "highway": "residential"}}, {"type": "Feature", "geometry": {"type": "LineString", "coordinates": [[-68.93264, -22.485], [-68.93158, -22.4846]]}, "properties": {"name": "Quebrada Quinchamale", "highway": "residential"}}, {"type": "Feature", "geometry": {"type": "LineString", "coordinates": [[-68.93158, -22.4846], [-68.93169, -22.48374]]}, "properties": {"name": "Quebrada de Tiara", "highway": "residential"}}, {"type": "Feature", "geometry": {"type": "LineString", "coordinates": [[-68.93698, -22.47339], [-68.93713, -22.47415]]}, "properties": {"name": "Pedro de Valdivia", "highway": "residential"}}, {"type": "Feature", "geometry": {"type": "LineString", "coordinates": [[-68.93174, -22.47383], [-68.93102, -22.47385]]}, "properties": {"name": "7º de Línea", "highway": "residential"}}, {"type": "Feature", "geometry": {"type": "LineString", "coordinates": [[-68.93293, -22.47291], [-68.93292, -22.47255]]}, "properties": {"name": "Chipana", "highway": "living_street"}}, {"type": "Feature", "geometry": {"type": "LineString", "coordinates": [[-68.93204, -22.47292], [-68.93203, -22.47262]]}, "properties": {"name": "Borgoño", "highway": "living_street"}}, {"type": "Feature", "geometry": {"type": "LineString", "coordinates": [[-68.92115, -22.48704], [-68.92078, -22.48707]]}, "properties": {"name": "Pasaje Hopu", "highway": "residential"}}, {"type": "Feature", "geometry": {"type": "LineString", "coordinates": [[-68.91741, -22.48542], [-68.91711, -22.48503]]}, "properties": {"name": "Pasaje La Calchona", "highway": "residential"}}, {"type": "Feature", "geometry": {"type": "LineString", "coordinates": [[-68.91612, -22.48494], [-68.91674, -22.48429], [-68.91697, -22.48448]]}, "properties": {"name": "Pasaje Los Payachatas", "highway": "residential"}}, {"type": "Feature", "geometry": {"type": "LineString", "coordinates": [[-68.91574, -22.48461], [-68.9166, -22.48371]]}, "properties": {"name": "Pasaje Caleuche Nte", "highway": "residential"}}, {"type": "Feature", "geometry": {"type": "LineString", "coordinates": [[-68.91393, -22.48304], [-68.91442, -22.48253]]}, "properties": {"name": "Pasaje Pincoya", "highway": "residential"}}, {"type": "Feature", "geometry": {"type": "LineString", "coordinates": [[-68.91372, -22.48286], [-68.91424, -22.48234]]}, "properties": {"name": "Pasaje Pincoya", "highway": "residential"}}, {"type": "Feature", "geometry": {"type": "LineString", "coordinates": [[-68.91272, -22.48213], [-68.91224, -22.48133]]}, "properties": {"name": "Pasaje Ojos de Esmeralda", "highway": "residential"}}, {"type": "Feature", "geometry": {"type": "LineString", "coordinates": [[-68.93017, -22.47658], [-68.92859, -22.47658]]}, "properties": {"name": "Cupo", "highway": "living_street"}}, {"type": "Feature", "geometry": {"type": "LineString", "coordinates": [[-68.92785, -22.47759], [-68.92802, -22.47812]]}, "properties": {"name": "Gabriela Mistral", "highway": "living_street"}}, {"type": "Feature", "geometry": {"type": "LineString", "coordinates": [[-68.92553, -22.47849], [-68.92553, -22.47877], [-68.92504, -22.47878]]}, "properties": {"name": "Ojo de Opache", "highway": "living_street"}}, {"type": "Feature", "geometry": {"type": "LineString", "coordinates": [[-68.92365, -22.47757], [-68.92366, -22.47586]]}, "properties": {"name": "Los Retamos", "highway": "living_street"}}, {"type": "Feature", "geometry": {"type": "LineString", "coordinates": [[-68.92541, -22.47669], [-68.92577, -22.47771]]}, "properties": {"name": "Cucuter", "highway": "living_street"}}, {"type": "Feature", "geometry": {"type": "LineString", "coordinates": [[-68.92373, -22.47135], [-68.92412, -22.47135]]}, "properties": {"name": "Azurita", "highway": "living_street"}}, {"type": "Feature", "geometry": {"type": "LineString", "coordinates": [[-68.92511, -22.46931], [-68.9244, -22.46918]]}, "properties": {"name": "Pasaje Latorre", "highway": "living_street"}}, {"type": "Feature", "geometry": {"type": "LineString", "coordinates": [[-68.92509, -22.46967], [-68.92426, -22.46949]]}, "properties": {"name": "Pasaje Latorre", "highway": "living_street"}}, {"type": "Feature", "geometry": {"type": "LineString", "coordinates": [[-68.92381, -22.46884], [-68.92322, -22.46886]]}, "properties": {"name": "Bío Bío", "highway": "residential"}}, {"type": "Feature", "geometry": {"type": "LineString", "coordinates": [[-68.9305, -22.46494], [-68.93355, -22.46512], [-68.93437, -22.46557], [-68.94116, -22.46604]]}, "properties": {"name": "Javiera Carrera", "highway": "tertiary"}}, {"type": "Feature", "geometry": {"type": "LineString", "coordinates": [[-68.9305, -22.46494], [-68.93059, -22.46352]]}, "properties": {"name": "Aníbal Pinto", "highway": "tertiary"}}, {"type": "Feature", "geometry": {"type": "LineString", "coordinates": [[-68.93292, -22.46364], [-68.93295, -22.4632]]}, "properties": {"name": "Guanaco", "highway": "living_street"}}, {"type": "Feature", "geometry": {"type": "LineString", "coordinates": [[-68.93295, -22.4632], [-68.93218, -22.46314]]}, "properties": {"name": "Sotomayor", "highway": "living_street"}}, {"type": "Feature", "geometry": {"type": "LineString", "coordinates": [[-68.92956, -22.46628], [-68.92899, -22.46626]]}, "properties": {"name": "Pasaje 3", "highway": "living_street"}}, {"type": "Feature", "geometry": {"type": "LineString", "coordinates": [[-68.9371, -22.47135], [-68.93689, -22.47204]]}, "properties": {"name": "Aldunate", "highway": "secondary"}}, {"type": "Feature", "geometry": {"type": "LineString", "coordinates": [[-68.9371, -22.47135], [-68.93819, -22.47159]]}, "properties": {"name": "Las Araucarias", "highway": "living_street"}}, {"type": "Feature", "geometry": {"type": "LineString", "coordinates": [[-68.9383, -22.47118], [-68.93792, -22.47251]]}, "properties": {"name": "", "highway": "residential"}}, {"type": "Feature", "geometry": {"type": "LineString", "coordinates": [[-68.93661, -22.47218], [-68.93364, -22.48144]]}, "properties": {"name": "Las Vegas", "highway": "secondary"}}, {"type": "Feature", "geometry": {"type": "LineString", "coordinates": [[-68.94255, -22.46298], [-68.94252, -22.46353]]}, "properties": {"name": "Rondas", "highway": "residential"}}, {"type": "Feature", "geometry": {"type": "LineString", "coordinates": [[-68.94297, -22.46299], [-68.94292, -22.46354]]}, "properties": {"name": "Río Claro", "highway": "living_street"}}, {"type": "Feature", "geometry": {"type": "LineString", "coordinates": [[-68.945, -22.46303], [-68.94499, -22.46365]]}, "properties": {"name": "La Poetisa", "highway": "living_street"}}, {"type": "Feature", "geometry": {"type": "LineString", "coordinates": [[-68.94553, -22.46304], [-68.9455, -22.46364]]}, "properties": {"name": "Pucón", "highway": "living_street"}}, {"type": "Feature", "geometry": {"type": "LineString", "coordinates": [[-68.94606, -22.46304], [-68.94603, -22.46365]]}, "properties": {"name": "Rocío", "highway": "residential"}}, {"type": "Feature", "geometry": {"type": "LineString", "coordinates": [[-68.94677, -22.46305], [-68.94674, -22.46368]]}, "properties": {"name": "Rupanco", "highway": "living_street"}}, {"type": "Feature", "geometry": {"type": "LineString", "coordinates": [[-68.94712, -22.46306], [-68.94708, -22.46369]]}, "properties": {"name": "Rahue", "highway": "living_street"}}, {"type": "Feature", "geometry": {"type": "LineString", "coordinates": [[-68.92678, -22.45328], [-68.92671, -22.45458]]}, "properties": {"name": "Latorre", "highway": "living_street"}}, {"type": "Feature", "geometry": {"type": "LineString", "coordinates": [[-68.92674, -22.45391], [-68.92645, -22.4539]]}, "properties": {"name": "Latorre", "highway": "living_street"}}, {"type": "Feature", "geometry": {"type": "LineString", "coordinates": [[-68.93132, -22.45716], [-68.93052, -22.45704]]}, "properties": {"name": "Freirina", "highway": "residential"}}, {"type": "Feature", "geometry": {"type": "LineString", "coordinates": [[-68.93097, -22.45687], [-68.93102, -22.45661]]}, "properties": {"name": "Pacífico", "highway": "living_street"}}, {"type": "Feature", "geometry": {"type": "LineString", "coordinates": [[-68.93177, -22.45677], [-68.93138, -22.45672]]}, "properties": {"name": "Yareta", "highway": "living_street"}}, {"type": "Feature", "geometry": {"type": "LineString", "coordinates": [[-68.92958, -22.46146], [-68.93025, -22.46142]]}, "properties": {"name": "G. López", "highway": "residential"}}, {"type": "Feature", "geometry": {"type": "LineString", "coordinates": [[-68.92843, -22.46088], [-68.92839, -22.46154]]}, "properties": {"name": "Bautista", "highway": "residential"}}, {"type": "Feature", "geometry": {"type": "LineString", "coordinates": [[-68.92836, -22.45595], [-68.92815, -22.45666], [-68.92847, -22.45675], [-68.92868, -22.45598]]}, "properties": {"name": "El Corregidor", "highway": "living_street"}}, {"type": "Feature", "geometry": {"type": "LineString", "coordinates": [[-68.92815, -22.45666], [-68.92808, -22.45664]]}, "properties": {"name": "El Corregidor", "highway": "living_street"}}, {"type": "Feature", "geometry": {"type": "LineString", "coordinates": [[-68.94328, -22.45393], [-68.94326, -22.45435]]}, "properties": {"name": "Américo Vespucio", "highway": "residential"}}, {"type": "Feature", "geometry": {"type": "LineString", "coordinates": [[-68.94992, -22.4546], [-68.94844, -22.4545]]}, "properties": {"name": "Antillanca", "highway": "living_street"}}, {"type": "Feature", "geometry": {"type": "LineString", "coordinates": [[-68.92111, -22.45627], [-68.92176, -22.45627]]}, "properties": {"name": "Coronel Sotomayor", "highway": "residential"}}, {"type": "Feature", "geometry": {"type": "LineString", "coordinates": [[-68.91486, -22.45486], [-68.91764, -22.45485]]}, "properties": {"name": "Los Algarrobos", "highway": "residential"}}, {"type": "Feature", "geometry": {"type": "LineString", "coordinates": [[-68.9173, -22.45643], [-68.91668, -22.45641]]}, "properties": {"name": "Los Pinos", "highway": "living_street"}}, {"type": "Feature", "geometry": {"type": "LineString", "coordinates": [[-68.91436, -22.45423], [-68.91352, -22.4541]]}, "properties": {"name": "Sendero A", "highway": "living_street"}}, {"type": "Feature", "geometry": {"type": "LineString", "coordinates": [[-68.9143, -22.45475], [-68.91343, -22.45462]]}, "properties": {"name": "Sendero B", "highway": "living_street"}}, {"type": "Feature", "geometry": {"type": "LineString", "coordinates": [[-68.91424, -22.45528], [-68.91333, -22.45515]]}, "properties": {"name": "Sendero C", "highway": "living_street"}}, {"type": "Feature", "geometry": {"type": "LineString", "coordinates": [[-68.91258, -22.45511], [-68.91297, -22.45332]]}, "properties": {"name": "3 Oriente", "highway": "residential"}}, {"type": "Feature", "geometry": {"type": "LineString", "coordinates": [[-68.91146, -22.45496], [-68.91258, -22.45511]]}, "properties": {"name": "2 Sur", "highway": "residential"}}, {"type": "Feature", "geometry": {"type": "LineString", "coordinates": [[-68.91008, -22.45362], [-68.91093, -22.45379]]}, "properties": {"name": "1 Sur", "highway": "residential"}}, {"type": "Feature", "geometry": {"type": "LineString", "coordinates": [[-68.91023, -22.45422], [-68.91083, -22.45434]]}, "properties": {"name": "2 Sur", "highway": "residential"}}, {"type": "Feature", "geometry": {"type": "LineString", "coordinates": [[-68.94212, -22.45166], [-68.94211, -22.45231]]}, "properties": {"name": "Ñielol", "highway": "living_street"}}, {"type": "Feature", "geometry": {"type": "LineString", "coordinates": [[-68.94145, -22.45626], [-68.94103, -22.46295]]}, "properties": {"name": "José Santos Ossa", "highway": "residential"}}, {"type": "Feature", "geometry": {"type": "LineString", "coordinates": [[-68.93765, -22.45056], [-68.93791, -22.45182]]}, "properties": {"name": "Nuremberg", "highway": "residential"}}, {"type": "Feature", "geometry": {"type": "LineString", "coordinates": [[-68.93737, -22.4513], [-68.93663, -22.45142]]}, "properties": {"name": "Bremen", "highway": "living_street"}}, {"type": "Feature", "geometry": {"type": "LineString", "coordinates": [[-68.93702, -22.45136], [-68.93688, -22.45069]]}, "properties": {"name": "Bremen", "highway": "living_street"}}, {"type": "Feature", "geometry": {"type": "LineString", "coordinates": [[-68.93872, -22.44559], [-68.9389, -22.44649]]}, "properties": {"name": "Colonia Oriente", "highway": "living_street"}}, {"type": "Feature", "geometry": {"type": "LineString", "coordinates": [[-68.9309, -22.44669], [-68.93015, -22.44682]]}, "properties": {"name": "Finlandia", "highway": "residential"}}, {"type": "Feature", "geometry": {"type": "LineString", "coordinates": [[-68.93015, -22.44682], [-68.92938, -22.44696]]}, "properties": {"name": "Finlandia", "highway": "residential"}}, {"type": "Feature", "geometry": {"type": "LineString", "coordinates": [[-68.92938, -22.44696], [-68.93007, -22.45047]]}, "properties": {"name": "Costa Rica", "highway": "residential"}}, {"type": "Feature", "geometry": {"type": "LineString", "coordinates": [[-68.92938, -22.44696], [-68.92803, -22.44721]]}, "properties": {"name": "Finlandia", "highway": "residential"}}, {"type": "Feature", "geometry": {"type": "LineString", "coordinates": [[-68.93878, -22.44482], [-68.93817, -22.44492]]}, "properties": {"name": "Los Molinos", "highway": "living_street"}}, {"type": "Feature", "geometry": {"type": "LineString", "coordinates": [[-68.93859, -22.44174], [-68.93248, -22.44278]]}, "properties": {"name": "Independencia", "highway": "residential"}}, {"type": "Feature", "geometry": {"type": "LineString", "coordinates": [[-68.93688, -22.44593], [-68.93706, -22.44679]]}, "properties": {"name": "Frankfurt", "highway": "residential"}}, {"type": "Feature", "geometry": {"type": "LineString", "coordinates": [[-68.93682, -22.44532], [-68.93618, -22.44545]]}, "properties": {"name": "10 de Julio", "highway": "residential"}}, {"type": "Feature", "geometry": {"type": "LineString", "coordinates": [[-68.9387, -22.44228], [-68.93824, -22.44236]]}, "properties": {"name": "Las Rocas", "highway": "residential"}}, {"type": "Feature", "geometry": {"type": "LineString", "coordinates": [[-68.93755, -22.44124], [-68.93788, -22.443]]}, "properties": {"name": "Frei Bonn Pte", "highway": "living_street"}}, {"type": "Feature", "geometry": {"type": "LineString", "coordinates": [[-68.93831, -22.44272], [-68.93785, -22.44279]]}, "properties": {"name": "Las Rocas", "highway": "living_street"}}, {"type": "Feature", "geometry": {"type": "LineString", "coordinates": [[-68.93775, -22.44229], [-68.93714, -22.44239]]}, "properties": {"name": "Independencia Sur", "highway": "living_street"}}, {"type": "Feature", "geometry": {"type": "LineString", "coordinates": [[-68.93788, -22.443], [-68.93609, -22.44331]]}, "properties": {"name": "Los Minerales", "highway": "living_street"}}, {"type": "Feature", "geometry": {"type": "LineString", "coordinates": [[-68.93788, -22.44144], [-68.93735, -22.44152]]}, "properties": {"name": "Pasaje Cobrizo", "highway": "living_street"}}, {"type": "Feature", "geometry": {"type": "LineString", "coordinates": [[-68.93316, -22.44031], [-68.93358, -22.44023]]}, "properties": {"name": "Pasaje Chuquicamata Nte.", "highway": "living_street"}}, {"type": "Feature", "geometry": {"type": "LineString", "coordinates": [[-68.93085, -22.4381], [-68.93096, -22.43866]]}, "properties": {"name": "Talca", "highway": "living_street"}}, {"type": "Feature", "geometry": {"type": "LineString", "coordinates": [[-68.93114, -22.43648], [-68.93122, -22.43699]]}, "properties": {"name": "Huara", "highway": "residential"}}, {"type": "Feature", "geometry": {"type": "LineString", "coordinates": [[-68.92853, -22.4355], [-68.92864, -22.43611]]}, "properties": {"name": "Pasaje Arica", "highway": "living_street"}}, {"type": "Feature", "geometry": {"type": "LineString", "coordinates": [[-68.92814, -22.43557], [-68.92826, -22.43617]]}, "properties": {"name": "Pasaje Laguna Legia", "highway": "living_street"}}, {"type": "Feature", "geometry": {"type": "LineString", "coordinates": [[-68.93029, -22.43518], [-68.93039, -22.43564]]}, "properties": {"name": "Pasaje Inca Coya", "highway": "living_street"}}, {"type": "Feature", "geometry": {"type": "LineString", "coordinates": [[-68.93085, -22.43555], [-68.92975, -22.43582]]}, "properties": {"name": "", "highway": "living_street"}}, {"type": "Feature", "geometry": {"type": "LineString", "coordinates": [[-68.92894, -22.43543], [-68.92873, -22.43435]]}, "properties": {"name": "Pasaje Colchagua", "highway": "living_street"}}, {"type": "Feature", "geometry": {"type": "LineString", "coordinates": [[-68.91808, -22.43168], [-68.91751, -22.43128]]}, "properties": {"name": "Pasaje Casa Milla", "highway": "living_street"}}, {"type": "Feature", "geometry": {"type": "LineString", "coordinates": [[-68.92298, -22.43193], [-68.92287, -22.4313]]}, "properties": {"name": "Riquelme", "highway": "living_street"}}, {"type": "Feature", "geometry": {"type": "LineString", "coordinates": [[-68.92276, -22.43245], [-68.92231, -22.43253]]}, "properties": {"name": "Baquedano", "highway": "living_street"}}, {"type": "Feature", "geometry": {"type": "LineString", "coordinates": [[-68.92124, -22.43272], [-68.92077, -22.43279]]}, "properties": {"name": "Baquedano", "highway": "living_street"}}, {"type": "Feature", "geometry": {"type": "LineString", "coordinates": [[-68.92017, -22.43257], [-68.92032, -22.43327]]}, "properties": {"name": "El Laco", "highway": "living_street"}}, {"type": "Feature", "geometry": {"type": "LineString", "coordinates": [[-68.92054, -22.4343], [-68.92044, -22.43385]]}, "properties": {"name": "El Laco", "highway": "living_street"}}, {"type": "Feature", "geometry": {"type": "LineString", "coordinates": [[-68.92052, -22.43302], [-68.91996, -22.43309]]}, "properties": {"name": "Baquedano", "highway": "living_street"}}, {"type": "Feature", "geometry": {"type": "LineString", "coordinates": [[-68.91908, -22.43378], [-68.91913, -22.43404]]}, "properties": {"name": "Caracoles Poniente", "highway": "living_street"}}, {"type": "Feature", "geometry": {"type": "LineString", "coordinates": [[-68.91937, -22.43373], [-68.91942, -22.43402]]}, "properties": {"name": "Portezuelo del Inca", "highway": "living_street"}}, {"type": "Feature", "geometry": {"type": "LineString", "coordinates": [[-68.91968, -22.43367], [-68.91974, -22.43396]]}, "properties": {"name": "Camarones Oriente", "highway": "living_street"}}, {"type": "Feature", "geometry": {"type": "LineString", "coordinates": [[-68.91759, -22.43338], [-68.92021, -22.43279]]}, "properties": {"name": "Pampa Unión", "highway": "living_street"}}, {"type": "Feature", "geometry": {"type": "LineString", "coordinates": [[-68.9169, -22.43332], [-68.91697, -22.43416]]}, "properties": {"name": "Río Negro", "highway": "living_street"}}, {"type": "Feature", "geometry": {"type": "LineString", "coordinates": [[-68.91687, -22.43495], [-68.9167, -22.43421]]}, "properties": {"name": "Río Negro", "highway": "living_street"}}, {"type": "Feature", "geometry": {"type": "LineString", "coordinates": [[-68.91667, -22.43412], [-68.91652, -22.4334]]}, "properties": {"name": "Río Negro", "highway": "living_street"}}, {"type": "Feature", "geometry": {"type": "LineString", "coordinates": [[-68.91652, -22.4334], [-68.9169, -22.43332]]}, "properties": {"name": "Pampa Unión", "highway": "living_street"}}, {"type": "Feature", "geometry": {"type": "LineString", "coordinates": [[-68.92547, -22.43709], [-68.92572, -22.43835]]}, "properties": {"name": "Inacaliri", "highway": "living_street"}}, {"type": "Feature", "geometry": {"type": "LineString", "coordinates": [[-68.92557, -22.43759], [-68.92507, -22.43769]]}, "properties": {"name": "Granaderos", "highway": "living_street"}}, {"type": "Feature", "geometry": {"type": "LineString", "coordinates": [[-68.92564, -22.43791], [-68.92514, -22.438]]}, "properties": {"name": "Granaderos", "highway": "living_street"}}, {"type": "Feature", "geometry": {"type": "LineString", "coordinates": [[-68.92514, -22.438], [-68.92495, -22.43718]]}, "properties": {"name": "Miño", "highway": "residential"}}, {"type": "Feature", "geometry": {"type": "LineString", "coordinates": [[-68.92053, -22.44663], [-68.91971, -22.44678]]}, "properties": {"name": "Ahumada", "highway": "living_street"}}, {"type": "Feature", "geometry": {"type": "LineString", "coordinates": [[-68.92064, -22.44705], [-68.91984, -22.44724]]}, "properties": {"name": "Aedo", "highway": "living_street"}}, {"type": "Feature", "geometry": {"type": "LineString", "coordinates": [[-68.92135, -22.45439], [-68.92141, -22.45398], [-68.92104, -22.45284]]}, "properties": {"name": "Balmaceda", "highway": "living_street"}}, {"type": "Feature", "geometry": {"type": "LineString", "coordinates": [[-68.91471, -22.45245], [-68.91348, -22.45228]]}, "properties": {"name": "2 Norte", "highway": "residential"}}, {"type": "Feature", "geometry": {"type": "LineString", "coordinates": [[-68.91398, -22.44947], [-68.91436, -22.44727]]}, "properties": {"name": "Avenida Nueva", "highway": "residential"}}, {"type": "Feature", "geometry": {"type": "LineString", "coordinates": [[-68.91637, -22.45083], [-68.91646, -22.45031]]}, "properties": {"name": "Romilio Concha", "highway": "living_street"}}, {"type": "Feature", "geometry": {"type": "LineString", "coordinates": [[-68.91682, -22.45006], [-68.91623, -22.44997]]}, "properties": {"name": "Pasaje Exótica", "highway": "living_street"}}, {"type": "Feature", "geometry": {"type": "LineString", "coordinates": [[-68.91698, -22.44916], [-68.91551, -22.44894]]}, "properties": {"name": "9 Norte", "highway": "living_street"}}, {"type": "Feature", "geometry": {"type": "LineString", "coordinates": [[-68.91749, -22.44839], [-68.91712, -22.44836]]}, "properties": {"name": "11 Norte", "highway": "living_street"}}, {"type": "Feature", "geometry": {"type": "LineString", "coordinates": [[-68.91752, -22.44817], [-68.91398, -22.44947]]}, "properties": {"name": "11 Norte", "highway": "tertiary"}}, {"type": "Feature", "geometry": {"type": "LineString", "coordinates": [[-68.91752, -22.44817], [-68.91688, -22.45174], [-68.91765, -22.45286]]}, "properties": {"name": "Nueva Oriente", "highway": "tertiary"}}, {"type": "Feature", "geometry": {"type": "LineString", "coordinates": [[-68.9194, -22.44774], [-68.91951, -22.44747], [-68.91924, -22.44637]]}, "properties": {"name": "Balmaceda", "highway": "living_street"}}, {"type": "Feature", "geometry": {"type": "LineString", "coordinates": [[-68.91866, -22.44643], [-68.91886, -22.44695]]}, "properties": {"name": "San Felipe", "highway": "living_street"}}, {"type": "Feature", "geometry": {"type": "LineString", "coordinates": [[-68.91156, -22.44662], [-68.91181, -22.44561]]}, "properties": {"name": "Comandante Neira Oriente", "highway": "residential"}}, {"type": "Feature", "geometry": {"type": "LineString", "coordinates": [[-68.90659, -22.45217], [-68.90881, -22.44626]]}, "properties": {"name": "Avenida Regimiento", "highway": "tertiary"}}, {"type": "Feature", "geometry": {"type": "LineString", "coordinates": [[-68.90881, -22.44626], [-68.90865, -22.44606]]}, "properties": {"name": "Avenida Regimiento", "highway": "tertiary"}}, {"type": "Feature", "geometry": {"type": "LineString", "coordinates": [[-68.90993, -22.44487], [-68.90865, -22.44606], [-68.90777, -22.44659], [-68.90629, -22.44722], [-68.90415, -22.44778]]}, "properties": {"name": "Quebrada Blanca", "highway": "tertiary"}}, {"type": "Feature", "geometry": {"type": "LineString", "coordinates": [[-68.91003, -22.44479], [-68.90993, -22.44487]]}, "properties": {"name": "Quebrada Blanca", "highway": "tertiary"}}, {"type": "Feature", "geometry": {"type": "LineString", "coordinates": [[-68.90877, -22.44441], [-68.90785, -22.4442]]}, "properties": {"name": "Pasaje El Parque", "highway": "living_street"}}, {"type": "Feature", "geometry": {"type": "LineString", "coordinates": [[-68.90883, -22.44442], [-68.91034, -22.44468]]}, "properties": {"name": "Pasaje Quebrada Blanca", "highway": "living_street"}}, {"type": "Feature", "geometry": {"type": "LineString", "coordinates": [[-68.91089, -22.44376], [-68.91254, -22.44528]]}, "properties": {"name": "San Bartolo", "highway": "residential"}}, {"type": "Feature", "geometry": {"type": "LineString", "coordinates": [[-68.91155, -22.4407], [-68.91136, -22.44067], [-68.91088, -22.4411], [-68.91095, -22.44128]]}, "properties": {"name": "Pasaje Chuquicamata", "highway": "living_street"}}, {"type": "Feature", "geometry": {"type": "LineString", "coordinates": [[-68.91045, -22.44085], [-68.91101, -22.44044], [-68.91088, -22.44029], [-68.91068, -22.44047], [-68.91079, -22.44061]]}, "properties": {"name": "Pasaje Spence", "highway": "living_street"}}, {"type": "Feature", "geometry": {"type": "LineString", "coordinates": [[-68.91011, -22.44051], [-68.91045, -22.44085]]}, "properties": {"name": "Doña Inés Norte", "highway": "living_street"}}, {"type": "Feature", "geometry": {"type": "LineString", "coordinates": [[-68.90467, -22.44323], [-68.90421, -22.44283]]}, "properties": {"name": "Tagua", "highway": "living_street"}}, {"type": "Feature", "geometry": {"type": "LineString", "coordinates": [[-68.90452, -22.44312], [-68.90422, -22.44337]]}, "properties": {"name": "Aymani", "highway": "living_street"}}, {"type": "Feature", "geometry": {"type": "LineString", "coordinates": [[-68.90422, -22.44337], [-68.90388, -22.44313]]}, "properties": {"name": "Inca Coya", "highway": "living_street"}}, {"type": "Feature", "geometry": {"type": "LineString", "coordinates": [[-68.90299, -22.44256], [-68.9092, -22.43687]]}, "properties": {"name": "Las Parinas", "highway": "residential"}}, {"type": "Feature", "geometry": {"type": "LineString", "coordinates": [[-68.90612, -22.44565], [-68.90697, -22.44539]]}, "properties": {"name": "Pasaje Volcán Poruña", "highway": "living_street"}}, {"type": "Feature", "geometry": {"type": "LineString", "coordinates": [[-68.90637, -22.44532], [-68.90548, -22.44557]]}, "properties": {"name": "Pasaje Volcán Poruña", "highway": "living_street"}}, {"type": "Feature", "geometry": {"type": "LineString", "coordinates": [[-68.90597, -22.44471], [-68.9051, -22.44498]]}, "properties": {"name": "Pasaje Volcán Miñiques", "highway": "living_street"}}, {"type": "Feature", "geometry": {"type": "LineString", "coordinates": [[-68.90575, -22.44508], [-68.90661, -22.44483]]}, "properties": {"name": "Pasaje Volcán Miñiques", "highway": "living_street"}}, {"type": "Feature", "geometry": {"type": "LineString", "coordinates": [[-68.90501, -22.44729], [-68.90407, -22.44759]]}, "properties": {"name": "Pasaje Volcán Puchulaiza", "highway": "residential"}}, {"type": "Feature", "geometry": {"type": "LineString", "coordinates": [[-68.90435, -22.44543], [-68.90525, -22.44521]]}, "properties": {"name": "Volcán Putana", "highway": "living_street"}}, {"type": "Feature", "geometry": {"type": "LineString", "coordinates": [[-68.9053, -22.44447], [-68.90501, -22.44401]]}, "properties": {"name": "Pasaje Volcán Socompa", "highway": "living_street"}}, {"type": "Feature", "geometry": {"type": "LineString", "coordinates": [[-68.91462, -22.45353], [-68.91442, -22.45358]]}, "properties": {"name": "Chorrillos", "highway": "tertiary"}}, {"type": "Feature", "geometry": {"type": "LineString", "coordinates": [[-68.93089, -22.48439], [-68.93075, -22.48484]]}, "properties": {"name": "Camino Vecinal", "highway": "residential"}}, {"type": "Feature", "geometry": {"type": "LineString", "coordinates": [[-68.93075, -22.48484], [-68.9332, -22.48654], [-68.93475, -22.48788]]}, "properties": {"name": "", "highway": "unclassified"}}, {"type": "Feature", "geometry": {"type": "LineString", "coordinates": [[-68.93713, -22.47415], [-68.93474, -22.48168]]}, "properties": {"name": "Pedro de Valdivia", "highway": "residential"}}, {"type": "Feature", "geometry": {"type": "LineString", "coordinates": [[-68.92613, -22.48697], [-68.92899, -22.48362]]}, "properties": {"name": "Avenida Libertador Bernardo O'Higgins", "highway": "primary"}}, {"type": "Feature", "geometry": {"type": "LineString", "coordinates": [[-68.92613, -22.48697], [-68.92526, -22.48814]]}, "properties": {"name": "Avenida Libertador Bernardo O'Higgins", "highway": "primary"}}, {"type": "Feature", "geometry": {"type": "LineString", "coordinates": [[-68.92485, -22.48917], [-68.92509, -22.49099]]}, "properties": {"name": "Balmaceda", "highway": "primary"}}, {"type": "Feature", "geometry": {"type": "LineString", "coordinates": [[-68.92418, -22.48851], [-68.9239, -22.48782], [-68.92325, -22.48435], [-68.92316, -22.47993]]}, "properties": {"name": "Balmaceda", "highway": "primary"}}, {"type": "Feature", "geometry": {"type": "LineString", "coordinates": [[-68.92238, -22.49051], [-68.91905, -22.49187]]}, "properties": {"name": "Alcalde José Lira", "highway": "tertiary"}}, {"type": "Feature", "geometry": {"type": "LineString", "coordinates": [[-68.92233, -22.49045], [-68.92354, -22.48988], [-68.9242, -22.48928]]}, "properties": {"name": "Alcalde José Lira", "highway": "tertiary"}}, {"type": "Feature", "geometry": {"type": "LineString", "coordinates": [[-68.92219, -22.49024], [-68.92111, -22.49072], [-68.92051, -22.49057], [-68.91775, -22.48826]]}, "properties": {"name": "Alcalde José Lira", "highway": "tertiary"}}, {"type": "Feature", "geometry": {"type": "LineString", "coordinates": [[-68.92449, -22.48923], [-68.9244, -22.48903]]}, "properties": {"name": "Balmaceda", "highway": "primary"}}, {"type": "Feature", "geometry": {"type": "LineString", "coordinates": [[-68.92316, -22.47952], [-68.92314, -22.47896]]}, "properties": {"name": "Balmaceda", "highway": "primary"}}, {"type": "Feature", "geometry": {"type": "LineString", "coordinates": [[-68.92316, -22.46797], [-68.92319, -22.46802]]}, "properties": {"name": "Balmaceda", "highway": "primary"}}, {"type": "Feature", "geometry": {"type": "LineString", "coordinates": [[-68.92299, -22.46427], [-68.92276, -22.45963]]}, "properties": {"name": "Balmaceda", "highway": "primary"}}, {"type": "Feature", "geometry": {"type": "LineString", "coordinates": [[-68.92306, -22.46427], [-68.92301, -22.46467]]}, "properties": {"name": "Balmaceda", "highway": "primary"}}, {"type": "Feature", "geometry": {"type": "LineString", "coordinates": [[-68.92301, -22.46467], [-68.92316, -22.46797]]}, "properties": {"name": "Balmaceda", "highway": "primary"}}, {"type": "Feature", "geometry": {"type": "LineString", "coordinates": [[-68.9237, -22.4459], [-68.92422, -22.44838]]}, "properties": {"name": "Faustino Sarmiento", "highway": "residential"}}, {"type": "Feature", "geometry": {"type": "LineString", "coordinates": [[-68.94704, -22.44811], [-68.94703, -22.44844]]}, "properties": {"name": "Hauka Huali Oriente", "highway": "living_street"}}, {"type": "Feature", "geometry": {"type": "LineString", "coordinates": [[-68.94789, -22.44813], [-68.94704, -22.44811]]}, "properties": {"name": "Hauka Huali", "highway": "living_street"}}, {"type": "Feature", "geometry": {"type": "LineString", "coordinates": [[-68.94679, -22.44614], [-68.94597, -22.44614]]}, "properties": {"name": "Diego de Almagro Sur", "highway": "living_street"}}, {"type": "Feature", "geometry": {"type": "LineString", "coordinates": [[-68.94675, -22.44713], [-68.94595, -22.44711]]}, "properties": {"name": "Ñusta Huayca Sur", "highway": "living_street"}}, {"type": "Feature", "geometry": {"type": "LineString", "coordinates": [[-68.9479, -22.44753], [-68.94793, -22.4465]]}, "properties": {"name": "Rupanco", "highway": "residential"}}, {"type": "Feature", "geometry": {"type": "LineString", "coordinates": [[-68.94755, -22.44715], [-68.9471, -22.44714], [-68.94711, -22.44681], [-68.94756, -22.44681], [-68.94755, -22.44715]]}, "properties": {"name": "Omar Petronovic", "highway": "living_street"}}, {"type": "Feature", "geometry": {"type": "LineString", "coordinates": [[-68.94793, -22.4465], [-68.94562, -22.44645]]}, "properties": {"name": "Manuel Montt Norte", "highway": "residential"}}, {"type": "Feature", "geometry": {"type": "LineString", "coordinates": [[-68.93917, -22.45337], [-68.92987, -22.45315], [-68.92933, -22.45327]]}, "properties": {"name": "Avenida Maipú", "highway": "secondary"}}, {"type": "Feature", "geometry": {"type": "LineString", "coordinates": [[-68.9252, -22.45279], [-68.92314, -22.45332]]}, "properties": {"name": "", "highway": "residential"}}, {"type": "Feature", "geometry": {"type": "LineString", "coordinates": [[-68.92422, -22.44838], [-68.925, -22.45157], [-68.92525, -22.45351]]}, "properties": {"name": "Vía Parque Poniente", "highway": "residential"}}, {"type": "Feature", "geometry": {"type": "LineString", "coordinates": [[-68.92651, -22.45329], [-68.92374, -22.45398]]}, "properties": {"name": "Avenida Chorrillos", "highway": "secondary"}}, {"type": "Feature", "geometry": {"type": "LineString", "coordinates": [[-68.93214, -22.45273], [-68.93368, -22.45247]]}, "properties": {"name": "Alonso de Ercilla", "highway": "tertiary"}}, {"type": "Feature", "geometry": {"type": "LineString", "coordinates": [[-68.92742, -22.44911], [-68.92824, -22.44897], [-68.92819, -22.44861]]}, "properties": {"name": "Manuel Montt", "highway": "living_street"}}, {"type": "Feature", "geometry": {"type": "LineString", "coordinates": [[-68.92204, -22.41727], [-68.92256, -22.41817], [-68.92319, -22.41859], [-68.92605, -22.41874]]}, "properties": {"name": "", "highway": "unclassified"}}, {"type": "Feature", "geometry": {"type": "LineString", "coordinates": [[-68.9326, -22.42137], [-68.93382, -22.42258], [-68.93405, -22.42352], [-68.93512, -22.42453], [-68.93589, -22.42487], [-68.93661, -22.42566], [-68.9376, -22.42754], [-68.93836, -22.42837], [-68.94121, -22.43024], [-68.94211, -22.43389], [-68.94161, -22.43741]]}, "properties": {"name": "", "highway": "unclassified"}}, {"type": "Feature", "geometry": {"type": "LineString", "coordinates": [[-68.9598, -22.42084], [-68.95315, -22.42183], [-68.94721, -22.42221], [-68.94594, -22.42397], [-68.94407, -22.42732], [-68.94197, -22.42986], [-68.9415, -22.43109], [-68.94127, -22.43294], [-68.94078, -22.43436], [-68.93738, -22.43757]]}, "properties": {"name": "", "highway": "unclassified"}}, {"type": "Feature", "geometry": {"type": "LineString", "coordinates": [[-68.92605, -22.41874], [-68.92519, -22.41865], [-68.92281, -22.41893], [-68.92247, -22.41942]]}, "properties": {"name": "", "highway": "unclassified"}}, {"type": "Feature", "geometry": {"type": "LineString", "coordinates": [[-68.89424, -22.47336], [-68.89424, -22.47353]]}, "properties": {"name": "", "highway": "tertiary"}}, {"type": "Feature", "geometry": {"type": "LineString", "coordinates": [[-68.89415, -22.47459], [-68.89394, -22.47452]]}, "properties": {"name": "", "highway": "tertiary"}}, {"type": "Feature", "geometry": {"type": "LineString", "coordinates": [[-68.92302, -22.44131], [-68.92322, -22.44218]]}, "properties": {"name": "José Miguel Carrera", "highway": "living_street"}}, {"type": "Feature", "geometry": {"type": "LineString", "coordinates": [[-68.901, -22.44313], [-68.89977, -22.44288]]}, "properties": {"name": "Almirante Grau", "highway": "trunk"}}, {"type": "Feature", "geometry": {"type": "LineString", "coordinates": [[-68.89929, -22.46897], [-68.90085, -22.4679]]}, "properties": {"name": "Avenida La Paz", "highway": "primary"}}, {"type": "Feature", "geometry": {"type": "LineString", "coordinates": [[-68.89832, -22.46988], [-68.8968, -22.47116]]}, "properties": {"name": "Ruta 23 CH", "highway": "trunk"}}, {"type": "Feature", "geometry": {"type": "LineString", "coordinates": [[-68.90375, -22.4436], [-68.91676, -22.44609]]}, "properties": {"name": "Almirante Grau", "highway": "primary"}}, {"type": "Feature", "geometry": {"type": "LineString", "coordinates": [[-68.94772, -22.45888], [-68.93901, -22.45795], [-68.93828, -22.45802]]}, "properties": {"name": "Chacabuco", "highway": "residential"}}, {"type": "Feature", "geometry": {"type": "LineString", "coordinates": [[-68.94702, -22.4505], [-68.947, -22.45111]]}, "properties": {"name": "Provincia de Canton Oriente", "highway": "residential"}}, {"type": "Feature", "geometry": {"type": "LineString", "coordinates": [[-68.94749, -22.45051], [-68.94747, -22.45115]]}, "properties": {"name": "Provincia de Canton Poniente", "highway": "residential"}}, {"type": "Feature", "geometry": {"type": "LineString", "coordinates": [[-68.95361, -22.47778], [-68.95673, -22.47311]]}, "properties": {"name": "Pasaje Vecinal", "highway": "residential"}}, {"type": "Feature", "geometry": {"type": "LineString", "coordinates": [[-68.96317, -22.46399], [-68.97263, -22.46962]]}, "properties": {"name": "", "highway": "residential"}}, {"type": "Feature", "geometry": {"type": "LineString", "coordinates": [[-68.9624, -22.49107], [-68.96133, -22.49523], [-68.96222, -22.49584], [-68.96504, -22.49687]]}, "properties": {"name": "", "highway": "unclassified"}}, {"type": "Feature", "geometry": {"type": "LineString", "coordinates": [[-68.9707, -22.49703], [-68.97203, -22.50279]]}, "properties": {"name": "", "highway": "residential"}}, {"type": "Feature", "geometry": {"type": "LineString", "coordinates": [[-68.96476, -22.49846], [-68.96534, -22.50154]]}, "properties": {"name": "", "highway": "residential"}}, {"type": "Feature", "geometry": {"type": "LineString", "coordinates": [[-68.96874, -22.4974], [-68.96946, -22.50088]]}, "properties": {"name": "", "highway": "residential"}}, {"type": "Feature", "geometry": {"type": "LineString", "coordinates": [[-68.96049, -22.46218], [-68.96078, -22.46195], [-68.9645, -22.46247], [-68.97409, -22.46811]]}, "properties": {"name": "", "highway": "residential"}}, {"type": "Feature", "geometry": {"type": "LineString", "coordinates": [[-68.97399, -22.50324], [-68.97686, -22.50263], [-68.97713, -22.50237], [-68.97721, -22.50202], [-68.97688, -22.50122], [-68.97691, -22.50016], [-68.97677, -22.49952], [-68.97645, -22.49917], [-68.97695, -22.49812], [-68.9771, -22.49635]]}, "properties": {"name": "", "highway": "residential"}}, {"type": "Feature", "geometry": {"type": "LineString", "coordinates": [[-68.96423, -22.49864], [-68.96579, -22.49516]]}, "properties": {"name": "", "highway": "unclassified"}}, {"type": "Feature", "geometry": {"type": "LineString", "coordinates": [[-68.96662, -22.46941], [-68.96941, -22.4653]]}, "properties": {"name": "", "highway": "residential"}}, {"type": "Feature", "geometry": {"type": "LineString", "coordinates": [[-68.96038, -22.49961], [-68.96697, -22.50225], [-68.96753, -22.50233], [-68.96834, -22.50199], [-68.96963, -22.50211], [-68.97035, -22.50253], [-68.97547, -22.50364], [-68.97842, -22.50508], [-68.97875, -22.505], [-68.97964, -22.50385]]}, "properties": {"name": "", "highway": "residential"}}, {"type": "Feature", "geometry": {"type": "LineString", "coordinates": [[-68.97503, -22.49627], [-68.97501, -22.49864], [-68.97559, -22.50122]]}, "properties": {"name": "", "highway": "residential"}}, {"type": "Feature", "geometry": {"type": "LineString", "coordinates": [[-68.97273, -22.49663], [-68.97413, -22.50319]]}, "properties": {"name": "", "highway": "residential"}}, {"type": "Feature", "geometry": {"type": "LineString", "coordinates": [[-68.96665, -22.49781], [-68.96753, -22.50212]]}, "properties": {"name": "", "highway": "residential"}}, {"type": "Feature", "geometry": {"type": "LineString", "coordinates": [[-68.9612, -22.46042], [-68.96111, -22.4612], [-68.9607, -22.46195]]}, "properties": {"name": "", "highway": "unclassified"}}, {"type": "Feature", "geometry": {"type": "LineString", "coordinates": [[-68.94465, -22.43678], [-68.94429, -22.4372], [-68.94355, -22.43705], [-68.94283, -22.43733], [-68.94161, -22.43741], [-68.9412, -22.43764], [-68.94045, -22.43718], [-68.93982, -22.43747], [-68.93854, -22.4374], [-68.93738, -22.43757]]}, "properties": {"name": "", "highway": "unclassified"}}, {"type": "Feature", "geometry": {"type": "LineString", "coordinates": [[-68.89538, -22.4345], [-68.89425, -22.43933]]}, "properties": {"name": "El Litio", "highway": "residential"}}, {"type": "Feature", "geometry": {"type": "LineString", "coordinates": [[-68.93564, -22.48928], [-68.93512, -22.48859], [-68.93467, -22.4885], [-68.93238, -22.48664], [-68.9316, -22.48592], [-68.93139, -22.48537]]}, "properties": {"name": "", "highway": "unclassified"}}, {"type": "Feature", "geometry": {"type": "LineString", "coordinates": [[-68.9325, -22.49], [-68.93163, -22.48913], [-68.92989, -22.48787], [-68.93033, -22.48637]]}, "properties": {"name": "", "highway": "unclassified"}}, {"type": "Feature", "geometry": {"type": "LineString", "coordinates": [[-68.92263, -22.45032], [-68.92217, -22.45036]]}, "properties": {"name": "", "highway": "unclassified"}}, {"type": "Feature", "geometry": {"type": "LineString", "coordinates": [[-68.92217, -22.45036], [-68.92261, -22.45027]]}, "properties": {"name": "", "highway": "unclassified"}}, {"type": "Feature", "geometry": {"type": "LineString", "coordinates": [[-68.92156, -22.45233], [-68.92122, -22.45241]]}, "properties": {"name": "David Quiroz Cáceres", "highway": "residential"}}, {"type": "Feature", "geometry": {"type": "LineString", "coordinates": [[-68.92927, -22.45603], [-68.92896, -22.45759]]}, "properties": {"name": "Granaderos", "highway": "primary"}}, {"type": "Feature", "geometry": {"type": "LineString", "coordinates": [[-68.92934, -22.45451], [-68.94635, -22.4549]]}, "properties": {"name": "Vasco de Gama", "highway": "tertiary"}}, {"type": "Feature", "geometry": {"type": "LineString", "coordinates": [[-68.91548, -22.43725], [-68.91571, -22.43825]]}, "properties": {"name": "Pasaje Paraíso", "highway": "residential"}}, {"type": "Feature", "geometry": {"type": "LineString", "coordinates": [[-68.91479, -22.43739], [-68.91592, -22.43716]]}, "properties": {"name": "Dominicas", "highway": "residential"}}, {"type": "Feature", "geometry": {"type": "LineString", "coordinates": [[-68.91546, -22.43926], [-68.91523, -22.43947], [-68.91567, -22.43989]]}, "properties": {"name": "Condominio El Ferrocarril", "highway": "residential"}}, {"type": "Feature", "geometry": {"type": "LineString", "coordinates": [[-68.91592, -22.43845], [-68.91479, -22.43739]]}, "properties": {"name": "Alfalfa", "highway": "residential"}}, {"type": "Feature", "geometry": {"type": "LineString", "coordinates": [[-68.9148, -22.44061], [-68.91188, -22.43787]]}, "properties": {"name": "Inca de Oro", "highway": "residential"}}, {"type": "Feature", "geometry": {"type": "LineString", "coordinates": [[-68.91425, -22.43498], [-68.91641, -22.43451]]}, "properties": {"name": "Huaytiquina", "highway": "tertiary"}}, {"type": "Feature", "geometry": {"type": "LineString", "coordinates": [[-68.92485, -22.49051], [-68.92452, -22.48932]]}, "properties": {"name": "Balmaceda", "highway": "primary"}}, {"type": "Feature", "geometry": {"type": "LineString", "coordinates": [[-68.92443, -22.48833], [-68.92464, -22.48852]]}, "properties": {"name": "Balmaceda", "highway": "primary"}}, {"type": "Feature", "geometry": {"type": "LineString", "coordinates": [[-68.92526, -22.48814], [-68.92444, -22.4891]]}, "properties": {"name": "Avenida Libertador Bernardo O'Higgins", "highway": "primary"}}, {"type": "Feature", "geometry": {"type": "LineString", "coordinates": [[-68.9244, -22.48903], [-68.92425, -22.48867]]}, "properties": {"name": "Balmaceda", "highway": "primary"}}, {"type": "Feature", "geometry": {"type": "LineString", "coordinates": [[-68.92472, -22.48865], [-68.92485, -22.48917]]}, "properties": {"name": "Balmaceda", "highway": "primary"}}, {"type": "Feature", "geometry": {"type": "LineString", "coordinates": [[-68.90458, -22.47932], [-68.9038, -22.47855]]}, "properties": {"name": "Pasaje Laguna de la Azufrera Poniente", "highway": "living_street"}}, {"type": "Feature", "geometry": {"type": "LineString", "coordinates": [[-68.90383, -22.47916], [-68.90317, -22.47851]]}, "properties": {"name": "Pasaje Laguna de la Azufrera Oriente", "highway": "living_street"}}, {"type": "Feature", "geometry": {"type": "LineString", "coordinates": [[-68.90416, -22.47891], [-68.90383, -22.47916]]}, "properties": {"name": "Pasaje Laguna de la Azufrera Sur", "highway": "living_street"}}, {"type": "Feature", "geometry": {"type": "LineString", "coordinates": [[-68.9038, -22.47855], [-68.90348, -22.47881]]}, "properties": {"name": "Pasaje Laguna de la Azufrera Norte", "highway": "living_street"}}, {"type": "Feature", "geometry": {"type": "LineString", "coordinates": [[-68.95126, -22.45985], [-68.94978, -22.45928]]}, "properties": {"name": "", "highway": "living_street"}}, {"type": "Feature", "geometry": {"type": "LineString", "coordinates": [[-68.9518, -22.45959], [-68.94999, -22.45887]]}, "properties": {"name": "", "highway": "living_street"}}, {"type": "Feature", "geometry": {"type": "LineString", "coordinates": [[-68.95109, -22.46025], [-68.94959, -22.45965]]}, "properties": {"name": "", "highway": "living_street"}}, {"type": "Feature", "geometry": {"type": "LineString", "coordinates": [[-68.92519, -22.43269], [-68.92006, -22.4336]]}, "properties": {"name": "Punta de Rieles", "highway": "tertiary"}}, {"type": "Feature", "geometry": {"type": "LineString", "coordinates": [[-68.97456, -22.49632], [-68.9758, -22.49177]]}, "properties": {"name": "Pasaje 2", "highway": "residential"}}, {"type": "Feature", "geometry": {"type": "LineString", "coordinates": [[-68.93458, -22.48165], [-68.93444, -22.48214]]}, "properties": {"name": "Condominio San Francisco", "highway": "living_street"}}, {"type": "Feature", "geometry": {"type": "LineString", "coordinates": [[-68.9339, -22.4824], [-68.93423, -22.48246]]}, "properties": {"name": "Los Cactus", "highway": "living_street"}}, {"type": "Feature", "geometry": {"type": "LineString", "coordinates": [[-68.92014, -22.48598], [-68.91975, -22.48564], [-68.92023, -22.48517]]}, "properties": {"name": "Pasaje Apupunchau", "highway": "living_street"}}, {"type": "Feature", "geometry": {"type": "LineString", "coordinates": [[-68.90218, -22.47874], [-68.90355, -22.47757]]}, "properties": {"name": "Pasaje Laguna Meñiques sur", "highway": "residential"}}, {"type": "Feature", "geometry": {"type": "LineString", "coordinates": [[-68.90252, -22.47907], [-68.9019, -22.47847]]}, "properties": {"name": "Pasaje Laguna  Miscanti", "highway": "residential"}}, {"type": "Feature", "geometry": {"type": "LineString", "coordinates": [[-68.90218, -22.48138], [-68.90112, -22.48025]]}, "properties": {"name": "Laguna Colorada", "highway": "residential"}}, {"type": "Feature", "geometry": {"type": "LineString", "coordinates": [[-68.92517, -22.47824], [-68.92481, -22.47831]]}, "properties": {"name": "Machuca", "highway": "living_street"}}, {"type": "Feature", "geometry": {"type": "LineString", "coordinates": [[-68.94604, -22.4665], [-68.94718, -22.4643]]}, "properties": {"name": "Ralún", "highway": "residential"}}, {"type": "Feature", "geometry": {"type": "LineString", "coordinates": [[-68.94985, -22.45561], [-68.94953, -22.45558]]}, "properties": {"name": "Pasaje Comercio", "highway": "living_street"}}, {"type": "Feature", "geometry": {"type": "LineString", "coordinates": [[-68.95034, -22.45054], [-68.94949, -22.45052]]}, "properties": {"name": "Federico Errazuríz Sur", "highway": "living_street"}}, {"type": "Feature", "geometry": {"type": "LineString", "coordinates": [[-68.9496, -22.44949], [-68.95018, -22.4495], [-68.95044, -22.4493]]}, "properties": {"name": "Calle Tikan Kabur", "highway": "living_street"}}, {"type": "Feature", "geometry": {"type": "LineString", "coordinates": [[-68.95093, -22.45157], [-68.95084, -22.45366]]}, "properties": {"name": "Calle Ollantay", "highway": "tertiary"}}, {"type": "Feature", "geometry": {"type": "LineString", "coordinates": [[-68.94922, -22.44948], [-68.94923, -22.44911]]}, "properties": {"name": "Tikan Kabur Oriente", "highway": "living_street"}}, {"type": "Feature", "geometry": {"type": "LineString", "coordinates": [[-68.94923, -22.44911], [-68.94961, -22.44912]]}, "properties": {"name": "Tikan Kabur Norte", "highway": "living_street"}}, {"type": "Feature", "geometry": {"type": "LineString", "coordinates": [[-68.94921, -22.44985], [-68.94958, -22.44986]]}, "properties": {"name": "Tikan Kabur Sur", "highway": "living_street"}}, {"type": "Feature", "geometry": {"type": "LineString", "coordinates": [[-68.94958, -22.44986], [-68.9496, -22.44949]]}, "properties": {"name": "Tikan Kabur Poniente", "highway": "living_street"}}, {"type": "Feature", "geometry": {"type": "LineString", "coordinates": [[-68.94961, -22.44912], [-68.9496, -22.44949]]}, "properties": {"name": "Tikan Kabur Poniente", "highway": "living_street"}}, {"type": "Feature", "geometry": {"type": "LineString", "coordinates": [[-68.94745, -22.44914], [-68.94707, -22.44913]]}, "properties": {"name": "Hauka Huali Norte", "highway": "living_street"}}, {"type": "Feature", "geometry": {"type": "LineString", "coordinates": [[-68.94707, -22.44913], [-68.94704, -22.44973]]}, "properties": {"name": "Hauka Huali Oriente", "highway": "living_street"}}, {"type": "Feature", "geometry": {"type": "LineString", "coordinates": [[-68.94582, -22.44971], [-68.94632, -22.44973]]}, "properties": {"name": "Pillan Apu Sur", "highway": "living_street"}}, {"type": "Feature", "geometry": {"type": "LineString", "coordinates": [[-68.94632, -22.44973], [-68.94633, -22.44908]]}, "properties": {"name": "Pillan Apu Poniente", "highway": "living_street"}}, {"type": "Feature", "geometry": {"type": "LineString", "coordinates": [[-68.94633, -22.44908], [-68.94586, -22.44907]]}, "properties": {"name": "Pillan Apu Norte", "highway": "living_street"}}, {"type": "Feature", "geometry": {"type": "LineString", "coordinates": [[-68.94109, -22.4476], [-68.94143, -22.44983]]}, "properties": {"name": "Santiago Humberstone Oriente", "highway": "living_street"}}, {"type": "Feature", "geometry": {"type": "LineString", "coordinates": [[-68.95304, -22.45458], [-68.9531, -22.4527], [-68.95234, -22.45143]]}, "properties": {"name": "Calle Carlos Díaz Ossa", "highway": "residential"}}, {"type": "Feature", "geometry": {"type": "LineString", "coordinates": [[-68.95234, -22.45143], [-68.95214, -22.45161], [-68.95093, -22.45157]]}, "properties": {"name": "Alonso de Ercilla", "highway": "residential"}}, {"type": "Feature", "geometry": {"type": "LineString", "coordinates": [[-68.95214, -22.45161], [-68.95204, -22.45416]]}, "properties": {"name": "Sipas", "highway": "residential"}}, {"type": "Feature", "geometry": {"type": "LineString", "coordinates": [[-68.95246, -22.45331], [-68.95245, -22.45397], [-68.95305, -22.45425]]}, "properties": {"name": "Sicuri", "highway": "residential"}}, {"type": "Feature", "geometry": {"type": "LineString", "coordinates": [[-68.95213, -22.45195], [-68.95132, -22.45194]]}, "properties": {"name": "Chacra Vieja", "highway": "residential"}}, {"type": "Feature", "geometry": {"type": "LineString", "coordinates": [[-68.95132, -22.45194], [-68.95128, -22.45347]]}, "properties": {"name": "Quate Quate", "highway": "residential"}}, {"type": "Feature", "geometry": {"type": "LineString", "coordinates": [[-68.95273, -22.45269], [-68.95213, -22.45172]]}, "properties": {"name": "Awana (Telar)", "highway": "residential"}}, {"type": "Feature", "geometry": {"type": "LineString", "coordinates": [[-68.95244, -22.4522], [-68.95212, -22.45235]]}, "properties": {"name": "Caucota", "highway": "residential"}}, {"type": "Feature", "geometry": {"type": "LineString", "coordinates": [[-68.95234, -22.45143], [-68.951, -22.45002]]}, "properties": {"name": "Calle Carlos Díaz Ossa", "highway": "residential"}}, {"type": "Feature", "geometry": {"type": "LineString", "coordinates": [[-68.94526, -22.44706], [-68.94486, -22.44702], [-68.94496, -22.44671], [-68.94527, -22.44677], [-68.94526, -22.44706]]}, "properties": {"name": "Chulki Kabur", "highway": "residential"}}, {"type": "Feature", "geometry": {"type": "LineString", "coordinates": [[-68.9451, -22.4464], [-68.9454, -22.44562]]}, "properties": {"name": "Arauco Oriente", "highway": "residential"}}, {"type": "Feature", "geometry": {"type": "LineString", "coordinates": [[-68.90311, -22.47711], [-68.90159, -22.47833], [-68.90075, -22.47754]]}, "properties": {"name": "", "highway": "residential"}}, {"type": "Feature", "geometry": {"type": "LineString", "coordinates": [[-68.90265, -22.47747], [-68.90185, -22.47663]]}, "properties": {"name": "", "highway": "residential"}}, {"type": "Feature", "geometry": {"type": "LineString", "coordinates": [[-68.90232, -22.47712], [-68.90289, -22.47662]]}, "properties": {"name": "", "highway": "living_street"}}, {"type": "Feature", "geometry": {"type": "LineString", "coordinates": [[-68.90199, -22.47678], [-68.90245, -22.47642]]}, "properties": {"name": "", "highway": "living_street"}}, {"type": "Feature", "geometry": {"type": "LineString", "coordinates": [[-68.90231, -22.47777], [-68.90161, -22.47704]]}, "properties": {"name": "", "highway": "living_street"}}, {"type": "Feature", "geometry": {"type": "LineString", "coordinates": [[-68.90196, -22.47806], [-68.90122, -22.47732]]}, "properties": {"name": "", "highway": "living_street"}}, {"type": "Feature", "geometry": {"type": "LineString", "coordinates": [[-68.92655, -22.43359], [-68.92592, -22.43369]]}, "properties": {"name": "Pasaje El Desierto", "highway": "living_street"}}, {"type": "Feature", "geometry": {"type": "LineString", "coordinates": [[-68.92975, -22.43582], [-68.92991, -22.43667]]}, "properties": {"name": "Talca", "highway": "living_street"}}, {"type": "Feature", "geometry": {"type": "LineString", "coordinates": [[-68.92575, -22.43704], [-68.92529, -22.43473]]}, "properties": {"name": "Avenida Granaderos", "highway": "living_street"}}, {"type": "Feature", "geometry": {"type": "LineString", "coordinates": [[-68.91256, -22.44482], [-68.91169, -22.44402]]}, "properties": {"name": "Condominio El Alto - Manzana D", "highway": "living_street"}}, {"type": "Feature", "geometry": {"type": "LineString", "coordinates": [[-68.91217, -22.44357], [-68.91304, -22.44437]]}, "properties": {"name": "Condominio El Alto - Manzana A", "highway": "living_street"}}, {"type": "Feature", "geometry": {"type": "LineString", "coordinates": [[-68.91169, -22.44402], [-68.91217, -22.44357]]}, "properties": {"name": "Condominio El Alto", "highway": "living_street"}}, {"type": "Feature", "geometry": {"type": "LineString", "coordinates": [[-68.90429, -22.44439], [-68.9039, -22.44379]]}, "properties": {"name": "Pasaje Volcán Pomarape", "highway": "living_street"}}, {"type": "Feature", "geometry": {"type": "LineString", "coordinates": [[-68.9145, -22.44954], [-68.91455, -22.44923]]}, "properties": {"name": "6 Oriente", "highway": "living_street"}}, {"type": "Feature", "geometry": {"type": "LineString", "coordinates": [[-68.90118, -22.44739], [-68.9007, -22.44849]]}, "properties": {"name": "Pasaje Salar Quisquiro", "highway": "living_street"}}, {"type": "Feature", "geometry": {"type": "LineString", "coordinates": [[-68.89971, -22.45493], [-68.89944, -22.45484], [-68.89934, -22.45359], [-68.89972, -22.45242]]}, "properties": {"name": "Tarar", "highway": "residential"}}, {"type": "Feature", "geometry": {"type": "LineString", "coordinates": [[-68.91412, -22.45704], [-68.91434, -22.45612]]}, "properties": {"name": "Los Sauces", "highway": "living_street"}}, {"type": "Feature", "geometry": {"type": "LineString", "coordinates": [[-68.91824, -22.45642], [-68.91828, -22.45634]]}, "properties": {"name": "Condominio San José de El Abra", "highway": "living_street"}}, {"type": "Feature", "geometry": {"type": "LineString", "coordinates": [[-68.91603, -22.43282], [-68.91592, -22.43285]]}, "properties": {"name": "Avenida Circunvalación", "highway": "trunk"}}, {"type": "Feature", "geometry": {"type": "LineString", "coordinates": [[-68.93144, -22.47138], [-68.93157, -22.4713]]}, "properties": {"name": "Arauco", "highway": "residential"}}, {"type": "Feature", "geometry": {"type": "LineString", "coordinates": [[-68.92729, -22.47277], [-68.92962, -22.4796]]}, "properties": {"name": "Avenida Libertador Bernardo O'Higgins", "highway": "primary"}}, {"type": "Feature", "geometry": {"type": "LineString", "coordinates": [[-68.92552, -22.47579], [-68.92494, -22.47636]]}, "properties": {"name": "18 de Mayo", "highway": "residential"}}, {"type": "Feature", "geometry": {"type": "LineString", "coordinates": [[-68.92456, -22.47522], [-68.92502, -22.47378]]}, "properties": {"name": "Almirante Latorre", "highway": "residential"}}, {"type": "Feature", "geometry": {"type": "LineString", "coordinates": [[-68.92512, -22.47067], [-68.92506, -22.47337]]}, "properties": {"name": "Almirante Latorre", "highway": "residential"}}, {"type": "Feature", "geometry": {"type": "LineString", "coordinates": [[-68.92524, -22.46753], [-68.9251, -22.47041]]}, "properties": {"name": "Almirante Latorre", "highway": "residential"}}, {"type": "Feature", "geometry": {"type": "LineString", "coordinates": [[-68.92541, -22.46755], [-68.92524, -22.46753]]}, "properties": {"name": "Manzano", "highway": "residential"}}, {"type": "Feature", "geometry": {"type": "LineString", "coordinates": [[-68.92569, -22.46198], [-68.92618, -22.45684]]}, "properties": {"name": "Almirante Latorre", "highway": "primary"}}, {"type": "Feature", "geometry": {"type": "LineString", "coordinates": [[-68.9261, -22.46674], [-68.92711, -22.46683]]}, "properties": {"name": "Porvenir", "highway": "residential"}}, {"type": "Feature", "geometry": {"type": "LineString", "coordinates": [[-68.92711, -22.46683], [-68.9265, -22.46897]]}, "properties": {"name": "Granaderos", "highway": "primary"}}, {"type": "Feature", "geometry": {"type": "LineString", "coordinates": [[-68.93502, -22.46378], [-68.94718, -22.4643]]}, "properties": {"name": "Vicuña Mackenna", "highway": "tertiary"}}, {"type": "Feature", "geometry": {"type": "LineString", "coordinates": [[-68.92953, -22.46343], [-68.92965, -22.45921]]}, "properties": {"name": "Santa María", "highway": "residential"}}, {"type": "Feature", "geometry": {"type": "LineString", "coordinates": [[-68.9265, -22.46897], [-68.92603, -22.46899]]}, "properties": {"name": "Ecuador", "highway": "primary"}}, {"type": "Feature", "geometry": {"type": "LineString", "coordinates": [[-68.92594, -22.469], [-68.92541, -22.46897], [-68.9232, -22.46798]]}, "properties": {"name": "Ecuador", "highway": "tertiary"}}, {"type": "Feature", "geometry": {"type": "LineString", "coordinates": [[-68.92737, -22.462], [-68.92784, -22.46203]]}, "properties": {"name": "Eleuterio Ramírez", "highway": "residential"}}, {"type": "Feature", "geometry": {"type": "LineString", "coordinates": [[-68.92896, -22.45759], [-68.92805, -22.46084], [-68.92755, -22.46552], [-68.92711, -22.46683]]}, "properties": {"name": "Granaderos", "highway": "primary"}}, {"type": "Feature", "geometry": {"type": "LineString", "coordinates": [[-68.93337, -22.4622], [-68.93339, -22.46166]]}, "properties": {"name": "Avenida Grecia", "highway": "secondary"}}, {"type": "Feature", "geometry": {"type": "LineString", "coordinates": [[-68.92784, -22.46203], [-68.93337, -22.4622]]}, "properties": {"name": "Eleuterio Ramírez", "highway": "residential"}}, {"type": "Feature", "geometry": {"type": "LineString", "coordinates": [[-68.92956, -22.4584], [-68.92881, -22.45821]]}, "properties": {"name": "Carlos Cisternas", "highway": "residential"}}, {"type": "Feature", "geometry": {"type": "LineString", "coordinates": [[-68.92081, -22.43934], [-68.91774, -22.43986]]}, "properties": {"name": "Central Sur", "highway": "tertiary"}}, {"type": "Feature", "geometry": {"type": "LineString", "coordinates": [[-68.92117, -22.44109], [-68.92054, -22.43799]]}, "properties": {"name": "Camarones", "highway": "residential"}}, {"type": "Feature", "geometry": {"type": "LineString", "coordinates": [[-68.93405, -22.45611], [-68.93916, -22.45621]]}, "properties": {"name": "Hurtado de Mendoza", "highway": "secondary"}}, {"type": "Feature", "geometry": {"type": "LineString", "coordinates": [[-68.93366, -22.45614], [-68.93405, -22.45611]]}, "properties": {"name": "Hurtado de Mendoza", "highway": "secondary"}}, {"type": "Feature", "geometry": {"type": "LineString", "coordinates": [[-68.93366, -22.45614], [-68.93042, -22.45625]]}, "properties": {"name": "Hurtado de Mendoza", "highway": "secondary"}}, {"type": "Feature", "geometry": {"type": "LineString", "coordinates": [[-68.9237, -22.47791], [-68.92474, -22.4779]]}, "properties": {"name": "Piedras Grandes", "highway": "residential"}}, {"type": "Feature", "geometry": {"type": "LineString", "coordinates": [[-68.9237, -22.47791], [-68.92325, -22.47791]]}, "properties": {"name": "Piedras Grandes", "highway": "residential"}}, {"type": "Feature", "geometry": {"type": "LineString", "coordinates": [[-68.92618, -22.45684], [-68.92896, -22.45759]]}, "properties": {"name": "Tarapacá", "highway": "primary"}}, {"type": "Feature", "geometry": {"type": "LineString", "coordinates": [[-68.92497, -22.45653], [-68.92454, -22.4564]]}, "properties": {"name": "Tarapacá", "highway": "residential"}}, {"type": "Feature", "geometry": {"type": "LineString", "coordinates": [[-68.92497, -22.45653], [-68.9242, -22.46752], [-68.92376, -22.46823]]}, "properties": {"name": "Vivar", "highway": "residential"}}, {"type": "Feature", "geometry": {"type": "LineString", "coordinates": [[-68.9238, -22.45849], [-68.92485, -22.45533]]}, "properties": {"name": "Vía Parque Poniente", "highway": "residential"}}, {"type": "Feature", "geometry": {"type": "LineString", "coordinates": [[-68.92485, -22.45533], [-68.92518, -22.45451]]}, "properties": {"name": "Vía Parque Poniente", "highway": "residential"}}, {"type": "Feature", "geometry": {"type": "LineString", "coordinates": [[-68.92259, -22.45705], [-68.92306, -22.46427]]}, "properties": {"name": "Balmaceda", "highway": "primary"}}, {"type": "Feature", "geometry": {"type": "LineString", "coordinates": [[-68.92374, -22.45398], [-68.92304, -22.45416]]}, "properties": {"name": "Avenida Chorrillos", "highway": "secondary"}}, {"type": "Feature", "geometry": {"type": "LineString", "coordinates": [[-68.92933, -22.45327], [-68.92651, -22.45329]]}, "properties": {"name": "Avenida Maipú", "highway": "secondary"}}, {"type": "Feature", "geometry": {"type": "LineString", "coordinates": [[-68.92189, -22.45445], [-68.92259, -22.45705]]}, "properties": {"name": "Avenida Balmaceda", "highway": "primary"}}, {"type": "Feature", "geometry": {"type": "LineString", "coordinates": [[-68.92189, -22.45445], [-68.92178, -22.45447]]}, "properties": {"name": "Avenida Los Chorrillos", "highway": "secondary"}}, {"type": "Feature", "geometry": {"type": "LineString", "coordinates": [[-68.92176, -22.45438], [-68.91987, -22.4477]]}, "properties": {"name": "Avenida Balmaceda", "highway": "primary"}}, {"type": "Feature", "geometry": {"type": "LineString", "coordinates": [[-68.9436, -22.45978], [-68.94394, -22.4549]]}, "properties": {"name": "Colo Colo", "highway": "residential"}}, {"type": "Feature", "geometry": {"type": "LineString", "coordinates": [[-68.94605, -22.46655], [-68.95205, -22.46904], [-68.95535, -22.4702]]}, "properties": {"name": "General Salvo", "highway": "unclassified"}}, {"type": "Feature", "geometry": {"type": "LineString", "coordinates": [[-68.94666, -22.46531], [-68.94338, -22.46438]]}, "properties": {"name": "Agretrans", "highway": "residential"}}, {"type": "Feature", "geometry": {"type": "LineString", "coordinates": [[-68.94167, -22.4647], [-68.94629, -22.46602]]}, "properties": {"name": "Agtradel", "highway": "residential"}}, {"type": "Feature", "geometry": {"type": "LineString", "coordinates": [[-68.94338, -22.46438], [-68.94299, -22.46559]]}, "properties": {"name": "Pasaje Jane Tabilo", "highway": "living_street"}}, {"type": "Feature", "geometry": {"type": "LineString", "coordinates": [[-68.94373, -22.46448], [-68.94348, -22.46522]]}, "properties": {"name": "Pasaje Trans Ayquina", "highway": "living_street"}}, {"type": "Feature", "geometry": {"type": "LineString", "coordinates": [[-68.94424, -22.46417], [-68.94374, -22.46576]]}, "properties": {"name": "Pasaje Trans D y F", "highway": "residential"}}, {"type": "Feature", "geometry": {"type": "LineString", "coordinates": [[-68.94449, -22.46469], [-68.94423, -22.46543]]}, "properties": {"name": "Pasaje Línea 4", "highway": "living_street"}}, {"type": "Feature", "geometry": {"type": "LineString", "coordinates": [[-68.94485, -22.4648], [-68.9446, -22.46553]]}, "properties": {"name": "Pasaje Línea 22", "highway": "living_street"}}, {"type": "Feature", "geometry": {"type": "LineString", "coordinates": [[-68.94289, -22.46411], [-68.94261, -22.46498]]}, "properties": {"name": "Pasaje Línea 2", "highway": "residential"}}, {"type": "Feature", "geometry": {"type": "LineString", "coordinates": [[-68.94574, -22.46505], [-68.94601, -22.46425]]}, "properties": {"name": "Agreducan", "highway": "residential"}}, {"type": "Feature", "geometry": {"type": "LineString", "coordinates": [[-68.94701, -22.46463], [-68.946, -22.46433]]}, "properties": {"name": "Pasaje Línea 32", "highway": "residential"}}, {"type": "Feature", "geometry": {"type": "LineString", "coordinates": [[-68.94251, -22.4641], [-68.94234, -22.46452], [-68.94179, -22.46441]]}, "properties": {"name": "Piloto Stanley", "highway": "residential"}}, {"type": "Feature", "geometry": {"type": "LineString", "coordinates": [[-68.94325, -22.46432], [-68.94282, -22.46556]]}, "properties": {"name": "Pasaje Línea 33", "highway": "living_street"}}, {"type": "Feature", "geometry": {"type": "LineString", "coordinates": [[-68.94647, -22.46567], [-68.94564, -22.46541]]}, "properties": {"name": "Asogreco", "highway": "living_street"}}, {"type": "Feature", "geometry": {"type": "LineString", "coordinates": [[-68.92796, -22.46538], [-68.92842, -22.46485], [-68.92855, -22.46336]]}, "properties": {"name": "Pasaje Monseñor Juan Bautista Herrada", "highway": "residential"}}, {"type": "Feature", "geometry": {"type": "LineString", "coordinates": [[-68.92843, -22.46529], [-68.92897, -22.4655]]}, "properties": {"name": "Andrés Bello", "highway": "living_street"}}, {"type": "Feature", "geometry": {"type": "LineString", "coordinates": [[-68.92658, -22.46539], [-68.92301, -22.46467]]}, "properties": {"name": "Pedro León Gallo", "highway": "secondary"}}, {"type": "Feature", "geometry": {"type": "LineString", "coordinates": [[-68.92658, -22.46539], [-68.92694, -22.4628], [-68.927, -22.46047], [-68.92753, -22.45721]]}, "properties": {"name": "Eduardo Abaroa", "highway": "tertiary"}}, {"type": "Feature", "geometry": {"type": "LineString", "coordinates": [[-68.92276, -22.45963], [-68.92258, -22.45758]]}, "properties": {"name": "Balmaceda", "highway": "primary"}}, {"type": "Feature", "geometry": {"type": "LineString", "coordinates": [[-68.95172, -22.45366], [-68.95175, -22.45294]]}, "properties": {"name": "Jaime Cerda Cuellar", "highway": "living_street"}}, {"type": "Feature", "geometry": {"type": "LineString", "coordinates": [[-68.95174, -22.45325], [-68.95122, -22.45324]]}, "properties": {"name": "Violeta Vergara", "highway": "living_street"}}, {"type": "Feature", "geometry": {"type": "LineString", "coordinates": [[-68.95204, -22.4516], [-68.95097, -22.4505]]}, "properties": {"name": "Awana", "highway": "residential"}}, {"type": "Feature", "geometry": {"type": "LineString", "coordinates": [[-68.94682, -22.44525], [-68.94563, -22.44545]]}, "properties": {"name": "Diego de Almagro", "highway": "tertiary"}}, {"type": "Feature", "geometry": {"type": "LineString", "coordinates": [[-68.9454, -22.44562], [-68.94545, -22.44547]]}, "properties": {"name": "Arauco Oriente", "highway": "residential"}}, {"type": "Feature", "geometry": {"type": "LineString", "coordinates": [[-68.93478, -22.44107], [-68.93469, -22.44067]]}, "properties": {"name": "Canadá", "highway": "living_street"}}, {"type": "Feature", "geometry": {"type": "LineString", "coordinates": [[-68.93516, -22.44101], [-68.93532, -22.44184]]}, "properties": {"name": "Hamburgo", "highway": "residential"}}, {"type": "Feature", "geometry": {"type": "LineString", "coordinates": [[-68.93565, -22.44149], [-68.93526, -22.44156]]}, "properties": {"name": "Atahualpa", "highway": "residential"}}, {"type": "Feature", "geometry": {"type": "LineString", "coordinates": [[-68.93545, -22.44053], [-68.93565, -22.44149]]}, "properties": {"name": "Frankfurt", "highway": "living_street"}}, {"type": "Feature", "geometry": {"type": "LineString", "coordinates": [[-68.89183, -22.44413], [-68.87416, -22.44066]]}, "properties": {"name": "", "highway": "unclassified"}}, {"type": "Feature", "geometry": {"type": "LineString", "coordinates": [[-68.88055, -22.43912], [-68.87955, -22.44383]]}, "properties": {"name": "", "highway": "unclassified"}}, {"type": "Feature", "geometry": {"type": "LineString", "coordinates": [[-68.87875, -22.43877], [-68.87632, -22.44933]]}, "properties": {"name": "", "highway": "unclassified"}}, {"type": "Feature", "geometry": {"type": "LineString", "coordinates": [[-68.87895, -22.44571], [-68.87503, -22.44508]]}, "properties": {"name": "", "highway": "unclassified"}}, {"type": "Feature", "geometry": {"type": "LineString", "coordinates": [[-68.87562, -22.44302], [-68.87503, -22.44508]]}, "properties": {"name": "", "highway": "unclassified"}}, {"type": "Feature", "geometry": {"type": "LineString", "coordinates": [[-68.87602, -22.44107], [-68.87562, -22.44302]]}, "properties": {"name": "", "highway": "unclassified"}}, {"type": "Feature", "geometry": {"type": "LineString", "coordinates": [[-68.88629, -22.44453], [-68.88653, -22.44315]]}, "properties": {"name": "", "highway": "unclassified"}}, {"type": "Feature", "geometry": {"type": "LineString", "coordinates": [[-68.88722, -22.44042], [-68.88653, -22.44315]]}, "properties": {"name": "", "highway": "unclassified"}}, {"type": "Feature", "geometry": {"type": "LineString", "coordinates": [[-68.88859, -22.44401], [-68.88742, -22.44436], [-68.88407, -22.44488], [-68.87455, -22.44283]]}, "properties": {"name": "", "highway": "unclassified"}}, {"type": "Feature", "geometry": {"type": "LineString", "coordinates": [[-68.88762, -22.44335], [-68.88742, -22.44436]]}, "properties": {"name": "", "highway": "unclassified"}}, {"type": "Feature", "geometry": {"type": "LineString", "coordinates": [[-68.88762, -22.44335], [-68.88812, -22.44113]]}, "properties": {"name": "", "highway": "unclassified"}}, {"type": "Feature", "geometry": {"type": "LineString", "coordinates": [[-68.88917, -22.44364], [-68.88962, -22.44147]]}, "properties": {"name": "", "highway": "unclassified"}}, {"type": "Feature", "geometry": {"type": "LineString", "coordinates": [[-68.88425, -22.44483], [-68.88273, -22.44245], [-68.88135, -22.44097]]}, "properties": {"name": "", "highway": "unclassified"}}, {"type": "Feature", "geometry": {"type": "LineString", "coordinates": [[-68.88613, -22.4377], [-68.88577, -22.43972], [-68.88977, -22.44043]]}, "properties": {"name": "", "highway": "unclassified"}}, {"type": "Feature", "geometry": {"type": "LineString", "coordinates": [[-68.8874, -22.44001], [-68.88738, -22.44015]]}, "properties": {"name": "", "highway": "unclassified"}}, {"type": "Feature", "geometry": {"type": "LineString", "coordinates": [[-68.89083, -22.44065], [-68.88977, -22.44043]]}, "properties": {"name": "", "highway": "unclassified"}}, {"type": "Feature", "geometry": {"type": "LineString", "coordinates": [[-68.89083, -22.44065], [-68.8996, -22.44243]]}, "properties": {"name": "", "highway": "unclassified"}}, {"type": "Feature", "geometry": {"type": "LineString", "coordinates": [[-68.89534, -22.44154], [-68.89523, -22.44198]]}, "properties": {"name": "", "highway": "unclassified"}}, {"type": "Feature", "geometry": {"type": "LineString", "coordinates": [[-68.90501, -22.43649], [-68.90169, -22.43347]]}, "properties": {"name": "Manuel Villegas Maldonado", "highway": "residential"}}, {"type": "Feature", "geometry": {"type": "LineString", "coordinates": [[-68.92762, -22.44517], [-68.92527, -22.43347]]}, "properties": {"name": "Avenida Granaderos", "highway": "secondary"}}, {"type": "Feature", "geometry": {"type": "LineString", "coordinates": [[-68.90838, -22.48048], [-68.91849, -22.4893]]}, "properties": {"name": "Avenida Circunvalación", "highway": "trunk"}}, {"type": "Feature", "geometry": {"type": "LineString", "coordinates": [[-68.9249, -22.47942], [-68.92485, -22.47901]]}, "properties": {"name": "Larache", "highway": "living_street"}}, {"type": "Feature", "geometry": {"type": "LineString", "coordinates": [[-68.92314, -22.47896], [-68.92311, -22.46801]]}, "properties": {"name": "Balmaceda", "highway": "primary"}}, {"type": "Feature", "geometry": {"type": "LineString", "coordinates": [[-68.93328, -22.46661], [-68.93136, -22.47187], [-68.93128, -22.47296], [-68.93085, -22.47441]]}, "properties": {"name": "Avenida Grecia", "highway": "secondary"}}, {"type": "Feature", "geometry": {"type": "LineString", "coordinates": [[-68.93345, -22.46166], [-68.93869, -22.4618]]}, "properties": {"name": "Loa", "highway": "residential"}}, {"type": "Feature", "geometry": {"type": "LineString", "coordinates": [[-68.93366, -22.45614], [-68.93361, -22.45249], [-68.93081, -22.43869]]}, "properties": {"name": "Avenida Grecia", "highway": "secondary"}}, {"type": "Feature", "geometry": {"type": "LineString", "coordinates": [[-68.9335, -22.4606], [-68.93876, -22.46089]]}, "properties": {"name": "Antofagasta", "highway": "secondary"}}, {"type": "Feature", "geometry": {"type": "LineString", "coordinates": [[-68.93191, -22.43996], [-68.93278, -22.44432]]}, "properties": {"name": "Guatemala", "highway": "residential"}}, {"type": "Feature", "geometry": {"type": "LineString", "coordinates": [[-68.92151, -22.43258], [-68.92166, -22.43332]]}, "properties": {"name": "Limón Verde", "highway": "residential"}}, {"type": "Feature", "geometry": {"type": "LineString", "coordinates": [[-68.92141, -22.43237], [-68.92151, -22.43258]]}, "properties": {"name": "Limón Verde", "highway": "living_street"}}, {"type": "Feature", "geometry": {"type": "LineString", "coordinates": [[-68.92231, -22.43253], [-68.92243, -22.43318]]}, "properties": {"name": "Lascar", "highway": "residential"}}, {"type": "Feature", "geometry": {"type": "LineString", "coordinates": [[-68.92077, -22.43279], [-68.92048, -22.43283]]}, "properties": {"name": "Baquedano", "highway": "living_street"}}, {"type": "Feature", "geometry": {"type": "LineString", "coordinates": [[-68.92444, -22.42911], [-68.92454, -22.42959]]}, "properties": {"name": "Avenida Granaderos", "highway": "primary"}}, {"type": "Feature", "geometry": {"type": "LineString", "coordinates": [[-68.94256, -22.51397], [-68.94214, -22.51436], [-68.94099, -22.51388], [-68.94035, -22.51401], [-68.94, -22.5143], [-68.92997, -22.52714]]}, "properties": {"name": "", "highway": "unclassified"}}, {"type": "Feature", "geometry": {"type": "LineString", "coordinates": [[-68.92414, -22.49293], [-68.92463, -22.49282]]}, "properties": {"name": "", "highway": "unclassified"}}, {"type": "Feature", "geometry": {"type": "LineString", "coordinates": [[-68.92414, -22.49293], [-68.92267, -22.49308]]}, "properties": {"name": "", "highway": "unclassified"}}, {"type": "Feature", "geometry": {"type": "LineString", "coordinates": [[-68.91407, -22.48434], [-68.91438, -22.48463], [-68.91503, -22.484]]}, "properties": {"name": "Pasaje La Flor del Hielo", "highway": "living_street"}}, {"type": "Feature", "geometry": {"type": "LineString", "coordinates": [[-68.90803, -22.4719], [-68.90675, -22.47238], [-68.90567, -22.47374], [-68.90505, -22.47335]]}, "properties": {"name": "", "highway": "unclassified"}}, {"type": "Feature", "geometry": {"type": "LineString", "coordinates": [[-68.90567, -22.47374], [-68.90736, -22.47501]]}, "properties": {"name": "", "highway": "unclassified"}}, {"type": "Feature", "geometry": {"type": "LineString", "coordinates": [[-68.90449, -22.46933], [-68.90634, -22.47063]]}, "properties": {"name": "", "highway": "unclassified"}}, {"type": "Feature", "geometry": {"type": "LineString", "coordinates": [[-68.9059, -22.47032], [-68.90557, -22.47083]]}, "properties": {"name": "", "highway": "unclassified"}}, {"type": "Feature", "geometry": {"type": "LineString", "coordinates": [[-68.91464, -22.47774], [-68.91465, -22.47933], [-68.91325, -22.48074]]}, "properties": {"name": "", "highway": "unclassified"}}, {"type": "Feature", "geometry": {"type": "LineString", "coordinates": [[-68.91854, -22.46216], [-68.91768, -22.46185]]}, "properties": {"name": "Condominio Valle Loa", "highway": "living_street"}}, {"type": "Feature", "geometry": {"type": "LineString", "coordinates": [[-68.91706, -22.46406], [-68.91743, -22.46341]]}, "properties": {"name": "Condominio Quinta el Bosque", "highway": "living_street"}}, {"type": "Feature", "geometry": {"type": "LineString", "coordinates": [[-68.91869, -22.46281], [-68.91842, -22.4627]]}, "properties": {"name": "Condominio Valle Loa", "highway": "living_street"}}, {"type": "Feature", "geometry": {"type": "LineString", "coordinates": [[-68.91914, -22.46234], [-68.91848, -22.46207]]}, "properties": {"name": "Condominio Valle Loa", "highway": "living_street"}}, {"type": "Feature", "geometry": {"type": "LineString", "coordinates": [[-68.91743, -22.46329], [-68.91809, -22.46371]]}, "properties": {"name": "Condominio Quinta el Bosque", "highway": "living_street"}}, {"type": "Feature", "geometry": {"type": "LineString", "coordinates": [[-68.91761, -22.46265], [-68.91758, -22.46302], [-68.91826, -22.46333], [-68.91828, -22.4629]]}, "properties": {"name": "Condominio Valle Loa", "highway": "living_street"}}, {"type": "Feature", "geometry": {"type": "LineString", "coordinates": [[-68.9185, -22.46175], [-68.91771, -22.46145], [-68.91761, -22.46265], [-68.91847, -22.46298]]}, "properties": {"name": "Condominio Valle Loa", "highway": "living_street"}}, {"type": "Feature", "geometry": {"type": "LineString", "coordinates": [[-68.91899, -22.46187], [-68.9185, -22.46175]]}, "properties": {"name": "Condominio Valle Loa", "highway": "living_street"}}, {"type": "Feature", "geometry": {"type": "LineString", "coordinates": [[-68.91739, -22.46418], [-68.91774, -22.46356]]}, "properties": {"name": "Condominio Quinta el Bosque", "highway": "living_street"}}, {"type": "Feature", "geometry": {"type": "LineString", "coordinates": [[-68.91838, -22.4631], [-68.9185, -22.46175]]}, "properties": {"name": "Condominio Valle Loa", "highway": "living_street"}}, {"type": "Feature", "geometry": {"type": "LineString", "coordinates": [[-68.91851, -22.46255], [-68.91765, -22.46223]]}, "properties": {"name": "Condominio Valle Loa", "highway": "living_street"}}, {"type": "Feature", "geometry": {"type": "LineString", "coordinates": [[-68.92021, -22.43436], [-68.91978, -22.43222]]}, "properties": {"name": "Camarones", "highway": "residential"}}, {"type": "Feature", "geometry": {"type": "LineString", "coordinates": [[-68.92325, -22.48016], [-68.92356, -22.48013]]}, "properties": {"name": "", "highway": "unclassified"}}, {"type": "Feature", "geometry": {"type": "LineString", "coordinates": [[-68.92325, -22.4815], [-68.9257, -22.48252]]}, "properties": {"name": "", "highway": "unclassified"}}, {"type": "Feature", "geometry": {"type": "LineString", "coordinates": [[-68.93362, -22.48404], [-68.93333, -22.48472], [-68.93579, -22.4864], [-68.93695, -22.48676]]}, "properties": {"name": "", "highway": "unclassified"}}, {"type": "Feature", "geometry": {"type": "LineString", "coordinates": [[-68.92548, -22.46418], [-68.92602, -22.46423]]}, "properties": {"name": "Pasaje Latorre", "highway": "living_street"}}, {"type": "Feature", "geometry": {"type": "LineString", "coordinates": [[-68.94547, -22.46436], [-68.94499, -22.46605]]}, "properties": {"name": "Línea 80", "highway": "residential"}}, {"type": "Feature", "geometry": {"type": "LineString", "coordinates": [[-68.93292, -22.45588], [-68.93346, -22.4561]]}, "properties": {"name": "Tocopilla", "highway": "residential"}}, {"type": "Feature", "geometry": {"type": "LineString", "coordinates": [[-68.95272, -22.4541], [-68.95274, -22.45362]]}, "properties": {"name": "Awana (Telar)", "highway": "living_street"}}, {"type": "Feature", "geometry": {"type": "LineString", "coordinates": [[-68.95128, -22.45347], [-68.95207, -22.45381]]}, "properties": {"name": "Quate Quate", "highway": "residential"}}, {"type": "Feature", "geometry": {"type": "LineString", "coordinates": [[-68.94523, -22.45349], [-68.94505, -22.45633]]}, "properties": {"name": "Arauco", "highway": "residential"}}, {"type": "Feature", "geometry": {"type": "LineString", "coordinates": [[-68.95124, -22.45237], [-68.95177, -22.45238]]}, "properties": {"name": "Nieves Caucota", "highway": "living_street"}}, {"type": "Feature", "geometry": {"type": "LineString", "coordinates": [[-68.95246, -22.45331], [-68.95244, -22.45296]]}, "properties": {"name": "Sicuri", "highway": "living_street"}}, {"type": "Feature", "geometry": {"type": "LineString", "coordinates": [[-68.9531, -22.4527], [-68.95089, -22.45264]]}, "properties": {"name": "Petrohué Norte", "highway": "residential"}}, {"type": "Feature", "geometry": {"type": "LineString", "coordinates": [[-68.96748, -22.46413], [-68.96953, -22.46302], [-68.97329, -22.4637], [-68.9736, -22.46306]]}, "properties": {"name": "", "highway": "residential"}}, {"type": "Feature", "geometry": {"type": "LineString", "coordinates": [[-68.9696, -22.46541], [-68.97064, -22.46314]]}, "properties": {"name": "", "highway": "residential"}}, {"type": "Feature", "geometry": {"type": "LineString", "coordinates": [[-68.97122, -22.46328], [-68.97014, -22.46576]]}, "properties": {"name": "", "highway": "residential"}}, {"type": "Feature", "geometry": {"type": "LineString", "coordinates": [[-68.97362, -22.46645], [-68.97058, -22.46485]]}, "properties": {"name": "", "highway": "residential"}}, {"type": "Feature", "geometry": {"type": "LineString", "coordinates": [[-68.97154, -22.46535], [-68.97222, -22.46347]]}, "properties": {"name": "", "highway": "residential"}}, {"type": "Feature", "geometry": {"type": "LineString", "coordinates": [[-68.97261, -22.46592], [-68.97354, -22.46381], [-68.97329, -22.4637]]}, "properties": {"name": "", "highway": "residential"}}, {"type": "Feature", "geometry": {"type": "LineString", "coordinates": [[-68.97157, -22.47106], [-68.96202, -22.46558]]}, "properties": {"name": "", "highway": "residential"}}, {"type": "Feature", "geometry": {"type": "LineString", "coordinates": [[-68.97315, -22.46751], [-68.97461, -22.46414]]}, "properties": {"name": "", "highway": "residential"}}, {"type": "Feature", "geometry": {"type": "LineString", "coordinates": [[-68.95899, -22.45793], [-68.95951, -22.45811], [-68.95994, -22.45798], [-68.96245, -22.45868]]}, "properties": {"name": "", "highway": "unclassified"}}, {"type": "Feature", "geometry": {"type": "LineString", "coordinates": [[-68.96333, -22.45681], [-68.96308, -22.45859], [-68.96331, -22.45907], [-68.96296, -22.45998], [-68.96285, -22.46103]]}, "properties": {"name": "", "highway": "residential"}}, {"type": "Feature", "geometry": {"type": "LineString", "coordinates": [[-68.96802, -22.46073], [-68.96331, -22.45907]]}, "properties": {"name": "", "highway": "residential"}}, {"type": "Feature", "geometry": {"type": "LineString", "coordinates": [[-68.96738, -22.46407], [-68.96786, -22.46294], [-68.96762, -22.46188], [-68.96802, -22.46073]]}, "properties": {"name": "", "highway": "residential"}}, {"type": "Feature", "geometry": {"type": "LineString", "coordinates": [[-68.96802, -22.46073], [-68.9689, -22.45681]]}, "properties": {"name": "", "highway": "residential"}}, {"type": "Feature", "geometry": {"type": "LineString", "coordinates": [[-68.96848, -22.45874], [-68.96333, -22.45681]]}, "properties": {"name": "", "highway": "residential"}}, {"type": "Feature", "geometry": {"type": "LineString", "coordinates": [[-68.9688, -22.46491], [-68.97027, -22.46232]]}, "properties": {"name": "", "highway": "residential"}}, {"type": "Feature", "geometry": {"type": "LineString", "coordinates": [[-68.9713, -22.4633], [-68.97277, -22.45969]]}, "properties": {"name": "", "highway": "residential"}}, {"type": "Feature", "geometry": {"type": "LineString", "coordinates": [[-68.97234, -22.46065], [-68.97795, -22.46342]]}, "properties": {"name": "", "highway": "residential"}}, {"type": "Feature", "geometry": {"type": "LineString", "coordinates": [[-68.97277, -22.45969], [-68.97808, -22.46235]]}, "properties": {"name": "Chañar", "highway": "residential"}}, {"type": "Feature", "geometry": {"type": "LineString", "coordinates": [[-68.96007, -22.47518], [-68.9631, -22.47073], [-68.96654, -22.47258]]}, "properties": {"name": "", "highway": "unclassified"}}, {"type": "Feature", "geometry": {"type": "LineString", "coordinates": [[-68.96404, -22.46797], [-68.96689, -22.46377]]}, "properties": {"name": "", "highway": "residential"}}, {"type": "Feature", "geometry": {"type": "LineString", "coordinates": [[-68.97868, -22.49645], [-68.98186, -22.48431]]}, "properties": {"name": "Pasaje 3", "highway": "residential"}}, {"type": "Feature", "geometry": {"type": "LineString", "coordinates": [[-68.97897, -22.48419], [-68.97834, -22.48632], [-68.97863, -22.48692], [-68.97811, -22.48737], [-68.97787, -22.48843]]}, "properties": {"name": "", "highway": "residential"}}, {"type": "Feature", "geometry": {"type": "LineString", "coordinates": [[-68.97857, -22.48671], [-68.98018, -22.48709], [-68.98028, -22.48733], [-68.97998, -22.48842], [-68.97966, -22.48862], [-68.97898, -22.48848], [-68.97866, -22.48863], [-68.97787, -22.48843]]}, "properties": {"name": "", "highway": "residential"}}, {"type": "Feature", "geometry": {"type": "LineString", "coordinates": [[-68.97861, -22.48698], [-68.97882, -22.4868]]}, "properties": {"name": "", "highway": "residential"}}, {"type": "Feature", "geometry": {"type": "LineString", "coordinates": [[-68.97836, -22.48621], [-68.97726, -22.48598]]}, "properties": {"name": "", "highway": "residential"}}, {"type": "Feature", "geometry": {"type": "LineString", "coordinates": [[-68.97783, -22.48829], [-68.97611, -22.4879], [-68.97594, -22.48772], [-68.9761, -22.48671], [-68.97646, -22.4863]]}, "properties": {"name": "", "highway": "residential"}}, {"type": "Feature", "geometry": {"type": "LineString", "coordinates": [[-68.97811, -22.48737], [-68.97775, -22.48674], [-68.97646, -22.4863]]}, "properties": {"name": "", "highway": "residential"}}, {"type": "Feature", "geometry": {"type": "LineString", "coordinates": [[-68.97646, -22.4863], [-68.97685, -22.48514], [-68.97772, -22.48508], [-68.97868, -22.48529]]}, "properties": {"name": "", "highway": "residential"}}, {"type": "Feature", "geometry": {"type": "LineString", "coordinates": [[-68.98018, -22.48709], [-68.98039, -22.48607], [-68.98028, -22.48578], [-68.97865, -22.48538]]}, "properties": {"name": "", "highway": "residential"}}, {"type": "Feature", "geometry": {"type": "LineString", "coordinates": [[-68.98434, -22.49039], [-68.98068, -22.48883]]}, "properties": {"name": "", "highway": "residential"}}, {"type": "Feature", "geometry": {"type": "LineString", "coordinates": [[-68.98538, -22.48467], [-68.97993, -22.48084]]}, "properties": {"name": "", "highway": "residential"}}, {"type": "Feature", "geometry": {"type": "LineString", "coordinates": [[-68.97993, -22.48084], [-68.97824, -22.48419]]}, "properties": {"name": "", "highway": "residential"}}, {"type": "Feature", "geometry": {"type": "LineString", "coordinates": [[-68.94922, -22.44948], [-68.9496, -22.44949]]}, "properties": {"name": "Calle Tikan Kabur", "highway": "living_street"}}, {"type": "Feature", "geometry": {"type": "LineString", "coordinates": [[-68.92304, -22.45407], [-68.92652, -22.45319]]}, "properties": {"name": "Avenida Chorrillos", "highway": "secondary"}}, {"type": "Feature", "geometry": {"type": "LineString", "coordinates": [[-68.92641, -22.4543], [-68.92519, -22.45427]]}, "properties": {"name": "Alcalde Lira", "highway": "living_street"}}, {"type": "Feature", "geometry": {"type": "LineString", "coordinates": [[-68.92148, -22.46324], [-68.91932, -22.46294], [-68.91867, -22.46311], [-68.91705, -22.46528], [-68.91415, -22.4645], [-68.91287, -22.46387], [-68.91162, -22.46445], [-68.91019, -22.46396], [-68.90891, -22.46386], [-68.90677, -22.4642], [-68.9054, -22.46478]]}, "properties": {"name": "Avenida La Paz", "highway": "primary"}}, {"type": "Feature", "geometry": {"type": "LineString", "coordinates": [[-68.91989, -22.46085], [-68.91654, -22.45877], [-68.91529, -22.45778], [-68.90798, -22.45499], [-68.90543, -22.45304]]}, "properties": {"name": "Bilbao", "highway": "tertiary"}}, {"type": "Feature", "geometry": {"type": "LineString", "coordinates": [[-68.92935, -22.4704], [-68.92971, -22.4687]]}, "properties": {"name": "Valdivia", "highway": "residential"}}, {"type": "Feature", "geometry": {"type": "LineString", "coordinates": [[-68.92935, -22.4704], [-68.93195, -22.47029]]}, "properties": {"name": "Punta Arenas", "highway": "residential"}}, {"type": "Feature", "geometry": {"type": "LineString", "coordinates": [[-68.97426, -22.47048], [-68.97524, -22.46896]]}, "properties": {"name": "", "highway": "residential"}}, {"type": "Feature", "geometry": {"type": "LineString", "coordinates": [[-68.98094, -22.47106], [-68.97951, -22.47459]]}, "properties": {"name": "", "highway": "residential"}}, {"type": "Feature", "geometry": {"type": "LineString", "coordinates": [[-68.98066, -22.46594], [-68.97919, -22.46877], [-68.97739, -22.47398]]}, "properties": {"name": "", "highway": "residential"}}, {"type": "Feature", "geometry": {"type": "LineString", "coordinates": [[-68.98046, -22.46979], [-68.9745, -22.4673]]}, "properties": {"name": "", "highway": "residential"}}, {"type": "Feature", "geometry": {"type": "LineString", "coordinates": [[-68.96921, -22.46428], [-68.96829, -22.46375]]}, "properties": {"name": "", "highway": "unclassified"}}, {"type": "Feature", "geometry": {"type": "LineString", "coordinates": [[-68.94962, -22.44882], [-68.94904, -22.44814]]}, "properties": {"name": "Pasaje Killa Antai", "highway": "living_street"}}, {"type": "Feature", "geometry": {"type": "LineString", "coordinates": [[-68.93088, -22.43868], [-68.93738, -22.43757]]}, "properties": {"name": "Alejandro Rodríguez", "highway": "residential"}}, {"type": "Feature", "geometry": {"type": "LineString", "coordinates": [[-68.92585, -22.46838], [-68.92582, -22.46764], [-68.9261, -22.46674]]}, "properties": {"name": "Abaroa", "highway": "tertiary"}}, {"type": "Feature", "geometry": {"type": "LineString", "coordinates": [[-68.90337, -22.45459], [-68.90338, -22.45682], [-68.904, -22.45757], [-68.9038, -22.45916], [-68.90402, -22.46199], [-68.90654, -22.46232], [-68.90736, -22.46225]]}, "properties": {"name": "Topater", "highway": "unclassified"}}, {"type": "Feature", "geometry": {"type": "LineString", "coordinates": [[-68.90543, -22.45304], [-68.90567, -22.45264], [-68.90563, -22.45199]]}, "properties": {"name": "Teniente Merino", "highway": "tertiary"}}, {"type": "Feature", "geometry": {"type": "LineString", "coordinates": [[-68.949, -22.46084], [-68.94975, -22.46116]]}, "properties": {"name": "", "highway": "unclassified"}}, {"type": "Feature", "geometry": {"type": "LineString", "coordinates": [[-68.96297, -22.46002], [-68.96139, -22.45942], [-68.96095, -22.46019]]}, "properties": {"name": "", "highway": "unclassified"}}, {"type": "Feature", "geometry": {"type": "LineString", "coordinates": [[-68.96101, -22.4583], [-68.96078, -22.45901]]}, "properties": {"name": "", "highway": "unclassified"}}, {"type": "Feature", "geometry": {"type": "LineString", "coordinates": [[-68.93737, -22.44354], [-68.93901, -22.45164], [-68.93916, -22.45621]]}, "properties": {"name": "Frei Bonn", "highway": "secondary"}}, {"type": "Feature", "geometry": {"type": "LineString", "coordinates": [[-68.93737, -22.44354], [-68.93892, -22.44327]]}, "properties": {"name": "Arturo Prat", "highway": "tertiary"}}, {"type": "Feature", "geometry": {"type": "LineString", "coordinates": [[-68.94663, -22.45146], [-68.94675, -22.44748]]}, "properties": {"name": "Pucón", "highway": "tertiary"}}, {"type": "Feature", "geometry": {"type": "LineString", "coordinates": [[-68.94623, -22.45637], [-68.94648, -22.45353]]}, "properties": {"name": "Pucón", "highway": "tertiary"}}, {"type": "Feature", "geometry": {"type": "LineString", "coordinates": [[-68.94623, -22.45637], [-68.95002, -22.45646]]}, "properties": {"name": "Hurtado de Mendoza", "highway": "residential"}}, {"type": "Feature", "geometry": {"type": "LineString", "coordinates": [[-68.94571, -22.46304], [-68.93859, -22.4629]]}, "properties": {"name": "Emilio Sotomayor", "highway": "tertiary"}}, {"type": "Feature", "geometry": {"type": "LineString", "coordinates": [[-68.94841, -22.46209], [-68.95033, -22.46286]]}, "properties": {"name": "Tocopilla", "highway": "residential"}}, {"type": "Feature", "geometry": {"type": "LineString", "coordinates": [[-68.94718, -22.4643], [-68.94831, -22.46205]]}, "properties": {"name": "Ralún", "highway": "tertiary"}}, {"type": "Feature", "geometry": {"type": "LineString", "coordinates": [[-68.94116, -22.46604], [-68.94201, -22.46374], [-68.9422, -22.46361]]}, "properties": {"name": "Inés de Suárez", "highway": "tertiary"}}, {"type": "Feature", "geometry": {"type": "LineString", "coordinates": [[-68.92628, -22.45573], [-68.92653, -22.45276], [-68.92623, -22.4507]]}, "properties": {"name": "Almirante Latorre", "highway": "secondary"}}, {"type": "Feature", "geometry": {"type": "LineString", "coordinates": [[-68.92628, -22.45573], [-68.92927, -22.45603]]}, "properties": {"name": "Hurtado de Mendoza", "highway": "secondary"}}, {"type": "Feature", "geometry": {"type": "LineString", "coordinates": [[-68.90563, -22.45199], [-68.90738, -22.45233]]}, "properties": {"name": "Avenida Chorrillos", "highway": "tertiary"}}, {"type": "Feature", "geometry": {"type": "LineString", "coordinates": [[-68.90563, -22.45199], [-68.90407, -22.44759], [-68.90198, -22.44423]]}, "properties": {"name": "Teniente Merino", "highway": "tertiary"}}, {"type": "Feature", "geometry": {"type": "LineString", "coordinates": [[-68.93689, -22.47204], [-68.94058, -22.47382], [-68.94882, -22.47909]]}, "properties": {"name": "Aconcagua", "highway": "tertiary"}}, {"type": "Feature", "geometry": {"type": "LineString", "coordinates": [[-68.93661, -22.47218], [-68.93689, -22.47204]]}, "properties": {"name": "Aconcagua", "highway": "secondary"}}, {"type": "Feature", "geometry": {"type": "LineString", "coordinates": [[-68.93364, -22.48144], [-68.93474, -22.48168]]}, "properties": {"name": "Ojo de Opache", "highway": "residential"}}, {"type": "Feature", "geometry": {"type": "LineString", "coordinates": [[-68.94563, -22.44545], [-68.94545, -22.44547]]}, "properties": {"name": "Diego de Almagro", "highway": "tertiary"}}, {"type": "Feature", "geometry": {"type": "LineString", "coordinates": [[-68.89749, -22.44898], [-68.89567, -22.44903], [-68.89419, -22.44934]]}, "properties": {"name": "", "highway": "unclassified"}}, {"type": "Feature", "geometry": {"type": "LineString", "coordinates": [[-68.89789, -22.44758], [-68.89738, -22.4497], [-68.89701, -22.45002], [-68.89616, -22.45008], [-68.89641, -22.45029], [-68.89675, -22.45005]]}, "properties": {"name": "", "highway": "unclassified"}}, {"type": "Feature", "geometry": {"type": "LineString", "coordinates": [[-68.93149, -22.45938], [-68.9315, -22.45877]]}, "properties": {"name": "Lautaro", "highway": "living_street"}}, {"type": "Feature", "geometry": {"type": "LineString", "coordinates": [[-68.93197, -22.45949], [-68.93198, -22.45921]]}, "properties": {"name": "Pasaje Cosca", "highway": "living_street"}}, {"type": "Feature", "geometry": {"type": "LineString", "coordinates": [[-68.93098, -22.45946], [-68.93099, -22.45918]]}, "properties": {"name": "Pasaje Cosca", "highway": "living_street"}}, {"type": "Feature", "geometry": {"type": "LineString", "coordinates": [[-68.9479, -22.45662], [-68.95001, -22.4568]]}, "properties": {"name": "Pasaje Hurtado de Mendoza", "highway": "living_street"}}, {"type": "Feature", "geometry": {"type": "LineString", "coordinates": [[-68.92917, -22.47397], [-68.92866, -22.47398]]}, "properties": {"name": "Mulchén", "highway": "living_street"}}, {"type": "Feature", "geometry": {"type": "LineString", "coordinates": [[-68.93006, -22.47389], [-68.93003, -22.47236], [-68.92935, -22.4704]]}, "properties": {"name": "Valdivia", "highway": "residential"}}, {"type": "Feature", "geometry": {"type": "LineString", "coordinates": [[-68.93006, -22.47389], [-68.92917, -22.47391]]}, "properties": {"name": "Andina", "highway": "residential"}}, {"type": "Feature", "geometry": {"type": "LineString", "coordinates": [[-68.94085, -22.48808], [-68.94053, -22.48906], [-68.94005, -22.48886]]}, "properties": {"name": "", "highway": "unclassified"}}, {"type": "Feature", "geometry": {"type": "LineString", "coordinates": [[-68.94053, -22.48906], [-68.94017, -22.49007]]}, "properties": {"name": "", "highway": "unclassified"}}, {"type": "Feature", "geometry": {"type": "LineString", "coordinates": [[-68.93221, -22.47535], [-68.93251, -22.47436]]}, "properties": {"name": "Peine", "highway": "residential"}}, {"type": "Feature", "geometry": {"type": "LineString", "coordinates": [[-68.9286, -22.4769], [-68.92691, -22.47186]]}, "properties": {"name": "Avenida Libertador Bernardo O'Higgins", "highway": "primary"}}, {"type": "Feature", "geometry": {"type": "LineString", "coordinates": [[-68.9286, -22.4769], [-68.92542, -22.47781]]}, "properties": {"name": "Piedras Grandes", "highway": "residential"}}, {"type": "Feature", "geometry": {"type": "LineString", "coordinates": [[-68.92829, -22.47349], [-68.93386, -22.47333]]}, "properties": {"name": "Justo Arteaga", "highway": "residential"}}, {"type": "Feature", "geometry": {"type": "LineString", "coordinates": [[-68.92534, -22.46737], [-68.92528, -22.46718]]}, "properties": {"name": "Avenida Libertador Bernardo O'Higgins", "highway": "primary"}}, {"type": "Feature", "geometry": {"type": "LineString", "coordinates": [[-68.92304, -22.45416], [-68.92304, -22.45407]]}, "properties": {"name": "Avenida Parque Oriente", "highway": "tertiary"}}, {"type": "Feature", "geometry": {"type": "LineString", "coordinates": [[-68.92304, -22.45416], [-68.92189, -22.45445]]}, "properties": {"name": "Avenida Los Chorrillos", "highway": "secondary"}}, {"type": "Feature", "geometry": {"type": "LineString", "coordinates": [[-68.91873, -22.44353], [-68.91592, -22.43285]]}, "properties": {"name": "Avenida Balmaceda", "highway": "primary"}}, {"type": "Feature", "geometry": {"type": "LineString", "coordinates": [[-68.91997, -22.44768], [-68.92189, -22.45445]]}, "properties": {"name": "Avenida Balmaceda", "highway": "primary"}}, {"type": "Feature", "geometry": {"type": "LineString", "coordinates": [[-68.91997, -22.44768], [-68.92788, -22.44647]]}, "properties": {"name": "Simón Bolívar", "highway": "tertiary"}}, {"type": "Feature", "geometry": {"type": "LineString", "coordinates": [[-68.91909, -22.44449], [-68.9195, -22.44441]]}, "properties": {"name": "Pasaje Lord Cochrane", "highway": "living_street"}}, {"type": "Feature", "geometry": {"type": "LineString", "coordinates": [[-68.91884, -22.44351], [-68.91997, -22.44768]]}, "properties": {"name": "Avenida Balmaceda", "highway": "primary"}}, {"type": "Feature", "geometry": {"type": "LineString", "coordinates": [[-68.91884, -22.44351], [-68.91873, -22.44353]]}, "properties": {"name": "Ascotán", "highway": "tertiary"}}, {"type": "Feature", "geometry": {"type": "LineString", "coordinates": [[-68.94752, -22.46362], [-68.95036, -22.46485]]}, "properties": {"name": "", "highway": "unclassified"}}, {"type": "Feature", "geometry": {"type": "LineString", "coordinates": [[-68.94588, -22.46468], [-68.94684, -22.46496]]}, "properties": {"name": "Pasaje Línea 77", "highway": "living_street"}}, {"type": "Feature", "geometry": {"type": "LineString", "coordinates": [[-68.94486, -22.46601], [-68.94547, -22.46436]]}, "properties": {"name": "Línea 5", "highway": "residential"}}, {"type": "Feature", "geometry": {"type": "LineString", "coordinates": [[-68.9413, -22.45335], [-68.94126, -22.45393]]}, "properties": {"name": "Múnich", "highway": "living_street"}}, {"type": "Feature", "geometry": {"type": "LineString", "coordinates": [[-68.95054, -22.45371], [-68.94859, -22.45287]]}, "properties": {"name": "Pasaje Petrohué Sur", "highway": "residential"}}, {"type": "Feature", "geometry": {"type": "LineString", "coordinates": [[-68.94385, -22.44834], [-68.94313, -22.44835]]}, "properties": {"name": "Hernán Cortés Interior", "highway": "living_street"}}, {"type": "Feature", "geometry": {"type": "LineString", "coordinates": [[-68.94545, -22.4485], [-68.94453, -22.44843]]}, "properties": {"name": "Condominio Quetena III", "highway": "living_street"}}, {"type": "Feature", "geometry": {"type": "LineString", "coordinates": [[-68.93294, -22.44746], [-68.93272, -22.44639]]}, "properties": {"name": "Pasaje 6", "highway": "living_street"}}, {"type": "Feature", "geometry": {"type": "LineString", "coordinates": [[-68.93299, -22.44125], [-68.93333, -22.44264]]}, "properties": {"name": "Honduras", "highway": "residential"}}, {"type": "Feature", "geometry": {"type": "LineString", "coordinates": [[-68.93422, -22.44339], [-68.93489, -22.44328]]}, "properties": {"name": "Pasaje Italia", "highway": "living_street"}}, {"type": "Feature", "geometry": {"type": "LineString", "coordinates": [[-68.93443, -22.442], [-68.9342, -22.44073]]}, "properties": {"name": "Proyecto Toki", "highway": "living_street"}}, {"type": "Feature", "geometry": {"type": "LineString", "coordinates": [[-68.93622, -22.43957], [-68.9361, -22.43926]]}, "properties": {"name": "Puna Kora (Flor de Altura)", "highway": "living_street"}}, {"type": "Feature", "geometry": {"type": "LineString", "coordinates": [[-68.92655, -22.43942], [-68.92771, -22.44522]]}, "properties": {"name": "Avenida Granaderos", "highway": "primary"}}, {"type": "Feature", "geometry": {"type": "LineString", "coordinates": [[-68.92992, -22.4649], [-68.92993, -22.46456]]}, "properties": {"name": "Pasaje 1", "highway": "living_street"}}, {"type": "Feature", "geometry": {"type": "LineString", "coordinates": [[-68.9284, -22.46912], [-68.92855, -22.46871]]}, "properties": {"name": "Edificio Andes", "highway": "living_street"}}, {"type": "Feature", "geometry": {"type": "LineString", "coordinates": [[-68.92827, -22.47285], [-68.92763, -22.47288]]}, "properties": {"name": "La Ligua", "highway": "living_street"}}, {"type": "Feature", "geometry": {"type": "LineString", "coordinates": [[-68.92828, -22.47326], [-68.92779, -22.47328]]}, "properties": {"name": "Quilpué", "highway": "living_street"}}, {"type": "Feature", "geometry": {"type": "LineString", "coordinates": [[-68.92015, -22.43406], [-68.91922, -22.43422]]}, "properties": {"name": "Pasaje Huaytiquina", "highway": "living_street"}}, {"type": "Feature", "geometry": {"type": "LineString", "coordinates": [[-68.92036, -22.43941], [-68.92029, -22.43909]]}, "properties": {"name": "Portezuelo del Inca", "highway": "living_street"}}, {"type": "Feature", "geometry": {"type": "LineString", "coordinates": [[-68.92468, -22.44056], [-68.9249, -22.4419]]}, "properties": {"name": "Riquelme", "highway": "living_street"}}, {"type": "Feature", "geometry": {"type": "LineString", "coordinates": [[-68.92675, -22.44193], [-68.9259, -22.43761]]}, "properties": {"name": "Avenida Granaderos", "highway": "living_street"}}, {"type": "Feature", "geometry": {"type": "LineString", "coordinates": [[-68.92645, -22.44524], [-68.92616, -22.44378]]}, "properties": {"name": "", "highway": "living_street"}}, {"type": "Feature", "geometry": {"type": "LineString", "coordinates": [[-68.92618, -22.44384], [-68.9254, -22.44397]]}, "properties": {"name": "", "highway": "living_street"}}, {"type": "Feature", "geometry": {"type": "LineString", "coordinates": [[-68.92623, -22.44413], [-68.9255, -22.44425]]}, "properties": {"name": "", "highway": "living_street"}}, {"type": "Feature", "geometry": {"type": "LineString", "coordinates": [[-68.92629, -22.44441], [-68.92554, -22.44454]]}, "properties": {"name": "", "highway": "living_street"}}, {"type": "Feature", "geometry": {"type": "LineString", "coordinates": [[-68.92635, -22.44469], [-68.92557, -22.44482]]}, "properties": {"name": "", "highway": "living_street"}}, {"type": "Feature", "geometry": {"type": "LineString", "coordinates": [[-68.92373, -22.47156], [-68.92373, -22.47215]]}, "properties": {"name": "Volcán Tacora", "highway": "living_street"}}, {"type": "Feature", "geometry": {"type": "LineString", "coordinates": [[-68.92464, -22.47296], [-68.92471, -22.47267]]}, "properties": {"name": "", "highway": "living_street"}}, {"type": "Feature", "geometry": {"type": "LineString", "coordinates": [[-68.92651, -22.47377], [-68.92691, -22.47371], [-68.92677, -22.47328]]}, "properties": {"name": "Pasaje Gabriela Mistral", "highway": "living_street"}}, {"type": "Feature", "geometry": {"type": "LineString", "coordinates": [[-68.92502, -22.47378], [-68.92605, -22.47406]]}, "properties": {"name": "10 de Mayo", "highway": "living_street"}}, {"type": "Feature", "geometry": {"type": "LineString", "coordinates": [[-68.92382, -22.47433], [-68.92371, -22.47466]]}, "properties": {"name": "Jacinto Cuadra", "highway": "living_street"}}, {"type": "Feature", "geometry": {"type": "LineString", "coordinates": [[-68.92335, -22.47943], [-68.92607, -22.47929], [-68.92767, -22.47971], [-68.92781, -22.47947]]}, "properties": {"name": "", "highway": "living_street"}}, {"type": "Feature", "geometry": {"type": "LineString", "coordinates": [[-68.92695, -22.47953], [-68.92712, -22.47915]]}, "properties": {"name": "", "highway": "living_street"}}, {"type": "Feature", "geometry": {"type": "LineString", "coordinates": [[-68.91556, -22.43577], [-68.91659, -22.43554]]}, "properties": {"name": "Conchi Viejo", "highway": "residential"}}, {"type": "Feature", "geometry": {"type": "LineString", "coordinates": [[-68.91002, -22.43956], [-68.90918, -22.44035]]}, "properties": {"name": "Las Canteras", "highway": "living_street"}}, {"type": "Feature", "geometry": {"type": "LineString", "coordinates": [[-68.90994, -22.44044], [-68.90959, -22.44013]]}, "properties": {"name": "Avenida El Abra", "highway": "living_street"}}, {"type": "Feature", "geometry": {"type": "LineString", "coordinates": [[-68.91038, -22.43926], [-68.91129, -22.43842]]}, "properties": {"name": "Las Canteras", "highway": "living_street"}}, {"type": "Feature", "geometry": {"type": "LineString", "coordinates": [[-68.87658, -22.44824], [-68.87823, -22.44859]]}, "properties": {"name": "", "highway": "unclassified"}}, {"type": "Feature", "geometry": {"type": "LineString", "coordinates": [[-68.91745, -22.44804], [-68.91621, -22.4485]]}, "properties": {"name": "", "highway": "unclassified"}}, {"type": "Feature", "geometry": {"type": "LineString", "coordinates": [[-68.91648, -22.44839], [-68.91662, -22.4477]]}, "properties": {"name": "", "highway": "unclassified"}}, {"type": "Feature", "geometry": {"type": "LineString", "coordinates": [[-68.90702, -22.44872], [-68.90691, -22.44928]]}, "properties": {"name": "Soldado Carlos Fernández", "highway": "living_street"}}, {"type": "Feature", "geometry": {"type": "LineString", "coordinates": [[-68.90613, -22.44905], [-68.90621, -22.44872]]}, "properties": {"name": "Belisario Riquelme", "highway": "residential"}}, {"type": "Feature", "geometry": {"type": "LineString", "coordinates": [[-68.90626, -22.44939], [-68.9062, -22.44966]]}, "properties": {"name": "Belisario Riquelme", "highway": "residential"}}, {"type": "Feature", "geometry": {"type": "LineString", "coordinates": [[-68.9062, -22.44966], [-68.90615, -22.44939]]}, "properties": {"name": "Belisario Riquelme", "highway": "residential"}}, {"type": "Feature", "geometry": {"type": "LineString", "coordinates": [[-68.91019, -22.46396], [-68.91023, -22.46341], [-68.90947, -22.46223], [-68.90841, -22.4621]]}, "properties": {"name": "", "highway": "unclassified"}}, {"type": "Feature", "geometry": {"type": "LineString", "coordinates": [[-68.91007, -22.4808], [-68.90965, -22.48075]]}, "properties": {"name": "Ramón Silva Ulloa", "highway": "residential"}}, {"type": "Feature", "geometry": {"type": "LineString", "coordinates": [[-68.90559, -22.4776], [-68.90233, -22.47461], [-68.90068, -22.4696], [-68.90049, -22.46807]]}, "properties": {"name": "Avenida Circunvalación", "highway": "tertiary"}}, {"type": "Feature", "geometry": {"type": "LineString", "coordinates": [[-68.90559, -22.4776], [-68.90618, -22.47815]]}, "properties": {"name": "Alcalde José Lira", "highway": "tertiary"}}, {"type": "Feature", "geometry": {"type": "LineString", "coordinates": [[-68.90589, -22.47846], [-68.90553, -22.47901]]}, "properties": {"name": "Avenida Jorge Alessandri Rodríguez", "highway": "tertiary"}}, {"type": "Feature", "geometry": {"type": "LineString", "coordinates": [[-68.94477, -22.45002], [-68.94477, -22.4501]]}, "properties": {"name": "Condominio Quetena", "highway": "living_street"}}, {"type": "Feature", "geometry": {"type": "LineString", "coordinates": [[-68.94483, -22.44556], [-68.94545, -22.44547]]}, "properties": {"name": "Diego de Almagro", "highway": "tertiary"}}, {"type": "Feature", "geometry": {"type": "LineString", "coordinates": [[-68.92195, -22.45713], [-68.92188, -22.45762]]}, "properties": {"name": "Pedro Lagos", "highway": "residential"}}, {"type": "Feature", "geometry": {"type": "LineString", "coordinates": [[-68.91615, -22.46719], [-68.91605, -22.46717]]}, "properties": {"name": "", "highway": "unclassified"}}, {"type": "Feature", "geometry": {"type": "LineString", "coordinates": [[-68.91672, -22.46521], [-68.91603, -22.46769], [-68.91586, -22.46781]]}, "properties": {"name": "Camping Extraccion Calama", "highway": "unclassified"}}, {"type": "Feature", "geometry": {"type": "LineString", "coordinates": [[-68.91586, -22.46781], [-68.9135, -22.46699]]}, "properties": {"name": "Camping Extraccion Calama", "highway": "unclassified"}}, {"type": "Feature", "geometry": {"type": "LineString", "coordinates": [[-68.94299, -22.45082], [-68.943, -22.44757]]}, "properties": {"name": "Quetena", "highway": "residential"}}, {"type": "Feature", "geometry": {"type": "LineString", "coordinates": [[-68.92523, -22.48987], [-68.92485, -22.48917]]}, "properties": {"name": "", "highway": "unclassified"}}, {"type": "Feature", "geometry": {"type": "LineString", "coordinates": [[-68.90995, -22.49499], [-68.90898, -22.49482], [-68.90645, -22.49491]]}, "properties": {"name": "Aeropuerto El Loa", "highway": "tertiary"}}, {"type": "Feature", "geometry": {"type": "LineString", "coordinates": [[-68.90645, -22.49491], [-68.90644, -22.49435]]}, "properties": {"name": "Aeropuerto El Loa", "highway": "tertiary"}}, {"type": "Feature", "geometry": {"type": "LineString", "coordinates": [[-68.91572, -22.45106], [-68.91581, -22.45053]]}, "properties": {"name": "3 Oriente", "highway": "living_street"}}, {"type": "Feature", "geometry": {"type": "LineString", "coordinates": [[-68.94406, -22.45076], [-68.94386, -22.45063]]}, "properties": {"name": "Colo Colo", "highway": "residential"}}, {"type": "Feature", "geometry": {"type": "LineString", "coordinates": [[-68.91826, -22.45392], [-68.91827, -22.4541]]}, "properties": {"name": "1 Poniente", "highway": "residential"}}, {"type": "Feature", "geometry": {"type": "LineString", "coordinates": [[-68.91817, -22.45409], [-68.91826, -22.45392]]}, "properties": {"name": "1 Poniente", "highway": "residential"}}, {"type": "Feature", "geometry": {"type": "LineString", "coordinates": [[-68.90245, -22.47642], [-68.90259, -22.47623]]}, "properties": {"name": "", "highway": "living_street"}}, {"type": "Feature", "geometry": {"type": "LineString", "coordinates": [[-68.94311, -22.45076], [-68.94299, -22.45082]]}, "properties": {"name": "Río Loa", "highway": "residential"}}, {"type": "Feature", "geometry": {"type": "LineString", "coordinates": [[-68.94299, -22.45082], [-68.94297, -22.45138]]}, "properties": {"name": "Quetena", "highway": "residential"}}, {"type": "Feature", "geometry": {"type": "LineString", "coordinates": [[-68.94981, -22.45604], [-68.94991, -22.45513]]}, "properties": {"name": "Pasaje Gaceta", "highway": "living_street"}}, {"type": "Feature", "geometry": {"type": "LineString", "coordinates": [[-68.91676, -22.43248], [-68.91692, -22.43299]]}, "properties": {"name": "Circunvalación", "highway": "residential"}}, {"type": "Feature", "geometry": {"type": "LineString", "coordinates": [[-68.90177, -22.44413], [-68.90089, -22.44418]]}, "properties": {"name": "Teniente Merino", "highway": "tertiary"}}, {"type": "Feature", "geometry": {"type": "LineString", "coordinates": [[-68.90344, -22.44361], [-68.90175, -22.44327]]}, "properties": {"name": "Almirante Grau", "highway": "primary"}}, {"type": "Feature", "geometry": {"type": "LineString", "coordinates": [[-68.90229, -22.44332], [-68.90375, -22.4436]]}, "properties": {"name": "Almirante Grau", "highway": "primary"}}, {"type": "Feature", "geometry": {"type": "LineString", "coordinates": [[-68.9159, -22.43274], [-68.91601, -22.43272]]}, "properties": {"name": "Avenida Circunvalación", "highway": "trunk"}}, {"type": "Feature", "geometry": {"type": "LineString", "coordinates": [[-68.91592, -22.43285], [-68.9159, -22.43274]]}, "properties": {"name": "", "highway": "trunk"}}, {"type": "Feature", "geometry": {"type": "LineString", "coordinates": [[-68.92338, -22.42396], [-68.92316, -22.42494], [-68.92182, -22.42608]]}, "properties": {"name": "Ruta 24", "highway": "trunk"}}, {"type": "Feature", "geometry": {"type": "LineString", "coordinates": [[-68.90961, -22.45842], [-68.91016, -22.45754], [-68.9093, -22.45668], [-68.90866, -22.45636], [-68.90907, -22.45545]]}, "properties": {"name": "Pasaje Vecinal", "highway": "residential"}}, {"type": "Feature", "geometry": {"type": "LineString", "coordinates": [[-68.90961, -22.45842], [-68.90907, -22.45923], [-68.90878, -22.46036], [-68.90801, -22.46013], [-68.90777, -22.46094], [-68.90841, -22.4621], [-68.90891, -22.46386]]}, "properties": {"name": "", "highway": "unclassified"}}, {"type": "Feature", "geometry": {"type": "LineString", "coordinates": [[-68.93509, -22.48056], [-68.93736, -22.48118]]}, "properties": {"name": "Ruta B 193", "highway": "residential"}}, {"type": "Feature", "geometry": {"type": "LineString", "coordinates": [[-68.9016, -22.43348], [-68.89996, -22.44049]]}, "properties": {"name": "Martín Vega", "highway": "residential"}}, {"type": "Feature", "geometry": {"type": "LineString", "coordinates": [[-68.8928, -22.44565], [-68.89351, -22.44551], [-68.89403, -22.44506]]}, "properties": {"name": "", "highway": "unclassified"}}, {"type": "Feature", "geometry": {"type": "LineString", "coordinates": [[-68.92324, -22.49709], [-68.91894, -22.49244], [-68.91821, -22.49219]]}, "properties": {"name": "", "highway": "unclassified"}}, {"type": "Feature", "geometry": {"type": "LineString", "coordinates": [[-68.92691, -22.47186], [-68.92697, -22.47184]]}, "properties": {"name": "Esmeralda", "highway": "residential"}}, {"type": "Feature", "geometry": {"type": "LineString", "coordinates": [[-68.92691, -22.47186], [-68.92594, -22.469]]}, "properties": {"name": "Avenida Libertador Bernardo O'Higgins", "highway": "primary"}}, {"type": "Feature", "geometry": {"type": "LineString", "coordinates": [[-68.92697, -22.47184], [-68.92729, -22.47277]]}, "properties": {"name": "Avenida Libertador Bernardo O'Higgins", "highway": "primary"}}, {"type": "Feature", "geometry": {"type": "LineString", "coordinates": [[-68.92664, -22.47192], [-68.92691, -22.47186]]}, "properties": {"name": "Esmeralda", "highway": "residential"}}, {"type": "Feature", "geometry": {"type": "LineString", "coordinates": [[-68.92664, -22.47192], [-68.92617, -22.47042]]}, "properties": {"name": "Pasaje Manuel Rodríguez", "highway": "living_street"}}, {"type": "Feature", "geometry": {"type": "LineString", "coordinates": [[-68.92418, -22.44581], [-68.9237, -22.4459]]}, "properties": {"name": "Arturo Prat", "highway": "residential"}}, {"type": "Feature", "geometry": {"type": "LineString", "coordinates": [[-68.92762, -22.44517], [-68.9277, -22.44516]]}, "properties": {"name": "Arturo Prat", "highway": "primary"}}, {"type": "Feature", "geometry": {"type": "LineString", "coordinates": [[-68.92763, -22.44523], [-68.92762, -22.44517]]}, "properties": {"name": "Avenida Granaderos", "highway": "secondary"}}, {"type": "Feature", "geometry": {"type": "LineString", "coordinates": [[-68.92366, -22.44569], [-68.92042, -22.44623]]}, "properties": {"name": "Arturo Prat", "highway": "primary"}}, {"type": "Feature", "geometry": {"type": "LineString", "coordinates": [[-68.92771, -22.44522], [-68.92763, -22.44523]]}, "properties": {"name": "Arturo Prat", "highway": "primary"}}, {"type": "Feature", "geometry": {"type": "LineString", "coordinates": [[-68.92771, -22.44522], [-68.92933, -22.45327]]}, "properties": {"name": "Avenida Granaderos", "highway": "primary"}}, {"type": "Feature", "geometry": {"type": "LineString", "coordinates": [[-68.92731, -22.44323], [-68.92782, -22.44315]]}, "properties": {"name": "", "highway": "unclassified"}}, {"type": "Feature", "geometry": {"type": "LineString", "coordinates": [[-68.92458, -22.4333], [-68.92448, -22.43281]]}, "properties": {"name": "Inacaliri", "highway": "living_street"}}, {"type": "Feature", "geometry": {"type": "LineString", "coordinates": [[-68.94512, -22.45581], [-68.94576, -22.45584]]}, "properties": {"name": "Rodrigo de Triana", "highway": "living_street"}}, {"type": "Feature", "geometry": {"type": "LineString", "coordinates": [[-68.94524, -22.45318], [-68.94525, -22.45307]]}, "properties": {"name": "Arauco", "highway": "residential"}}, {"type": "Feature", "geometry": {"type": "LineString", "coordinates": [[-68.9736, -22.46306], [-68.97414, -22.46328], [-68.97529, -22.46323], [-68.98066, -22.46594]]}, "properties": {"name": "", "highway": "residential"}}, {"type": "Feature", "geometry": {"type": "LineString", "coordinates": [[-68.96143, -22.46642], [-68.96646, -22.46934], [-68.97678, -22.47376], [-68.99437, -22.47884]]}, "properties": {"name": "Tocopilla", "highway": "residential"}}, {"type": "Feature", "geometry": {"type": "LineString", "coordinates": [[-68.96184, -22.49063], [-68.96814, -22.48286]]}, "properties": {"name": "", "highway": "residential"}}, {"type": "Feature", "geometry": {"type": "LineString", "coordinates": [[-68.97074, -22.49702], [-68.97172, -22.4914]]}, "properties": {"name": "", "highway": "residential"}}, {"type": "Feature", "geometry": {"type": "LineString", "coordinates": [[-68.92329, -22.43382], [-68.92314, -22.43306]]}, "properties": {"name": "Riquelme", "highway": "residential"}}, {"type": "Feature", "geometry": {"type": "LineString", "coordinates": [[-68.92423, -22.44054], [-68.92432, -22.44099]]}, "properties": {"name": "Riquelme", "highway": "residential"}}, {"type": "Feature", "geometry": {"type": "LineString", "coordinates": [[-68.92326, -22.47578], [-68.92524, -22.47611], [-68.92675, -22.47667]]}, "properties": {"name": "Oriente", "highway": "residential"}}, {"type": "Feature", "geometry": {"type": "LineString", "coordinates": [[-68.89881, -22.46934], [-68.89929, -22.46897]]}, "properties": {"name": "Avenida La Paz", "highway": "trunk"}}, {"type": "Feature", "geometry": {"type": "LineString", "coordinates": [[-68.89898, -22.46928], [-68.89881, -22.46943]]}, "properties": {"name": "Avenida La Paz", "highway": "trunk"}}, {"type": "Feature", "geometry": {"type": "LineString", "coordinates": [[-68.93134, -22.45283], [-68.93135, -22.45319]]}, "properties": {"name": "Venezuela", "highway": "tertiary"}}, {"type": "Feature", "geometry": {"type": "LineString", "coordinates": [[-68.93134, -22.45283], [-68.93214, -22.45273]]}, "properties": {"name": "Alonso de Ercilla", "highway": "tertiary"}}, {"type": "Feature", "geometry": {"type": "LineString", "coordinates": [[-68.90533, -22.47919], [-68.90385, -22.47791], [-68.90333, -22.47718]]}, "properties": {"name": "Laguna Kalina", "highway": "tertiary"}}, {"type": "Feature", "geometry": {"type": "LineString", "coordinates": [[-68.9042, -22.47632], [-68.90392, -22.47659]]}, "properties": {"name": "Avenida Circunvalación", "highway": "tertiary"}}, {"type": "Feature", "geometry": {"type": "LineString", "coordinates": [[-68.91986, -22.44622], [-68.92517, -22.44535]]}, "properties": {"name": "Arturo Prat", "highway": "primary"}}, {"type": "Feature", "geometry": {"type": "LineString", "coordinates": [[-68.91957, -22.44633], [-68.91828, -22.44645]]}, "properties": {"name": "Almirante Grau", "highway": "primary"}}, {"type": "Feature", "geometry": {"type": "LineString", "coordinates": [[-68.94106, -22.4338], [-68.94029, -22.4331], [-68.93965, -22.43205], [-68.93835, -22.43144], [-68.93717, -22.43047], [-68.93525, -22.42972]]}, "properties": {"name": "", "highway": "unclassified"}}, {"type": "Feature", "geometry": {"type": "LineString", "coordinates": [[-68.93689, -22.43035], [-68.93675, -22.42966], [-68.93774, -22.42769]]}, "properties": {"name": "", "highway": "unclassified"}}, {"type": "Feature", "geometry": {"type": "LineString", "coordinates": [[-68.93717, -22.42864], [-68.93678, -22.42819], [-68.93564, -22.42582], [-68.93638, -22.42546]]}, "properties": {"name": "", "highway": "unclassified"}}, {"type": "Feature", "geometry": {"type": "LineString", "coordinates": [[-68.93717, -22.42864], [-68.93845, -22.43013], [-68.93891, -22.42988], [-68.94143, -22.43205]]}, "properties": {"name": "", "highway": "unclassified"}}, {"type": "Feature", "geometry": {"type": "LineString", "coordinates": [[-68.94147, -22.43099], [-68.93954, -22.43199]]}, "properties": {"name": "", "highway": "unclassified"}}, {"type": "Feature", "geometry": {"type": "LineString", "coordinates": [[-68.9414, -22.43223], [-68.94175, -22.43216]]}, "properties": {"name": "", "highway": "unclassified"}}, {"type": "Feature", "geometry": {"type": "LineString", "coordinates": [[-68.94009, -22.43083], [-68.93982, -22.4311], [-68.93915, -22.4306]]}, "properties": {"name": "", "highway": "unclassified"}}, {"type": "Feature", "geometry": {"type": "LineString", "coordinates": [[-68.9377, -22.42764], [-68.9362, -22.4278], [-68.93544, -22.4286], [-68.93467, -22.42844]]}, "properties": {"name": "", "highway": "unclassified"}}, {"type": "Feature", "geometry": {"type": "LineString", "coordinates": [[-68.93623, -22.42695], [-68.93709, -22.4266]]}, "properties": {"name": "", "highway": "unclassified"}}, {"type": "Feature", "geometry": {"type": "LineString", "coordinates": [[-68.95055, -22.43777], [-68.95136, -22.43878], [-68.95257, -22.43921], [-68.95348, -22.43927], [-68.95398, -22.43995], [-68.9552, -22.43993], [-68.95541, -22.44017]]}, "properties": {"name": "", "highway": "unclassified"}}, {"type": "Feature", "geometry": {"type": "LineString", "coordinates": [[-68.94926, -22.43931], [-68.95051, -22.43963], [-68.95088, -22.43943], [-68.95263, -22.43945], [-68.95305, -22.43985], [-68.95407, -22.43995]]}, "properties": {"name": "", "highway": "unclassified"}}, {"type": "Feature", "geometry": {"type": "LineString", "coordinates": [[-68.93061, -22.45661], [-68.93057, -22.45681]]}, "properties": {"name": "Los Ángeles", "highway": "living_street"}}, {"type": "Feature", "geometry": {"type": "LineString", "coordinates": [[-68.91803, -22.47681], [-68.91824, -22.4763]]}, "properties": {"name": "", "highway": "living_street"}}, {"type": "Feature", "geometry": {"type": "LineString", "coordinates": [[-68.91862, -22.47643], [-68.91838, -22.477]]}, "properties": {"name": "", "highway": "living_street"}}, {"type": "Feature", "geometry": {"type": "LineString", "coordinates": [[-68.91889, -22.47659], [-68.91872, -22.47715]]}, "properties": {"name": "", "highway": "living_street"}}, {"type": "Feature", "geometry": {"type": "LineString", "coordinates": [[-68.91922, -22.47678], [-68.9191, -22.47734]]}, "properties": {"name": "", "highway": "living_street"}}, {"type": "Feature", "geometry": {"type": "LineString", "coordinates": [[-68.9325, -22.49], [-68.93455, -22.49184], [-68.93449, -22.49209]]}, "properties": {"name": "", "highway": "unclassified"}}, {"type": "Feature", "geometry": {"type": "LineString", "coordinates": [[-68.95709, -22.49951], [-68.95634, -22.49834], [-68.95608, -22.4974]]}, "properties": {"name": "", "highway": "unclassified"}}, {"type": "Feature", "geometry": {"type": "LineString", "coordinates": [[-68.90907, -22.45923], [-68.90775, -22.45894]]}, "properties": {"name": "", "highway": "unclassified"}}, {"type": "Feature", "geometry": {"type": "LineString", "coordinates": [[-68.90931, -22.46209], [-68.91018, -22.46048], [-68.90878, -22.46036]]}, "properties": {"name": "", "highway": "unclassified"}}, {"type": "Feature", "geometry": {"type": "LineString", "coordinates": [[-68.90822, -22.46583], [-68.90772, -22.46505], [-68.90782, -22.46402]]}, "properties": {"name": "La Flor", "highway": "unclassified"}}, {"type": "Feature", "geometry": {"type": "LineString", "coordinates": [[-68.91943, -22.46398], [-68.91962, -22.46297]]}, "properties": {"name": "Avenida La Paz Interior", "highway": "residential"}}, {"type": "Feature", "geometry": {"type": "LineString", "coordinates": [[-68.91938, -22.46953], [-68.91931, -22.46928], [-68.91854, -22.46903], [-68.91879, -22.46844]]}, "properties": {"name": "", "highway": "residential"}}, {"type": "Feature", "geometry": {"type": "LineString", "coordinates": [[-68.91813, -22.46874], [-68.91855, -22.46892]]}, "properties": {"name": "", "highway": "residential"}}, {"type": "Feature", "geometry": {"type": "LineString", "coordinates": [[-68.91813, -22.46874], [-68.91754, -22.46814], [-68.91734, -22.46821], [-68.91734, -22.46843], [-68.918, -22.469]]}, "properties": {"name": "", "highway": "residential"}}, {"type": "Feature", "geometry": {"type": "LineString", "coordinates": [[-68.91804, -22.46905], [-68.91936, -22.46952]]}, "properties": {"name": "", "highway": "residential"}}, {"type": "Feature", "geometry": {"type": "LineString", "coordinates": [[-68.91804, -22.46905], [-68.91936, -22.46952]]}, "properties": {"name": "", "highway": "residential"}}, {"type": "Feature", "geometry": {"type": "LineString", "coordinates": [[-68.9221, -22.47164], [-68.92096, -22.47122], [-68.91967, -22.47046]]}, "properties": {"name": "", "highway": "residential"}}, {"type": "Feature", "geometry": {"type": "LineString", "coordinates": [[-68.92131, -22.47443], [-68.92176, -22.47304], [-68.92164, -22.47279], [-68.91945, -22.47218]]}, "properties": {"name": "", "highway": "residential"}}, {"type": "Feature", "geometry": {"type": "LineString", "coordinates": [[-68.93657, -22.47222], [-68.93698, -22.47339]]}, "properties": {"name": "Pedro de Valdivia", "highway": "residential"}}, {"type": "Feature", "geometry": {"type": "LineString", "coordinates": [[-68.91187, -22.43387], [-68.91107, -22.43195]]}, "properties": {"name": "Condominio Valle Altiplánico", "highway": "residential"}}, {"type": "Feature", "geometry": {"type": "LineString", "coordinates": [[-68.91127, -22.4345], [-68.91141, -22.43413], [-68.9122, -22.43372], [-68.91395, -22.43341]]}, "properties": {"name": "Avenida Circunvalación", "highway": "residential"}}, {"type": "Feature", "geometry": {"type": "LineString", "coordinates": [[-68.91954, -22.44625], [-68.91986, -22.44622]]}, "properties": {"name": "Arturo Prat", "highway": "primary"}}, {"type": "Feature", "geometry": {"type": "LineString", "coordinates": [[-68.95711, -22.4263], [-68.95548, -22.42632], [-68.95678, -22.42383], [-68.9574, -22.42121]]}, "properties": {"name": "", "highway": "unclassified"}}, {"type": "Feature", "geometry": {"type": "LineString", "coordinates": [[-68.93178, -22.44306], [-68.92794, -22.44374], [-68.92791, -22.44358]]}, "properties": {"name": "Independencia", "highway": "tertiary"}}, {"type": "Feature", "geometry": {"type": "LineString", "coordinates": [[-68.93175, -22.44291], [-68.93248, -22.44278]]}, "properties": {"name": "Independencia", "highway": "residential"}}, {"type": "Feature", "geometry": {"type": "LineString", "coordinates": [[-68.92983, -22.45305], [-68.93916, -22.45329]]}, "properties": {"name": "Avenida Maipú", "highway": "secondary"}}, {"type": "Feature", "geometry": {"type": "LineString", "coordinates": [[-68.9277, -22.44516], [-68.93206, -22.44444]]}, "properties": {"name": "Arturo Prat", "highway": "secondary"}}, {"type": "Feature", "geometry": {"type": "LineString", "coordinates": [[-68.93916, -22.45329], [-68.94081, -22.45333]]}, "properties": {"name": "Avenida Maipú", "highway": "tertiary"}}, {"type": "Feature", "geometry": {"type": "LineString", "coordinates": [[-68.94101, -22.45626], [-68.94623, -22.45637]]}, "properties": {"name": "Hurtado de Mendoza", "highway": "tertiary"}}, {"type": "Feature", "geometry": {"type": "LineString", "coordinates": [[-68.93859, -22.4629], [-68.93353, -22.46283]]}, "properties": {"name": "Emilio Sotomayor", "highway": "secondary"}}, {"type": "Feature", "geometry": {"type": "LineString", "coordinates": [[-68.93876, -22.46089], [-68.94637, -22.46129]]}, "properties": {"name": "Antofagasta", "highway": "tertiary"}}, {"type": "Feature", "geometry": {"type": "LineString", "coordinates": [[-68.94572, -22.47712], [-68.94734, -22.47468]]}, "properties": {"name": "", "highway": "unclassified"}}, {"type": "Feature", "geometry": {"type": "LineString", "coordinates": [[-68.94682, -22.47783], [-68.94817, -22.47562]]}, "properties": {"name": "", "highway": "unclassified"}}, {"type": "Feature", "geometry": {"type": "LineString", "coordinates": [[-68.94915, -22.47552], [-68.94809, -22.477]]}, "properties": {"name": "", "highway": "unclassified"}}, {"type": "Feature", "geometry": {"type": "LineString", "coordinates": [[-68.94029, -22.48141], [-68.94114, -22.47691], [-68.93862, -22.47471]]}, "properties": {"name": "", "highway": "unclassified"}}, {"type": "Feature", "geometry": {"type": "LineString", "coordinates": [[-68.94114, -22.47691], [-68.9467, -22.48164]]}, "properties": {"name": "", "highway": "unclassified"}}, {"type": "Feature", "geometry": {"type": "LineString", "coordinates": [[-68.94418, -22.48145], [-68.94452, -22.47977]]}, "properties": {"name": "", "highway": "unclassified"}}, {"type": "Feature", "geometry": {"type": "LineString", "coordinates": [[-68.94423, -22.47952], [-68.94351, -22.47963], [-68.94271, -22.47937], [-68.94216, -22.47945], [-68.94197, -22.47971]]}, "properties": {"name": "", "highway": "unclassified"}}, {"type": "Feature", "geometry": {"type": "LineString", "coordinates": [[-68.94425, -22.48102], [-68.94197, -22.47971]]}, "properties": {"name": "", "highway": "unclassified"}}, {"type": "Feature", "geometry": {"type": "LineString", "coordinates": [[-68.9436, -22.47577], [-68.9429, -22.47641]]}, "properties": {"name": "", "highway": "unclassified"}}, {"type": "Feature", "geometry": {"type": "LineString", "coordinates": [[-68.94335, -22.47562], [-68.94311, -22.47593]]}, "properties": {"name": "", "highway": "unclassified"}}, {"type": "Feature", "geometry": {"type": "LineString", "coordinates": [[-68.94157, -22.47174], [-68.94136, -22.4721]]}, "properties": {"name": "", "highway": "unclassified"}}, {"type": "Feature", "geometry": {"type": "LineString", "coordinates": [[-68.94136, -22.4721], [-68.94076, -22.47303], [-68.94148, -22.47339], [-68.94213, -22.47215]]}, "properties": {"name": "", "highway": "unclassified"}}, {"type": "Feature", "geometry": {"type": "LineString", "coordinates": [[-68.94076, -22.47303], [-68.94029, -22.47281]]}, "properties": {"name": "", "highway": "unclassified"}}, {"type": "Feature", "geometry": {"type": "LineString", "coordinates": [[-68.89311, -22.44667], [-68.89297, -22.44624]]}, "properties": {"name": "", "highway": "unclassified"}}, {"type": "Feature", "geometry": {"type": "LineString", "coordinates": [[-68.94094, -22.4781], [-68.94109, -22.47823], [-68.94106, -22.47916], [-68.94197, -22.47971]]}, "properties": {"name": "", "highway": "unclassified"}}, {"type": "Feature", "geometry": {"type": "LineString", "coordinates": [[-68.94109, -22.47823], [-68.94197, -22.47865], [-68.9428, -22.47878], [-68.94326, -22.4791], [-68.94351, -22.47894]]}, "properties": {"name": "", "highway": "unclassified"}}, {"type": "Feature", "geometry": {"type": "LineString", "coordinates": [[-68.95311, -22.47345], [-68.95242, -22.47316], [-68.9524, -22.4729], [-68.95205, -22.47261]]}, "properties": {"name": "", "highway": "unclassified"}}, {"type": "Feature", "geometry": {"type": "LineString", "coordinates": [[-68.95242, -22.47316], [-68.95073, -22.47261], [-68.95084, -22.47213]]}, "properties": {"name": "", "highway": "unclassified"}}, {"type": "Feature", "geometry": {"type": "LineString", "coordinates": [[-68.95073, -22.47261], [-68.95033, -22.47343]]}, "properties": {"name": "", "highway": "unclassified"}}, {"type": "Feature", "geometry": {"type": "LineString", "coordinates": [[-68.9524, -22.4729], [-68.95345, -22.47056], [-68.95247, -22.47032], [-68.95265, -22.46989], [-68.95248, -22.46964], [-68.95254, -22.46923]]}, "properties": {"name": "", "highway": "unclassified"}}, {"type": "Feature", "geometry": {"type": "LineString", "coordinates": [[-68.95247, -22.47032], [-68.95215, -22.4709], [-68.95221, -22.47133], [-68.953, -22.47166]]}, "properties": {"name": "", "highway": "unclassified"}}, {"type": "Feature", "geometry": {"type": "LineString", "coordinates": [[-68.95058, -22.47293], [-68.94972, -22.47255]]}, "properties": {"name": "", "highway": "unclassified"}}, {"type": "Feature", "geometry": {"type": "LineString", "coordinates": [[-68.94899, -22.47032], [-68.94907, -22.47082], [-68.95062, -22.47124], [-68.95077, -22.47083]]}, "properties": {"name": "", "highway": "unclassified"}}, {"type": "Feature", "geometry": {"type": "LineString", "coordinates": [[-68.95014, -22.4711], [-68.95023, -22.47062]]}, "properties": {"name": "", "highway": "unclassified"}}, {"type": "Feature", "geometry": {"type": "LineString", "coordinates": [[-68.95518, -22.47857], [-68.95816, -22.47416]]}, "properties": {"name": "", "highway": "residential"}}, {"type": "Feature", "geometry": {"type": "LineString", "coordinates": [[-68.95361, -22.47778], [-68.95234, -22.47925]]}, "properties": {"name": "", "highway": "unclassified"}}, {"type": "Feature", "geometry": {"type": "LineString", "coordinates": [[-68.95638, -22.47915], [-68.95564, -22.4806]]}, "properties": {"name": "", "highway": "unclassified"}}, {"type": "Feature", "geometry": {"type": "LineString", "coordinates": [[-68.95799, -22.49402], [-68.96025, -22.49496]]}, "properties": {"name": "", "highway": "unclassified"}}, {"type": "Feature", "geometry": {"type": "LineString", "coordinates": [[-68.96222, -22.49584], [-68.96211, -22.4969], [-68.96185, -22.49736], [-68.96006, -22.49954]]}, "properties": {"name": "", "highway": "unclassified"}}, {"type": "Feature", "geometry": {"type": "LineString", "coordinates": [[-68.96024, -22.49958], [-68.95974, -22.50014], [-68.95915, -22.5013], [-68.95786, -22.50163], [-68.95702, -22.50241]]}, "properties": {"name": "", "highway": "unclassified"}}, {"type": "Feature", "geometry": {"type": "LineString", "coordinates": [[-68.95921, -22.50124], [-68.96008, -22.50168], [-68.96056, -22.50218], [-68.96078, -22.50213]]}, "properties": {"name": "", "highway": "unclassified"}}, {"type": "Feature", "geometry": {"type": "LineString", "coordinates": [[-68.96396, -22.50107], [-68.96413, -22.50177], [-68.96581, -22.50217]]}, "properties": {"name": "", "highway": "unclassified"}}, {"type": "Feature", "geometry": {"type": "LineString", "coordinates": [[-68.9646, -22.50189], [-68.96427, -22.50292], [-68.96496, -22.50275], [-68.96545, -22.50307], [-68.96554, -22.50359], [-68.96635, -22.50362]]}, "properties": {"name": "", "highway": "unclassified"}}, {"type": "Feature", "geometry": {"type": "LineString", "coordinates": [[-68.95702, -22.50241], [-68.95581, -22.50045], [-68.95367, -22.49967], [-68.95198, -22.5008], [-68.95137, -22.50183], [-68.9476, -22.50564]]}, "properties": {"name": "", "highway": "unclassified"}}, {"type": "Feature", "geometry": {"type": "LineString", "coordinates": [[-68.95448, -22.46187], [-68.95482, -22.46103]]}, "properties": {"name": "", "highway": "unclassified"}}, {"type": "Feature", "geometry": {"type": "LineString", "coordinates": [[-68.95037, -22.45814], [-68.95127, -22.4565], [-68.95143, -22.45648]]}, "properties": {"name": "", "highway": "unclassified"}}, {"type": "Feature", "geometry": {"type": "LineString", "coordinates": [[-68.95002, -22.45646], [-68.95326, -22.45647]]}, "properties": {"name": "", "highway": "unclassified"}}, {"type": "Feature", "geometry": {"type": "LineString", "coordinates": [[-68.95143, -22.45648], [-68.95144, -22.45641]]}, "properties": {"name": "", "highway": "unclassified"}}, {"type": "Feature", "geometry": {"type": "LineString", "coordinates": [[-68.91852, -22.43197], [-68.91859, -22.43218]]}, "properties": {"name": "", "highway": "residential"}}, {"type": "Feature", "geometry": {"type": "LineString", "coordinates": [[-68.93875, -22.47481], [-68.93985, -22.4734]]}, "properties": {"name": "", "highway": "unclassified"}}, {"type": "Feature", "geometry": {"type": "LineString", "coordinates": [[-68.93958, -22.47384], [-68.93962, -22.47425]]}, "properties": {"name": "", "highway": "unclassified"}}, {"type": "Feature", "geometry": {"type": "LineString", "coordinates": [[-68.93862, -22.47471], [-68.93794, -22.47408], [-68.93835, -22.47346], [-68.9382, -22.47337]]}, "properties": {"name": "", "highway": "unclassified"}}, {"type": "Feature", "geometry": {"type": "LineString", "coordinates": [[-68.93798, -22.47402], [-68.93759, -22.47357], [-68.938, -22.47298]]}, "properties": {"name": "", "highway": "unclassified"}}, {"type": "Feature", "geometry": {"type": "LineString", "coordinates": [[-68.94402, -22.46739], [-68.94451, -22.46764]]}, "properties": {"name": "", "highway": "unclassified"}}, {"type": "Feature", "geometry": {"type": "LineString", "coordinates": [[-68.94455, -22.46756], [-68.94476, -22.46761], [-68.94498, -22.46722]]}, "properties": {"name": "", "highway": "unclassified"}}, {"type": "Feature", "geometry": {"type": "LineString", "coordinates": [[-68.94405, -22.46837], [-68.94434, -22.46872]]}, "properties": {"name": "", "highway": "unclassified"}}, {"type": "Feature", "geometry": {"type": "LineString", "coordinates": [[-68.94478, -22.46758], [-68.94544, -22.46781]]}, "properties": {"name": "", "highway": "unclassified"}}, {"type": "Feature", "geometry": {"type": "LineString", "coordinates": [[-68.94843, -22.47164], [-68.94605, -22.47073]]}, "properties": {"name": "", "highway": "unclassified"}}, {"type": "Feature", "geometry": {"type": "LineString", "coordinates": [[-68.92451, -22.47092], [-68.92514, -22.47112]]}, "properties": {"name": "Serrano", "highway": "living_street"}}, {"type": "Feature", "geometry": {"type": "LineString", "coordinates": [[-68.93901, -22.44371], [-68.93855, -22.44379]]}, "properties": {"name": "Yacimientos", "highway": "living_street"}}, {"type": "Feature", "geometry": {"type": "LineString", "coordinates": [[-68.88962, -22.44147], [-68.88981, -22.44093]]}, "properties": {"name": "", "highway": "unclassified"}}, {"type": "Feature", "geometry": {"type": "LineString", "coordinates": [[-68.88812, -22.44113], [-68.88824, -22.44062]]}, "properties": {"name": "", "highway": "unclassified"}}, {"type": "Feature", "geometry": {"type": "LineString", "coordinates": [[-68.89031, -22.44102], [-68.8914, -22.44213]]}, "properties": {"name": "", "highway": "unclassified"}}, {"type": "Feature", "geometry": {"type": "LineString", "coordinates": [[-68.88425, -22.44483], [-68.88446, -22.4454], [-68.88409, -22.4458], [-68.88575, -22.44622], [-68.88667, -22.44589]]}, "properties": {"name": "", "highway": "unclassified"}}, {"type": "Feature", "geometry": {"type": "LineString", "coordinates": [[-68.87895, -22.44571], [-68.87873, -22.44736], [-68.87825, -22.44893], [-68.87829, -22.44941], [-68.87964, -22.44911]]}, "properties": {"name": "", "highway": "unclassified"}}, {"type": "Feature", "geometry": {"type": "LineString", "coordinates": [[-68.87416, -22.44066], [-68.874, -22.44208], [-68.87455, -22.44283]]}, "properties": {"name": "", "highway": "unclassified"}}, {"type": "Feature", "geometry": {"type": "LineString", "coordinates": [[-68.874, -22.44208], [-68.87416, -22.44611], [-68.87388, -22.44785]]}, "properties": {"name": "", "highway": "unclassified"}}, {"type": "Feature", "geometry": {"type": "LineString", "coordinates": [[-68.88757, -22.43796], [-68.88056, -22.43006]]}, "properties": {"name": "", "highway": "unclassified"}}, {"type": "Feature", "geometry": {"type": "LineString", "coordinates": [[-68.96579, -22.49516], [-68.96588, -22.49447], [-68.96523, -22.49241], [-68.96511, -22.4923], [-68.96426, -22.49277], [-68.96463, -22.49056], [-68.96247, -22.49085], [-68.9624, -22.49107]]}, "properties": {"name": "", "highway": "unclassified"}}, {"type": "Feature", "geometry": {"type": "LineString", "coordinates": [[-68.96247, -22.49085], [-68.95985, -22.49003], [-68.9571, -22.49017], [-68.95484, -22.4897], [-68.95287, -22.48989]]}, "properties": {"name": "", "highway": "unclassified"}}, {"type": "Feature", "geometry": {"type": "LineString", "coordinates": [[-68.95609, -22.48928], [-68.95615, -22.48991]]}, "properties": {"name": "", "highway": "unclassified"}}, {"type": "Feature", "geometry": {"type": "LineString", "coordinates": [[-68.95727, -22.48995], [-68.95744, -22.49015]]}, "properties": {"name": "", "highway": "unclassified"}}, {"type": "Feature", "geometry": {"type": "LineString", "coordinates": [[-68.95867, -22.48977], [-68.95848, -22.4901]]}, "properties": {"name": "", "highway": "unclassified"}}, {"type": "Feature", "geometry": {"type": "LineString", "coordinates": [[-68.962, -22.4925], [-68.96346, -22.49288], [-68.96341, -22.49168], [-68.96295, -22.49117], [-68.96241, -22.49105]]}, "properties": {"name": "", "highway": "unclassified"}}, {"type": "Feature", "geometry": {"type": "LineString", "coordinates": [[-68.96304, -22.49125], [-68.96499, -22.49129], [-68.96586, -22.49076], [-68.96563, -22.4904], [-68.96753, -22.49025], [-68.96944, -22.48739], [-68.97229, -22.48403]]}, "properties": {"name": "", "highway": "unclassified"}}, {"type": "Feature", "geometry": {"type": "LineString", "coordinates": [[-68.9708, -22.4858], [-68.97364, -22.48743]]}, "properties": {"name": "", "highway": "unclassified"}}, {"type": "Feature", "geometry": {"type": "LineString", "coordinates": [[-68.9699, -22.48683], [-68.9704, -22.48659], [-68.97155, -22.48698], [-68.97136, -22.48748]]}, "properties": {"name": "", "highway": "unclassified"}}, {"type": "Feature", "geometry": {"type": "LineString", "coordinates": [[-68.91293, -22.43264], [-68.91253, -22.43149]]}, "properties": {"name": "Condominio Travesía del Desierto", "highway": "residential"}}, {"type": "Feature", "geometry": {"type": "LineString", "coordinates": [[-68.95454, -22.47138], [-68.95381, -22.4707]]}, "properties": {"name": "", "highway": "unclassified"}}, {"type": "Feature", "geometry": {"type": "LineString", "coordinates": [[-68.95706, -22.46554], [-68.95677, -22.46622]]}, "properties": {"name": "", "highway": "unclassified"}}, {"type": "Feature", "geometry": {"type": "LineString", "coordinates": [[-68.91828, -22.44645], [-68.91725, -22.44628]]}, "properties": {"name": "Almirante Grau", "highway": "primary"}}, {"type": "Feature", "geometry": {"type": "LineString", "coordinates": [[-68.91828, -22.44645], [-68.91828, -22.44634]]}, "properties": {"name": "Sevilla", "highway": "residential"}}, {"type": "Feature", "geometry": {"type": "LineString", "coordinates": [[-68.91725, -22.44628], [-68.90687, -22.44429]]}, "properties": {"name": "Almirante Grau", "highway": "primary"}}, {"type": "Feature", "geometry": {"type": "LineString", "coordinates": [[-68.94101, -22.45626], [-68.93943, -22.45623]]}, "properties": {"name": "Hurtado de Mendoza", "highway": "tertiary"}}, {"type": "Feature", "geometry": {"type": "LineString", "coordinates": [[-68.92325, -22.47952], [-68.92325, -22.47994]]}, "properties": {"name": "Balmaceda", "highway": "primary"}}, {"type": "Feature", "geometry": {"type": "LineString", "coordinates": [[-68.92325, -22.47994], [-68.92341, -22.48471], [-68.92401, -22.48774], [-68.92443, -22.48833]]}, "properties": {"name": "Balmaceda", "highway": "primary"}}, {"type": "Feature", "geometry": {"type": "LineString", "coordinates": [[-68.92316, -22.47993], [-68.92316, -22.47952]]}, "properties": {"name": "Balmaceda", "highway": "primary"}}, {"type": "Feature", "geometry": {"type": "LineString", "coordinates": [[-68.90157, -22.44317], [-68.90181, -22.44322]]}, "properties": {"name": "Almirante Grau", "highway": "trunk"}}, {"type": "Feature", "geometry": {"type": "LineString", "coordinates": [[-68.92043, -22.49113], [-68.91927, -22.49013]]}, "properties": {"name": "Avenida Circunvalación", "highway": "trunk"}}, {"type": "Feature", "geometry": {"type": "LineString", "coordinates": [[-68.92102, -22.49166], [-68.92069, -22.49136]]}, "properties": {"name": "Avenida Circunvalación", "highway": "trunk"}}, {"type": "Feature", "geometry": {"type": "LineString", "coordinates": [[-68.92077, -22.4913], [-68.92192, -22.49232]]}, "properties": {"name": "Avenida Circunvalación", "highway": "trunk"}}, {"type": "Feature", "geometry": {"type": "LineString", "coordinates": [[-68.8968, -22.47116], [-68.89638, -22.47149]]}, "properties": {"name": "Ruta 23 CH", "highway": "trunk"}}, {"type": "Feature", "geometry": {"type": "LineString", "coordinates": [[-68.89675, -22.47113], [-68.89864, -22.46953]]}, "properties": {"name": "Ruta 23 CH", "highway": "trunk"}}, {"type": "Feature", "geometry": {"type": "LineString", "coordinates": [[-68.89881, -22.46943], [-68.89832, -22.46988]]}, "properties": {"name": "Ruta 23 CH", "highway": "trunk"}}, {"type": "Feature", "geometry": {"type": "LineString", "coordinates": [[-68.89864, -22.46953], [-68.89881, -22.46934]]}, "properties": {"name": "Ruta 23 CH", "highway": "trunk"}}, {"type": "Feature", "geometry": {"type": "LineString", "coordinates": [[-68.89874, -22.46932], [-68.8986, -22.46812], [-68.89886, -22.4672]]}, "properties": {"name": "Avenida Circunvalación", "highway": "trunk"}}, {"type": "Feature", "geometry": {"type": "LineString", "coordinates": [[-68.89885, -22.46996], [-68.89878, -22.4696]]}, "properties": {"name": "Avenida Circunvalación", "highway": "trunk"}}, {"type": "Feature", "geometry": {"type": "LineString", "coordinates": [[-68.89908, -22.47126], [-68.89885, -22.46996]]}, "properties": {"name": "Avenida Circunvalación", "highway": "trunk"}}, {"type": "Feature", "geometry": {"type": "LineString", "coordinates": [[-68.89888, -22.46952], [-68.89908, -22.47073]]}, "properties": {"name": "Avenida Circunvalación", "highway": "trunk"}}, {"type": "Feature", "geometry": {"type": "LineString", "coordinates": [[-68.89879, -22.46894], [-68.89883, -22.4692]]}, "properties": {"name": "Avenida Circunvalación", "highway": "trunk"}}, {"type": "Feature", "geometry": {"type": "LineString", "coordinates": [[-68.89891, -22.46734], [-68.89871, -22.46815], [-68.89879, -22.46894]]}, "properties": {"name": "Avenida Circunvalación", "highway": "trunk"}}, {"type": "Feature", "geometry": {"type": "LineString", "coordinates": [[-68.89789, -22.44758], [-68.89827, -22.44675]]}, "properties": {"name": "Caletera", "highway": "unclassified"}}, {"type": "Feature", "geometry": {"type": "LineString", "coordinates": [[-68.91594, -22.43148], [-68.91601, -22.43272]]}, "properties": {"name": "Ruta 24", "highway": "trunk"}}, {"type": "Feature", "geometry": {"type": "LineString", "coordinates": [[-68.91702, -22.42796], [-68.91632, -22.42825], [-68.91596, -22.42872], [-68.91594, -22.43148]]}, "properties": {"name": "Ruta 24", "highway": "trunk"}}, {"type": "Feature", "geometry": {"type": "LineString", "coordinates": [[-68.9232, -22.42309], [-68.92338, -22.42396]]}, "properties": {"name": "Ruta 24", "highway": "trunk"}}, {"type": "Feature", "geometry": {"type": "LineString", "coordinates": [[-68.89977, -22.44288], [-68.89935, -22.44279]]}, "properties": {"name": "Almirante Grau", "highway": "trunk"}}, {"type": "Feature", "geometry": {"type": "LineString", "coordinates": [[-68.89935, -22.44279], [-68.89977, -22.44284]]}, "properties": {"name": "Almirante Grau", "highway": "trunk"}}, {"type": "Feature", "geometry": {"type": "LineString", "coordinates": [[-68.90175, -22.44327], [-68.901, -22.44313]]}, "properties": {"name": "Almirante Grau", "highway": "trunk"}}, {"type": "Feature", "geometry": {"type": "LineString", "coordinates": [[-68.90181, -22.44322], [-68.90229, -22.44332]]}, "properties": {"name": "Almirante Grau", "highway": "trunk"}}, {"type": "Feature", "geometry": {"type": "LineString", "coordinates": [[-68.90173, -22.44312], [-68.90392, -22.44112]]}, "properties": {"name": "Avenida Circunvalación", "highway": "trunk"}}, {"type": "Feature", "geometry": {"type": "LineString", "coordinates": [[-68.9042, -22.44101], [-68.90187, -22.44315]]}, "properties": {"name": "Avenida Circunvalación", "highway": "trunk"}}, {"type": "Feature", "geometry": {"type": "LineString", "coordinates": [[-68.90029, -22.44444], [-68.9004, -22.44435]]}, "properties": {"name": "Avenida Circunvalación", "highway": "trunk"}}, {"type": "Feature", "geometry": {"type": "LineString", "coordinates": [[-68.93056, -22.45292], [-68.93057, -22.4531]]}, "properties": {"name": "Costa Rica", "highway": "tertiary"}}, {"type": "Feature", "geometry": {"type": "LineString", "coordinates": [[-68.92734, -22.44077], [-68.93268, -22.43983]]}, "properties": {"name": "Bolivia", "highway": "residential"}}, {"type": "Feature", "geometry": {"type": "LineString", "coordinates": [[-68.93467, -22.44095], [-68.93379, -22.44111]]}, "properties": {"name": "Canadá", "highway": "residential"}}, {"type": "Feature", "geometry": {"type": "LineString", "coordinates": [[-68.93342, -22.44738], [-68.93278, -22.44432]]}, "properties": {"name": "Guatemala", "highway": "residential"}}, {"type": "Feature", "geometry": {"type": "LineString", "coordinates": [[-68.93897, -22.45846], [-68.93947, -22.45851]]}, "properties": {"name": "Tarapacá", "highway": "residential"}}, {"type": "Feature", "geometry": {"type": "LineString", "coordinates": [[-68.93398, -22.45628], [-68.93503, -22.45672]]}, "properties": {"name": "Tocopilla", "highway": "residential"}}, {"type": "Feature", "geometry": {"type": "LineString", "coordinates": [[-68.94694, -22.46151], [-68.94841, -22.46209]]}, "properties": {"name": "Tocopilla", "highway": "tertiary"}}, {"type": "Feature", "geometry": {"type": "LineString", "coordinates": [[-68.89268, -22.47457], [-68.88134, -22.48176], [-68.87136, -22.49082], [-68.8673, -22.49426], [-68.86096, -22.49873], [-68.85506, -22.50337]]}, "properties": {"name": "Ruta 23 CH", "highway": "trunk"}}, {"type": "Feature", "geometry": {"type": "LineString", "coordinates": [[-68.91711, -22.44677], [-68.91707, -22.44626]]}, "properties": {"name": "Talagante", "highway": "tertiary"}}, {"type": "Feature", "geometry": {"type": "LineString", "coordinates": [[-68.91711, -22.44666], [-68.91829, -22.44659]]}, "properties": {"name": "Til til Norte", "highway": "living_street"}}, {"type": "Feature", "geometry": {"type": "LineString", "coordinates": [[-68.91866, -22.44813], [-68.91783, -22.45279]]}, "properties": {"name": "Nueva Poniente", "highway": "residential"}}, {"type": "Feature", "geometry": {"type": "LineString", "coordinates": [[-68.91873, -22.44792], [-68.91866, -22.44813]]}, "properties": {"name": "Nueva Poniente", "highway": "residential"}}, {"type": "Feature", "geometry": {"type": "LineString", "coordinates": [[-68.91861, -22.44778], [-68.91869, -22.44796], [-68.91861, -22.44778]]}, "properties": {"name": "11 Norte", "highway": "tertiary"}}, {"type": "Feature", "geometry": {"type": "LineString", "coordinates": [[-68.91818, -22.44793], [-68.91752, -22.44817]]}, "properties": {"name": "11 Norte", "highway": "tertiary"}}, {"type": "Feature", "geometry": {"type": "LineString", "coordinates": [[-68.91818, -22.44793], [-68.91855, -22.44782]]}, "properties": {"name": "11 Norte", "highway": "tertiary"}}, {"type": "Feature", "geometry": {"type": "LineString", "coordinates": [[-68.91895, -22.44777], [-68.91987, -22.4477]]}, "properties": {"name": "11 Norte", "highway": "tertiary"}}, {"type": "Feature", "geometry": {"type": "LineString", "coordinates": [[-68.91867, -22.44778], [-68.91895, -22.44777]]}, "properties": {"name": "11 Norte", "highway": "tertiary"}}, {"type": "Feature", "geometry": {"type": "LineString", "coordinates": [[-68.91895, -22.44777], [-68.91874, -22.44785]]}, "properties": {"name": "11 Norte", "highway": "tertiary"}}, {"type": "Feature", "geometry": {"type": "LineString", "coordinates": [[-68.92806, -22.46704], [-68.9284, -22.46714]]}, "properties": {"name": "Porvenir", "highway": "residential"}}, {"type": "Feature", "geometry": {"type": "LineString", "coordinates": [[-68.9251, -22.47041], [-68.92512, -22.47067]]}, "properties": {"name": "Almirante Latorre", "highway": "residential"}}, {"type": "Feature", "geometry": {"type": "LineString", "coordinates": [[-68.93384, -22.47289], [-68.93257, -22.47292]]}, "properties": {"name": "Osvaldo Muñoz", "highway": "residential"}}, {"type": "Feature", "geometry": {"type": "LineString", "coordinates": [[-68.92552, -22.47579], [-68.92456, -22.47522]]}, "properties": {"name": "Cesáreo Aguirre", "highway": "residential"}}, {"type": "Feature", "geometry": {"type": "LineString", "coordinates": [[-68.89919, -22.45207], [-68.89864, -22.45309]]}, "properties": {"name": "Arcaya", "highway": "residential"}}, {"type": "Feature", "geometry": {"type": "LineString", "coordinates": [[-68.90253, -22.44963], [-68.90302, -22.44948]]}, "properties": {"name": "Taqui Huailla", "highway": "residential"}}, {"type": "Feature", "geometry": {"type": "LineString", "coordinates": [[-68.89919, -22.45168], [-68.89906, -22.45167]]}, "properties": {"name": "Taqui Kala", "highway": "residential"}}, {"type": "Feature", "geometry": {"type": "LineString", "coordinates": [[-68.93483, -22.4656], [-68.93478, -22.46658]]}, "properties": {"name": "Cerro Quimal", "highway": "living_street"}}, {"type": "Feature", "geometry": {"type": "LineString", "coordinates": [[-68.93431, -22.46641], [-68.93383, -22.46639]]}, "properties": {"name": "Cerro Puruña", "highway": "living_street"}}, {"type": "Feature", "geometry": {"type": "LineString", "coordinates": [[-68.92432, -22.44112], [-68.92672, -22.44071]]}, "properties": {"name": "Aucalquincha", "highway": "residential"}}, {"type": "Feature", "geometry": {"type": "LineString", "coordinates": [[-68.91725, -22.44781], [-68.91688, -22.44775]]}, "properties": {"name": "San Fernando", "highway": "tertiary"}}, {"type": "Feature", "geometry": {"type": "LineString", "coordinates": [[-68.91846, -22.44762], [-68.91725, -22.44781]]}, "properties": {"name": "San Fernando", "highway": "tertiary"}}, {"type": "Feature", "geometry": {"type": "LineString", "coordinates": [[-68.91855, -22.44791], [-68.91811, -22.44768]]}, "properties": {"name": "San Fernando", "highway": "tertiary"}}, {"type": "Feature", "geometry": {"type": "LineString", "coordinates": [[-68.91711, -22.44677], [-68.91725, -22.44781]]}, "properties": {"name": "Talagante", "highway": "tertiary"}}, {"type": "Feature", "geometry": {"type": "LineString", "coordinates": [[-68.91184, -22.44543], [-68.91113, -22.44521]]}, "properties": {"name": "Almirante Grau", "highway": "residential"}}, {"type": "Feature", "geometry": {"type": "LineString", "coordinates": [[-68.94547, -22.46436], [-68.94549, -22.46422]]}, "properties": {"name": "Línea 5", "highway": "residential"}}, {"type": "Feature", "geometry": {"type": "LineString", "coordinates": [[-68.93892, -22.44327], [-68.93857, -22.44169], [-68.93802, -22.44116]]}, "properties": {"name": "Colonia", "highway": "residential"}}, {"type": "Feature", "geometry": {"type": "LineString", "coordinates": [[-68.93952, -22.44639], [-68.93892, -22.44327]]}, "properties": {"name": "Colonia", "highway": "tertiary"}}, {"type": "Feature", "geometry": {"type": "LineString", "coordinates": [[-68.91519, -22.43088], [-68.91561, -22.43066], [-68.91578, -22.43023]]}, "properties": {"name": "", "highway": "unclassified"}}, {"type": "Feature", "geometry": {"type": "LineString", "coordinates": [[-68.91579, -22.431], [-68.91519, -22.43088]]}, "properties": {"name": "", "highway": "unclassified"}}, {"type": "Feature", "geometry": {"type": "LineString", "coordinates": [[-68.91601, -22.43272], [-68.91603, -22.43282]]}, "properties": {"name": "Ruta 24", "highway": "trunk"}}, {"type": "Feature", "geometry": {"type": "LineString", "coordinates": [[-68.91318, -22.43343], [-68.91318, -22.43347]]}, "properties": {"name": "", "highway": "residential"}}, {"type": "Feature", "geometry": {"type": "LineString", "coordinates": [[-68.91293, -22.43264], [-68.91318, -22.43343]]}, "properties": {"name": "Condominio Travesía del Desierto", "highway": "residential"}}, {"type": "Feature", "geometry": {"type": "LineString", "coordinates": [[-68.9131, -22.43345], [-68.91293, -22.43264]]}, "properties": {"name": "Condominio Travesía del Desierto", "highway": "residential"}}, {"type": "Feature", "geometry": {"type": "LineString", "coordinates": [[-68.94691, -22.46186], [-68.93347, -22.46116]]}, "properties": {"name": "Vargas", "highway": "residential"}}, {"type": "Feature", "geometry": {"type": "LineString", "coordinates": [[-68.92842, -22.45976], [-68.93068, -22.46032]]}, "properties": {"name": "Antofagasta", "highway": "tertiary"}}, {"type": "Feature", "geometry": {"type": "LineString", "coordinates": [[-68.93139, -22.45662], [-68.93124, -22.45771]]}, "properties": {"name": "Aníbal Pinto", "highway": "residential"}}, {"type": "Feature", "geometry": {"type": "LineString", "coordinates": [[-68.92266, -22.45808], [-68.92274, -22.45811]]}, "properties": {"name": "Antofagasta", "highway": "secondary"}}, {"type": "Feature", "geometry": {"type": "LineString", "coordinates": [[-68.92603, -22.46899], [-68.92594, -22.469]]}, "properties": {"name": "Ecuador", "highway": "primary"}}, {"type": "Feature", "geometry": {"type": "LineString", "coordinates": [[-68.91424, -22.4456], [-68.91419, -22.44569]]}, "properties": {"name": "Pomaire", "highway": "tertiary"}}, {"type": "Feature", "geometry": {"type": "LineString", "coordinates": [[-68.91846, -22.44762], [-68.91858, -22.4478]]}, "properties": {"name": "Sevilla", "highway": "tertiary"}}, {"type": "Feature", "geometry": {"type": "LineString", "coordinates": [[-68.91388, -22.44702], [-68.91156, -22.44662]]}, "properties": {"name": "San Fernando", "highway": "residential"}}, {"type": "Feature", "geometry": {"type": "LineString", "coordinates": [[-68.95033, -22.46286], [-68.95815, -22.46596]]}, "properties": {"name": "Tocopilla", "highway": "residential"}}, {"type": "Feature", "geometry": {"type": "LineString", "coordinates": [[-68.95678, -22.46278], [-68.95579, -22.46503]]}, "properties": {"name": "Lican Antai", "highway": "residential"}}, {"type": "Feature", "geometry": {"type": "LineString", "coordinates": [[-68.91634, -22.43876], [-68.9153, -22.43475]]}, "properties": {"name": "Potrerillos", "highway": "residential"}}, {"type": "Feature", "geometry": {"type": "LineString", "coordinates": [[-68.90541, -22.43941], [-68.90377, -22.441]]}, "properties": {"name": "Circunvalación", "highway": "residential"}}, {"type": "Feature", "geometry": {"type": "LineString", "coordinates": [[-68.95758, -22.46105], [-68.95678, -22.46278]]}, "properties": {"name": "Lican Antai", "highway": "residential"}}, {"type": "Feature", "geometry": {"type": "LineString", "coordinates": [[-68.93055, -22.47541], [-68.93562, -22.47522]]}, "properties": {"name": "Turi", "highway": "residential"}}, {"type": "Feature", "geometry": {"type": "LineString", "coordinates": [[-68.93562, -22.47522], [-68.9367, -22.47551]]}, "properties": {"name": "Turi", "highway": "residential"}}, {"type": "Feature", "geometry": {"type": "LineString", "coordinates": [[-68.92953, -22.46343], [-68.93059, -22.46352]]}, "properties": {"name": "Vicuña Mackenna", "highway": "tertiary"}}, {"type": "Feature", "geometry": {"type": "LineString", "coordinates": [[-68.92668, -22.4651], [-68.92704, -22.46527]]}, "properties": {"name": "Cobija", "highway": "secondary"}}, {"type": "Feature", "geometry": {"type": "LineString", "coordinates": [[-68.92325, -22.47898], [-68.92314, -22.47896]]}, "properties": {"name": "Balmaceda", "highway": "secondary"}}, {"type": "Feature", "geometry": {"type": "LineString", "coordinates": [[-68.92325, -22.47898], [-68.92325, -22.47952]]}, "properties": {"name": "Balmaceda", "highway": "primary"}}, {"type": "Feature", "geometry": {"type": "LineString", "coordinates": [[-68.9295, -22.47961], [-68.92799, -22.4796], [-68.92616, -22.47881], [-68.92449, -22.47906], [-68.92325, -22.47898]]}, "properties": {"name": "Balmaceda", "highway": "secondary"}}, {"type": "Feature", "geometry": {"type": "LineString", "coordinates": [[-68.9295, -22.47961], [-68.9286, -22.4769]]}, "properties": {"name": "Avenida Libertador Bernardo O'Higgins", "highway": "primary"}}, {"type": "Feature", "geometry": {"type": "LineString", "coordinates": [[-68.92962, -22.4796], [-68.93004, -22.4815]]}, "properties": {"name": "Avenida Libertador Bernardo O'Higgins", "highway": "primary"}}, {"type": "Feature", "geometry": {"type": "LineString", "coordinates": [[-68.93166, -22.4349], [-68.92936, -22.43536]]}, "properties": {"name": "Freirina", "highway": "residential"}}, {"type": "Feature", "geometry": {"type": "LineString", "coordinates": [[-68.9282, -22.43748], [-68.92788, -22.43754]]}, "properties": {"name": "La Tirana", "highway": "living_street"}}, {"type": "Feature", "geometry": {"type": "LineString", "coordinates": [[-68.9282, -22.43748], [-68.92975, -22.43724]]}, "properties": {"name": "La Tirana", "highway": "tertiary"}}, {"type": "Feature", "geometry": {"type": "LineString", "coordinates": [[-68.92763, -22.44523], [-68.92418, -22.44581]]}, "properties": {"name": "Arturo Prat", "highway": "primary"}}, {"type": "Feature", "geometry": {"type": "LineString", "coordinates": [[-68.91775, -22.45596], [-68.91775, -22.45596]]}, "properties": {"name": "Los Chañares", "highway": "residential"}}, {"type": "Feature", "geometry": {"type": "LineString", "coordinates": [[-68.93028, -22.4657], [-68.9292, -22.46553]]}, "properties": {"name": "Paula Jaraquemada", "highway": "residential"}}, {"type": "Feature", "geometry": {"type": "LineString", "coordinates": [[-68.93926, -22.46799], [-68.93958, -22.46809]]}, "properties": {"name": "Paula Jaraquemada", "highway": "residential"}}, {"type": "Feature", "geometry": {"type": "LineString", "coordinates": [[-68.91256, -22.43338], [-68.91311, -22.43321]]}, "properties": {"name": "Condominio Travesía del Desierto", "highway": "living_street"}}, {"type": "Feature", "geometry": {"type": "LineString", "coordinates": [[-68.91246, -22.4331], [-68.91302, -22.43293]]}, "properties": {"name": "Condominio Travesía del Desierto", "highway": "living_street"}}, {"type": "Feature", "geometry": {"type": "LineString", "coordinates": [[-68.91236, -22.43282], [-68.91293, -22.43264]]}, "properties": {"name": "Condominio Travesía del Desierto", "highway": "living_street"}}, {"type": "Feature", "geometry": {"type": "LineString", "coordinates": [[-68.91223, -22.43253], [-68.91283, -22.43235]]}, "properties": {"name": "Condominio Travesía del Desierto", "highway": "living_street"}}, {"type": "Feature", "geometry": {"type": "LineString", "coordinates": [[-68.91213, -22.43225], [-68.91273, -22.43206]]}, "properties": {"name": "Condominio Travesía del Desierto", "highway": "living_street"}}, {"type": "Feature", "geometry": {"type": "LineString", "coordinates": [[-68.9119, -22.43171], [-68.91256, -22.43157]]}, "properties": {"name": "Condominio Travesía del Desierto", "highway": "living_street"}}, {"type": "Feature", "geometry": {"type": "LineString", "coordinates": [[-68.91204, -22.43198], [-68.91263, -22.43179]]}, "properties": {"name": "Condominio Travesía del Desierto", "highway": "living_street"}}, {"type": "Feature", "geometry": {"type": "LineString", "coordinates": [[-68.91204, -22.43198], [-68.9119, -22.43171]]}, "properties": {"name": "Condominio Travesía del Desierto", "highway": "living_street"}}, {"type": "Feature", "geometry": {"type": "LineString", "coordinates": [[-68.91129, -22.43842], [-68.91188, -22.43787]]}, "properties": {"name": "Las Canteras", "highway": "living_street"}}, {"type": "Feature", "geometry": {"type": "LineString", "coordinates": [[-68.91865, -22.45641], [-68.9184, -22.4574]]}, "properties": {"name": "Condominio Doña Esperanza", "highway": "living_street"}}, {"type": "Feature", "geometry": {"type": "LineString", "coordinates": [[-68.93123, -22.45956], [-68.93121, -22.45993]]}, "properties": {"name": "Galvarino", "highway": "living_street"}}, {"type": "Feature", "geometry": {"type": "LineString", "coordinates": [[-68.93172, -22.45956], [-68.9317, -22.45996]]}, "properties": {"name": "Lincán", "highway": "living_street"}}, {"type": "Feature", "geometry": {"type": "LineString", "coordinates": [[-68.9458, -22.45107], [-68.9462, -22.45107]]}, "properties": {"name": "Auka Rasu Sur", "highway": "living_street"}}, {"type": "Feature", "geometry": {"type": "LineString", "coordinates": [[-68.94582, -22.45044], [-68.9458, -22.45107]]}, "properties": {"name": "Auka Rasu Oriente", "highway": "living_street"}}, {"type": "Feature", "geometry": {"type": "LineString", "coordinates": [[-68.94625, -22.45045], [-68.94582, -22.45044]]}, "properties": {"name": "Auka Rasu Norte", "highway": "living_street"}}, {"type": "Feature", "geometry": {"type": "LineString", "coordinates": [[-68.94596, -22.44781], [-68.94596, -22.44838]]}, "properties": {"name": "Huaira Oriente", "highway": "living_street"}}, {"type": "Feature", "geometry": {"type": "LineString", "coordinates": [[-68.94638, -22.44782], [-68.94596, -22.44781]]}, "properties": {"name": "Huaira Norte", "highway": "living_street"}}, {"type": "Feature", "geometry": {"type": "LineString", "coordinates": [[-68.94636, -22.44839], [-68.94638, -22.44782]]}, "properties": {"name": "Huaira Poniente", "highway": "living_street"}}, {"type": "Feature", "geometry": {"type": "LineString", "coordinates": [[-68.94643, -22.44568], [-68.94642, -22.44614]]}, "properties": {"name": "Diego de Almagro Poniente", "highway": "living_street"}}, {"type": "Feature", "geometry": {"type": "LineString", "coordinates": [[-68.94599, -22.44574], [-68.94643, -22.44568]]}, "properties": {"name": "Diego de Almagro Norte", "highway": "living_street"}}, {"type": "Feature", "geometry": {"type": "LineString", "coordinates": [[-68.94597, -22.44614], [-68.94599, -22.44574]]}, "properties": {"name": "Diego de Almagro Oriente", "highway": "living_street"}}, {"type": "Feature", "geometry": {"type": "LineString", "coordinates": [[-68.94562, -22.44645], [-68.9451, -22.4464]]}, "properties": {"name": "Manuel Montt Norte", "highway": "residential"}}, {"type": "Feature", "geometry": {"type": "LineString", "coordinates": [[-68.94857, -22.44849], [-68.94858, -22.44786]]}, "properties": {"name": "Huayna Atacama Poniente", "highway": "living_street"}}, {"type": "Feature", "geometry": {"type": "LineString", "coordinates": [[-68.94821, -22.44847], [-68.94857, -22.44849]]}, "properties": {"name": "Huayna Atacama Sur", "highway": "living_street"}}, {"type": "Feature", "geometry": {"type": "LineString", "coordinates": [[-68.94858, -22.44786], [-68.94823, -22.44785]]}, "properties": {"name": "Huayna Atacama Norte", "highway": "living_street"}}, {"type": "Feature", "geometry": {"type": "LineString", "coordinates": [[-68.94705, -22.44782], [-68.94704, -22.44811]]}, "properties": {"name": "Hauka Huali Oriente", "highway": "living_street"}}, {"type": "Feature", "geometry": {"type": "LineString", "coordinates": [[-68.94754, -22.44784], [-68.94705, -22.44782]]}, "properties": {"name": "Hauka Huali Norte", "highway": "living_street"}}, {"type": "Feature", "geometry": {"type": "LineString", "coordinates": [[-68.94703, -22.44844], [-68.94752, -22.44845]]}, "properties": {"name": "Hauka Huali Sur", "highway": "living_street"}}, {"type": "Feature", "geometry": {"type": "LineString", "coordinates": [[-68.94642, -22.44679], [-68.94638, -22.44712]]}, "properties": {"name": "Ñusta Huayca Poniente", "highway": "living_street"}}, {"type": "Feature", "geometry": {"type": "LineString", "coordinates": [[-68.94597, -22.44678], [-68.94642, -22.44679]]}, "properties": {"name": "Ñusta Huayca Norte", "highway": "living_street"}}, {"type": "Feature", "geometry": {"type": "LineString", "coordinates": [[-68.94595, -22.44711], [-68.94597, -22.44678]]}, "properties": {"name": "Ñusta Huayca Oriente", "highway": "living_street"}}, {"type": "Feature", "geometry": {"type": "LineString", "coordinates": [[-68.94853, -22.44981], [-68.94855, -22.44912]]}, "properties": {"name": "Kolke Poniente", "highway": "living_street"}}, {"type": "Feature", "geometry": {"type": "LineString", "coordinates": [[-68.94816, -22.44981], [-68.94853, -22.44981]]}, "properties": {"name": "Pasaje Tikan Kabur Sur", "highway": "living_street"}}, {"type": "Feature", "geometry": {"type": "LineString", "coordinates": [[-68.94855, -22.44912], [-68.94819, -22.44911]]}, "properties": {"name": "Pasaje Tikan Kabur Sur", "highway": "living_street"}}, {"type": "Feature", "geometry": {"type": "LineString", "coordinates": [[-68.95177, -22.45238], [-68.95179, -22.45195]]}, "properties": {"name": "Jaime Cerda Cuellar", "highway": "living_street"}}, {"type": "Feature", "geometry": {"type": "LineString", "coordinates": [[-68.95308, -22.45332], [-68.95246, -22.45331]]}, "properties": {"name": "Violeta Vergara", "highway": "residential"}}, {"type": "Feature", "geometry": {"type": "LineString", "coordinates": [[-68.95275, -22.45296], [-68.95275, -22.45331]]}, "properties": {"name": "Awana (Telar)", "highway": "living_street"}}, {"type": "Feature", "geometry": {"type": "LineString", "coordinates": [[-68.95244, -22.45296], [-68.95275, -22.45296]]}, "properties": {"name": "Adolfo Joglar", "highway": "living_street"}}, {"type": "Feature", "geometry": {"type": "LineString", "coordinates": [[-68.95175, -22.45294], [-68.95123, -22.45293]]}, "properties": {"name": "Adolfo Joglar", "highway": "living_street"}}, {"type": "Feature", "geometry": {"type": "LineString", "coordinates": [[-68.95274, -22.45362], [-68.95244, -22.45361]]}, "properties": {"name": "Awana (Telar)", "highway": "living_street"}}, {"type": "Feature", "geometry": {"type": "LineString", "coordinates": [[-68.94783, -22.4564], [-68.94824, -22.4515]]}, "properties": {"name": "Rahue", "highway": "living_street"}}, {"type": "Feature", "geometry": {"type": "LineString", "coordinates": [[-68.95012, -22.45865], [-68.95159, -22.45924]]}, "properties": {"name": "Pasaje Pantano", "highway": "living_street"}}, {"type": "Feature", "geometry": {"type": "LineString", "coordinates": [[-68.92989, -22.467], [-68.92856, -22.46598], [-68.92704, -22.46527]]}, "properties": {"name": "Cobija", "highway": "secondary"}}, {"type": "Feature", "geometry": {"type": "LineString", "coordinates": [[-68.92621, -22.47664], [-68.92618, -22.47694]]}, "properties": {"name": "Pasaje Tambillo", "highway": "living_street"}}, {"type": "Feature", "geometry": {"type": "LineString", "coordinates": [[-68.91247, -22.45663], [-68.91254, -22.45647]]}, "properties": {"name": "Condominio Bilbao 2", "highway": "living_street"}}, {"type": "Feature", "geometry": {"type": "LineString", "coordinates": [[-68.91403, -22.45592], [-68.9142, -22.45594]]}, "properties": {"name": "Pasaje 7", "highway": "living_street"}}, {"type": "Feature", "geometry": {"type": "LineString", "coordinates": [[-68.91386, -22.45695], [-68.91289, -22.4566]]}, "properties": {"name": "Pasaje 1", "highway": "living_street"}}, {"type": "Feature", "geometry": {"type": "LineString", "coordinates": [[-68.91702, -22.45672], [-68.91684, -22.45735]]}, "properties": {"name": "Granito Apolo", "highway": "living_street"}}, {"type": "Feature", "geometry": {"type": "LineString", "coordinates": [[-68.91827, -22.45689], [-68.91702, -22.45672]]}, "properties": {"name": "Brochantita", "highway": "living_street"}}, {"type": "Feature", "geometry": {"type": "LineString", "coordinates": [[-68.92993, -22.46456], [-68.92952, -22.46455]]}, "properties": {"name": "Pasaje 2", "highway": "living_street"}}, {"type": "Feature", "geometry": {"type": "LineString", "coordinates": [[-68.93705, -22.48109], [-68.93707, -22.48122]]}, "properties": {"name": "Ruta B 193", "highway": "residential"}}, {"type": "Feature", "geometry": {"type": "LineString", "coordinates": [[-68.93474, -22.48168], [-68.93574, -22.48189], [-68.93736, -22.48118], [-68.93909, -22.48164], [-68.94057, -22.48138], [-68.94283, -22.48134], [-68.94696, -22.48183], [-68.95271, -22.48948], [-68.9529, -22.48998], [-68.95299, -22.49159], [-68.95334, -22.49216], [-68.95398, -22.49522], [-68.95557, -22.49631], [-68.95608, -22.4974], [-68.95697, -22.49817], [-68.95845, -22.49901], [-68.96038, -22.49961]]}, "properties": {"name": "Ojo de Opache", "highway": "unclassified"}}, {"type": "Feature", "geometry": {"type": "LineString", "coordinates": [[-68.89188, -22.43612], [-68.89778, -22.43732]]}, "properties": {"name": "Francisco Martinic", "highway": "residential"}}, {"type": "Feature", "geometry": {"type": "LineString", "coordinates": [[-68.9171, -22.45437], [-68.91752, -22.45437]]}, "properties": {"name": "", "highway": "living_street"}}, {"type": "Feature", "geometry": {"type": "LineString", "coordinates": [[-68.91709, -22.45454], [-68.91756, -22.45454]]}, "properties": {"name": "", "highway": "living_street"}}, {"type": "Feature", "geometry": {"type": "LineString", "coordinates": [[-68.91617, -22.45451], [-68.9162, -22.4543], [-68.91604, -22.45427]]}, "properties": {"name": "", "highway": "living_street"}}, {"type": "Feature", "geometry": {"type": "LineString", "coordinates": [[-68.91526, -22.45455], [-68.91541, -22.45366]]}, "properties": {"name": "", "highway": "living_street"}}, {"type": "Feature", "geometry": {"type": "LineString", "coordinates": [[-68.91581, -22.45455], [-68.91596, -22.45374]]}, "properties": {"name": "", "highway": "living_street"}}, {"type": "Feature", "geometry": {"type": "LineString", "coordinates": [[-68.91599, -22.45449], [-68.91613, -22.45377]]}, "properties": {"name": "", "highway": "living_street"}}, {"type": "Feature", "geometry": {"type": "LineString", "coordinates": [[-68.91636, -22.45451], [-68.91647, -22.45382]]}, "properties": {"name": "", "highway": "living_street"}}, {"type": "Feature", "geometry": {"type": "LineString", "coordinates": [[-68.93386, -22.48779], [-68.9325, -22.49]]}, "properties": {"name": "", "highway": "unclassified"}}, {"type": "Feature", "geometry": {"type": "LineString", "coordinates": [[-68.94993, -22.45796], [-68.95037, -22.45814]]}, "properties": {"name": "Coquimbo", "highway": "residential"}}, {"type": "Feature", "geometry": {"type": "LineString", "coordinates": [[-68.96034, -22.46212], [-68.95037, -22.45814]]}, "properties": {"name": "Coquimbo", "highway": "residential"}}, {"type": "Feature", "geometry": {"type": "LineString", "coordinates": [[-68.98336, -22.4738], [-68.98021, -22.47286]]}, "properties": {"name": "", "highway": "residential"}}, {"type": "Feature", "geometry": {"type": "LineString", "coordinates": [[-68.97636, -22.47057], [-68.97764, -22.47091]]}, "properties": {"name": "", "highway": "residential"}}, {"type": "Feature", "geometry": {"type": "LineString", "coordinates": [[-68.97561, -22.47089], [-68.97753, -22.47136]]}, "properties": {"name": "", "highway": "residential"}}, {"type": "Feature", "geometry": {"type": "LineString", "coordinates": [[-68.97655, -22.47191], [-68.97747, -22.47158], [-68.97753, -22.47136], [-68.97764, -22.47091], [-68.97706, -22.46985], [-68.97672, -22.46974], [-68.97605, -22.47133], [-68.97508, -22.47094]]}, "properties": {"name": "", "highway": "residential"}}, {"type": "Feature", "geometry": {"type": "LineString", "coordinates": [[-68.98187, -22.46167], [-68.97981, -22.46064], [-68.97671, -22.45949], [-68.97342, -22.45785]]}, "properties": {"name": "", "highway": "residential"}}, {"type": "Feature", "geometry": {"type": "LineString", "coordinates": [[-68.98262, -22.45289], [-68.97879, -22.46036]]}, "properties": {"name": "", "highway": "residential"}}, {"type": "Feature", "geometry": {"type": "LineString", "coordinates": [[-68.98253, -22.45966], [-68.97942, -22.45799], [-68.97889, -22.45832], [-68.9744, -22.45598]]}, "properties": {"name": "", "highway": "residential"}}, {"type": "Feature", "geometry": {"type": "LineString", "coordinates": [[-68.98024, -22.46159], [-68.97836, -22.46473]]}, "properties": {"name": "", "highway": "residential"}}, {"type": "Feature", "geometry": {"type": "LineString", "coordinates": [[-68.98117, -22.46207], [-68.9793, -22.46524]]}, "properties": {"name": "", "highway": "residential"}}, {"type": "Feature", "geometry": {"type": "LineString", "coordinates": [[-68.96751, -22.45305], [-68.96636, -22.45582]]}, "properties": {"name": "", "highway": "residential"}}, {"type": "Feature", "geometry": {"type": "LineString", "coordinates": [[-68.9711, -22.4594], [-68.96854, -22.45846]]}, "properties": {"name": "", "highway": "residential"}}, {"type": "Feature", "geometry": {"type": "LineString", "coordinates": [[-68.97216, -22.45786], [-68.96983, -22.45693], [-68.9689, -22.45681]]}, "properties": {"name": "", "highway": "residential"}}, {"type": "Feature", "geometry": {"type": "LineString", "coordinates": [[-68.97802, -22.45446], [-68.97428, -22.45307], [-68.9735, -22.45481]]}, "properties": {"name": "", "highway": "residential"}}, {"type": "Feature", "geometry": {"type": "LineString", "coordinates": [[-68.9773, -22.45623], [-68.97837, -22.45364]]}, "properties": {"name": "", "highway": "residential"}}, {"type": "Feature", "geometry": {"type": "LineString", "coordinates": [[-68.98781, -22.46131], [-68.97954, -22.45694], [-68.9735, -22.45481]]}, "properties": {"name": "", "highway": "residential"}}, {"type": "Feature", "geometry": {"type": "LineString", "coordinates": [[-68.97941, -22.46189], [-68.97307, -22.4587]]}, "properties": {"name": "", "highway": "residential"}}, {"type": "Feature", "geometry": {"type": "LineString", "coordinates": [[-68.98182, -22.46107], [-68.97393, -22.45693]]}, "properties": {"name": "", "highway": "residential"}}, {"type": "Feature", "geometry": {"type": "LineString", "coordinates": [[-68.97277, -22.45969], [-68.97321, -22.45824], [-68.9744, -22.45598]]}, "properties": {"name": "", "highway": "residential"}}, {"type": "Feature", "geometry": {"type": "LineString", "coordinates": [[-68.96038, -22.49961], [-68.96232, -22.49902], [-68.96375, -22.49881], [-68.9673, -22.49759], [-68.97542, -22.49624], [-68.98293, -22.49672], [-68.98712, -22.49667], [-68.98976, -22.49771], [-68.99516, -22.49918], [-68.99605, -22.49866], [-68.99721, -22.49707], [-68.99769, -22.49557], [-68.9978, -22.49458], [-68.99737, -22.49293], [-68.99921, -22.4913], [-68.99986, -22.48991]]}, "properties": {"name": "Ojo de Opache", "highway": "residential"}}, {"type": "Feature", "geometry": {"type": "LineString", "coordinates": [[-68.92284, -22.47562], [-68.92191, -22.47692], [-68.92069, -22.47809]]}, "properties": {"name": "Avenida Oriente Interior", "highway": "unclassified"}}, {"type": "Feature", "geometry": {"type": "LineString", "coordinates": [[-68.92949, -22.4475], [-68.92983, -22.44744], [-68.9298, -22.4473]]}, "properties": {"name": "Pasaje 1", "highway": "living_street"}}, {"type": "Feature", "geometry": {"type": "LineString", "coordinates": [[-68.93102, -22.44725], [-68.93136, -22.44719], [-68.93133, -22.44705]]}, "properties": {"name": "Pasaje 2", "highway": "living_street"}}, {"type": "Feature", "geometry": {"type": "LineString", "coordinates": [[-68.93285, -22.44702], [-68.93258, -22.44706]]}, "properties": {"name": "Pasaje 4", "highway": "living_street"}}, {"type": "Feature", "geometry": {"type": "LineString", "coordinates": [[-68.93279, -22.44677], [-68.93253, -22.44681]]}, "properties": {"name": "Pasaje 5", "highway": "living_street"}}, {"type": "Feature", "geometry": {"type": "LineString", "coordinates": [[-68.93224, -22.44691], [-68.93227, -22.44707], [-68.9325, -22.44703]]}, "properties": {"name": "Pasaje 3", "highway": "living_street"}}, {"type": "Feature", "geometry": {"type": "LineString", "coordinates": [[-68.93069, -22.44715], [-68.93072, -22.4473], [-68.93102, -22.44725]]}, "properties": {"name": "Pasaje 2", "highway": "living_street"}}, {"type": "Feature", "geometry": {"type": "LineString", "coordinates": [[-68.92912, -22.44744], [-68.92949, -22.4475]]}, "properties": {"name": "Pasaje 1", "highway": "living_street"}}, {"type": "Feature", "geometry": {"type": "LineString", "coordinates": [[-68.93565, -22.44149], [-68.93577, -22.44161]]}, "properties": {"name": "Frankfurt", "highway": "residential"}}, {"type": "Feature", "geometry": {"type": "LineString", "coordinates": [[-68.9029, -22.48012], [-68.90258, -22.4804]]}, "properties": {"name": "Laguna Verde Sur", "highway": "living_street"}}, {"type": "Feature", "geometry": {"type": "LineString", "coordinates": [[-68.90352, -22.47949], [-68.90322, -22.47977]]}, "properties": {"name": "Pasaje Laguna Barros Negros Sur", "highway": "living_street"}}, {"type": "Feature", "geometry": {"type": "LineString", "coordinates": [[-68.90317, -22.47914], [-68.90285, -22.4794]]}, "properties": {"name": "Pasaje Laguna Barros Negros Norte", "highway": "living_street"}}, {"type": "Feature", "geometry": {"type": "LineString", "coordinates": [[-68.87416, -22.44066], [-68.87387, -22.4404], [-68.86629, -22.43891]]}, "properties": {"name": "", "highway": "unclassified"}}, {"type": "Feature", "geometry": {"type": "LineString", "coordinates": [[-68.87416, -22.44066], [-68.87481, -22.438]]}, "properties": {"name": "", "highway": "unclassified"}}, {"type": "Feature", "geometry": {"type": "LineString", "coordinates": [[-68.9092, -22.43687], [-68.91009, -22.43615]]}, "properties": {"name": "Las Parinas", "highway": "residential"}}, {"type": "Feature", "geometry": {"type": "LineString", "coordinates": [[-68.91181, -22.44561], [-68.91184, -22.44543]]}, "properties": {"name": "Comandante Neira Oriente", "highway": "residential"}}, {"type": "Feature", "geometry": {"type": "LineString", "coordinates": [[-68.93502, -22.45697], [-68.93572, -22.45699]]}, "properties": {"name": "Cardenal José María Caro", "highway": "residential"}}, {"type": "Feature", "geometry": {"type": "LineString", "coordinates": [[-68.93698, -22.47339], [-68.93627, -22.4732]]}, "properties": {"name": "Justo Arteaga", "highway": "residential"}}, {"type": "Feature", "geometry": {"type": "LineString", "coordinates": [[-68.92389, -22.48721], [-68.92542, -22.48781]]}, "properties": {"name": "Avenida Jorge Alessandri Rodríguez", "highway": "tertiary"}}, {"type": "Feature", "geometry": {"type": "LineString", "coordinates": [[-68.90919, -22.44403], [-68.90905, -22.44403]]}, "properties": {"name": "Radomiro Tomic", "highway": "residential"}}, {"type": "Feature", "geometry": {"type": "LineString", "coordinates": [[-68.90596, -22.47838], [-68.90589, -22.47846]]}, "properties": {"name": "Avenida Jorge Alessandri Rodríguez", "highway": "tertiary"}}, {"type": "Feature", "geometry": {"type": "LineString", "coordinates": [[-68.90589, -22.47832], [-68.90596, -22.47838]]}, "properties": {"name": "Avenida Circunvalación", "highway": "trunk"}}, {"type": "Feature", "geometry": {"type": "LineString", "coordinates": [[-68.90248, -22.47535], [-68.90392, -22.47659]]}, "properties": {"name": "Avenida Circunvalación", "highway": "trunk"}}, {"type": "Feature", "geometry": {"type": "LineString", "coordinates": [[-68.90582, -22.47839], [-68.90575, -22.47833]]}, "properties": {"name": "Avenida Circunvalación", "highway": "trunk"}}, {"type": "Feature", "geometry": {"type": "LineString", "coordinates": [[-68.90589, -22.47846], [-68.90582, -22.47839]]}, "properties": {"name": "Avenida Circunvalación", "highway": "trunk"}}, {"type": "Feature", "geometry": {"type": "LineString", "coordinates": [[-68.90582, -22.47839], [-68.90589, -22.47832]]}, "properties": {"name": "Avenida Jorge Alessandri Rodríguez", "highway": "tertiary"}}, {"type": "Feature", "geometry": {"type": "LineString", "coordinates": [[-68.90618, -22.47815], [-68.90603, -22.47831]]}, "properties": {"name": "Avenida Jorge Alessandri Rodríguez", "highway": "tertiary"}}, {"type": "Feature", "geometry": {"type": "LineString", "coordinates": [[-68.90589, -22.47832], [-68.90595, -22.47825]]}, "properties": {"name": "Avenida Jorge Alessandri Rodríguez", "highway": "tertiary"}}, {"type": "Feature", "geometry": {"type": "LineString", "coordinates": [[-68.90527, -22.47873], [-68.90582, -22.47839]]}, "properties": {"name": "Avenida Jorge Alessandri Rodríguez", "highway": "tertiary"}}, {"type": "Feature", "geometry": {"type": "LineString", "coordinates": [[-68.90392, -22.47659], [-68.90582, -22.47825]]}, "properties": {"name": "Avenida Circunvalación", "highway": "trunk"}}, {"type": "Feature", "geometry": {"type": "LineString", "coordinates": [[-68.90639, -22.47889], [-68.90595, -22.47851]]}, "properties": {"name": "Avenida Circunvalación", "highway": "trunk"}}, {"type": "Feature", "geometry": {"type": "LineString", "coordinates": [[-68.91927, -22.49013], [-68.9084, -22.48064]]}, "properties": {"name": "Avenida Circunvalación", "highway": "trunk"}}, {"type": "Feature", "geometry": {"type": "LineString", "coordinates": [[-68.94449, -22.45395], [-68.94516, -22.45399]]}, "properties": {"name": "Frutillar", "highway": "residential"}}, {"type": "Feature", "geometry": {"type": "LineString", "coordinates": [[-68.9689, -22.45681], [-68.96952, -22.45479], [-68.97035, -22.45304]]}, "properties": {"name": "", "highway": "residential"}}, {"type": "Feature", "geometry": {"type": "LineString", "coordinates": [[-68.94975, -22.48783], [-68.94933, -22.48882]]}, "properties": {"name": "", "highway": "residential"}}, {"type": "Feature", "geometry": {"type": "LineString", "coordinates": [[-68.94978, -22.48779], [-68.94975, -22.48783]]}, "properties": {"name": "", "highway": "residential"}}, {"type": "Feature", "geometry": {"type": "LineString", "coordinates": [[-68.95081, -22.48694], [-68.94978, -22.48779]]}, "properties": {"name": "", "highway": "residential"}}, {"type": "Feature", "geometry": {"type": "LineString", "coordinates": [[-68.97696, -22.47144], [-68.9764, -22.4713], [-68.97626, -22.47171]]}, "properties": {"name": "", "highway": "residential"}}, {"type": "Feature", "geometry": {"type": "LineString", "coordinates": [[-68.97634, -22.47149], [-68.97605, -22.47133]]}, "properties": {"name": "", "highway": "residential"}}, {"type": "Feature", "geometry": {"type": "LineString", "coordinates": [[-68.97633, -22.47063], [-68.97593, -22.4705]]}, "properties": {"name": "", "highway": "residential"}}, {"type": "Feature", "geometry": {"type": "LineString", "coordinates": [[-68.97622, -22.46367], [-68.97409, -22.46811]]}, "properties": {"name": "", "highway": "residential"}}, {"type": "Feature", "geometry": {"type": "LineString", "coordinates": [[-68.97464, -22.46736], [-68.97546, -22.4667], [-68.97939, -22.46832]]}, "properties": {"name": "", "highway": "residential"}}, {"type": "Feature", "geometry": {"type": "LineString", "coordinates": [[-68.94299, -22.44941], [-68.94152, -22.44943]]}, "properties": {"name": "Ernesto Nuñes", "highway": "living_street"}}, {"type": "Feature", "geometry": {"type": "LineString", "coordinates": [[-68.94299, -22.44903], [-68.94151, -22.44904]]}, "properties": {"name": "Kara Pampa", "highway": "living_street"}}, {"type": "Feature", "geometry": {"type": "LineString", "coordinates": [[-68.9048, -22.44388], [-68.90483, -22.4438]]}, "properties": {"name": "Huaytiquina", "highway": "tertiary"}}, {"type": "Feature", "geometry": {"type": "LineString", "coordinates": [[-68.93859, -22.4882], [-68.94005, -22.48886]]}, "properties": {"name": "", "highway": "unclassified"}}, {"type": "Feature", "geometry": {"type": "LineString", "coordinates": [[-68.93859, -22.4882], [-68.93705, -22.48745], [-68.93734, -22.48678]]}, "properties": {"name": "", "highway": "unclassified"}}, {"type": "Feature", "geometry": {"type": "LineString", "coordinates": [[-68.90623, -22.44785], [-68.90623, -22.44804]]}, "properties": {"name": "Belisario Riquelme", "highway": "residential"}}, {"type": "Feature", "geometry": {"type": "LineString", "coordinates": [[-68.90622, -22.44843], [-68.90621, -22.44872]]}, "properties": {"name": "Belisario Riquelme", "highway": "residential"}}, {"type": "Feature", "geometry": {"type": "LineString", "coordinates": [[-68.90622, -22.44724], [-68.90623, -22.44785]]}, "properties": {"name": "Belisario Riquelme", "highway": "residential"}}, {"type": "Feature", "geometry": {"type": "LineString", "coordinates": [[-68.90621, -22.44872], [-68.90625, -22.44904]]}, "properties": {"name": "Belisario Riquelme", "highway": "residential"}}, {"type": "Feature", "geometry": {"type": "LineString", "coordinates": [[-68.9062, -22.44983], [-68.9062, -22.44966]]}, "properties": {"name": "Belisario Riquelme", "highway": "residential"}}, {"type": "Feature", "geometry": {"type": "LineString", "coordinates": [[-68.90617, -22.45067], [-68.90618, -22.4504]]}, "properties": {"name": "Belisario Riquelme", "highway": "residential"}}, {"type": "Feature", "geometry": {"type": "LineString", "coordinates": [[-68.9062, -22.44983], [-68.90554, -22.44993], [-68.90537, -22.45026], [-68.90552, -22.45051], [-68.90617, -22.45067]]}, "properties": {"name": "Rafael Ramírez", "highway": "residential"}}, {"type": "Feature", "geometry": {"type": "LineString", "coordinates": [[-68.9062, -22.45003], [-68.90618, -22.4504]]}, "properties": {"name": "Belisario Riquelme", "highway": "residential"}}, {"type": "Feature", "geometry": {"type": "LineString", "coordinates": [[-68.90618, -22.4504], [-68.9062, -22.45003]]}, "properties": {"name": "Belisario Riquelme", "highway": "residential"}}, {"type": "Feature", "geometry": {"type": "LineString", "coordinates": [[-68.90607, -22.45169], [-68.90615, -22.45169]]}, "properties": {"name": "Belisario Riquelme", "highway": "residential"}}, {"type": "Feature", "geometry": {"type": "LineString", "coordinates": [[-68.90615, -22.45111], [-68.90643, -22.45126], [-68.90611, -22.45207]]}, "properties": {"name": "Belisario Riquelme", "highway": "residential"}}, {"type": "Feature", "geometry": {"type": "LineString", "coordinates": [[-68.93413, -22.43941], [-68.93409, -22.43979]]}, "properties": {"name": "", "highway": "residential"}}, {"type": "Feature", "geometry": {"type": "LineString", "coordinates": [[-68.97508, -22.47094], [-68.97263, -22.46962]]}, "properties": {"name": "", "highway": "residential"}}, {"type": "Feature", "geometry": {"type": "LineString", "coordinates": [[-68.97419, -22.47265], [-68.97508, -22.47094]]}, "properties": {"name": "", "highway": "residential"}}, {"type": "Feature", "geometry": {"type": "LineString", "coordinates": [[-68.97476, -22.46973], [-68.97365, -22.46907]]}, "properties": {"name": "", "highway": "residential"}}, {"type": "Feature", "geometry": {"type": "LineString", "coordinates": [[-68.97296, -22.46946], [-68.97538, -22.47084]]}, "properties": {"name": "", "highway": "residential"}}, {"type": "Feature", "geometry": {"type": "LineString", "coordinates": [[-68.97321, -22.46917], [-68.97459, -22.46998]]}, "properties": {"name": "", "highway": "residential"}}, {"type": "Feature", "geometry": {"type": "LineString", "coordinates": [[-68.97459, -22.46998], [-68.97571, -22.47057], [-68.97586, -22.47037], [-68.97476, -22.46973]]}, "properties": {"name": "", "highway": "residential"}}, {"type": "Feature", "geometry": {"type": "LineString", "coordinates": [[-68.97605, -22.4699], [-68.97353, -22.46847]]}, "properties": {"name": "", "highway": "residential"}}, {"type": "Feature", "geometry": {"type": "LineString", "coordinates": [[-68.9763, -22.46952], [-68.97379, -22.46817]]}, "properties": {"name": "", "highway": "residential"}}, {"type": "Feature", "geometry": {"type": "LineString", "coordinates": [[-68.97559, -22.46894], [-68.97574, -22.46837]]}, "properties": {"name": "", "highway": "residential"}}, {"type": "Feature", "geometry": {"type": "LineString", "coordinates": [[-68.97638, -22.46935], [-68.97663, -22.46826]]}, "properties": {"name": "", "highway": "unclassified"}}, {"type": "Feature", "geometry": {"type": "LineString", "coordinates": [[-68.96765, -22.47086], [-68.97114, -22.47239]]}, "properties": {"name": "", "highway": "residential"}}, {"type": "Feature", "geometry": {"type": "LineString", "coordinates": [[-68.96476, -22.4694], [-68.96595, -22.47015]]}, "properties": {"name": "", "highway": "residential"}}, {"type": "Feature", "geometry": {"type": "LineString", "coordinates": [[-68.96646, -22.46934], [-68.96578, -22.47046]]}, "properties": {"name": "", "highway": "residential"}}, {"type": "Feature", "geometry": {"type": "LineString", "coordinates": [[-68.90524, -22.45318], [-68.90543, -22.45304]]}, "properties": {"name": "Teniente Merino", "highway": "residential"}}, {"type": "Feature", "geometry": {"type": "LineString", "coordinates": [[-68.89129, -22.44716], [-68.89586, -22.44802], [-68.89625, -22.44681], [-68.89696, -22.44575], [-68.89745, -22.44582], [-68.89843, -22.44645]]}, "properties": {"name": "Camino Yalquincha", "highway": "unclassified"}}, {"type": "Feature", "geometry": {"type": "LineString", "coordinates": [[-68.89096, -22.4471], [-68.89129, -22.44716]]}, "properties": {"name": "Camino Yalquincha", "highway": "unclassified"}}, {"type": "Feature", "geometry": {"type": "LineString", "coordinates": [[-68.91105, -22.43879], [-68.9098, -22.43993]]}, "properties": {"name": "Las Canteras", "highway": "residential"}}, {"type": "Feature", "geometry": {"type": "LineString", "coordinates": [[-68.91138, -22.4385], [-68.91105, -22.43879]]}, "properties": {"name": "Las Canteras", "highway": "living_street"}}, {"type": "Feature", "geometry": {"type": "LineString", "coordinates": [[-68.90936, -22.46197], [-68.90823, -22.46178]]}, "properties": {"name": "", "highway": "unclassified"}}, {"type": "Feature", "geometry": {"type": "LineString", "coordinates": [[-68.88147, -22.44421], [-68.88111, -22.44522], [-68.87948, -22.44577], [-68.87895, -22.44571]]}, "properties": {"name": "", "highway": "unclassified"}}, {"type": "Feature", "geometry": {"type": "LineString", "coordinates": [[-68.9237, -22.4459], [-68.92366, -22.44569]]}, "properties": {"name": "Faustino Sarmiento", "highway": "residential"}}, {"type": "Feature", "geometry": {"type": "LineString", "coordinates": [[-68.92418, -22.44581], [-68.92366, -22.44569]]}, "properties": {"name": "Arturo Prat", "highway": "primary"}}, {"type": "Feature", "geometry": {"type": "LineString", "coordinates": [[-68.91938, -22.46953], [-68.91936, -22.46952]]}, "properties": {"name": "", "highway": "residential"}}, {"type": "Feature", "geometry": {"type": "LineString", "coordinates": [[-68.918, -22.469], [-68.91804, -22.46905]]}, "properties": {"name": "", "highway": "residential"}}, {"type": "Feature", "geometry": {"type": "LineString", "coordinates": [[-68.918, -22.469], [-68.91813, -22.46874]]}, "properties": {"name": "", "highway": "residential"}}, {"type": "Feature", "geometry": {"type": "LineString", "coordinates": [[-68.91938, -22.46953], [-68.91928, -22.46987], [-68.91804, -22.46944], [-68.918, -22.469]]}, "properties": {"name": "", "highway": "residential"}}, {"type": "Feature", "geometry": {"type": "LineString", "coordinates": [[-68.90877, -22.44441], [-68.90883, -22.44442]]}, "properties": {"name": "", "highway": "living_street"}}, {"type": "Feature", "geometry": {"type": "LineString", "coordinates": [[-68.96143, -22.46642], [-68.96423, -22.46245]]}, "properties": {"name": "", "highway": "residential"}}, {"type": "Feature", "geometry": {"type": "LineString", "coordinates": [[-68.95326, -22.45647], [-68.95033, -22.46286]]}, "properties": {"name": "Pasaje Verdes Campinas", "highway": "residential"}}, {"type": "Feature", "geometry": {"type": "LineString", "coordinates": [[-68.92311, -22.46795], [-68.92184, -22.46688], [-68.92138, -22.46671]]}, "properties": {"name": "Ecuador", "highway": "tertiary"}}, {"type": "Feature", "geometry": {"type": "LineString", "coordinates": [[-68.92311, -22.46801], [-68.92316, -22.46797]]}, "properties": {"name": "Balmaceda", "highway": "primary"}}, {"type": "Feature", "geometry": {"type": "LineString", "coordinates": [[-68.9232, -22.46798], [-68.92311, -22.46795]]}, "properties": {"name": "Ecuador", "highway": "tertiary"}}, {"type": "Feature", "geometry": {"type": "LineString", "coordinates": [[-68.92319, -22.46802], [-68.92325, -22.47898]]}, "properties": {"name": "Balmaceda", "highway": "primary"}}, {"type": "Feature", "geometry": {"type": "LineString", "coordinates": [[-68.9076, -22.47753], [-68.90795, -22.47709]]}, "properties": {"name": "Guanay", "highway": "living_street"}}, {"type": "Feature", "geometry": {"type": "LineString", "coordinates": [[-68.90803, -22.47714], [-68.90769, -22.47759]]}, "properties": {"name": "Guanay", "highway": "living_street"}}, {"type": "Feature", "geometry": {"type": "LineString", "coordinates": [[-68.90504, -22.47893], [-68.90527, -22.47873]]}, "properties": {"name": "Laguna Céjar", "highway": "tertiary"}}, {"type": "Feature", "geometry": {"type": "LineString", "coordinates": [[-68.90533, -22.47919], [-68.90076, -22.48344]]}, "properties": {"name": "", "highway": "unclassified"}}, {"type": "Feature", "geometry": {"type": "LineString", "coordinates": [[-68.91213, -22.49065], [-68.91511, -22.49061], [-68.91639, -22.49006]]}, "properties": {"name": "", "highway": "unclassified"}}, {"type": "Feature", "geometry": {"type": "LineString", "coordinates": [[-68.9096, -22.49125], [-68.91211, -22.49103]]}, "properties": {"name": "", "highway": "unclassified"}}, {"type": "Feature", "geometry": {"type": "LineString", "coordinates": [[-68.93057, -22.4714], [-68.93022, -22.47034]]}, "properties": {"name": "Osorno", "highway": "residential"}}, {"type": "Feature", "geometry": {"type": "LineString", "coordinates": [[-68.92883, -22.47144], [-68.92849, -22.47044]]}, "properties": {"name": "Aysén", "highway": "residential"}}, {"type": "Feature", "geometry": {"type": "LineString", "coordinates": [[-68.93916, -22.45621], [-68.93943, -22.45623]]}, "properties": {"name": "Hurtado de Mendoza", "highway": "tertiary"}}, {"type": "Feature", "geometry": {"type": "LineString", "coordinates": [[-68.93943, -22.45623], [-68.94101, -22.45626]]}, "properties": {"name": "Hurtado de Mendoza", "highway": "tertiary"}}, {"type": "Feature", "geometry": {"type": "LineString", "coordinates": [[-68.96461, -22.45529], [-68.9689, -22.45681]]}, "properties": {"name": "", "highway": "residential"}}, {"type": "Feature", "geometry": {"type": "LineString", "coordinates": [[-68.97671, -22.45949], [-68.97622, -22.46027]]}, "properties": {"name": "", "highway": "residential"}}, {"type": "Feature", "geometry": {"type": "LineString", "coordinates": [[-68.98232, -22.4602], [-68.98182, -22.46107]]}, "properties": {"name": "", "highway": "residential"}}, {"type": "Feature", "geometry": {"type": "LineString", "coordinates": [[-68.98211, -22.46057], [-68.97893, -22.45888]]}, "properties": {"name": "", "highway": "residential"}}, {"type": "Feature", "geometry": {"type": "LineString", "coordinates": [[-68.9749, -22.45738], [-68.97437, -22.45825]]}, "properties": {"name": "", "highway": "residential"}}, {"type": "Feature", "geometry": {"type": "LineString", "coordinates": [[-68.98851, -22.46062], [-68.97989, -22.45595]]}, "properties": {"name": "", "highway": "residential"}}, {"type": "Feature", "geometry": {"type": "LineString", "coordinates": [[-68.97277, -22.45969], [-68.97189, -22.45929]]}, "properties": {"name": "Chañar", "highway": "residential"}}, {"type": "Feature", "geometry": {"type": "LineString", "coordinates": [[-68.96659, -22.45591], [-68.96612, -22.45783]]}, "properties": {"name": "", "highway": "residential"}}, {"type": "Feature", "geometry": {"type": "LineString", "coordinates": [[-68.96739, -22.45628], [-68.96804, -22.45468]]}, "properties": {"name": "", "highway": "residential"}}, {"type": "Feature", "geometry": {"type": "LineString", "coordinates": [[-68.97375, -22.45416], [-68.97035, -22.45304]]}, "properties": {"name": "", "highway": "residential"}}, {"type": "Feature", "geometry": {"type": "LineString", "coordinates": [[-68.97076, -22.4661], [-68.96735, -22.47132]]}, "properties": {"name": "", "highway": "residential"}}, {"type": "Feature", "geometry": {"type": "LineString", "coordinates": [[-68.97043, -22.46987], [-68.96894, -22.47221]]}, "properties": {"name": "", "highway": "residential"}}, {"type": "Feature", "geometry": {"type": "LineString", "coordinates": [[-68.9713, -22.47214], [-68.96778, -22.47063]]}, "properties": {"name": "", "highway": "residential"}}, {"type": "Feature", "geometry": {"type": "LineString", "coordinates": [[-68.96501, -22.46853], [-68.96486, -22.46969]]}, "properties": {"name": "", "highway": "residential"}}, {"type": "Feature", "geometry": {"type": "LineString", "coordinates": [[-68.96615, -22.46985], [-68.96495, -22.46914]]}, "properties": {"name": "", "highway": "residential"}}, {"type": "Feature", "geometry": {"type": "LineString", "coordinates": [[-68.96774, -22.47018], [-68.96701, -22.47131]]}, "properties": {"name": "", "highway": "residential"}}, {"type": "Feature", "geometry": {"type": "LineString", "coordinates": [[-68.96739, -22.46975], [-68.96711, -22.47021]]}, "properties": {"name": "", "highway": "residential"}}, {"type": "Feature", "geometry": {"type": "LineString", "coordinates": [[-68.96755, -22.47051], [-68.96691, -22.47007]]}, "properties": {"name": "", "highway": "residential"}}, {"type": "Feature", "geometry": {"type": "LineString", "coordinates": [[-68.96774, -22.47018], [-68.96674, -22.46976]]}, "properties": {"name": "", "highway": "residential"}}, {"type": "Feature", "geometry": {"type": "LineString", "coordinates": [[-68.96674, -22.46976], [-68.9662, -22.47063]]}, "properties": {"name": "", "highway": "residential"}}, {"type": "Feature", "geometry": {"type": "LineString", "coordinates": [[-68.96731, -22.47087], [-68.96643, -22.47026]]}, "properties": {"name": "", "highway": "residential"}}, {"type": "Feature", "geometry": {"type": "LineString", "coordinates": [[-68.96707, -22.47124], [-68.9662, -22.47063]]}, "properties": {"name": "", "highway": "residential"}}, {"type": "Feature", "geometry": {"type": "LineString", "coordinates": [[-68.96584, -22.47032], [-68.96525, -22.46993]]}, "properties": {"name": "", "highway": "residential"}}, {"type": "Feature", "geometry": {"type": "LineString", "coordinates": [[-68.97147, -22.47181], [-68.96799, -22.47031]]}, "properties": {"name": "", "highway": "residential"}}, {"type": "Feature", "geometry": {"type": "LineString", "coordinates": [[-68.97089, -22.4728], [-68.96735, -22.47132]]}, "properties": {"name": "", "highway": "residential"}}, {"type": "Feature", "geometry": {"type": "LineString", "coordinates": [[-68.97063, -22.4732], [-68.96735, -22.47132]]}, "properties": {"name": "", "highway": "residential"}}, {"type": "Feature", "geometry": {"type": "LineString", "coordinates": [[-68.89074, -22.44699], [-68.89035, -22.44721], [-68.8902, -22.44793], [-68.88991, -22.44807]]}, "properties": {"name": "", "highway": "unclassified"}}, {"type": "Feature", "geometry": {"type": "LineString", "coordinates": [[-68.96102, -22.46702], [-68.96143, -22.46642]]}, "properties": {"name": "Tocopilla", "highway": "residential"}}, {"type": "Feature", "geometry": {"type": "LineString", "coordinates": [[-68.95815, -22.46596], [-68.96102, -22.46702]]}, "properties": {"name": "Tocopilla", "highway": "residential"}}, {"type": "Feature", "geometry": {"type": "LineString", "coordinates": [[-68.96118, -22.46686], [-68.96127, -22.46692]]}, "properties": {"name": "", "highway": "residential"}}, {"type": "Feature", "geometry": {"type": "LineString", "coordinates": [[-68.9636, -22.46867], [-68.96127, -22.46692]]}, "properties": {"name": "", "highway": "residential"}}, {"type": "Feature", "geometry": {"type": "LineString", "coordinates": [[-68.96369, -22.46833], [-68.96353, -22.46894]]}, "properties": {"name": "", "highway": "residential"}}, {"type": "Feature", "geometry": {"type": "LineString", "coordinates": [[-68.9647, -22.46914], [-68.96357, -22.46879]]}, "properties": {"name": "", "highway": "residential"}}, {"type": "Feature", "geometry": {"type": "LineString", "coordinates": [[-68.96127, -22.46692], [-68.96369, -22.46833], [-68.96464, -22.46865]]}, "properties": {"name": "", "highway": "residential"}}, {"type": "Feature", "geometry": {"type": "LineString", "coordinates": [[-68.96632, -22.46956], [-68.96501, -22.46878]]}, "properties": {"name": "", "highway": "residential"}}, {"type": "Feature", "geometry": {"type": "LineString", "coordinates": [[-68.89136, -22.4414], [-68.89816, -22.44279]]}, "properties": {"name": "", "highway": "residential"}}, {"type": "Feature", "geometry": {"type": "LineString", "coordinates": [[-68.94588, -22.4447], [-68.94611, -22.44497], [-68.9457, -22.44505]]}, "properties": {"name": "", "highway": "living_street"}}, {"type": "Feature", "geometry": {"type": "LineString", "coordinates": [[-68.94742, -22.44649], [-68.9468, -22.44581]]}, "properties": {"name": "", "highway": "living_street"}}, {"type": "Feature", "geometry": {"type": "LineString", "coordinates": [[-68.94793, -22.4465], [-68.94682, -22.44525]]}, "properties": {"name": "Calle Carlos Díaz Ossa", "highway": "residential"}}, {"type": "Feature", "geometry": {"type": "LineString", "coordinates": [[-68.89784, -22.45547], [-68.89891, -22.45989]]}, "properties": {"name": "", "highway": "residential"}}, {"type": "Feature", "geometry": {"type": "LineString", "coordinates": [[-68.8984, -22.45524], [-68.8993, -22.45974]]}, "properties": {"name": "", "highway": "residential"}}, {"type": "Feature", "geometry": {"type": "LineString", "coordinates": [[-68.8991, -22.45834], [-68.89676, -22.45907]]}, "properties": {"name": "", "highway": "residential"}}, {"type": "Feature", "geometry": {"type": "LineString", "coordinates": [[-68.89788, -22.45793], [-68.89839, -22.46004]]}, "properties": {"name": "", "highway": "residential"}}, {"type": "Feature", "geometry": {"type": "LineString", "coordinates": [[-68.89784, -22.45547], [-68.8984, -22.45524]]}, "properties": {"name": "", "highway": "living_street"}}, {"type": "Feature", "geometry": {"type": "LineString", "coordinates": [[-68.89851, -22.45561], [-68.8979, -22.45574]]}, "properties": {"name": "", "highway": "living_street"}}, {"type": "Feature", "geometry": {"type": "LineString", "coordinates": [[-68.89862, -22.456], [-68.898, -22.45613]]}, "properties": {"name": "", "highway": "living_street"}}, {"type": "Feature", "geometry": {"type": "LineString", "coordinates": [[-68.89873, -22.4564], [-68.89809, -22.45652]]}, "properties": {"name": "", "highway": "living_street"}}, {"type": "Feature", "geometry": {"type": "LineString", "coordinates": [[-68.89881, -22.45675], [-68.89818, -22.45688]]}, "properties": {"name": "", "highway": "living_street"}}, {"type": "Feature", "geometry": {"type": "LineString", "coordinates": [[-68.89889, -22.45711], [-68.89826, -22.45724]]}, "properties": {"name": "", "highway": "living_street"}}, {"type": "Feature", "geometry": {"type": "LineString", "coordinates": [[-68.89896, -22.4575], [-68.89836, -22.45764]]}, "properties": {"name": "", "highway": "living_street"}}, {"type": "Feature", "geometry": {"type": "LineString", "coordinates": [[-68.89904, -22.45791], [-68.89846, -22.45803]]}, "properties": {"name": "", "highway": "living_street"}}, {"type": "Feature", "geometry": {"type": "LineString", "coordinates": [[-68.89917, -22.45884], [-68.89868, -22.45896]]}, "properties": {"name": "", "highway": "living_street"}}, {"type": "Feature", "geometry": {"type": "LineString", "coordinates": [[-68.89922, -22.45921], [-68.89876, -22.4593]]}, "properties": {"name": "", "highway": "living_street"}}, {"type": "Feature", "geometry": {"type": "LineString", "coordinates": [[-68.89928, -22.45959], [-68.89886, -22.45969]]}, "properties": {"name": "", "highway": "living_street"}}, {"type": "Feature", "geometry": {"type": "LineString", "coordinates": [[-68.93119, -22.4843], [-68.93119, -22.48442]]}, "properties": {"name": "Quebrada de Tiara", "highway": "residential"}}, {"type": "Feature", "geometry": {"type": "LineString", "coordinates": [[-68.9312, -22.48367], [-68.93104, -22.48365]]}, "properties": {"name": "Camino Vecinal", "highway": "residential"}}, {"type": "Feature", "geometry": {"type": "LineString", "coordinates": [[-68.9334, -22.48402], [-68.93322, -22.48399]]}, "properties": {"name": "Camino Vecinal", "highway": "residential"}}, {"type": "Feature", "geometry": {"type": "LineString", "coordinates": [[-68.9267, -22.493], [-68.92675, -22.49264], [-68.9265, -22.4923], [-68.9255, -22.49235]]}, "properties": {"name": "Avenida Circunvalación", "highway": "trunk"}}, {"type": "Feature", "geometry": {"type": "LineString", "coordinates": [[-68.94264, -22.51387], [-68.95237, -22.52059], [-68.95625, -22.52288], [-68.95766, -22.52347]]}, "properties": {"name": "Ruta 25", "highway": "motorway"}}, {"type": "Feature", "geometry": {"type": "LineString", "coordinates": [[-68.9401, -22.51186], [-68.9372, -22.50972], [-68.92993, -22.5009]]}, "properties": {"name": "", "highway": "unclassified"}}, {"type": "Feature", "geometry": {"type": "LineString", "coordinates": [[-68.93107, -22.50267], [-68.93336, -22.50546]]}, "properties": {"name": "Ruta 25", "highway": "motorway"}}, {"type": "Feature", "geometry": {"type": "LineString", "coordinates": [[-68.93336, -22.50546], [-68.93561, -22.50812]]}, "properties": {"name": "Ruta 25", "highway": "motorway"}}, {"type": "Feature", "geometry": {"type": "LineString", "coordinates": [[-68.92639, -22.49605], [-68.92707, -22.49762]]}, "properties": {"name": "Ruta 25", "highway": "motorway"}}, {"type": "Feature", "geometry": {"type": "LineString", "coordinates": [[-68.93061, -22.50214], [-68.93107, -22.50267]]}, "properties": {"name": "Ruta 25", "highway": "motorway"}}, {"type": "Feature", "geometry": {"type": "LineString", "coordinates": [[-68.92517, -22.44535], [-68.92588, -22.44547], [-68.92762, -22.44517]]}, "properties": {"name": "Arturo Prat", "highway": "primary"}}, {"type": "Feature", "geometry": {"type": "LineString", "coordinates": [[-68.92042, -22.44623], [-68.91957, -22.44633]]}, "properties": {"name": "Arturo Prat", "highway": "primary"}}, {"type": "Feature", "geometry": {"type": "LineString", "coordinates": [[-68.91676, -22.44609], [-68.91828, -22.44634], [-68.91954, -22.44625]]}, "properties": {"name": "Almirante Grau", "highway": "primary"}}, {"type": "Feature", "geometry": {"type": "LineString", "coordinates": [[-68.92166, -22.49254], [-68.92111, -22.49203], [-68.92024, -22.49175], [-68.91827, -22.49228]]}, "properties": {"name": "", "highway": "unclassified"}}, {"type": "Feature", "geometry": {"type": "LineString", "coordinates": [[-68.92272, -22.49279], [-68.92267, -22.49308]]}, "properties": {"name": "", "highway": "unclassified"}}, {"type": "Feature", "geometry": {"type": "LineString", "coordinates": [[-68.92166, -22.49254], [-68.92267, -22.49308]]}, "properties": {"name": "", "highway": "unclassified"}}, {"type": "Feature", "geometry": {"type": "LineString", "coordinates": [[-68.92539, -22.49209], [-68.92556, -22.49272]]}, "properties": {"name": "Balmaceda", "highway": "primary"}}, {"type": "Feature", "geometry": {"type": "LineString", "coordinates": [[-68.90392, -22.44112], [-68.90591, -22.43928]]}, "properties": {"name": "Avenida Circunvalación", "highway": "trunk"}}, {"type": "Feature", "geometry": {"type": "LineString", "coordinates": [[-68.90601, -22.43936], [-68.9042, -22.44101]]}, "properties": {"name": "Avenida Circunvalación", "highway": "trunk"}}, {"type": "Feature", "geometry": {"type": "LineString", "coordinates": [[-68.90198, -22.44423], [-68.90177, -22.44413]]}, "properties": {"name": "Teniente Merino", "highway": "tertiary"}}, {"type": "Feature", "geometry": {"type": "LineString", "coordinates": [[-68.90298, -22.4437], [-68.90198, -22.44402]]}, "properties": {"name": "Almirante Grau", "highway": "tertiary"}}, {"type": "Feature", "geometry": {"type": "LineString", "coordinates": [[-68.89925, -22.44591], [-68.89937, -22.44576]]}, "properties": {"name": "Salar de la Luna", "highway": "tertiary"}}, {"type": "Feature", "geometry": {"type": "LineString", "coordinates": [[-68.89937, -22.44576], [-68.90024, -22.44482]]}, "properties": {"name": "Salar de la Luna", "highway": "tertiary"}}, {"type": "Feature", "geometry": {"type": "LineString", "coordinates": [[-68.90068, -22.44422], [-68.90046, -22.44442]]}, "properties": {"name": "Avenida Circunvalación", "highway": "trunk"}}, {"type": "Feature", "geometry": {"type": "LineString", "coordinates": [[-68.89867, -22.44657], [-68.89857, -22.44652]]}, "properties": {"name": "Camino Yalquincha", "highway": "unclassified"}}, {"type": "Feature", "geometry": {"type": "LineString", "coordinates": [[-68.90046, -22.44442], [-68.89941, -22.4455]]}, "properties": {"name": "Avenida Circunvalación", "highway": "trunk"}}, {"type": "Feature", "geometry": {"type": "LineString", "coordinates": [[-68.89942, -22.44533], [-68.90029, -22.44444]]}, "properties": {"name": "Avenida Circunvalación", "highway": "trunk"}}, {"type": "Feature", "geometry": {"type": "LineString", "coordinates": [[-68.89827, -22.44675], [-68.89843, -22.44645]]}, "properties": {"name": "Caletera", "highway": "unclassified"}}, {"type": "Feature", "geometry": {"type": "LineString", "coordinates": [[-68.89857, -22.44652], [-68.89843, -22.44645]]}, "properties": {"name": "Camino Yalquincha", "highway": "unclassified"}}, {"type": "Feature", "geometry": {"type": "LineString", "coordinates": [[-68.89892, -22.45613], [-68.89919, -22.4573]]}, "properties": {"name": "Avenida Circunvalación", "highway": "trunk"}}, {"type": "Feature", "geometry": {"type": "LineString", "coordinates": [[-68.89919, -22.4573], [-68.90028, -22.46419], [-68.90008, -22.46513], [-68.89891, -22.46734]]}, "properties": {"name": "Avenida Circunvalación", "highway": "trunk"}}, {"type": "Feature", "geometry": {"type": "LineString", "coordinates": [[-68.89941, -22.4455], [-68.89867, -22.44657]]}, "properties": {"name": "Avenida Circunvalación", "highway": "trunk"}}, {"type": "Feature", "geometry": {"type": "LineString", "coordinates": [[-68.89768, -22.44885], [-68.89778, -22.44843]]}, "properties": {"name": "Avenida Circunvalación", "highway": "trunk"}}, {"type": "Feature", "geometry": {"type": "LineString", "coordinates": [[-68.89778, -22.44843], [-68.89857, -22.44652]]}, "properties": {"name": "Avenida Circunvalación", "highway": "trunk"}}, {"type": "Feature", "geometry": {"type": "LineString", "coordinates": [[-68.89857, -22.44652], [-68.89942, -22.44533]]}, "properties": {"name": "Avenida Circunvalación", "highway": "trunk"}}, {"type": "Feature", "geometry": {"type": "LineString", "coordinates": [[-68.93535, -22.50839], [-68.93514, -22.50817]]}, "properties": {"name": "", "highway": "unclassified"}}, {"type": "Feature", "geometry": {"type": "LineString", "coordinates": [[-68.9337, -22.48146], [-68.93353, -22.48219], [-68.93372, -22.48225]]}, "properties": {"name": "", "highway": "living_street"}}, {"type": "Feature", "geometry": {"type": "LineString", "coordinates": [[-68.93365, -22.48165], [-68.93393, -22.48172]]}, "properties": {"name": "", "highway": "living_street"}}, {"type": "Feature", "geometry": {"type": "LineString", "coordinates": [[-68.93378, -22.48168], [-68.9337, -22.48198]]}, "properties": {"name": "", "highway": "living_street"}}, {"type": "Feature", "geometry": {"type": "LineString", "coordinates": [[-68.93313, -22.48134], [-68.93278, -22.48252]]}, "properties": {"name": "", "highway": "living_street"}}, {"type": "Feature", "geometry": {"type": "LineString", "coordinates": [[-68.93229, -22.48178], [-68.9329, -22.48212]]}, "properties": {"name": "", "highway": "living_street"}}, {"type": "Feature", "geometry": {"type": "LineString", "coordinates": [[-68.93262, -22.48149], [-68.93252, -22.48191]]}, "properties": {"name": "", "highway": "living_street"}}, {"type": "Feature", "geometry": {"type": "LineString", "coordinates": [[-68.93892, -22.44327], [-68.93963, -22.44316]]}, "properties": {"name": "Avenida Arturo Prat", "highway": "residential"}}, {"type": "Feature", "geometry": {"type": "LineString", "coordinates": [[-68.94277, -22.44259], [-68.94069, -22.44082], [-68.9381, -22.44122]]}, "properties": {"name": "", "highway": "residential"}}, {"type": "Feature", "geometry": {"type": "LineString", "coordinates": [[-68.94062, -22.44083], [-68.94129, -22.44422]]}, "properties": {"name": "Santiago Humberstone", "highway": "residential"}}, {"type": "Feature", "geometry": {"type": "LineString", "coordinates": [[-68.93954, -22.44432], [-68.93888, -22.4411]]}, "properties": {"name": "Todos Por un Sueño", "highway": "residential"}}, {"type": "Feature", "geometry": {"type": "LineString", "coordinates": [[-68.94113, -22.44343], [-68.93938, -22.44372]]}, "properties": {"name": "", "highway": "residential"}}, {"type": "Feature", "geometry": {"type": "LineString", "coordinates": [[-68.94082, -22.44183], [-68.93908, -22.44212]]}, "properties": {"name": "Manuel Henríquez", "highway": "residential"}}, {"type": "Feature", "geometry": {"type": "LineString", "coordinates": [[-68.94093, -22.44239], [-68.93919, -22.44269]]}, "properties": {"name": "Alicia Araya", "highway": "residential"}}, {"type": "Feature", "geometry": {"type": "LineString", "coordinates": [[-68.93895, -22.44146], [-68.94069, -22.44118]]}, "properties": {"name": "", "highway": "residential"}}, {"type": "Feature", "geometry": {"type": "LineString", "coordinates": [[-68.9403, -22.44124], [-68.94054, -22.44246]]}, "properties": {"name": "Esperanza", "highway": "living_street"}}, {"type": "Feature", "geometry": {"type": "LineString", "coordinates": [[-68.93998, -22.44129], [-68.94021, -22.44252]]}, "properties": {"name": "Pacha Kuti", "highway": "living_street"}}, {"type": "Feature", "geometry": {"type": "LineString", "coordinates": [[-68.93963, -22.44135], [-68.93985, -22.44258]]}, "properties": {"name": "Paola Soza", "highway": "living_street"}}, {"type": "Feature", "geometry": {"type": "LineString", "coordinates": [[-68.9393, -22.44141], [-68.93963, -22.44316]]}, "properties": {"name": "Unión Familiar", "highway": "living_street"}}, {"type": "Feature", "geometry": {"type": "LineString", "coordinates": [[-68.94106, -22.44307], [-68.93963, -22.44316]]}, "properties": {"name": "Avenida Arturo Prat", "highway": "residential"}}, {"type": "Feature", "geometry": {"type": "LineString", "coordinates": [[-68.94076, -22.44349], [-68.94088, -22.4441]]}, "properties": {"name": "", "highway": "living_street"}}, {"type": "Feature", "geometry": {"type": "LineString", "coordinates": [[-68.94042, -22.44355], [-68.94054, -22.44416]]}, "properties": {"name": "", "highway": "living_street"}}, {"type": "Feature", "geometry": {"type": "LineString", "coordinates": [[-68.94008, -22.44361], [-68.94019, -22.44421]]}, "properties": {"name": "", "highway": "living_street"}}, {"type": "Feature", "geometry": {"type": "LineString", "coordinates": [[-68.9408, -22.44173], [-68.94124, -22.44163]]}, "properties": {"name": "Oreja de Zorro", "highway": "living_street"}}, {"type": "Feature", "geometry": {"type": "LineString", "coordinates": [[-68.94087, -22.44207], [-68.94153, -22.44193]]}, "properties": {"name": "Flor de Yareta", "highway": "living_street"}}, {"type": "Feature", "geometry": {"type": "LineString", "coordinates": [[-68.94184, -22.4422], [-68.94093, -22.44239]]}, "properties": {"name": "Las Anaucas", "highway": "living_street"}}, {"type": "Feature", "geometry": {"type": "LineString", "coordinates": [[-68.91816, -22.48425], [-68.91814, -22.48432]]}, "properties": {"name": "Pasaje La Calchona", "highway": "residential"}}, {"type": "Feature", "geometry": {"type": "LineString", "coordinates": [[-68.91692, -22.48366], [-68.91816, -22.48425]]}, "properties": {"name": "", "highway": "residential"}}, {"type": "Feature", "geometry": {"type": "LineString", "coordinates": [[-68.89467, -22.47295], [-68.89268, -22.47457]]}, "properties": {"name": "Ruta 23 CH", "highway": "trunk"}}, {"type": "Feature", "geometry": {"type": "LineString", "coordinates": [[-68.89268, -22.47457], [-68.89467, -22.47295]]}, "properties": {"name": "Ruta 23 CH", "highway": "trunk"}}, {"type": "Feature", "geometry": {"type": "LineString", "coordinates": [[-68.89638, -22.47149], [-68.89467, -22.47295]]}, "properties": {"name": "Ruta 23 CH", "highway": "trunk"}}, {"type": "Feature", "geometry": {"type": "LineString", "coordinates": [[-68.89292, -22.47431], [-68.89289, -22.47411], [-68.89363, -22.47328], [-68.89511, -22.46956], [-68.89544, -22.46828], [-68.89591, -22.46792], [-68.89657, -22.46791], [-68.89732, -22.46758]]}, "properties": {"name": "", "highway": "unclassified"}}, {"type": "Feature", "geometry": {"type": "LineString", "coordinates": [[-68.92026, -22.46968], [-68.91938, -22.46953]]}, "properties": {"name": "", "highway": "residential"}}, {"type": "Feature", "geometry": {"type": "LineString", "coordinates": [[-68.92169, -22.48607], [-68.92292, -22.48492]]}, "properties": {"name": "", "highway": "unclassified"}}, {"type": "Feature", "geometry": {"type": "LineString", "coordinates": [[-68.9316, -22.48592], [-68.93048, -22.4855], [-68.93012, -22.486]]}, "properties": {"name": "", "highway": "unclassified"}}, {"type": "Feature", "geometry": {"type": "LineString", "coordinates": [[-68.97409, -22.46811], [-68.97677, -22.46953], [-68.99307, -22.47543]]}, "properties": {"name": "", "highway": "residential"}}, {"type": "Feature", "geometry": {"type": "LineString", "coordinates": [[-68.98066, -22.46594], [-68.98517, -22.46833]]}, "properties": {"name": "", "highway": "residential"}}, {"type": "Feature", "geometry": {"type": "LineString", "coordinates": [[-68.9659, -22.4949], [-68.96744, -22.49387], [-68.96865, -22.49238], [-68.9692, -22.49294], [-68.97142, -22.49119], [-68.97168, -22.49122], [-68.97172, -22.4914]]}, "properties": {"name": "", "highway": "unclassified"}}, {"type": "Feature", "geometry": {"type": "LineString", "coordinates": [[-68.92523, -22.48987], [-68.92692, -22.49084]]}, "properties": {"name": "", "highway": "unclassified"}}, {"type": "Feature", "geometry": {"type": "LineString", "coordinates": [[-68.92989, -22.48787], [-68.92933, -22.48757], [-68.92692, -22.49084]]}, "properties": {"name": "", "highway": "unclassified"}}, {"type": "Feature", "geometry": {"type": "LineString", "coordinates": [[-68.949, -22.45331], [-68.94897, -22.45361]]}, "properties": {"name": "", "highway": "residential"}}, {"type": "Feature", "geometry": {"type": "LineString", "coordinates": [[-68.94963, -22.45414], [-68.94995, -22.45416]]}, "properties": {"name": "Pasaje Frutillar", "highway": "living_street"}}, {"type": "Feature", "geometry": {"type": "LineString", "coordinates": [[-68.90825, -22.48051], [-68.90838, -22.48048]]}, "properties": {"name": "Héctor Pumarino Soto", "highway": "residential"}}, {"type": "Feature", "geometry": {"type": "LineString", "coordinates": [[-68.90735, -22.48114], [-68.90825, -22.48051]]}, "properties": {"name": "Héctor Pumarino Soto", "highway": "residential"}}, {"type": "Feature", "geometry": {"type": "LineString", "coordinates": [[-68.90384, -22.47667], [-68.90333, -22.47718]]}, "properties": {"name": "Avenida Circunvalación", "highway": "tertiary"}}, {"type": "Feature", "geometry": {"type": "LineString", "coordinates": [[-68.90392, -22.47659], [-68.90384, -22.47667]]}, "properties": {"name": "Avenida Circunvalación", "highway": "tertiary"}}, {"type": "Feature", "geometry": {"type": "LineString", "coordinates": [[-68.90595, -22.47825], [-68.90611, -22.47809]]}, "properties": {"name": "Avenida Jorge Alessandri Rodríguez", "highway": "tertiary"}}, {"type": "Feature", "geometry": {"type": "LineString", "coordinates": [[-68.90603, -22.47831], [-68.90596, -22.47838]]}, "properties": {"name": "Avenida Jorge Alessandri Rodríguez", "highway": "tertiary"}}, {"type": "Feature", "geometry": {"type": "LineString", "coordinates": [[-68.90596, -22.47838], [-68.90602, -22.47843]]}, "properties": {"name": "Avenida Circunvalación", "highway": "trunk"}}, {"type": "Feature", "geometry": {"type": "LineString", "coordinates": [[-68.90595, -22.47851], [-68.90589, -22.47846]]}, "properties": {"name": "Avenida Circunvalación", "highway": "trunk"}}, {"type": "Feature", "geometry": {"type": "LineString", "coordinates": [[-68.90575, -22.47833], [-68.90525, -22.47789]]}, "properties": {"name": "Avenida Circunvalación", "highway": "trunk"}}, {"type": "Feature", "geometry": {"type": "LineString", "coordinates": [[-68.90582, -22.47825], [-68.90589, -22.47832]]}, "properties": {"name": "Avenida Circunvalación", "highway": "trunk"}}, {"type": "Feature", "geometry": {"type": "LineString", "coordinates": [[-68.96518, -22.4533], [-68.96449, -22.45513], [-68.96461, -22.45529]]}, "properties": {"name": "", "highway": "residential"}}, {"type": "Feature", "geometry": {"type": "LineString", "coordinates": [[-68.96952, -22.45479], [-68.97291, -22.45593], [-68.9735, -22.45481]]}, "properties": {"name": "", "highway": "residential"}}, {"type": "Feature", "geometry": {"type": "LineString", "coordinates": [[-68.97407, -22.45809], [-68.97353, -22.45893]]}, "properties": {"name": "", "highway": "residential"}}, {"type": "Feature", "geometry": {"type": "LineString", "coordinates": [[-68.98216, -22.45377], [-68.98896, -22.45739]]}, "properties": {"name": "", "highway": "residential"}}, {"type": "Feature", "geometry": {"type": "LineString", "coordinates": [[-68.98901, -22.45966], [-68.98119, -22.45558]]}, "properties": {"name": "", "highway": "residential"}}, {"type": "Feature", "geometry": {"type": "LineString", "coordinates": [[-68.94791, -22.44717], [-68.94755, -22.44715]]}, "properties": {"name": "Omar Petronovic", "highway": "living_street"}}, {"type": "Feature", "geometry": {"type": "LineString", "coordinates": [[-68.94562, -22.44709], [-68.94526, -22.44706]]}, "properties": {"name": "Chulki Kabur", "highway": "residential"}}, {"type": "Feature", "geometry": {"type": "LineString", "coordinates": [[-68.94894, -22.44759], [-68.94793, -22.4465]]}, "properties": {"name": "Calle Carlos Díaz Ossa", "highway": "residential"}}, {"type": "Feature", "geometry": {"type": "LineString", "coordinates": [[-68.92425, -22.48867], [-68.92418, -22.48851]]}, "properties": {"name": "Balmaceda", "highway": "primary"}}, {"type": "Feature", "geometry": {"type": "LineString", "coordinates": [[-68.92444, -22.4891], [-68.9243, -22.48927]]}, "properties": {"name": "Alcalde José Lira", "highway": "tertiary"}}, {"type": "Feature", "geometry": {"type": "LineString", "coordinates": [[-68.92452, -22.48932], [-68.92449, -22.48923]]}, "properties": {"name": "Balmaceda", "highway": "primary"}}, {"type": "Feature", "geometry": {"type": "LineString", "coordinates": [[-68.9242, -22.48928], [-68.92436, -22.48907]]}, "properties": {"name": "Alcalde José Lira", "highway": "tertiary"}}, {"type": "Feature", "geometry": {"type": "LineString", "coordinates": [[-68.92436, -22.48907], [-68.9244, -22.48903]]}, "properties": {"name": "Alcalde José Lira", "highway": "tertiary"}}, {"type": "Feature", "geometry": {"type": "LineString", "coordinates": [[-68.92565, -22.48754], [-68.92613, -22.48697]]}, "properties": {"name": "Avenida Libertador Bernardo O'Higgins", "highway": "primary"}}, {"type": "Feature", "geometry": {"type": "LineString", "coordinates": [[-68.92464, -22.48852], [-68.92472, -22.48865]]}, "properties": {"name": "Balmaceda", "highway": "primary"}}, {"type": "Feature", "geometry": {"type": "LineString", "coordinates": [[-68.98125, -22.49661], [-68.98105, -22.49931]]}, "properties": {"name": "", "highway": "residential"}}, {"type": "Feature", "geometry": {"type": "LineString", "coordinates": [[-68.97917, -22.49648], [-68.97906, -22.49808]]}, "properties": {"name": "", "highway": "residential"}}, {"type": "Feature", "geometry": {"type": "LineString", "coordinates": [[-68.88757, -22.43796], [-68.88055, -22.43671]]}, "properties": {"name": "", "highway": "unclassified"}}, {"type": "Feature", "geometry": {"type": "LineString", "coordinates": [[-68.92528, -22.46718], [-68.92554, -22.46329]]}, "properties": {"name": "Almirante Latorre", "highway": "primary"}}, {"type": "Feature", "geometry": {"type": "LineString", "coordinates": [[-68.92293, -22.46325], [-68.92554, -22.46329]]}, "properties": {"name": "Vicuña Mackenna", "highway": "tertiary"}}, {"type": "Feature", "geometry": {"type": "LineString", "coordinates": [[-68.92344, -22.49002], [-68.92238, -22.49051]]}, "properties": {"name": "Alcalde José Lira", "highway": "tertiary"}}, {"type": "Feature", "geometry": {"type": "LineString", "coordinates": [[-68.91548, -22.49335], [-68.91821, -22.49219]]}, "properties": {"name": "Acceso Aeródromo El Loa", "highway": "tertiary"}}, {"type": "Feature", "geometry": {"type": "LineString", "coordinates": [[-68.91903, -22.49181], [-68.92233, -22.49045]]}, "properties": {"name": "Alcalde José Lira", "highway": "tertiary"}}, {"type": "Feature", "geometry": {"type": "LineString", "coordinates": [[-68.9243, -22.48927], [-68.92344, -22.49002]]}, "properties": {"name": "Alcalde José Lira", "highway": "tertiary"}}, {"type": "Feature", "geometry": {"type": "LineString", "coordinates": [[-68.93471, -22.46281], [-68.93481, -22.46068]]}, "properties": {"name": "Brasilia", "highway": "tertiary"}}, {"type": "Feature", "geometry": {"type": "LineString", "coordinates": [[-68.92694, -22.45758], [-68.92612, -22.45738]]}, "properties": {"name": "San Lorenzo", "highway": "living_street"}}, {"type": "Feature", "geometry": {"type": "LineString", "coordinates": [[-68.89909, -22.44232], [-68.89913, -22.44254]]}, "properties": {"name": "", "highway": "unclassified"}}, {"type": "Feature", "geometry": {"type": "LineString", "coordinates": [[-68.89957, -22.44256], [-68.8996, -22.44243]]}, "properties": {"name": "", "highway": "unclassified"}}, {"type": "Feature", "geometry": {"type": "LineString", "coordinates": [[-68.89833, -22.44259], [-68.89953, -22.44254], [-68.89995, -22.44284]]}, "properties": {"name": "", "highway": "unclassified"}}, {"type": "Feature", "geometry": {"type": "LineString", "coordinates": [[-68.92536, -22.43345], [-68.92527, -22.43347]]}, "properties": {"name": "Huaytiquina", "highway": "secondary"}}, {"type": "Feature", "geometry": {"type": "LineString", "coordinates": [[-68.91978, -22.43222], [-68.91955, -22.43168]]}, "properties": {"name": "Camarones", "highway": "residential"}}, {"type": "Feature", "geometry": {"type": "LineString", "coordinates": [[-68.93078, -22.46741], [-68.93131, -22.46601]]}, "properties": {"name": "Alpaca", "highway": "living_street"}}, {"type": "Feature", "geometry": {"type": "LineString", "coordinates": [[-68.93553, -22.46886], [-68.93551, -22.46892]]}, "properties": {"name": "", "highway": "living_street"}}, {"type": "Feature", "geometry": {"type": "LineString", "coordinates": [[-68.92773, -22.43305], [-68.92727, -22.43311]]}, "properties": {"name": "Huaytiquina", "highway": "residential"}}, {"type": "Feature", "geometry": {"type": "LineString", "coordinates": [[-68.92778, -22.43563], [-68.92577, -22.43597]]}, "properties": {"name": "Freirina", "highway": "tertiary"}}, {"type": "Feature", "geometry": {"type": "LineString", "coordinates": [[-68.93957, -22.47013], [-68.93762, -22.46951]]}, "properties": {"name": "Cobija", "highway": "tertiary"}}, {"type": "Feature", "geometry": {"type": "LineString", "coordinates": [[-68.92322, -22.44218], [-68.92276, -22.44225]]}, "properties": {"name": "Amincha", "highway": "living_street"}}, {"type": "Feature", "geometry": {"type": "LineString", "coordinates": [[-68.92276, -22.44225], [-68.92259, -22.44139]]}, "properties": {"name": "José Miguel Carrera", "highway": "living_street"}}, {"type": "Feature", "geometry": {"type": "LineString", "coordinates": [[-68.92648, -22.44537], [-68.92645, -22.44524]]}, "properties": {"name": "", "highway": "living_street"}}, {"type": "Feature", "geometry": {"type": "LineString", "coordinates": [[-68.92778, -22.43563], [-68.9282, -22.43748]]}, "properties": {"name": "Laguna Legía", "highway": "tertiary"}}, {"type": "Feature", "geometry": {"type": "LineString", "coordinates": [[-68.92454, -22.42959], [-68.92479, -22.43082]]}, "properties": {"name": "Avenida Granaderos", "highway": "primary"}}, {"type": "Feature", "geometry": {"type": "LineString", "coordinates": [[-68.9247, -22.43085], [-68.92441, -22.42961]]}, "properties": {"name": "Avenida Granaderos", "highway": "residential"}}, {"type": "Feature", "geometry": {"type": "LineString", "coordinates": [[-68.92618, -22.45684], [-68.92628, -22.45573]]}, "properties": {"name": "Almirante Latorre", "highway": "secondary"}}, {"type": "Feature", "geometry": {"type": "LineString", "coordinates": [[-68.92927, -22.45603], [-68.93042, -22.45625]]}, "properties": {"name": "Hurtado de Mendoza", "highway": "secondary"}}, {"type": "Feature", "geometry": {"type": "LineString", "coordinates": [[-68.93508, -22.4406], [-68.93516, -22.44101]]}, "properties": {"name": "Hamburgo", "highway": "living_street"}}, {"type": "Feature", "geometry": {"type": "LineString", "coordinates": [[-68.93554, -22.44094], [-68.93516, -22.44101]]}, "properties": {"name": "Canadá", "highway": "residential"}}, {"type": "Feature", "geometry": {"type": "LineString", "coordinates": [[-68.93516, -22.44101], [-68.93478, -22.44107]]}, "properties": {"name": "Canadá", "highway": "residential"}}, {"type": "Feature", "geometry": {"type": "LineString", "coordinates": [[-68.89885, -22.45548], [-68.89915, -22.45559], [-68.89942, -22.45645], [-68.8995, -22.45773], [-68.8999, -22.45877], [-68.90012, -22.46042], [-68.90098, -22.46169], [-68.90122, -22.46238], [-68.90091, -22.46378], [-68.90102, -22.4648], [-68.90045, -22.46612], [-68.90049, -22.46807]]}, "properties": {"name": "", "highway": "unclassified"}}, {"type": "Feature", "geometry": {"type": "LineString", "coordinates": [[-68.92468, -22.49253], [-68.92412, -22.49264]]}, "properties": {"name": "Avenida Circunvalación", "highway": "trunk"}}, {"type": "Feature", "geometry": {"type": "LineString", "coordinates": [[-68.92485, -22.49249], [-68.92468, -22.49253]]}, "properties": {"name": "Avenida Circunvalación", "highway": "trunk"}}, {"type": "Feature", "geometry": {"type": "LineString", "coordinates": [[-68.92524, -22.49241], [-68.92485, -22.49249]]}, "properties": {"name": "Avenida Circunvalación", "highway": "trunk"}}, {"type": "Feature", "geometry": {"type": "LineString", "coordinates": [[-68.9255, -22.49235], [-68.92524, -22.49241]]}, "properties": {"name": "Avenida Circunvalación", "highway": "trunk"}}, {"type": "Feature", "geometry": {"type": "LineString", "coordinates": [[-68.93134, -22.50359], [-68.9287, -22.50041]]}, "properties": {"name": "", "highway": "unclassified"}}, {"type": "Feature", "geometry": {"type": "LineString", "coordinates": [[-68.9285, -22.50081], [-68.92842, -22.50063], [-68.9287, -22.50041]]}, "properties": {"name": "", "highway": "residential"}}, {"type": "Feature", "geometry": {"type": "LineString", "coordinates": [[-68.93584, -22.50806], [-68.93535, -22.50839]]}, "properties": {"name": "", "highway": "unclassified"}}, {"type": "Feature", "geometry": {"type": "LineString", "coordinates": [[-68.92716, -22.49803], [-68.92655, -22.49686]]}, "properties": {"name": "Ruta 25", "highway": "motorway"}}, {"type": "Feature", "geometry": {"type": "LineString", "coordinates": [[-68.93561, -22.50832], [-68.9355, -22.50818]]}, "properties": {"name": "Ruta 25", "highway": "motorway"}}, {"type": "Feature", "geometry": {"type": "LineString", "coordinates": [[-68.93572, -22.50825], [-68.9377, -22.51041], [-68.94264, -22.51387]]}, "properties": {"name": "Ruta 25", "highway": "motorway"}}, {"type": "Feature", "geometry": {"type": "LineString", "coordinates": [[-68.93561, -22.50812], [-68.93572, -22.50825]]}, "properties": {"name": "Ruta 25", "highway": "motorway"}}, {"type": "Feature", "geometry": {"type": "LineString", "coordinates": [[-68.94129, -22.44422], [-68.94164, -22.44605]]}, "properties": {"name": "Santiago Humberstone", "highway": "residential"}}, {"type": "Feature", "geometry": {"type": "LineString", "coordinates": [[-68.94277, -22.44259], [-68.94532, -22.44476]]}, "properties": {"name": "", "highway": "residential"}}, {"type": "Feature", "geometry": {"type": "LineString", "coordinates": [[-68.94214, -22.4427], [-68.94176, -22.44297], [-68.94106, -22.44307]]}, "properties": {"name": "", "highway": "residential"}}, {"type": "Feature", "geometry": {"type": "LineString", "coordinates": [[-68.94244, -22.44265], [-68.94306, -22.44583]]}, "properties": {"name": "", "highway": "residential"}}, {"type": "Feature", "geometry": {"type": "LineString", "coordinates": [[-68.94133, -22.44441], [-68.94274, -22.44418]]}, "properties": {"name": "", "highway": "residential"}}, {"type": "Feature", "geometry": {"type": "LineString", "coordinates": [[-68.94126, -22.44408], [-68.94268, -22.44385]]}, "properties": {"name": "", "highway": "residential"}}, {"type": "Feature", "geometry": {"type": "LineString", "coordinates": [[-68.9412, -22.44374], [-68.94261, -22.44351]]}, "properties": {"name": "", "highway": "residential"}}, {"type": "Feature", "geometry": {"type": "LineString", "coordinates": [[-68.94113, -22.44343], [-68.94255, -22.4432]]}, "properties": {"name": "", "highway": "residential"}}, {"type": "Feature", "geometry": {"type": "LineString", "coordinates": [[-68.94176, -22.44297], [-68.94202, -22.4443]]}, "properties": {"name": "", "highway": "residential"}}, {"type": "Feature", "geometry": {"type": "LineString", "coordinates": [[-68.94209, -22.44275], [-68.94218, -22.44326]]}, "properties": {"name": "", "highway": "residential"}}, {"type": "Feature", "geometry": {"type": "LineString", "coordinates": [[-68.94171, -22.44435], [-68.94203, -22.44599]]}, "properties": {"name": "Tchacnar", "highway": "residential"}}, {"type": "Feature", "geometry": {"type": "LineString", "coordinates": [[-68.94181, -22.44487], [-68.94317, -22.44465]]}, "properties": {"name": "", "highway": "residential"}}, {"type": "Feature", "geometry": {"type": "LineString", "coordinates": [[-68.94277, -22.44259], [-68.9434, -22.44578]]}, "properties": {"name": "", "highway": "residential"}}, {"type": "Feature", "geometry": {"type": "LineString", "coordinates": [[-68.94188, -22.44522], [-68.94291, -22.44505]]}, "properties": {"name": "", "highway": "residential"}}, {"type": "Feature", "geometry": {"type": "LineString", "coordinates": [[-68.94195, -22.44556], [-68.94298, -22.4454]]}, "properties": {"name": "", "highway": "residential"}}, {"type": "Feature", "geometry": {"type": "LineString", "coordinates": [[-68.94265, -22.44545], [-68.94273, -22.44588]]}, "properties": {"name": "", "highway": "residential"}}, {"type": "Feature", "geometry": {"type": "LineString", "coordinates": [[-68.9423, -22.44551], [-68.94237, -22.44594]]}, "properties": {"name": "", "highway": "residential"}}, {"type": "Feature", "geometry": {"type": "LineString", "coordinates": [[-68.94263, -22.44363], [-68.94377, -22.44344]]}, "properties": {"name": "", "highway": "residential"}}, {"type": "Feature", "geometry": {"type": "LineString", "coordinates": [[-68.94408, -22.44568], [-68.94366, -22.44346]]}, "properties": {"name": "Colo Colo Poniente", "highway": "residential"}}, {"type": "Feature", "geometry": {"type": "LineString", "coordinates": [[-68.94521, -22.44551], [-68.94503, -22.44452]]}, "properties": {"name": "", "highway": "residential"}}, {"type": "Feature", "geometry": {"type": "LineString", "coordinates": [[-68.94514, -22.44513], [-68.94441, -22.44524]]}, "properties": {"name": "", "highway": "residential"}}, {"type": "Feature", "geometry": {"type": "LineString", "coordinates": [[-68.94395, -22.44495], [-68.94508, -22.44478]]}, "properties": {"name": "", "highway": "residential"}}, {"type": "Feature", "geometry": {"type": "LineString", "coordinates": [[-68.94435, -22.44489], [-68.94448, -22.44562]]}, "properties": {"name": "", "highway": "residential"}}, {"type": "Feature", "geometry": {"type": "LineString", "coordinates": [[-68.94387, -22.44457], [-68.9449, -22.44441]]}, "properties": {"name": "", "highway": "residential"}}, {"type": "Feature", "geometry": {"type": "LineString", "coordinates": [[-68.9438, -22.4442], [-68.94453, -22.44409]]}, "properties": {"name": "", "highway": "residential"}}, {"type": "Feature", "geometry": {"type": "LineString", "coordinates": [[-68.94373, -22.44383], [-68.94414, -22.44376]]}, "properties": {"name": "Beluinatur", "highway": "residential"}}, {"type": "Feature", "geometry": {"type": "LineString", "coordinates": [[-68.92324, -22.49709], [-68.93332, -22.50812], [-68.94228, -22.51431]]}, "properties": {"name": "", "highway": "unclassified"}}, {"type": "Feature", "geometry": {"type": "LineString", "coordinates": [[-68.93535, -22.50839], [-68.93498, -22.50856], [-68.93429, -22.50808]]}, "properties": {"name": "", "highway": "unclassified"}}, {"type": "Feature", "geometry": {"type": "LineString", "coordinates": [[-68.93429, -22.50808], [-68.9317, -22.50536], [-68.93087, -22.50481], [-68.92901, -22.50233]]}, "properties": {"name": "", "highway": "unclassified"}}, {"type": "Feature", "geometry": {"type": "LineString", "coordinates": [[-68.90333, -22.47718], [-68.90251, -22.47605]]}, "properties": {"name": "Laguna Kalina", "highway": "residential"}}, {"type": "Feature", "geometry": {"type": "LineString", "coordinates": [[-68.90265, -22.47618], [-68.90259, -22.47623]]}, "properties": {"name": "", "highway": "living_street"}}, {"type": "Feature", "geometry": {"type": "LineString", "coordinates": [[-68.92975, -22.50069], [-68.92858, -22.49926]]}, "properties": {"name": "", "highway": "unclassified"}}, {"type": "Feature", "geometry": {"type": "LineString", "coordinates": [[-68.92993, -22.5009], [-68.92975, -22.50069]]}, "properties": {"name": "", "highway": "unclassified"}}, {"type": "Feature", "geometry": {"type": "LineString", "coordinates": [[-68.92816, -22.49912], [-68.93061, -22.50214]]}, "properties": {"name": "Ruta 25", "highway": "motorway"}}, {"type": "Feature", "geometry": {"type": "LineString", "coordinates": [[-68.92707, -22.49762], [-68.92816, -22.49912]]}, "properties": {"name": "Ruta 25", "highway": "motorway"}}, {"type": "Feature", "geometry": {"type": "LineString", "coordinates": [[-68.92655, -22.49686], [-68.92627, -22.4961]]}, "properties": {"name": "Ruta 25", "highway": "motorway"}}, {"type": "Feature", "geometry": {"type": "LineString", "coordinates": [[-68.9355, -22.50818], [-68.92716, -22.49803]]}, "properties": {"name": "Ruta 25", "highway": "motorway"}}, {"type": "Feature", "geometry": {"type": "LineString", "coordinates": [[-68.92627, -22.4961], [-68.92578, -22.49422]]}, "properties": {"name": "Ruta 25", "highway": "motorway"}}, {"type": "Feature", "geometry": {"type": "LineString", "coordinates": [[-68.92606, -22.49479], [-68.92639, -22.49605]]}, "properties": {"name": "Ruta 25", "highway": "motorway"}}, {"type": "Feature", "geometry": {"type": "LineString", "coordinates": [[-68.92556, -22.49272], [-68.92606, -22.49479]]}, "properties": {"name": "Ruta 25", "highway": "primary"}}, {"type": "Feature", "geometry": {"type": "LineString", "coordinates": [[-68.92267, -22.49308], [-68.92316, -22.4954], [-68.92324, -22.49709]]}, "properties": {"name": "", "highway": "unclassified"}}, {"type": "Feature", "geometry": {"type": "LineString", "coordinates": [[-68.9226, -22.49267], [-68.92298, -22.49274]]}, "properties": {"name": "Avenida Circunvalación", "highway": "trunk"}}, {"type": "Feature", "geometry": {"type": "LineString", "coordinates": [[-68.92192, -22.49232], [-68.9226, -22.49267]]}, "properties": {"name": "Avenida Circunvalación", "highway": "trunk"}}, {"type": "Feature", "geometry": {"type": "LineString", "coordinates": [[-68.92215, -22.4926], [-68.92102, -22.49166]]}, "properties": {"name": "Avenida Circunvalación", "highway": "trunk"}}, {"type": "Feature", "geometry": {"type": "LineString", "coordinates": [[-68.92412, -22.49264], [-68.92336, -22.49281]]}, "properties": {"name": "Avenida Circunvalación", "highway": "trunk"}}, {"type": "Feature", "geometry": {"type": "LineString", "coordinates": [[-68.92578, -22.49422], [-68.92485, -22.49051]]}, "properties": {"name": "Balmaceda", "highway": "primary"}}, {"type": "Feature", "geometry": {"type": "LineString", "coordinates": [[-68.946, -22.46376], [-68.94601, -22.46425]]}, "properties": {"name": "Rocío", "highway": "residential"}}, {"type": "Feature", "geometry": {"type": "LineString", "coordinates": [[-68.94547, -22.46374], [-68.94549, -22.46422]]}, "properties": {"name": "Pucón", "highway": "residential"}}, {"type": "Feature", "geometry": {"type": "LineString", "coordinates": [[-68.94445, -22.46362], [-68.94449, -22.46302]]}, "properties": {"name": "Arauco", "highway": "living_street"}}, {"type": "Feature", "geometry": {"type": "LineString", "coordinates": [[-68.94333, -22.46413], [-68.94337, -22.46366]]}, "properties": {"name": "Colo Colo", "highway": "residential"}}, {"type": "Feature", "geometry": {"type": "LineString", "coordinates": [[-68.91324, -22.43974], [-68.91256, -22.44033]]}, "properties": {"name": "Pasaje Lomas Bayas", "highway": "residential"}}, {"type": "Feature", "geometry": {"type": "LineString", "coordinates": [[-68.90726, -22.44741], [-68.90808, -22.447]]}, "properties": {"name": "Soldado José Quiroga", "highway": "residential"}}, {"type": "Feature", "geometry": {"type": "LineString", "coordinates": [[-68.90506, -22.4482], [-68.90475, -22.44752]]}, "properties": {"name": "Feliciano Martínez", "highway": "living_street"}}, {"type": "Feature", "geometry": {"type": "LineString", "coordinates": [[-68.90437, -22.4483], [-68.90499, -22.44816]]}, "properties": {"name": "José de la Cruz Vargas", "highway": "living_street"}}, {"type": "Feature", "geometry": {"type": "LineString", "coordinates": [[-68.90524, -22.4487], [-68.90494, -22.44891]]}, "properties": {"name": "José de la Cruz Vargas", "highway": "living_street"}}, {"type": "Feature", "geometry": {"type": "LineString", "coordinates": [[-68.92957, -22.45286], [-68.92983, -22.45305]]}, "properties": {"name": "Avenida Maipú", "highway": "secondary"}}, {"type": "Feature", "geometry": {"type": "LineString", "coordinates": [[-68.92923, -22.45274], [-68.92957, -22.45286]]}, "properties": {"name": "Avenida Maipú", "highway": "secondary"}}, {"type": "Feature", "geometry": {"type": "LineString", "coordinates": [[-68.92512, -22.44508], [-68.92517, -22.44535]]}, "properties": {"name": "Riquelme", "highway": "tertiary"}}, {"type": "Feature", "geometry": {"type": "LineString", "coordinates": [[-68.91775, -22.48826], [-68.91697, -22.48759]]}, "properties": {"name": "Alcalde José Lira", "highway": "tertiary"}}, {"type": "Feature", "geometry": {"type": "LineString", "coordinates": [[-68.91697, -22.48759], [-68.90874, -22.48039]]}, "properties": {"name": "Alcalde José Lira", "highway": "tertiary"}}, {"type": "Feature", "geometry": {"type": "LineString", "coordinates": [[-68.92238, -22.49051], [-68.92233, -22.49045]]}, "properties": {"name": "Alcalde José Lira", "highway": "tertiary"}}, {"type": "Feature", "geometry": {"type": "LineString", "coordinates": [[-68.91821, -22.49219], [-68.91903, -22.49181]]}, "properties": {"name": "Alcalde José Lira", "highway": "tertiary"}}, {"type": "Feature", "geometry": {"type": "LineString", "coordinates": [[-68.91905, -22.49187], [-68.91821, -22.49219]]}, "properties": {"name": "Alcalde José Lira", "highway": "tertiary"}}, {"type": "Feature", "geometry": {"type": "LineString", "coordinates": [[-68.92233, -22.49045], [-68.92219, -22.49024]]}, "properties": {"name": "Alcalde José Lira", "highway": "tertiary"}}, {"type": "Feature", "geometry": {"type": "LineString", "coordinates": [[-68.96383, -22.52547], [-68.96126, -22.52429], [-68.95712, -22.52342], [-68.95238, -22.52075], [-68.93779, -22.51065], [-68.93561, -22.50832]]}, "properties": {"name": "Ruta 25", "highway": "motorway"}}, {"type": "Feature", "geometry": {"type": "LineString", "coordinates": [[-68.92093, -22.42684], [-68.92019, -22.42722], [-68.91782, -22.42778]]}, "properties": {"name": "Ruta 24", "highway": "trunk"}}, {"type": "Feature", "geometry": {"type": "LineString", "coordinates": [[-68.92182, -22.42608], [-68.92093, -22.42684]]}, "properties": {"name": "Ruta 24", "highway": "trunk"}}, {"type": "Feature", "geometry": {"type": "LineString", "coordinates": [[-68.91782, -22.42778], [-68.91702, -22.42796]]}, "properties": {"name": "Ruta 24", "highway": "trunk"}}, {"type": "Feature", "geometry": {"type": "LineString", "coordinates": [[-68.91573, -22.42703], [-68.91571, -22.42656]]}, "properties": {"name": "Ruta 24", "highway": "trunk"}}, {"type": "Feature", "geometry": {"type": "LineString", "coordinates": [[-68.91571, -22.42656], [-68.91551, -22.42032]]}, "properties": {"name": "Ruta 24", "highway": "trunk"}}, {"type": "Feature", "geometry": {"type": "LineString", "coordinates": [[-68.92186, -22.41637], [-68.92204, -22.41727]]}, "properties": {"name": "Ruta 24", "highway": "trunk"}}, {"type": "Feature", "geometry": {"type": "LineString", "coordinates": [[-68.92153, -22.41473], [-68.92186, -22.41637]]}, "properties": {"name": "Ruta 24", "highway": "trunk"}}, {"type": "Feature", "geometry": {"type": "LineString", "coordinates": [[-68.92272, -22.42066], [-68.9232, -22.42309]]}, "properties": {"name": "Ruta 24", "highway": "trunk"}}, {"type": "Feature", "geometry": {"type": "LineString", "coordinates": [[-68.92247, -22.41942], [-68.92272, -22.42066]]}, "properties": {"name": "Ruta 24", "highway": "trunk"}}, {"type": "Feature", "geometry": {"type": "LineString", "coordinates": [[-68.9185, -22.41382], [-68.91945, -22.41295]]}, "properties": {"name": "Ruta 24", "highway": "trunk"}}, {"type": "Feature", "geometry": {"type": "LineString", "coordinates": [[-68.9171, -22.41515], [-68.91796, -22.41434]]}, "properties": {"name": "Ruta 24", "highway": "trunk"}}, {"type": "Feature", "geometry": {"type": "LineString", "coordinates": [[-68.9159, -22.43274], [-68.91573, -22.42703]]}, "properties": {"name": "Ruta 24", "highway": "trunk"}}, {"type": "Feature", "geometry": {"type": "LineString", "coordinates": [[-68.92131, -22.41356], [-68.92153, -22.41473]]}, "properties": {"name": "Ruta 24", "highway": "trunk"}}, {"type": "Feature", "geometry": {"type": "LineString", "coordinates": [[-68.92204, -22.41727], [-68.92247, -22.41942]]}, "properties": {"name": "Ruta 24", "highway": "trunk"}}, {"type": "Feature", "geometry": {"type": "LineString", "coordinates": [[-68.91945, -22.41295], [-68.92066, -22.41182]]}, "properties": {"name": "Ruta 24", "highway": "trunk"}}, {"type": "Feature", "geometry": {"type": "LineString", "coordinates": [[-68.91796, -22.41434], [-68.9185, -22.41382]]}, "properties": {"name": "Ruta 24", "highway": "trunk"}}, {"type": "Feature", "geometry": {"type": "LineString", "coordinates": [[-68.92194, -22.41107], [-68.92143, -22.41216]]}, "properties": {"name": "Ruta 24", "highway": "trunk"}}, {"type": "Feature", "geometry": {"type": "LineString", "coordinates": [[-68.92066, -22.41182], [-68.92246, -22.41014]]}, "properties": {"name": "Ruta 24", "highway": "trunk"}}, {"type": "Feature", "geometry": {"type": "LineString", "coordinates": [[-68.92143, -22.41216], [-68.92131, -22.41356]]}, "properties": {"name": "Ruta 24", "highway": "trunk"}}, {"type": "Feature", "geometry": {"type": "LineString", "coordinates": [[-68.91551, -22.42032], [-68.91546, -22.4181], [-68.91564, -22.41715], [-68.91613, -22.41617], [-68.9171, -22.41515]]}, "properties": {"name": "Ruta 24", "highway": "trunk"}}, {"type": "Feature", "geometry": {"type": "LineString", "coordinates": [[-68.91563, -22.43889], [-68.91259, -22.43624]]}, "properties": {"name": "Del Ferrocarril", "highway": "unclassified"}}, {"type": "Feature", "geometry": {"type": "LineString", "coordinates": [[-68.94039, -22.45071], [-68.94053, -22.45138]]}, "properties": {"name": "", "highway": "residential"}}, {"type": "Feature", "geometry": {"type": "LineString", "coordinates": [[-68.89895, -22.4555], [-68.89924, -22.45687], [-68.89947, -22.45711]]}, "properties": {"name": "", "highway": "unclassified"}}, {"type": "Feature", "geometry": {"type": "LineString", "coordinates": [[-68.92723, -22.47919], [-68.92785, -22.47902]]}, "properties": {"name": "", "highway": "living_street"}}, {"type": "Feature", "geometry": {"type": "LineString", "coordinates": [[-68.94675, -22.44748], [-68.94682, -22.44525]]}, "properties": {"name": "Pucón", "highway": "tertiary"}}, {"type": "Feature", "geometry": {"type": "LineString", "coordinates": [[-68.94648, -22.45353], [-68.94663, -22.45146]]}, "properties": {"name": "Pucón", "highway": "tertiary"}}, {"type": "Feature", "geometry": {"type": "LineString", "coordinates": [[-68.93368, -22.45247], [-68.94077, -22.45133], [-68.94173, -22.45135]]}, "properties": {"name": "Alonso de Ercilla", "highway": "tertiary"}}, {"type": "Feature", "geometry": {"type": "LineString", "coordinates": [[-68.94943, -22.45324], [-68.94946, -22.45306]]}, "properties": {"name": "Sofía", "highway": "residential"}}, {"type": "Feature", "geometry": {"type": "LineString", "coordinates": [[-68.95304, -22.45458], [-68.9486, -22.45267]]}, "properties": {"name": "Petrohué Sur", "highway": "residential"}}, {"type": "Feature", "geometry": {"type": "LineString", "coordinates": [[-68.94779, -22.45149], [-68.9479, -22.44753]]}, "properties": {"name": "Rupanco", "highway": "residential"}}, {"type": "Feature", "geometry": {"type": "LineString", "coordinates": [[-68.94761, -22.45354], [-68.94779, -22.45149]]}, "properties": {"name": "Rupanco", "highway": "residential"}}, {"type": "Feature", "geometry": {"type": "LineString", "coordinates": [[-68.94938, -22.45364], [-68.94852, -22.45358]]}, "properties": {"name": "Maipú", "highway": "tertiary"}}, {"type": "Feature", "geometry": {"type": "LineString", "coordinates": [[-68.95084, -22.45366], [-68.94938, -22.45364]]}, "properties": {"name": "Maipú", "highway": "tertiary"}}, {"type": "Feature", "geometry": {"type": "LineString", "coordinates": [[-68.94394, -22.45482], [-68.94402, -22.45344]]}, "properties": {"name": "Colo Colo", "highway": "residential"}}, {"type": "Feature", "geometry": {"type": "LineString", "coordinates": [[-68.94394, -22.4549], [-68.94394, -22.45482]]}, "properties": {"name": "Colo Colo", "highway": "residential"}}, {"type": "Feature", "geometry": {"type": "LineString", "coordinates": [[-68.94402, -22.45344], [-68.94419, -22.45141]]}, "properties": {"name": "Colo Colo", "highway": "residential"}}, {"type": "Feature", "geometry": {"type": "LineString", "coordinates": [[-68.94419, -22.45141], [-68.94448, -22.44739]]}, "properties": {"name": "Colo Colo", "highway": "residential"}}, {"type": "Feature", "geometry": {"type": "LineString", "coordinates": [[-68.94151, -22.44759], [-68.94173, -22.45135]]}, "properties": {"name": "Santiago Humberstone", "highway": "residential"}}, {"type": "Feature", "geometry": {"type": "LineString", "coordinates": [[-68.94275, -22.45479], [-68.94275, -22.45488]]}, "properties": {"name": "Quetena", "highway": "tertiary"}}, {"type": "Feature", "geometry": {"type": "LineString", "coordinates": [[-68.94297, -22.45138], [-68.94275, -22.45479]]}, "properties": {"name": "Quetena", "highway": "tertiary"}}, {"type": "Feature", "geometry": {"type": "LineString", "coordinates": [[-68.91712, -22.45393], [-68.91769, -22.45384]]}, "properties": {"name": "Avenida Chorrillos", "highway": "tertiary"}}, {"type": "Feature", "geometry": {"type": "LineString", "coordinates": [[-68.92178, -22.45447], [-68.92135, -22.45456]]}, "properties": {"name": "Avenida Chorrillos", "highway": "tertiary"}}, {"type": "Feature", "geometry": {"type": "LineString", "coordinates": [[-68.92135, -22.45439], [-68.92176, -22.45438]]}, "properties": {"name": "Avenida Chorrillos", "highway": "tertiary"}}, {"type": "Feature", "geometry": {"type": "LineString", "coordinates": [[-68.92176, -22.45438], [-68.92189, -22.45436]]}, "properties": {"name": "Avenida Chorrillos", "highway": "secondary"}}, {"type": "Feature", "geometry": {"type": "LineString", "coordinates": [[-68.92927, -22.45603], [-68.92924, -22.45328]]}, "properties": {"name": "Avenida Granaderos", "highway": "primary"}}, {"type": "Feature", "geometry": {"type": "LineString", "coordinates": [[-68.92536, -22.43345], [-68.92655, -22.43942]]}, "properties": {"name": "Avenida Granaderos", "highway": "primary"}}, {"type": "Feature", "geometry": {"type": "LineString", "coordinates": [[-68.92479, -22.43082], [-68.92536, -22.43345]]}, "properties": {"name": "Avenida Granaderos", "highway": "primary"}}, {"type": "Feature", "geometry": {"type": "LineString", "coordinates": [[-68.95841, -22.4753], [-68.95599, -22.47895]]}, "properties": {"name": "", "highway": "residential"}}, {"type": "Feature", "geometry": {"type": "LineString", "coordinates": [[-68.95676, -22.47933], [-68.95966, -22.47495]]}, "properties": {"name": "", "highway": "residential"}}, {"type": "Feature", "geometry": {"type": "LineString", "coordinates": [[-68.95758, -22.47971], [-68.96041, -22.47535]]}, "properties": {"name": "", "highway": "residential"}}, {"type": "Feature", "geometry": {"type": "LineString", "coordinates": [[-68.95992, -22.48077], [-68.96255, -22.4768]]}, "properties": {"name": "", "highway": "residential"}}, {"type": "Feature", "geometry": {"type": "LineString", "coordinates": [[-68.95916, -22.48042], [-68.96186, -22.47632]]}, "properties": {"name": "", "highway": "residential"}}, {"type": "Feature", "geometry": {"type": "LineString", "coordinates": [[-68.95837, -22.48005], [-68.96115, -22.47581]]}, "properties": {"name": "", "highway": "residential"}}, {"type": "Feature", "geometry": {"type": "LineString", "coordinates": [[-68.96914, -22.47327], [-68.96102, -22.46731], [-68.96102, -22.46702]]}, "properties": {"name": "", "highway": "residential"}}, {"type": "Feature", "geometry": {"type": "LineString", "coordinates": [[-68.9683, -22.47373], [-68.96865, -22.47392]]}, "properties": {"name": "", "highway": "residential"}}, {"type": "Feature", "geometry": {"type": "LineString", "coordinates": [[-68.96788, -22.47437], [-68.9688, -22.47299]]}, "properties": {"name": "", "highway": "residential"}}, {"type": "Feature", "geometry": {"type": "LineString", "coordinates": [[-68.96743, -22.47412], [-68.96837, -22.47267]]}, "properties": {"name": "", "highway": "residential"}}, {"type": "Feature", "geometry": {"type": "LineString", "coordinates": [[-68.96696, -22.47385], [-68.96795, -22.47235]]}, "properties": {"name": "", "highway": "residential"}}, {"type": "Feature", "geometry": {"type": "LineString", "coordinates": [[-68.96649, -22.47361], [-68.96754, -22.47203]]}, "properties": {"name": "", "highway": "residential"}}, {"type": "Feature", "geometry": {"type": "LineString", "coordinates": [[-68.96606, -22.47334], [-68.96709, -22.47173]]}, "properties": {"name": "", "highway": "residential"}}, {"type": "Feature", "geometry": {"type": "LineString", "coordinates": [[-68.96654, -22.47258], [-68.96838, -22.47361]]}, "properties": {"name": "", "highway": "residential"}}, {"type": "Feature", "geometry": {"type": "LineString", "coordinates": [[-68.96869, -22.47208], [-68.96853, -22.47229]]}, "properties": {"name": "", "highway": "residential"}}, {"type": "Feature", "geometry": {"type": "LineString", "coordinates": [[-68.96944, -22.46811], [-68.97237, -22.4698]]}, "properties": {"name": "", "highway": "residential"}}, {"type": "Feature", "geometry": {"type": "LineString", "coordinates": [[-68.97061, -22.4694], [-68.97091, -22.46896]]}, "properties": {"name": "", "highway": "residential"}}, {"type": "Feature", "geometry": {"type": "LineString", "coordinates": [[-68.96914, -22.46856], [-68.97208, -22.47025]]}, "properties": {"name": "", "highway": "residential"}}, {"type": "Feature", "geometry": {"type": "LineString", "coordinates": [[-68.96886, -22.46898], [-68.97185, -22.47068]]}, "properties": {"name": "", "highway": "residential"}}, {"type": "Feature", "geometry": {"type": "LineString", "coordinates": [[-68.96832, -22.4698], [-68.97147, -22.47123]]}, "properties": {"name": "", "highway": "residential"}}, {"type": "Feature", "geometry": {"type": "LineString", "coordinates": [[-68.97263, -22.46962], [-68.97375, -22.46791]]}, "properties": {"name": "", "highway": "residential"}}, {"type": "Feature", "geometry": {"type": "LineString", "coordinates": [[-68.97652, -22.45288], [-68.97536, -22.45555]]}, "properties": {"name": "", "highway": "residential"}}, {"type": "Feature", "geometry": {"type": "LineString", "coordinates": [[-68.9801, -22.47073], [-68.9808, -22.46896]]}, "properties": {"name": "", "highway": "residential"}}, {"type": "Feature", "geometry": {"type": "LineString", "coordinates": [[-68.98066, -22.46594], [-68.98356, -22.46114]]}, "properties": {"name": "", "highway": "residential"}}, {"type": "Feature", "geometry": {"type": "LineString", "coordinates": [[-68.8993, -22.45974], [-68.89951, -22.45989]]}, "properties": {"name": "", "highway": "unclassified"}}, {"type": "Feature", "geometry": {"type": "LineString", "coordinates": [[-68.951, -22.45002], [-68.95093, -22.45157]]}, "properties": {"name": "Calle Ollantay", "highway": "residential"}}, {"type": "Feature", "geometry": {"type": "LineString", "coordinates": [[-68.94635, -22.4549], [-68.95002, -22.45507]]}, "properties": {"name": "Vasco de Gama", "highway": "residential"}}, {"type": "Feature", "geometry": {"type": "LineString", "coordinates": [[-68.95005, -22.45514], [-68.94635, -22.45497]]}, "properties": {"name": "Vasco de Gama", "highway": "residential"}}, {"type": "Feature", "geometry": {"type": "LineString", "coordinates": [[-68.94126, -22.44404], [-68.93954, -22.44432]]}, "properties": {"name": "Calama", "highway": "residential"}}, {"type": "Feature", "geometry": {"type": "LineString", "coordinates": [[-68.93963, -22.44316], [-68.93985, -22.44427]]}, "properties": {"name": "Estrella del Norte", "highway": "living_street"}}, {"type": "Feature", "geometry": {"type": "LineString", "coordinates": [[-68.90327, -22.44336], [-68.9037, -22.44329]]}, "properties": {"name": "", "highway": "residential"}}, {"type": "Feature", "geometry": {"type": "LineString", "coordinates": [[-68.92018, -22.46432], [-68.91998, -22.46461], [-68.92035, -22.46471]]}, "properties": {"name": "", "highway": "residential"}}, {"type": "Feature", "geometry": {"type": "LineString", "coordinates": [[-68.94682, -22.44525], [-68.94594, -22.44428]]}, "properties": {"name": "Calle Carlos Díaz Ossa", "highway": "residential"}}, {"type": "Feature", "geometry": {"type": "LineString", "coordinates": [[-68.94819, -22.44911], [-68.94818, -22.44943]]}, "properties": {"name": "Kolke Oriente", "highway": "living_street"}}, {"type": "Feature", "geometry": {"type": "LineString", "coordinates": [[-68.9498, -22.45716], [-68.94788, -22.45701]]}, "properties": {"name": "Pasaje Sol", "highway": "living_street"}}, {"type": "Feature", "geometry": {"type": "LineString", "coordinates": [[-68.94785, -22.45739], [-68.94982, -22.45753]]}, "properties": {"name": "Pasaje Cobre", "highway": "living_street"}}, {"type": "Feature", "geometry": {"type": "LineString", "coordinates": [[-68.9473, -22.45732], [-68.94785, -22.45735]]}, "properties": {"name": "Pasaje Cobre", "highway": "living_street"}}, {"type": "Feature", "geometry": {"type": "LineString", "coordinates": [[-68.95149, -22.45947], [-68.95098, -22.4605]]}, "properties": {"name": "", "highway": "living_street"}}, {"type": "Feature", "geometry": {"type": "LineString", "coordinates": [[-68.9455, -22.46579], [-68.94574, -22.46505]]}, "properties": {"name": "Agreducan", "highway": "residential"}}, {"type": "Feature", "geometry": {"type": "LineString", "coordinates": [[-68.9323, -22.47684], [-68.9325, -22.47621]]}, "properties": {"name": "Platero", "highway": "living_street"}}, {"type": "Feature", "geometry": {"type": "LineString", "coordinates": [[-68.93455, -22.47678], [-68.93505, -22.47524]]}, "properties": {"name": "Colpa", "highway": "living_street"}}, {"type": "Feature", "geometry": {"type": "LineString", "coordinates": [[-68.93436, -22.47431], [-68.93433, -22.47327]]}, "properties": {"name": "Bayo", "highway": "living_street"}}, {"type": "Feature", "geometry": {"type": "LineString", "coordinates": [[-68.93051, -22.47262], [-68.93052, -22.47299]]}, "properties": {"name": "", "highway": "living_street"}}, {"type": "Feature", "geometry": {"type": "LineString", "coordinates": [[-68.92442, -22.47226], [-68.92513, -22.47223]]}, "properties": {"name": "Esmeralda", "highway": "living_street"}}, {"type": "Feature", "geometry": {"type": "LineString", "coordinates": [[-68.93256, -22.48332], [-68.93253, -22.48356]]}, "properties": {"name": "", "highway": "living_street"}}, {"type": "Feature", "geometry": {"type": "LineString", "coordinates": [[-68.93713, -22.47415], [-68.93668, -22.47403]]}, "properties": {"name": "Llantén", "highway": "living_street"}}, {"type": "Feature", "geometry": {"type": "LineString", "coordinates": [[-68.93481, -22.47989], [-68.93419, -22.47973]]}, "properties": {"name": "Colorado", "highway": "living_street"}}, {"type": "Feature", "geometry": {"type": "LineString", "coordinates": [[-68.92314, -22.48271], [-68.92297, -22.48264]]}, "properties": {"name": "", "highway": "residential"}}, {"type": "Feature", "geometry": {"type": "LineString", "coordinates": [[-68.93053, -22.4583], [-68.93041, -22.45862]]}, "properties": {"name": "Pacífico", "highway": "residential"}}, {"type": "Feature", "geometry": {"type": "LineString", "coordinates": [[-68.93092, -22.45686], [-68.9308, -22.45766]]}, "properties": {"name": "Pacífico", "highway": "residential"}}, {"type": "Feature", "geometry": {"type": "LineString", "coordinates": [[-68.92973, -22.45844], [-68.92962, -22.45822]]}, "properties": {"name": "", "highway": "residential"}}, {"type": "Feature", "geometry": {"type": "LineString", "coordinates": [[-68.92924, -22.45457], [-68.92934, -22.45451]]}, "properties": {"name": "Vasco de Gama", "highway": "tertiary"}}, {"type": "Feature", "geometry": {"type": "LineString", "coordinates": [[-68.91857, -22.46175], [-68.91846, -22.46311]]}, "properties": {"name": "Condominio Valle Loa", "highway": "living_street"}}, {"type": "Feature", "geometry": {"type": "LineString", "coordinates": [[-68.91872, -22.46249], [-68.91845, -22.46238]]}, "properties": {"name": "", "highway": "living_street"}}, {"type": "Feature", "geometry": {"type": "LineString", "coordinates": [[-68.91797, -22.4607], [-68.91809, -22.46056]]}, "properties": {"name": "Condominio Bilbao", "highway": "living_street"}}, {"type": "Feature", "geometry": {"type": "LineString", "coordinates": [[-68.92051, -22.45518], [-68.92148, -22.45517]]}, "properties": {"name": "El Roble", "highway": "residential"}}, {"type": "Feature", "geometry": {"type": "LineString", "coordinates": [[-68.91603, -22.45078], [-68.91612, -22.45026]]}, "properties": {"name": "2 Oriente", "highway": "living_street"}}, {"type": "Feature", "geometry": {"type": "LineString", "coordinates": [[-68.91591, -22.44876], [-68.91587, -22.44899]]}, "properties": {"name": "", "highway": "living_street"}}, {"type": "Feature", "geometry": {"type": "LineString", "coordinates": [[-68.91846, -22.46311], [-68.91853, -22.46321]]}, "properties": {"name": "Condominio Valle Loa", "highway": "living_street"}}, {"type": "Feature", "geometry": {"type": "LineString", "coordinates": [[-68.91836, -22.46345], [-68.91838, -22.4631]]}, "properties": {"name": "Condominio Valle Loa", "highway": "living_street"}}, {"type": "Feature", "geometry": {"type": "LineString", "coordinates": [[-68.91847, -22.4633], [-68.91838, -22.46324]]}, "properties": {"name": "Condominio Valle Loa", "highway": "living_street"}}, {"type": "Feature", "geometry": {"type": "LineString", "coordinates": [[-68.93579, -22.44613], [-68.93532, -22.44621]]}, "properties": {"name": "Pasaje Vitacura", "highway": "living_street"}}, {"type": "Feature", "geometry": {"type": "LineString", "coordinates": [[-68.93836, -22.44294], [-68.93873, -22.44288]]}, "properties": {"name": "Pasaje Los Minerales", "highway": "living_street"}}, {"type": "Feature", "geometry": {"type": "LineString", "coordinates": [[-68.93568, -22.44301], [-68.93511, -22.44312]]}, "properties": {"name": "Pasaje Malaquita", "highway": "living_street"}}, {"type": "Feature", "geometry": {"type": "LineString", "coordinates": [[-68.93136, -22.43644], [-68.93146, -22.43697]]}, "properties": {"name": "Mejillones", "highway": "residential"}}, {"type": "Feature", "geometry": {"type": "LineString", "coordinates": [[-68.93816, -22.44486], [-68.93796, -22.44491]]}, "properties": {"name": "Los Molinos", "highway": "living_street"}}, {"type": "Feature", "geometry": {"type": "LineString", "coordinates": [[-68.93737, -22.44504], [-68.93717, -22.44508]]}, "properties": {"name": "Los Molinos", "highway": "living_street"}}, {"type": "Feature", "geometry": {"type": "LineString", "coordinates": [[-68.94721, -22.4584], [-68.94745, -22.45842]]}, "properties": {"name": "Nazareth Sur", "highway": "living_street"}}, {"type": "Feature", "geometry": {"type": "LineString", "coordinates": [[-68.94722, -22.45824], [-68.94746, -22.45826]]}, "properties": {"name": "Nazareth Norte", "highway": "living_street"}}, {"type": "Feature", "geometry": {"type": "LineString", "coordinates": [[-68.94748, -22.45807], [-68.94743, -22.4586]]}, "properties": {"name": "Rupanco Interior", "highway": "living_street"}}, {"type": "Feature", "geometry": {"type": "LineString", "coordinates": [[-68.93669, -22.46854], [-68.93612, -22.46856]]}, "properties": {"name": "Cerro Jardín", "highway": "living_street"}}, {"type": "Feature", "geometry": {"type": "LineString", "coordinates": [[-68.93613, -22.4686], [-68.93571, -22.46848]]}, "properties": {"name": "Cerro Jardín", "highway": "living_street"}}, {"type": "Feature", "geometry": {"type": "LineString", "coordinates": [[-68.94584, -22.44941], [-68.94551, -22.4494]]}, "properties": {"name": "Pillan Apu", "highway": "living_street"}}, {"type": "Feature", "geometry": {"type": "LineString", "coordinates": [[-68.92945, -22.47884], [-68.92978, -22.47896]]}, "properties": {"name": "Quemazón", "highway": "residential"}}, {"type": "Feature", "geometry": {"type": "LineString", "coordinates": [[-68.9293, -22.47865], [-68.92945, -22.47884]]}, "properties": {"name": "Quemazón", "highway": "residential"}}, {"type": "Feature", "geometry": {"type": "LineString", "coordinates": [[-68.92502, -22.47378], [-68.92506, -22.47337]]}, "properties": {"name": "Almirante Latorre", "highway": "residential"}}, {"type": "Feature", "geometry": {"type": "LineString", "coordinates": [[-68.93593, -22.47426], [-68.937, -22.47456]]}, "properties": {"name": "Santiago", "highway": "residential"}}, {"type": "Feature", "geometry": {"type": "LineString", "coordinates": [[-68.93044, -22.47541], [-68.93055, -22.47541]]}, "properties": {"name": "Turi", "highway": "residential"}}, {"type": "Feature", "geometry": {"type": "LineString", "coordinates": [[-68.92931, -22.47904], [-68.93074, -22.47441]]}, "properties": {"name": "Avenida Grecia", "highway": "secondary"}}, {"type": "Feature", "geometry": {"type": "LineString", "coordinates": [[-68.93085, -22.47441], [-68.92941, -22.47898]]}, "properties": {"name": "Avenida Grecia", "highway": "secondary"}}, {"type": "Feature", "geometry": {"type": "LineString", "coordinates": [[-68.92348, -22.4733], [-68.92326, -22.47331]]}, "properties": {"name": "", "highway": "living_street"}}, {"type": "Feature", "geometry": {"type": "LineString", "coordinates": [[-68.92433, -22.47298], [-68.92436, -22.47289]]}, "properties": {"name": "", "highway": "living_street"}}, {"type": "Feature", "geometry": {"type": "LineString", "coordinates": [[-68.92542, -22.47781], [-68.92474, -22.4779]]}, "properties": {"name": "Piedras Grandes", "highway": "residential"}}, {"type": "Feature", "geometry": {"type": "LineString", "coordinates": [[-68.91942, -22.43298], [-68.91914, -22.43311], [-68.91926, -22.43375]]}, "properties": {"name": "Portezuelo del Inca", "highway": "living_street"}}, {"type": "Feature", "geometry": {"type": "LineString", "coordinates": [[-68.91759, -22.43338], [-68.91773, -22.43402]]}, "properties": {"name": "Sierra Gorda", "highway": "living_street"}}, {"type": "Feature", "geometry": {"type": "LineString", "coordinates": [[-68.91836, -22.43318], [-68.91849, -22.43388]]}, "properties": {"name": "Salar del Carmen", "highway": "living_street"}}, {"type": "Feature", "geometry": {"type": "LineString", "coordinates": [[-68.91418, -22.45706], [-68.91386, -22.45695]]}, "properties": {"name": "Pasaje 1", "highway": "living_street"}}, {"type": "Feature", "geometry": {"type": "LineString", "coordinates": [[-68.97887, -22.48459], [-68.98162, -22.4852]]}, "properties": {"name": "", "highway": "residential"}}, {"type": "Feature", "geometry": {"type": "LineString", "coordinates": [[-68.92258, -22.45758], [-68.92248, -22.45706]]}, "properties": {"name": "Balmaceda", "highway": "primary"}}, {"type": "Feature", "geometry": {"type": "LineString", "coordinates": [[-68.95717, -22.50283], [-68.95702, -22.50241]]}, "properties": {"name": "", "highway": "unclassified"}}, {"type": "Feature", "geometry": {"type": "LineString", "coordinates": [[-68.95717, -22.50283], [-68.95945, -22.50616]]}, "properties": {"name": "", "highway": "unclassified"}}, {"type": "Feature", "geometry": {"type": "LineString", "coordinates": [[-68.92206, -22.44055], [-68.92215, -22.44092]]}, "properties": {"name": "", "highway": "living_street"}}, {"type": "Feature", "geometry": {"type": "LineString", "coordinates": [[-68.92211, -22.4404], [-68.92203, -22.44]]}, "properties": {"name": "", "highway": "living_street"}}, {"type": "Feature", "geometry": {"type": "LineString", "coordinates": [[-68.91891, -22.44426], [-68.91873, -22.44353]]}, "properties": {"name": "Avenida Balmaceda", "highway": "primary"}}, {"type": "Feature", "geometry": {"type": "LineString", "coordinates": [[-68.91987, -22.4477], [-68.91891, -22.44426]]}, "properties": {"name": "Avenida Balmaceda", "highway": "primary"}}, {"type": "Feature", "geometry": {"type": "LineString", "coordinates": [[-68.91113, -22.44521], [-68.90982, -22.44497]]}, "properties": {"name": "Almirante Grau", "highway": "tertiary"}}, {"type": "Feature", "geometry": {"type": "LineString", "coordinates": [[-68.90628, -22.44408], [-68.90626, -22.44417]]}, "properties": {"name": "La Pampa", "highway": "tertiary"}}, {"type": "Feature", "geometry": {"type": "LineString", "coordinates": [[-68.90687, -22.44429], [-68.90626, -22.44417]]}, "properties": {"name": "Almirante Grau", "highway": "primary"}}, {"type": "Feature", "geometry": {"type": "LineString", "coordinates": [[-68.90626, -22.44417], [-68.90344, -22.44361]]}, "properties": {"name": "Almirante Grau", "highway": "primary"}}, {"type": "Feature", "geometry": {"type": "LineString", "coordinates": [[-68.90626, -22.44417], [-68.90624, -22.44426]]}, "properties": {"name": "La Pampa", "highway": "tertiary"}}, {"type": "Feature", "geometry": {"type": "LineString", "coordinates": [[-68.90686, -22.44438], [-68.90624, -22.44426]]}, "properties": {"name": "Almirante Grau", "highway": "tertiary"}}, {"type": "Feature", "geometry": {"type": "LineString", "coordinates": [[-68.90982, -22.44497], [-68.90686, -22.44438]]}, "properties": {"name": "Almirante Grau", "highway": "tertiary"}}, {"type": "Feature", "geometry": {"type": "LineString", "coordinates": [[-68.91689, -22.43347], [-68.9173, -22.4334]]}, "properties": {"name": "Pampa Unión", "highway": "living_street"}}, {"type": "Feature", "geometry": {"type": "LineString", "coordinates": [[-68.91809, -22.46371], [-68.91817, -22.46375]]}, "properties": {"name": "Condominio Quinta el Bosque", "highway": "living_street"}}, {"type": "Feature", "geometry": {"type": "LineString", "coordinates": [[-68.91243, -22.45672], [-68.91247, -22.45663]]}, "properties": {"name": "Condominio Bilbao 2", "highway": "living_street"}}, {"type": "Feature", "geometry": {"type": "LineString", "coordinates": [[-68.91486, -22.45486], [-68.91484, -22.45528]]}, "properties": {"name": "Los Sauces", "highway": "residential"}}, {"type": "Feature", "geometry": {"type": "LineString", "coordinates": [[-68.91422, -22.45708], [-68.91418, -22.45706]]}, "properties": {"name": "Pasaje 1", "highway": "living_street"}}, {"type": "Feature", "geometry": {"type": "LineString", "coordinates": [[-68.9084, -22.48064], [-68.90825, -22.48051]]}, "properties": {"name": "Avenida Circunvalación", "highway": "trunk"}}, {"type": "Feature", "geometry": {"type": "LineString", "coordinates": [[-68.90826, -22.48038], [-68.90838, -22.48048]]}, "properties": {"name": "Avenida Circunvalación", "highway": "trunk"}}, {"type": "Feature", "geometry": {"type": "LineString", "coordinates": [[-68.90602, -22.47843], [-68.90826, -22.48038]]}, "properties": {"name": "Avenida Circunvalación", "highway": "trunk"}}, {"type": "Feature", "geometry": {"type": "LineString", "coordinates": [[-68.90825, -22.48051], [-68.90694, -22.47937]]}, "properties": {"name": "Avenida Circunvalación", "highway": "trunk"}}, {"type": "Feature", "geometry": {"type": "LineString", "coordinates": [[-68.89927, -22.47177], [-68.89908, -22.47126]]}, "properties": {"name": "Avenida Circunvalación", "highway": "trunk"}}, {"type": "Feature", "geometry": {"type": "LineString", "coordinates": [[-68.91849, -22.4893], [-68.91895, -22.4897]]}, "properties": {"name": "Avenida Circunvalación", "highway": "trunk"}}, {"type": "Feature", "geometry": {"type": "LineString", "coordinates": [[-68.91895, -22.4897], [-68.92053, -22.49109]]}, "properties": {"name": "Avenida Circunvalación", "highway": "trunk"}}, {"type": "Feature", "geometry": {"type": "LineString", "coordinates": [[-68.91801, -22.48669], [-68.91841, -22.48628]]}, "properties": {"name": "Pasaje El Alicanto", "highway": "residential"}}, {"type": "Feature", "geometry": {"type": "LineString", "coordinates": [[-68.90694, -22.47937], [-68.90639, -22.47889]]}, "properties": {"name": "Avenida Circunvalación", "highway": "trunk"}}, {"type": "Feature", "geometry": {"type": "LineString", "coordinates": [[-68.97546, -22.4667], [-68.97582, -22.46576]]}, "properties": {"name": "", "highway": "residential"}}, {"type": "Feature", "geometry": {"type": "LineString", "coordinates": [[-68.97683, -22.46727], [-68.97735, -22.46593]]}, "properties": {"name": "", "highway": "residential"}}, {"type": "Feature", "geometry": {"type": "LineString", "coordinates": [[-68.97653, -22.4682], [-68.97691, -22.46731]]}, "properties": {"name": "", "highway": "residential"}}, {"type": "Feature", "geometry": {"type": "LineString", "coordinates": [[-68.93557, -22.44499], [-68.93455, -22.44516]]}, "properties": {"name": "", "highway": "living_street"}}, {"type": "Feature", "geometry": {"type": "LineString", "coordinates": [[-68.93189, -22.45149], [-68.93215, -22.45322]]}, "properties": {"name": "Colombia", "highway": "residential"}}, {"type": "Feature", "geometry": {"type": "LineString", "coordinates": [[-68.92899, -22.44501], [-68.92938, -22.44696]]}, "properties": {"name": "Brasil", "highway": "residential"}}, {"type": "Feature", "geometry": {"type": "LineString", "coordinates": [[-68.95159, -22.45924], [-68.95149, -22.45947]]}, "properties": {"name": "Pasaje Pantano", "highway": "living_street"}}, {"type": "Feature", "geometry": {"type": "LineString", "coordinates": [[-68.90769, -22.45251], [-68.90738, -22.45233]]}, "properties": {"name": "Avenida Los Chorrillos", "highway": "tertiary"}}, {"type": "Feature", "geometry": {"type": "LineString", "coordinates": [[-68.91104, -22.45308], [-68.91462, -22.45353]]}, "properties": {"name": "Avenida Los Chorrillos", "highway": "tertiary"}}, {"type": "Feature", "geometry": {"type": "LineString", "coordinates": [[-68.91442, -22.45358], [-68.91102, -22.45318]]}, "properties": {"name": "Avenida Los Chorrillos", "highway": "tertiary"}}, {"type": "Feature", "geometry": {"type": "LineString", "coordinates": [[-68.92822, -22.44514], [-68.92794, -22.44374]]}, "properties": {"name": "Argentina", "highway": "residential"}}, {"type": "Feature", "geometry": {"type": "LineString", "coordinates": [[-68.9348, -22.46517], [-68.93415, -22.46509]]}, "properties": {"name": "Volcán Santa Rosa Sur", "highway": "living_street"}}, {"type": "Feature", "geometry": {"type": "LineString", "coordinates": [[-68.93963, -22.44316], [-68.94002, -22.44291], [-68.941, -22.44274]]}, "properties": {"name": "Avenida Arturo Prat", "highway": "residential"}}, {"type": "Feature", "geometry": {"type": "LineString", "coordinates": [[-68.941, -22.44274], [-68.94277, -22.44259]]}, "properties": {"name": "Avenida Arturo Prat", "highway": "residential"}}, {"type": "Feature", "geometry": {"type": "LineString", "coordinates": [[-68.93175, -22.46772], [-68.92989, -22.467]]}, "properties": {"name": "Cobija", "highway": "secondary"}}, {"type": "Feature", "geometry": {"type": "LineString", "coordinates": [[-68.93351, -22.46826], [-68.93175, -22.46772]]}, "properties": {"name": "Cobija", "highway": "secondary"}}, {"type": "Feature", "geometry": {"type": "LineString", "coordinates": [[-68.93353, -22.46283], [-68.93328, -22.46661]]}, "properties": {"name": "Avenida Grecia", "highway": "secondary"}}, {"type": "Feature", "geometry": {"type": "LineString", "coordinates": [[-68.9332, -22.46658], [-68.93345, -22.46283]]}, "properties": {"name": "Avenida Grecia", "highway": "secondary"}}, {"type": "Feature", "geometry": {"type": "LineString", "coordinates": [[-68.93059, -22.46352], [-68.93339, -22.46367]]}, "properties": {"name": "Vicuña Mackenna", "highway": "tertiary"}}, {"type": "Feature", "geometry": {"type": "LineString", "coordinates": [[-68.93339, -22.46367], [-68.93502, -22.46378]]}, "properties": {"name": "Vicuña Mackenna", "highway": "tertiary"}}, {"type": "Feature", "geometry": {"type": "LineString", "coordinates": [[-68.93343, -22.4622], [-68.93353, -22.46283]]}, "properties": {"name": "Avenida Grecia", "highway": "secondary"}}, {"type": "Feature", "geometry": {"type": "LineString", "coordinates": [[-68.93345, -22.46283], [-68.93337, -22.4622]]}, "properties": {"name": "Avenida Grecia", "highway": "secondary"}}, {"type": "Feature", "geometry": {"type": "LineString", "coordinates": [[-68.93347, -22.46116], [-68.93343, -22.4622]]}, "properties": {"name": "Avenida Grecia", "highway": "secondary"}}, {"type": "Feature", "geometry": {"type": "LineString", "coordinates": [[-68.93373, -22.45613], [-68.93347, -22.46116]]}, "properties": {"name": "Avenida Grecia", "highway": "secondary"}}, {"type": "Feature", "geometry": {"type": "LineString", "coordinates": [[-68.93339, -22.46166], [-68.9334, -22.46115]]}, "properties": {"name": "Avenida Grecia", "highway": "secondary"}}, {"type": "Feature", "geometry": {"type": "LineString", "coordinates": [[-68.93088, -22.43868], [-68.93368, -22.45247], [-68.93373, -22.45613]]}, "properties": {"name": "Avenida Grecia", "highway": "secondary"}}, {"type": "Feature", "geometry": {"type": "LineString", "coordinates": [[-68.9334, -22.46115], [-68.93366, -22.45614]]}, "properties": {"name": "Avenida Grecia", "highway": "secondary"}}, {"type": "Feature", "geometry": {"type": "LineString", "coordinates": [[-68.93347, -22.46116], [-68.92959, -22.46094]]}, "properties": {"name": "Vargas", "highway": "tertiary"}}, {"type": "Feature", "geometry": {"type": "LineString", "coordinates": [[-68.92554, -22.46329], [-68.92569, -22.46198]]}, "properties": {"name": "Almirante Latorre", "highway": "primary"}}, {"type": "Feature", "geometry": {"type": "LineString", "coordinates": [[-68.9261, -22.46674], [-68.92658, -22.46539]]}, "properties": {"name": "Abaroa", "highway": "tertiary"}}, {"type": "Feature", "geometry": {"type": "LineString", "coordinates": [[-68.93148, -22.4821], [-68.93143, -22.48207]]}, "properties": {"name": "Leonardo da Vinci", "highway": "living_street"}}, {"type": "Feature", "geometry": {"type": "LineString", "coordinates": [[-68.9169, -22.43332], [-68.91727, -22.43325]]}, "properties": {"name": "", "highway": "living_street"}}, {"type": "Feature", "geometry": {"type": "LineString", "coordinates": [[-68.91828, -22.45634], [-68.91832, -22.45626]]}, "properties": {"name": "Condominio San José de El Abra", "highway": "living_street"}}, {"type": "Feature", "geometry": {"type": "LineString", "coordinates": [[-68.91841, -22.45638], [-68.91838, -22.45646]]}, "properties": {"name": "Calcopirita", "highway": "living_street"}}, {"type": "Feature", "geometry": {"type": "LineString", "coordinates": [[-68.91843, -22.45632], [-68.91841, -22.45638]]}, "properties": {"name": "Calcopirita", "highway": "living_street"}}, {"type": "Feature", "geometry": {"type": "LineString", "coordinates": [[-68.87327, -22.4377], [-68.87173, -22.43745]]}, "properties": {"name": "Ruta 21 CH", "highway": "trunk"}}, {"type": "Feature", "geometry": {"type": "LineString", "coordinates": [[-68.87078, -22.4372], [-68.87327, -22.4377]]}, "properties": {"name": "Ruta 21 CH", "highway": "trunk"}}, {"type": "Feature", "geometry": {"type": "LineString", "coordinates": [[-68.94338, -22.46438], [-68.94329, -22.46413]]}, "properties": {"name": "Agretrans", "highway": "residential"}}, {"type": "Feature", "geometry": {"type": "LineString", "coordinates": [[-68.92485, -22.49], [-68.92541, -22.48998]]}, "properties": {"name": "", "highway": "unclassified"}}, {"type": "Feature", "geometry": {"type": "LineString", "coordinates": [[-68.9248, -22.49028], [-68.92557, -22.49007]]}, "properties": {"name": "", "highway": "unclassified"}}, {"type": "Feature", "geometry": {"type": "LineString", "coordinates": [[-68.91813, -22.46874], [-68.91855, -22.46832], [-68.91945, -22.4686], [-68.92002, -22.46964]]}, "properties": {"name": "", "highway": "residential"}}, {"type": "Feature", "geometry": {"type": "LineString", "coordinates": [[-68.92407, -22.46909], [-68.92415, -22.46838]]}, "properties": {"name": "", "highway": "residential"}}, {"type": "Feature", "geometry": {"type": "LineString", "coordinates": [[-68.92403, -22.46833], [-68.92382, -22.46923]]}, "properties": {"name": "", "highway": "residential"}}, {"type": "Feature", "geometry": {"type": "LineString", "coordinates": [[-68.92515, -22.43404], [-68.92505, -22.43351]]}, "properties": {"name": "Avenida Granaderos", "highway": "living_street"}}, {"type": "Feature", "geometry": {"type": "LineString", "coordinates": [[-68.92515, -22.43404], [-68.92529, -22.43473]]}, "properties": {"name": "Avenida Granaderos", "highway": "living_street"}}, {"type": "Feature", "geometry": {"type": "LineString", "coordinates": [[-68.91692, -22.48366], [-68.91573, -22.48306]]}, "properties": {"name": "", "highway": "residential"}}, {"type": "Feature", "geometry": {"type": "LineString", "coordinates": [[-68.89778, -22.43732], [-68.90346, -22.4385]]}, "properties": {"name": "Francisco Martinic", "highway": "residential"}}, {"type": "Feature", "geometry": {"type": "LineString", "coordinates": [[-68.90346, -22.4385], [-68.90483, -22.43875], [-68.90579, -22.4381], [-68.90666, -22.43877]]}, "properties": {"name": "Francisco Martinic", "highway": "residential"}}, {"type": "Feature", "geometry": {"type": "LineString", "coordinates": [[-68.90656, -22.43886], [-68.9062, -22.43851], [-68.90515, -22.43885], [-68.90346, -22.4385]]}, "properties": {"name": "Francisco Martinic", "highway": "residential"}}, {"type": "Feature", "geometry": {"type": "LineString", "coordinates": [[-68.94537, -22.45143], [-68.94525, -22.45307]]}, "properties": {"name": "Arauco", "highway": "residential"}}, {"type": "Feature", "geometry": {"type": "LineString", "coordinates": [[-68.94505, -22.45633], [-68.9446, -22.46302]]}, "properties": {"name": "Arauco", "highway": "residential"}}, {"type": "Feature", "geometry": {"type": "LineString", "coordinates": [[-68.94523, -22.45349], [-68.94524, -22.45318]]}, "properties": {"name": "Arauco", "highway": "residential"}}, {"type": "Feature", "geometry": {"type": "LineString", "coordinates": [[-68.94505, -22.45633], [-68.94523, -22.45349]]}, "properties": {"name": "Arauco", "highway": "residential"}}, {"type": "Feature", "geometry": {"type": "LineString", "coordinates": [[-68.94586, -22.45488], [-68.9459, -22.45399]]}, "properties": {"name": "Antuco", "highway": "residential"}}], "_meta": {"ciudad": "calama", "fuente": "OpenStreetMap (ODbL)"}}