{"type": "FeatureCollection", "features": [{"type": "Feature", "geometry": {"type": "LineString", "coordinates": [[-70.2055, -22.09541], [-70.20639, -22.09435]]}, "properties": {"name": "San Martín", "highway": "tertiary"}}, {"type": "Feature", "geometry": {"type": "LineString", "coordinates": [[-70.19374, -22.08442], [-70.19566, -22.08423]]}, "properties": {"name": "5° Poniente", "highway": "residential"}}, {"type": "Feature", "geometry": {"type": "LineString", "coordinates": [[-70.18823, -22.08892], [-70.18853, -22.08885], [-70.18923, -22.0881]]}, "properties": {"name": "Teniente Uribe", "highway": "residential"}}, {"type": "Feature", "geometry": {"type": "LineString", "coordinates": [[-70.19307, -22.08728], [-70.19306, -22.0871]]}, "properties": {"name": "Luis Cruz Martínez", "highway": "residential"}}, {"type": "Feature", "geometry": {"type": "LineString", "coordinates": [[-70.18316, -22.08275], [-70.18351, -22.08397]]}, "properties": {"name": "Pasaje Las Rosas", "highway": "living_street"}}, {"type": "Feature", "geometry": {"type": "LineString", "coordinates": [[-70.18239, -22.08341], [-70.18332, -22.08342]]}, "properties": {"name": "Las Dalias", "highway": "residential"}}, {"type": "Feature", "geometry": {"type": "LineString", "coordinates": [[-70.19445, -22.08253], [-70.19499, -22.0881]]}, "properties": {"name": "Ignacio Carrera Pinto", "highway": "residential"}}, {"type": "Feature", "geometry": {"type": "LineString", "coordinates": [[-70.19194, -22.08182], [-70.18953, -22.07987]]}, "properties": {"name": "Iquique", "highway": "residential"}}, {"type": "Feature", "geometry": {"type": "LineString", "coordinates": [[-70.18464, -22.08198], [-70.18382, -22.08244]]}, "properties": {"name": "Ruta 24", "highway": "trunk"}}, {"type": "Feature", "geometry": {"type": "LineString", "coordinates": [[-70.18464, -22.08198], [-70.18585, -22.08118], [-70.18643, -22.08053], [-70.18674, -22.0797], [-70.18697, -22.0783], [-70.1875, -22.07744], [-70.18997, -22.07543], [-70.1911, -22.07493]]}, "properties": {"name": "Ruta 24", "highway": "trunk"}}, {"type": "Feature", "geometry": {"type": "LineString", "coordinates": [[-70.18345, -22.08387], [-70.18239, -22.08386], [-70.18243, -22.08292], [-70.18448, -22.08288]]}, "properties": {"name": "Pasaje Las Lilas", "highway": "residential"}}, {"type": "Feature", "geometry": {"type": "LineString", "coordinates": [[-70.19033, -22.07922], [-70.18856, -22.08069], [-70.18721, -22.08204]]}, "properties": {"name": "Miraflores", "highway": "residential"}}, {"type": "Feature", "geometry": {"type": "LineString", "coordinates": [[-70.18484, -22.08316], [-70.18518, -22.08429]]}, "properties": {"name": "Pasaje Rebolledo", "highway": "living_street"}}, {"type": "Feature", "geometry": {"type": "LineString", "coordinates": [[-70.18387, -22.08341], [-70.185, -22.08312]]}, "properties": {"name": "11 de Septiembre", "highway": "residential"}}, {"type": "Feature", "geometry": {"type": "LineString", "coordinates": [[-70.19409, -22.08763], [-70.19596, -22.08863]]}, "properties": {"name": "18 de Septiembre", "highway": "primary"}}, {"type": "Feature", "geometry": {"type": "LineString", "coordinates": [[-70.19411, -22.08781], [-70.19155, -22.09057]]}, "properties": {"name": "Santa Rosa", "highway": "residential"}}, {"type": "Feature", "geometry": {"type": "LineString", "coordinates": [[-70.18996, -22.08936], [-70.1898, -22.08913], [-70.19219, -22.08656], [-70.19208, -22.08504]]}, "properties": {"name": "Dolores", "highway": "residential"}}, {"type": "Feature", "geometry": {"type": "LineString", "coordinates": [[-70.18648, -22.08284], [-70.19143, -22.08537]]}, "properties": {"name": "3° Poniente", "highway": "residential"}}, {"type": "Feature", "geometry": {"type": "LineString", "coordinates": [[-70.18534, -22.08568], [-70.18616, -22.08485]]}, "properties": {"name": "Chorrillos", "highway": "residential"}}, {"type": "Feature", "geometry": {"type": "LineString", "coordinates": [[-70.19093, -22.08394], [-70.19108, -22.08388], [-70.19223, -22.08472], [-70.19384, -22.08541]]}, "properties": {"name": "Alexis Sánchez", "highway": "tertiary"}}, {"type": "Feature", "geometry": {"type": "LineString", "coordinates": [[-70.21224, -22.11109], [-70.21216, -22.11232]]}, "properties": {"name": "Avenida Arturo Prat", "highway": "trunk"}}, {"type": "Feature", "geometry": {"type": "LineString", "coordinates": [[-70.21368, -22.11535], [-70.21353, -22.11511]]}, "properties": {"name": "Avenida Arturo Prat", "highway": "trunk"}}, {"type": "Feature", "geometry": {"type": "LineString", "coordinates": [[-70.2062, -22.09609], [-70.20549, -22.09687]]}, "properties": {"name": "Sargento Aldea", "highway": "tertiary"}}, {"type": "Feature", "geometry": {"type": "LineString", "coordinates": [[-70.2005, -22.09079], [-70.20208, -22.09201], [-70.20257, -22.09289], [-70.20319, -22.09337]]}, "properties": {"name": "Barros Arana", "highway": "tertiary"}}, {"type": "Feature", "geometry": {"type": "LineString", "coordinates": [[-70.18943, -22.08618], [-70.1921, -22.08834]]}, "properties": {"name": "Pasaje Sucre", "highway": "residential"}}, {"type": "Feature", "geometry": {"type": "LineString", "coordinates": [[-70.19117, -22.08432], [-70.18738, -22.08839]]}, "properties": {"name": "Gómez Carreño", "highway": "residential"}}, {"type": "Feature", "geometry": {"type": "LineString", "coordinates": [[-70.1941, -22.07949], [-70.19264, -22.08107]]}, "properties": {"name": "Almirante Riveros", "highway": "residential"}}, {"type": "Feature", "geometry": {"type": "LineString", "coordinates": [[-70.19339, -22.07884], [-70.19263, -22.07963]]}, "properties": {"name": "Orella", "highway": "residential"}}, {"type": "Feature", "geometry": {"type": "LineString", "coordinates": [[-70.194, -22.09126], [-70.18701, -22.08555]]}, "properties": {"name": "Pasaje Matta", "highway": "residential"}}, {"type": "Feature", "geometry": {"type": "LineString", "coordinates": [[-70.19066, -22.0899], [-70.19307, -22.08728]]}, "properties": {"name": "Del Rosario", "highway": "residential"}}, {"type": "Feature", "geometry": {"type": "LineString", "coordinates": [[-70.1898, -22.08579], [-70.19244, -22.08797]]}, "properties": {"name": "Sucre", "highway": "residential"}}, {"type": "Feature", "geometry": {"type": "LineString", "coordinates": [[-70.19588, -22.0891], [-70.19411, -22.08781]]}, "properties": {"name": "18 de Septiembre", "highway": "primary"}}, {"type": "Feature", "geometry": {"type": "LineString", "coordinates": [[-70.18441, -22.08327], [-70.18472, -22.08439]]}, "properties": {"name": "Esmeralda", "highway": "residential"}}, {"type": "Feature", "geometry": {"type": "LineString", "coordinates": [[-70.19513, -22.08819], [-70.19237, -22.09132]]}, "properties": {"name": "Carrera", "highway": "residential"}}, {"type": "Feature", "geometry": {"type": "LineString", "coordinates": [[-70.19329, -22.09205], [-70.1943, -22.09089]]}, "properties": {"name": "O'Higgins", "highway": "residential"}}, {"type": "Feature", "geometry": {"type": "LineString", "coordinates": [[-70.19612, -22.08858], [-70.19622, -22.08876], [-70.19603, -22.08885], [-70.19594, -22.08867], [-70.19612, -22.08858]]}, "properties": {"name": "Teniente Merino", "highway": "trunk"}}, {"type": "Feature", "geometry": {"type": "LineString", "coordinates": [[-70.19411, -22.08781], [-70.19204, -22.08674]]}, "properties": {"name": "18 de Septiembre", "highway": "primary"}}, {"type": "Feature", "geometry": {"type": "LineString", "coordinates": [[-70.20105, -22.09186], [-70.20029, -22.09266]]}, "properties": {"name": "Colón", "highway": "secondary"}}, {"type": "Feature", "geometry": {"type": "LineString", "coordinates": [[-70.1902, -22.08955], [-70.19501, -22.09349]]}, "properties": {"name": "Pasaje Esmeralda", "highway": "residential"}}, {"type": "Feature", "geometry": {"type": "LineString", "coordinates": [[-70.20185, -22.09713], [-70.20037, -22.09589]]}, "properties": {"name": "Guillermo Matta", "highway": "residential"}}, {"type": "Feature", "geometry": {"type": "LineString", "coordinates": [[-70.20281, -22.09331], [-70.20037, -22.09589]]}, "properties": {"name": "Bolívar", "highway": "tertiary"}}, {"type": "Feature", "geometry": {"type": "LineString", "coordinates": [[-70.20216, -22.09568], [-70.20369, -22.09403]]}, "properties": {"name": "Baquedano", "highway": "residential"}}, {"type": "Feature", "geometry": {"type": "LineString", "coordinates": [[-70.20185, -22.09713], [-70.20129, -22.09734], [-70.20134, -22.09777], [-70.20096, -22.09796], [-70.19855, -22.09729], [-70.19807, -22.09704], [-70.20009, -22.09882], [-70.1985, -22.09828], [-70.19705, -22.09757], [-70.19558, -22.09751], [-70.19507, -22.0986], [-70.19476, -22.09999], [-70.19496, -22.10175], [-70.19493, -22.10353], [-70.1947, -22.10457], [-70.19417, -22.10565], [-70.19353, -22.10653], [-70.19288, -22.1082], [-70.19103, -22.11067], [-70.18999, -22.1126], [-70.18934, -22.11425], [-70.18848, -22.11531], [-70.18841, -22.11653], [-70.18763, -22.11689], [-70.18749, -22.11709], [-70.18752, -22.1177], [-70.18715, -22.11861], [-70.187, -22.11944], [-70.18718, -22.12071], [-70.18788, -22.12265], [-70.18796, -22.12326], [-70.18767, -22.12576], [-70.18743, -22.12648], [-70.18709, -22.12672], [-70.18653, -22.12791], [-70.18465, -22.13002], [-70.18318, -22.13219], [-70.18196, -22.13317], [-70.1797, -22.13597], [-70.17864, -22.13674], [-70.17622, -22.13936], [-70.17491, -22.14051], [-70.17404, -22.14256], [-70.17243, -22.14447], [-70.17257, -22.1451], [-70.17366, -22.14648], [-70.17494, -22.15057], [-70.17691, -22.15414], [-70.17732, -22.15601], [-70.17716, -22.15648], [-70.17567, -22.15784], [-70.17491, -22.15918], [-70.17447, -22.16116], [-70.17471, -22.16258], [-70.17463, -22.16335], [-70.17436, -22.16415], [-70.17371, -22.16504]]}, "properties": {"name": "Ruta B-160", "highway": "tertiary"}}, {"type": "Feature", "geometry": {"type": "LineString", "coordinates": [[-70.21127, -22.1073], [-70.21229, -22.10619]]}, "properties": {"name": "Lynch", "highway": "residential"}}, {"type": "Feature", "geometry": {"type": "LineString", "coordinates": [[-70.21228, -22.10776], [-70.2129, -22.10712]]}, "properties": {"name": "Thompson", "highway": "residential"}}, {"type": "Feature", "geometry": {"type": "LineString", "coordinates": [[-70.21143, -22.11116], [-70.20969, -22.11141]]}, "properties": {"name": "Rancagua", "highway": "residential"}}, {"type": "Feature", "geometry": {"type": "LineString", "coordinates": [[-70.21231, -22.10605], [-70.21315, -22.10432]]}, "properties": {"name": "Pasaje Combate Casma", "highway": "residential"}}, {"type": "Feature", "geometry": {"type": "LineString", "coordinates": [[-70.21331, -22.10805], [-70.21211, -22.10712], [-70.21181, -22.10671]]}, "properties": {"name": "Combate Casma", "highway": "residential"}}, {"type": "Feature", "geometry": {"type": "LineString", "coordinates": [[-70.19384, -22.08541], [-70.19364, -22.0834]]}, "properties": {"name": "Julio Montt Salamanca", "highway": "residential"}}, {"type": "Feature", "geometry": {"type": "LineString", "coordinates": [[-70.19093, -22.08394], [-70.19113, -22.08416], [-70.19165, -22.08655]]}, "properties": {"name": "Pasaje Placilla Sur", "highway": "residential"}}, {"type": "Feature", "geometry": {"type": "LineString", "coordinates": [[-70.19264, -22.08107], [-70.19445, -22.08253]]}, "properties": {"name": "7 Poniente", "highway": "residential"}}, {"type": "Feature", "geometry": {"type": "LineString", "coordinates": [[-70.2132, -22.09976], [-70.21303, -22.0994], [-70.21299, -22.09842], [-70.21325, -22.09809], [-70.21424, -22.09751]]}, "properties": {"name": "", "highway": "service"}}, {"type": "Feature", "geometry": {"type": "LineString", "coordinates": [[-70.19182, -22.08698], [-70.19285, -22.08752]]}, "properties": {"name": "Pasaje 39", "highway": "residential"}}, {"type": "Feature", "geometry": {"type": "LineString", "coordinates": [[-70.19247, -22.07891], [-70.19296, -22.07929]]}, "properties": {"name": "Pasaje Ejército", "highway": "living_street"}}, {"type": "Feature", "geometry": {"type": "LineString", "coordinates": [[-70.19339, -22.07884], [-70.19319, -22.07828], [-70.19268, -22.07787]]}, "properties": {"name": "Pasaje Teniente Merino", "highway": "living_street"}}, {"type": "Feature", "geometry": {"type": "LineString", "coordinates": [[-70.19406, -22.08295], [-70.19228, -22.08146]]}, "properties": {"name": "Las Brisas", "highway": "residential"}}, {"type": "Feature", "geometry": {"type": "LineString", "coordinates": [[-70.18865, -22.08061], [-70.1912, -22.08262]]}, "properties": {"name": "Isabel Riquelme", "highway": "residential"}}, {"type": "Feature", "geometry": {"type": "LineString", "coordinates": [[-70.18721, -22.08204], [-70.18932, -22.08312]]}, "properties": {"name": "Pasaje Orella", "highway": "residential"}}, {"type": "Feature", "geometry": {"type": "LineString", "coordinates": [[-70.18525, -22.08292], [-70.18548, -22.08273], [-70.18829, -22.0842]]}, "properties": {"name": "Pasaje Lautaro", "highway": "residential"}}, {"type": "Feature", "geometry": {"type": "LineString", "coordinates": [[-70.19273, -22.08766], [-70.1936, -22.08836]]}, "properties": {"name": "M. Macuada", "highway": "residential"}}, {"type": "Feature", "geometry": {"type": "LineString", "coordinates": [[-70.18755, -22.08167], [-70.18853, -22.08231]]}, "properties": {"name": "Pasaje Chorrillos", "highway": "residential"}}, {"type": "Feature", "geometry": {"type": "LineString", "coordinates": [[-70.19137, -22.07927], [-70.19304, -22.08063]]}, "properties": {"name": "Chuquicamata", "highway": "residential"}}, {"type": "Feature", "geometry": {"type": "LineString", "coordinates": [[-70.18908, -22.08023], [-70.19157, -22.08221]]}, "properties": {"name": "Arica", "highway": "residential"}}, {"type": "Feature", "geometry": {"type": "LineString", "coordinates": [[-70.18688, -22.0824], [-70.191, -22.08451]]}, "properties": {"name": "Pasaje 3° Poniente", "highway": "residential"}}, {"type": "Feature", "geometry": {"type": "LineString", "coordinates": [[-70.19037, -22.08267], [-70.18824, -22.08098]]}, "properties": {"name": "Pasaje Javiera Carrera", "highway": "residential"}}, {"type": "Feature", "geometry": {"type": "LineString", "coordinates": [[-70.18886, -22.08978], [-70.18874, -22.0899], [-70.18835, -22.08931], [-70.18807, -22.08841], [-70.18766, -22.08809]]}, "properties": {"name": "Pasaje Río Loa", "highway": "living_street"}}, {"type": "Feature", "geometry": {"type": "LineString", "coordinates": [[-70.19454, -22.08342], [-70.19536, -22.0834]]}, "properties": {"name": "Pasaje Lauca", "highway": "residential"}}, {"type": "Feature", "geometry": {"type": "LineString", "coordinates": [[-70.1942, -22.07485], [-70.19292, -22.0752]]}, "properties": {"name": "", "highway": "service"}}, {"type": "Feature", "geometry": {"type": "LineString", "coordinates": [[-70.19356, -22.08123], [-70.19445, -22.08034]]}, "properties": {"name": "Lonquimay", "highway": "living_street"}}, {"type": "Feature", "geometry": {"type": "LineString", "coordinates": [[-70.1956, -22.08609], [-70.19551, -22.08531]]}, "properties": {"name": "Barriento", "highway": "living_street"}}, {"type": "Feature", "geometry": {"type": "LineString", "coordinates": [[-70.1975, -22.08897], [-70.19729, -22.08823], [-70.19736, -22.08803]]}, "properties": {"name": "Cienfuegos", "highway": "residential"}}, {"type": "Feature", "geometry": {"type": "LineString", "coordinates": [[-70.1959, -22.09305], [-70.1956, -22.09282]]}, "properties": {"name": "Caliche", "highway": "living_street"}}, {"type": "Feature", "geometry": {"type": "LineString", "coordinates": [[-70.19379, -22.08494], [-70.19581, -22.08475]]}, "properties": {"name": "Pasaje 104", "highway": "residential"}}, {"type": "Feature", "geometry": {"type": "LineString", "coordinates": [[-70.19404, -22.09205], [-70.19549, -22.09044]]}, "properties": {"name": "Pasaje O'Higgins", "highway": "residential"}}, {"type": "Feature", "geometry": {"type": "LineString", "coordinates": [[-70.19395, -22.07306], [-70.19223, -22.07356]]}, "properties": {"name": "", "highway": "unclassified"}}, {"type": "Feature", "geometry": {"type": "LineString", "coordinates": [[-70.19334, -22.07889], [-70.1941, -22.07949]]}, "properties": {"name": "Pasaje San Pedro de Atacama", "highway": "living_street"}}, {"type": "Feature", "geometry": {"type": "LineString", "coordinates": [[-70.19555, -22.0912], [-70.19378, -22.08977]]}, "properties": {"name": "Pasaje Sucre", "highway": "residential"}}, {"type": "Feature", "geometry": {"type": "LineString", "coordinates": [[-70.19616, -22.0868], [-70.19627, -22.08812]]}, "properties": {"name": "Teniente Merino", "highway": "trunk"}}, {"type": "Feature", "geometry": {"type": "LineString", "coordinates": [[-70.19295, -22.08073], [-70.19356, -22.08123]]}, "properties": {"name": "Pasaje Láscar", "highway": "living_street"}}, {"type": "Feature", "geometry": {"type": "LineString", "coordinates": [[-70.19614, -22.09285], [-70.19581, -22.09258]]}, "properties": {"name": "Vergara", "highway": "living_street"}}, {"type": "Feature", "geometry": {"type": "LineString", "coordinates": [[-70.2098, -22.10327], [-70.21119, -22.10304], [-70.2122, -22.10214], [-70.21386, -22.10138]]}, "properties": {"name": "Ministro Portales", "highway": "residential"}}, {"type": "Feature", "geometry": {"type": "LineString", "coordinates": [[-70.18749, -22.08827], [-70.18835, -22.08931]]}, "properties": {"name": "Pasaje Camarones", "highway": "living_street"}}, {"type": "Feature", "geometry": {"type": "LineString", "coordinates": [[-70.1936, -22.07498], [-70.1936, -22.07385], [-70.19395, -22.07306]]}, "properties": {"name": "", "highway": "service"}}, {"type": "Feature", "geometry": {"type": "LineString", "coordinates": [[-70.1921, -22.07349], [-70.19219, -22.07347]]}, "properties": {"name": "", "highway": "unclassified"}}, {"type": "Feature", "geometry": {"type": "LineString", "coordinates": [[-70.21351, -22.10096], [-70.21273, -22.10136], [-70.21287, -22.10177]]}, "properties": {"name": "Bergantín Aguila", "highway": "unclassified"}}, {"type": "Feature", "geometry": {"type": "LineString", "coordinates": [[-70.18708, -22.08792], [-70.18756, -22.08746]]}, "properties": {"name": "Pasaje Gómez Carreño", "highway": "residential"}}, {"type": "Feature", "geometry": {"type": "LineString", "coordinates": [[-70.19423, -22.0799], [-70.19326, -22.08098]]}, "properties": {"name": "Villarrica", "highway": "living_street"}}, {"type": "Feature", "geometry": {"type": "LineString", "coordinates": [[-70.19394, -22.08623], [-70.19598, -22.0861]]}, "properties": {"name": "3 Poniente", "highway": "residential"}}, {"type": "Feature", "geometry": {"type": "LineString", "coordinates": [[-70.19454, -22.08786], [-70.19426, -22.08544]]}, "properties": {"name": "Juan Daniel Ruiz", "highway": "living_street"}}, {"type": "Feature", "geometry": {"type": "LineString", "coordinates": [[-70.19467, -22.08131], [-70.19431, -22.08147], [-70.19399, -22.08073]]}, "properties": {"name": "Calama", "highway": "living_street"}}, {"type": "Feature", "geometry": {"type": "LineString", "coordinates": [[-70.18454, -22.08504], [-70.18885, -22.0885]]}, "properties": {"name": "Pasaje Esmeralda", "highway": "residential"}}, {"type": "Feature", "geometry": {"type": "LineString", "coordinates": [[-70.18472, -22.08439], [-70.18518, -22.08429]]}, "properties": {"name": "Miraflores", "highway": "residential"}}, {"type": "Feature", "geometry": {"type": "LineString", "coordinates": [[-70.19599, -22.0886], [-70.19621, -22.08793], [-70.19587, -22.08527]]}, "properties": {"name": "Teniente Merino", "highway": "trunk"}}, {"type": "Feature", "geometry": {"type": "LineString", "coordinates": [[-70.19645, -22.08606], [-70.19636, -22.08522]]}, "properties": {"name": "Pasaje Duendes", "highway": "living_street"}}, {"type": "Feature", "geometry": {"type": "LineString", "coordinates": [[-70.19196, -22.078], [-70.19325, -22.07898]]}, "properties": {"name": "Pasaje San Pedro de Atacama", "highway": "living_street"}}, {"type": "Feature", "geometry": {"type": "LineString", "coordinates": [[-70.19522, -22.08612], [-70.19515, -22.08535]]}, "properties": {"name": "Rodríguez", "highway": "living_street"}}, {"type": "Feature", "geometry": {"type": "LineString", "coordinates": [[-70.19624, -22.09487], [-70.19677, -22.09428]]}, "properties": {"name": "Pasaje Washington", "highway": "living_street"}}, {"type": "Feature", "geometry": {"type": "LineString", "coordinates": [[-70.19923, -22.09043], [-70.1958, -22.09416]]}, "properties": {"name": "Freire", "highway": "residential"}}, {"type": "Feature", "geometry": {"type": "LineString", "coordinates": [[-70.20457, -22.09475], [-70.20308, -22.09636]]}, "properties": {"name": "Serrano", "highway": "residential"}}, {"type": "Feature", "geometry": {"type": "LineString", "coordinates": [[-70.21425, -22.10814], [-70.21256, -22.10982]]}, "properties": {"name": "El Salvador", "highway": "living_street"}}, {"type": "Feature", "geometry": {"type": "LineString", "coordinates": [[-70.21166, -22.10763], [-70.21296, -22.10624]]}, "properties": {"name": "Hyatt", "highway": "residential"}}, {"type": "Feature", "geometry": {"type": "LineString", "coordinates": [[-70.20854, -22.10854], [-70.20876, -22.10978], [-70.20969, -22.11141]]}, "properties": {"name": "Pasaje Puyehue", "highway": "residential"}}, {"type": "Feature", "geometry": {"type": "LineString", "coordinates": [[-70.21107, -22.10865], [-70.211, -22.10823], [-70.21127, -22.1073]]}, "properties": {"name": "Videla", "highway": "residential"}}, {"type": "Feature", "geometry": {"type": "LineString", "coordinates": [[-70.2115, -22.10632], [-70.21187, -22.10665]]}, "properties": {"name": "Combate Casma", "highway": "residential"}}, {"type": "Feature", "geometry": {"type": "LineString", "coordinates": [[-70.21367, -22.10597], [-70.21332, -22.10632]]}, "properties": {"name": "8 de Octubre", "highway": "living_street"}}, {"type": "Feature", "geometry": {"type": "LineString", "coordinates": [[-70.21316, -22.11441], [-70.21172, -22.11431]]}, "properties": {"name": "Darío Salas", "highway": "residential"}}, {"type": "Feature", "geometry": {"type": "LineString", "coordinates": [[-70.21121, -22.11313], [-70.21056, -22.11234], [-70.21031, -22.11136]]}, "properties": {"name": "Angamos", "highway": "residential"}}, {"type": "Feature", "geometry": {"type": "LineString", "coordinates": [[-70.20976, -22.106], [-70.20897, -22.10597]]}, "properties": {"name": "San Pablo", "highway": "residential"}}, {"type": "Feature", "geometry": {"type": "LineString", "coordinates": [[-70.20922, -22.1106], [-70.21042, -22.11044]]}, "properties": {"name": "Pasaje Tronador", "highway": "living_street"}}, {"type": "Feature", "geometry": {"type": "LineString", "coordinates": [[-70.21194, -22.10454], [-70.21169, -22.10422], [-70.21163, -22.10385]]}, "properties": {"name": "Combate Papudo", "highway": "living_street"}}, {"type": "Feature", "geometry": {"type": "LineString", "coordinates": [[-70.21056, -22.11133], [-70.21016, -22.10878]]}, "properties": {"name": "Felipe Ojeda", "highway": "living_street"}}, {"type": "Feature", "geometry": {"type": "LineString", "coordinates": [[-70.21162, -22.10857], [-70.21175, -22.10933]]}, "properties": {"name": "Blas Segundo Téllez", "highway": "living_street"}}, {"type": "Feature", "geometry": {"type": "LineString", "coordinates": [[-70.20969, -22.11141], [-70.20913, -22.10802]]}, "properties": {"name": "Pasaje Calbuco", "highway": "living_street"}}, {"type": "Feature", "geometry": {"type": "LineString", "coordinates": [[-70.21128, -22.11125], [-70.21173, -22.11244], [-70.21235, -22.11316], [-70.21304, -22.11439]]}, "properties": {"name": "John F. Kennedy", "highway": "residential"}}, {"type": "Feature", "geometry": {"type": "LineString", "coordinates": [[-70.21452, -22.10668], [-70.21507, -22.10686]]}, "properties": {"name": "Williams Rebolledo", "highway": "residential"}}, {"type": "Feature", "geometry": {"type": "LineString", "coordinates": [[-70.21315, -22.10432], [-70.21195, -22.10389], [-70.21136, -22.10383], [-70.21128, -22.10438], [-70.21084, -22.10481]]}, "properties": {"name": "Combate Abtao", "highway": "living_street"}}, {"type": "Feature", "geometry": {"type": "LineString", "coordinates": [[-70.20876, -22.10978], [-70.21175, -22.10933]]}, "properties": {"name": "Avenida Potrerillos", "highway": "residential"}}, {"type": "Feature", "geometry": {"type": "LineString", "coordinates": [[-70.21323, -22.104], [-70.21328, -22.10348], [-70.21458, -22.1027]]}, "properties": {"name": "Lord Cochrane", "highway": "residential"}}, {"type": "Feature", "geometry": {"type": "LineString", "coordinates": [[-70.21279, -22.11502], [-70.21124, -22.11246], [-70.21079, -22.11132]]}, "properties": {"name": "Condell", "highway": "residential"}}, {"type": "Feature", "geometry": {"type": "LineString", "coordinates": [[-70.21143, -22.11116], [-70.21116, -22.10942]]}, "properties": {"name": "Caletones", "highway": "living_street"}}, {"type": "Feature", "geometry": {"type": "LineString", "coordinates": [[-70.21452, -22.10668], [-70.21428, -22.10671], [-70.21399, -22.10651], [-70.21296, -22.10624]]}, "properties": {"name": "Williams Rebolledo", "highway": "residential"}}, {"type": "Feature", "geometry": {"type": "LineString", "coordinates": [[-70.20862, -22.10899], [-70.21162, -22.10857]]}, "properties": {"name": "Pasaje Corbeta Covadonga", "highway": "residential"}}, {"type": "Feature", "geometry": {"type": "LineString", "coordinates": [[-70.21228, -22.10959], [-70.21393, -22.10789]]}, "properties": {"name": "Barquito", "highway": "living_street"}}, {"type": "Feature", "geometry": {"type": "LineString", "coordinates": [[-70.21417, -22.1062], [-70.2139, -22.10649]]}, "properties": {"name": "Escuela Naval", "highway": "living_street"}}, {"type": "Feature", "geometry": {"type": "LineString", "coordinates": [[-70.20948, -22.10767], [-70.21007, -22.11138]]}, "properties": {"name": "Pasaje Tacora", "highway": "living_street"}}, {"type": "Feature", "geometry": {"type": "LineString", "coordinates": [[-70.21099, -22.11121], [-70.21143, -22.11116]]}, "properties": {"name": "La Exótica", "highway": "living_street"}}, {"type": "Feature", "geometry": {"type": "LineString", "coordinates": [[-70.21037, -22.11011], [-70.21082, -22.11005]]}, "properties": {"name": "Felipe Ojeda", "highway": "living_street"}}, {"type": "Feature", "geometry": {"type": "LineString", "coordinates": [[-70.20911, -22.1104], [-70.20877, -22.10836]]}, "properties": {"name": "Pasaje Isluga", "highway": "residential"}}, {"type": "Feature", "geometry": {"type": "LineString", "coordinates": [[-70.21293, -22.10847], [-70.21375, -22.10914]]}, "properties": {"name": "El Teniente", "highway": "residential"}}, {"type": "Feature", "geometry": {"type": "LineString", "coordinates": [[-70.19414, -22.08936], [-70.19503, -22.09008]]}, "properties": {"name": "Sucre", "highway": "residential"}}, {"type": "Feature", "geometry": {"type": "LineString", "coordinates": [[-70.21013, -22.10577], [-70.20928, -22.10509], [-70.20954, -22.10465]]}, "properties": {"name": "Julio Fernández", "highway": "living_street"}}, {"type": "Feature", "geometry": {"type": "LineString", "coordinates": [[-70.20914, -22.10399], [-70.20923, -22.10436], [-70.21039, -22.10545]]}, "properties": {"name": "Alexander Kurtovic", "highway": "residential"}}, {"type": "Feature", "geometry": {"type": "LineString", "coordinates": [[-70.20978, -22.10781], [-70.20975, -22.10754]]}, "properties": {"name": "San Pablo", "highway": "living_street"}}, {"type": "Feature", "geometry": {"type": "LineString", "coordinates": [[-70.21032, -22.10652], [-70.2094, -22.10641]]}, "properties": {"name": "Pasaje Batalla de Tarapacá", "highway": "living_street"}}, {"type": "Feature", "geometry": {"type": "LineString", "coordinates": [[-70.21117, -22.1077], [-70.21138, -22.10785], [-70.21151, -22.10859]]}, "properties": {"name": "Pasaje Combate de Germania", "highway": "living_street"}}, {"type": "Feature", "geometry": {"type": "LineString", "coordinates": [[-70.21029, -22.10724], [-70.21037, -22.10773]]}, "properties": {"name": "Pasaje Combate Punta Gruesa", "highway": "living_street"}}, {"type": "Feature", "geometry": {"type": "LineString", "coordinates": [[-70.20975, -22.10754], [-70.21035, -22.10762]]}, "properties": {"name": "Pasaje Combate de Chipana", "highway": "living_street"}}, {"type": "Feature", "geometry": {"type": "LineString", "coordinates": [[-70.20948, -22.10767], [-70.20976, -22.10765]]}, "properties": {"name": "Pasaje Combate de Chipana", "highway": "living_street"}}, {"type": "Feature", "geometry": {"type": "LineString", "coordinates": [[-70.20949, -22.10679], [-70.21048, -22.10691], [-70.21062, -22.10677]]}, "properties": {"name": "Pasaje Combate de la Concepción", "highway": "living_street"}}, {"type": "Feature", "geometry": {"type": "LineString", "coordinates": [[-70.21043, -22.10615], [-70.21013, -22.10577]]}, "properties": {"name": "Julio Fernández", "highway": "living_street"}}, {"type": "Feature", "geometry": {"type": "LineString", "coordinates": [[-70.21029, -22.10724], [-70.21044, -22.10726]]}, "properties": {"name": "Combate de Papudo", "highway": "living_street"}}, {"type": "Feature", "geometry": {"type": "LineString", "coordinates": [[-70.21037, -22.10773], [-70.20978, -22.10781]]}, "properties": {"name": "Pasaje Combate de Angamos", "highway": "living_street"}}, {"type": "Feature", "geometry": {"type": "LineString", "coordinates": [[-70.21422, -22.10894], [-70.21452, -22.10897], [-70.21457, -22.1091], [-70.21444, -22.10916], [-70.21422, -22.10894]]}, "properties": {"name": "", "highway": "service"}}, {"type": "Feature", "geometry": {"type": "LineString", "coordinates": [[-70.1917, -22.0864], [-70.19409, -22.08763]]}, "properties": {"name": "18 de Septiembre", "highway": "primary"}}, {"type": "Feature", "geometry": {"type": "LineString", "coordinates": [[-70.21209, -22.11235], [-70.21159, -22.11246], [-70.21061, -22.1124]]}, "properties": {"name": "Marcos de la Vega", "highway": "residential"}}, {"type": "Feature", "geometry": {"type": "LineString", "coordinates": [[-70.21172, -22.11431], [-70.21116, -22.11331], [-70.21121, -22.11313]]}, "properties": {"name": "Echiburú", "highway": "residential"}}, {"type": "Feature", "geometry": {"type": "LineString", "coordinates": [[-70.21121, -22.11313], [-70.21246, -22.11315]]}, "properties": {"name": "Andrés Bello", "highway": "residential"}}, {"type": "Feature", "geometry": {"type": "LineString", "coordinates": [[-70.21155, -22.10991], [-70.21176, -22.11112]]}, "properties": {"name": "Sagasca", "highway": "living_street"}}, {"type": "Feature", "geometry": {"type": "LineString", "coordinates": [[-70.21208, -22.11108], [-70.212, -22.11053]]}, "properties": {"name": "Caya", "highway": "residential"}}, {"type": "Feature", "geometry": {"type": "LineString", "coordinates": [[-70.21292, -22.11009], [-70.21203, -22.10937]]}, "properties": {"name": "Andina", "highway": "residential"}}, {"type": "Feature", "geometry": {"type": "LineString", "coordinates": [[-70.21366, -22.10767], [-70.2143, -22.10743], [-70.2147, -22.10675]]}, "properties": {"name": "Avenida Potrerillos", "highway": "residential"}}, {"type": "Feature", "geometry": {"type": "LineString", "coordinates": [[-70.21298, -22.1078], [-70.21375, -22.10698]]}, "properties": {"name": "Corbeta Esmeralda", "highway": "residential"}}, {"type": "Feature", "geometry": {"type": "LineString", "coordinates": [[-70.20948, -22.10767], [-70.20854, -22.10854]]}, "properties": {"name": "Ollagüe", "highway": "residential"}}, {"type": "Feature", "geometry": {"type": "LineString", "coordinates": [[-70.20902, -22.10749], [-70.20951, -22.10691]]}, "properties": {"name": "Pasaje San Pedro", "highway": "residential"}}, {"type": "Feature", "geometry": {"type": "LineString", "coordinates": [[-70.2094, -22.10641], [-70.20961, -22.1075]]}, "properties": {"name": "San Pablo", "highway": "residential"}}, {"type": "Feature", "geometry": {"type": "LineString", "coordinates": [[-70.21197, -22.10579], [-70.2115, -22.10632]]}, "properties": {"name": "Pasaje Combate Casma", "highway": "residential"}}, {"type": "Feature", "geometry": {"type": "LineString", "coordinates": [[-70.2098, -22.10327], [-70.20985, -22.10392], [-70.21231, -22.10605], [-70.21257, -22.10685], [-70.21453, -22.10824]]}, "properties": {"name": "Policarpo Toro", "highway": "residential"}}, {"type": "Feature", "geometry": {"type": "LineString", "coordinates": [[-70.21315, -22.10432], [-70.21316, -22.10334], [-70.21192, -22.10162], [-70.21136, -22.09987]]}, "properties": {"name": "Escuadra Nacional", "highway": "residential"}}, {"type": "Feature", "geometry": {"type": "LineString", "coordinates": [[-70.20857, -22.09816], [-70.2083, -22.09837], [-70.20826, -22.09918], [-70.20917, -22.10019]]}, "properties": {"name": "Sloman", "highway": "residential"}}, {"type": "Feature", "geometry": {"type": "LineString", "coordinates": [[-70.20159, -22.09635], [-70.20283, -22.09682], [-70.20323, -22.09722]]}, "properties": {"name": "Pasaje Ferrocarril", "highway": "living_street"}}, {"type": "Feature", "geometry": {"type": "LineString", "coordinates": [[-70.20128, -22.09741], [-70.19894, -22.09675], [-70.19843, -22.09645], [-70.19766, -22.09543]]}, "properties": {"name": "Pasaje Galvarino", "highway": "living_street"}}, {"type": "Feature", "geometry": {"type": "LineString", "coordinates": [[-70.19843, -22.09645], [-70.19879, -22.09693], [-70.20131, -22.09763]]}, "properties": {"name": "Pasaje Vista Hermosa", "highway": "living_street"}}, {"type": "Feature", "geometry": {"type": "LineString", "coordinates": [[-70.20006, -22.09691], [-70.20006, -22.09672]]}, "properties": {"name": "Pasaje Los Suspiros", "highway": "living_street"}}, {"type": "Feature", "geometry": {"type": "LineString", "coordinates": [[-70.19807, -22.09594], [-70.19907, -22.09657]]}, "properties": {"name": "Pasaje Los Suspiros", "highway": "living_street"}}, {"type": "Feature", "geometry": {"type": "LineString", "coordinates": [[-70.19772, -22.09538], [-70.19911, -22.09637], [-70.20006, -22.09672]]}, "properties": {"name": "Pasaje Bolívar", "highway": "living_street"}}, {"type": "Feature", "geometry": {"type": "LineString", "coordinates": [[-70.19907, -22.09657], [-70.20083, -22.09711]]}, "properties": {"name": "Pasaje Los Suspiros", "highway": "living_street"}}, {"type": "Feature", "geometry": {"type": "LineString", "coordinates": [[-70.19772, -22.09538], [-70.19664, -22.09507]]}, "properties": {"name": "Pasaje Línea Férrea", "highway": "living_street"}}, {"type": "Feature", "geometry": {"type": "LineString", "coordinates": [[-70.1955, -22.09437], [-70.19475, -22.09375]]}, "properties": {"name": "Pasaje Tocopilla", "highway": "living_street"}}, {"type": "Feature", "geometry": {"type": "LineString", "coordinates": [[-70.19624, -22.09285], [-70.19643, -22.09264]]}, "properties": {"name": "Aguilera", "highway": "living_street"}}, {"type": "Feature", "geometry": {"type": "LineString", "coordinates": [[-70.19308, -22.08989], [-70.19344, -22.0895]]}, "properties": {"name": "Pasaje Carrera", "highway": "living_street"}}, {"type": "Feature", "geometry": {"type": "LineString", "coordinates": [[-70.19607, -22.08885], [-70.19588, -22.0891]]}, "properties": {"name": "O'Higgins", "highway": "primary"}}, {"type": "Feature", "geometry": {"type": "LineString", "coordinates": [[-70.18895, -22.08838], [-70.18915, -22.08856], [-70.18966, -22.08992]]}, "properties": {"name": "Julieta Campusano", "highway": "living_street"}}, {"type": "Feature", "geometry": {"type": "LineString", "coordinates": [[-70.18886, -22.08978], [-70.18853, -22.08885]]}, "properties": {"name": "Pasaje Río Yuta", "highway": "living_street"}}, {"type": "Feature", "geometry": {"type": "LineString", "coordinates": [[-70.19325, -22.08808], [-70.19372, -22.08761]]}, "properties": {"name": "Pasaje Merino", "highway": "unclassified"}}, {"type": "Feature", "geometry": {"type": "LineString", "coordinates": [[-70.19301, -22.08789], [-70.19342, -22.08746]]}, "properties": {"name": "Romero", "highway": "unclassified"}}, {"type": "Feature", "geometry": {"type": "LineString", "coordinates": [[-70.18616, -22.08485], [-70.19268, -22.07787]]}, "properties": {"name": "Chorrillos", "highway": "residential"}}, {"type": "Feature", "geometry": {"type": "LineString", "coordinates": [[-70.18616, -22.08485], [-70.18529, -22.08416]]}, "properties": {"name": "Pasaje Matta", "highway": "residential"}}, {"type": "Feature", "geometry": {"type": "LineString", "coordinates": [[-70.18698, -22.08559], [-70.18641, -22.08515]]}, "properties": {"name": "Pasaje Matta", "highway": "living_street"}}, {"type": "Feature", "geometry": {"type": "LineString", "coordinates": [[-70.18622, -22.08477], [-70.18677, -22.0852]]}, "properties": {"name": "Pasaje Tamarugal", "highway": "living_street"}}, {"type": "Feature", "geometry": {"type": "LineString", "coordinates": [[-70.18653, -22.08502], [-70.18606, -22.0855]]}, "properties": {"name": "Pasaje Algarrobos", "highway": "living_street"}}, {"type": "Feature", "geometry": {"type": "LineString", "coordinates": [[-70.18725, -22.08428], [-70.18682, -22.08474]]}, "properties": {"name": "Pasaje Algarrobo", "highway": "residential"}}, {"type": "Feature", "geometry": {"type": "LineString", "coordinates": [[-70.18855, -22.08547], [-70.18774, -22.08479]]}, "properties": {"name": "Pasaje Sucre", "highway": "living_street"}}, {"type": "Feature", "geometry": {"type": "LineString", "coordinates": [[-70.18661, -22.0867], [-70.18621, -22.08713]]}, "properties": {"name": "Pasaje Almirante Riveros", "highway": "unclassified"}}, {"type": "Feature", "geometry": {"type": "LineString", "coordinates": [[-70.1858, -22.08605], [-70.1855, -22.08638]]}, "properties": {"name": "Pasaje Los Suspiros", "highway": "residential"}}, {"type": "Feature", "geometry": {"type": "LineString", "coordinates": [[-70.18547, -22.08578], [-70.18522, -22.08599]]}, "properties": {"name": "Pasaje Chorrillos", "highway": "residential"}}, {"type": "Feature", "geometry": {"type": "LineString", "coordinates": [[-70.18513, -22.08551], [-70.18491, -22.08567]]}, "properties": {"name": "Pasaje Esmeralda", "highway": "unclassified"}}, {"type": "Feature", "geometry": {"type": "LineString", "coordinates": [[-70.1843, -22.08485], [-70.18482, -22.0847]]}, "properties": {"name": "Miraflores", "highway": "residential"}}, {"type": "Feature", "geometry": {"type": "LineString", "coordinates": [[-70.18561, -22.0838], [-70.18528, -22.08326]]}, "properties": {"name": "Marín", "highway": "living_street"}}, {"type": "Feature", "geometry": {"type": "LineString", "coordinates": [[-70.18351, -22.08397], [-70.18402, -22.08391]]}, "properties": {"name": "Pasaje Las Lilas", "highway": "residential"}}, {"type": "Feature", "geometry": {"type": "LineString", "coordinates": [[-70.19716, -22.08679], [-70.1964, -22.08682]]}, "properties": {"name": "Gatico", "highway": "living_street"}}, {"type": "Feature", "geometry": {"type": "LineString", "coordinates": [[-70.19698, -22.0862], [-70.19683, -22.08623], [-70.19688, -22.08678]]}, "properties": {"name": "Barros Arana", "highway": "living_street"}}, {"type": "Feature", "geometry": {"type": "LineString", "coordinates": [[-70.19194, -22.08182], [-70.18671, -22.08745]]}, "properties": {"name": "Almirante Riveros", "highway": "residential"}}, {"type": "Feature", "geometry": {"type": "LineString", "coordinates": [[-70.19373, -22.0833], [-70.19194, -22.08182]]}, "properties": {"name": "6 Poniente", "highway": "residential"}}, {"type": "Feature", "geometry": {"type": "LineString", "coordinates": [[-70.19228, -22.08146], [-70.19194, -22.08182]]}, "properties": {"name": "Almirante Riveros", "highway": "residential"}}, {"type": "Feature", "geometry": {"type": "LineString", "coordinates": [[-70.19228, -22.08146], [-70.18992, -22.07954]]}, "properties": {"name": "Antofagasta", "highway": "residential"}}, {"type": "Feature", "geometry": {"type": "LineString", "coordinates": [[-70.19264, -22.08107], [-70.19228, -22.08146]]}, "properties": {"name": "Almirante Riveros", "highway": "residential"}}, {"type": "Feature", "geometry": {"type": "LineString", "coordinates": [[-70.19097, -22.07971], [-70.19264, -22.08107]]}, "properties": {"name": "San Felipe", "highway": "residential"}}, {"type": "Feature", "geometry": {"type": "LineString", "coordinates": [[-70.1928, -22.07865], [-70.19215, -22.07899]]}, "properties": {"name": "Pasaje Caspana", "highway": "living_street"}}, {"type": "Feature", "geometry": {"type": "LineString", "coordinates": [[-70.19346, -22.078], [-70.19307, -22.07837], [-70.19193, -22.07868]]}, "properties": {"name": "Pasaje José Manuel Balmaceda", "highway": "living_street"}}, {"type": "Feature", "geometry": {"type": "LineString", "coordinates": [[-70.19193, -22.07868], [-70.19119, -22.0781]]}, "properties": {"name": "Pasaje Ejército", "highway": "living_street"}}, {"type": "Feature", "geometry": {"type": "LineString", "coordinates": [[-70.21353, -22.10059], [-70.21337, -22.10065]]}, "properties": {"name": "", "highway": "service"}}, {"type": "Feature", "geometry": {"type": "LineString", "coordinates": [[-70.21549, -22.09719], [-70.21526, -22.09624], [-70.21483, -22.09535]]}, "properties": {"name": "", "highway": "service"}}, {"type": "Feature", "geometry": {"type": "LineString", "coordinates": [[-70.21296, -22.09875], [-70.21353, -22.10059]]}, "properties": {"name": "", "highway": "service"}}, {"type": "Feature", "geometry": {"type": "LineString", "coordinates": [[-70.21587, -22.09732], [-70.21549, -22.09719], [-70.21486, -22.09771], [-70.21424, -22.09751], [-70.21411, -22.09727], [-70.21376, -22.09715], [-70.21156, -22.09772], [-70.21131, -22.09692], [-70.21104, -22.09663], [-70.21118, -22.09621], [-70.21483, -22.09535]]}, "properties": {"name": "", "highway": "service"}}, {"type": "Feature", "geometry": {"type": "LineString", "coordinates": [[-70.21258, -22.09752], [-70.21312, -22.09821]]}, "properties": {"name": "", "highway": "service"}}, {"type": "Feature", "geometry": {"type": "LineString", "coordinates": [[-70.2132, -22.09976], [-70.21335, -22.09971]]}, "properties": {"name": "", "highway": "service"}}, {"type": "Feature", "geometry": {"type": "LineString", "coordinates": [[-70.18605, -22.05917], [-70.18719, -22.06357], [-70.18769, -22.0666], [-70.18869, -22.06812]]}, "properties": {"name": "Ramaditas", "highway": "residential"}}, {"type": "Feature", "geometry": {"type": "LineString", "coordinates": [[-70.18557, -22.06224], [-70.18524, -22.0611]]}, "properties": {"name": "Pasaje Huachán", "highway": "living_street"}}, {"type": "Feature", "geometry": {"type": "LineString", "coordinates": [[-70.18689, -22.06229], [-70.18442, -22.06218]]}, "properties": {"name": "Caleta Iquique", "highway": "residential"}}, {"type": "Feature", "geometry": {"type": "LineString", "coordinates": [[-70.21277, -22.11499], [-70.21254, -22.11505]]}, "properties": {"name": "Villa Norgener", "highway": "residential"}}, {"type": "Feature", "geometry": {"type": "LineString", "coordinates": [[-70.21254, -22.11505], [-70.21241, -22.11462]]}, "properties": {"name": "Villa Norgener", "highway": "residential"}}, {"type": "Feature", "geometry": {"type": "LineString", "coordinates": [[-70.19398, -22.08924], [-70.19382, -22.08941], [-70.19351, -22.08917], [-70.19383, -22.08883], [-70.19414, -22.08906], [-70.19398, -22.08924]]}, "properties": {"name": "Edificios Colectivos", "highway": "living_street"}}, {"type": "Feature", "geometry": {"type": "LineString", "coordinates": [[-70.19664, -22.09507], [-70.19668, -22.09489], [-70.20017, -22.09117]]}, "properties": {"name": "Washington", "highway": "residential"}}, {"type": "Feature", "geometry": {"type": "LineString", "coordinates": [[-70.1988, -22.09594], [-70.20117, -22.09338]]}, "properties": {"name": "Aníbal Pinto", "highway": "tertiary"}}, {"type": "Feature", "geometry": {"type": "LineString", "coordinates": [[-70.20549, -22.09687], [-70.20206, -22.09411]]}, "properties": {"name": "21 de Mayo", "highway": "tertiary"}}, {"type": "Feature", "geometry": {"type": "LineString", "coordinates": [[-70.19346, -22.078], [-70.193, -22.07762]]}, "properties": {"name": "Pasaje Teniente Merino", "highway": "living_street"}}, {"type": "Feature", "geometry": {"type": "LineString", "coordinates": [[-70.18407, -22.08476], [-70.18384, -22.08409]]}, "properties": {"name": "", "highway": "service"}}, {"type": "Feature", "geometry": {"type": "LineString", "coordinates": [[-70.18426, -22.08477], [-70.18407, -22.08476]]}, "properties": {"name": "", "highway": "service"}}, {"type": "Feature", "geometry": {"type": "LineString", "coordinates": [[-70.19299, -22.07926], [-70.19374, -22.07988]]}, "properties": {"name": "Pasaje Ejército", "highway": "residential"}}, {"type": "Feature", "geometry": {"type": "LineString", "coordinates": [[-70.18861, -22.07982], [-70.18894, -22.07946], [-70.18784, -22.07852], [-70.18751, -22.07838], [-70.18721, -22.07869]]}, "properties": {"name": "", "highway": "unclassified"}}, {"type": "Feature", "geometry": {"type": "LineString", "coordinates": [[-70.19196, -22.078], [-70.19157, -22.07839]]}, "properties": {"name": "Pasaje Francisco Bilbao", "highway": "living_street"}}, {"type": "Feature", "geometry": {"type": "LineString", "coordinates": [[-70.18908, -22.08023], [-70.18712, -22.07864], [-70.18728, -22.07796], [-70.1872, -22.07784]]}, "properties": {"name": "", "highway": "unclassified"}}, {"type": "Feature", "geometry": {"type": "LineString", "coordinates": [[-70.18442, -22.06218], [-70.18404, -22.06111], [-70.1838, -22.05967]]}, "properties": {"name": "Urco", "highway": "residential"}}, {"type": "Feature", "geometry": {"type": "LineString", "coordinates": [[-70.21039, -22.10545], [-70.20983, -22.10611]]}, "properties": {"name": "Casimiro Busanich", "highway": "residential"}}, {"type": "Feature", "geometry": {"type": "LineString", "coordinates": [[-70.2093, -22.10563], [-70.21283, -22.10856]]}, "properties": {"name": "El Teniente", "highway": "residential"}}, {"type": "Feature", "geometry": {"type": "LineString", "coordinates": [[-70.21117, -22.10674], [-70.21095, -22.10704]]}, "properties": {"name": "Fernández Jiménez", "highway": "living_street"}}, {"type": "Feature", "geometry": {"type": "LineString", "coordinates": [[-70.20854, -22.10854], [-70.20839, -22.10819], [-70.20897, -22.10597]]}, "properties": {"name": "", "highway": "service"}}, {"type": "Feature", "geometry": {"type": "LineString", "coordinates": [[-70.20897, -22.10597], [-70.20853, -22.10586]]}, "properties": {"name": "", "highway": "service"}}, {"type": "Feature", "geometry": {"type": "LineString", "coordinates": [[-70.20868, -22.1059], [-70.20893, -22.10509]]}, "properties": {"name": "", "highway": "service"}}, {"type": "Feature", "geometry": {"type": "LineString", "coordinates": [[-70.2087, -22.10721], [-70.20806, -22.10706]]}, "properties": {"name": "", "highway": "service"}}, {"type": "Feature", "geometry": {"type": "LineString", "coordinates": [[-70.20832, -22.10714], [-70.20864, -22.10607]]}, "properties": {"name": "", "highway": "service"}}, {"type": "Feature", "geometry": {"type": "LineString", "coordinates": [[-70.20843, -22.10717], [-70.20808, -22.10834]]}, "properties": {"name": "", "highway": "service"}}, {"type": "Feature", "geometry": {"type": "LineString", "coordinates": [[-70.20819, -22.1071], [-70.20782, -22.10829]]}, "properties": {"name": "", "highway": "service"}}, {"type": "Feature", "geometry": {"type": "LineString", "coordinates": [[-70.20029, -22.09266], [-70.19588, -22.0891]]}, "properties": {"name": "21 de Mayo", "highway": "secondary"}}, {"type": "Feature", "geometry": {"type": "LineString", "coordinates": [[-70.19501, -22.09349], [-70.19819, -22.08991]]}, "properties": {"name": "Manuel Rodríguez", "highway": "residential"}}, {"type": "Feature", "geometry": {"type": "LineString", "coordinates": [[-70.20037, -22.09589], [-70.18564, -22.08377]]}, "properties": {"name": "Guillermo Matta", "highway": "tertiary"}}, {"type": "Feature", "geometry": {"type": "LineString", "coordinates": [[-70.1975, -22.08897], [-70.19821, -22.08954], [-70.19823, -22.08986]]}, "properties": {"name": "", "highway": "unclassified"}}, {"type": "Feature", "geometry": {"type": "LineString", "coordinates": [[-70.19712, -22.08937], [-70.19414, -22.09277]]}, "properties": {"name": "Cienfuegos", "highway": "residential"}}, {"type": "Feature", "geometry": {"type": "LineString", "coordinates": [[-70.1979, -22.09521], [-70.19669, -22.09626]]}, "properties": {"name": "Colón", "highway": "residential"}}, {"type": "Feature", "geometry": {"type": "LineString", "coordinates": [[-70.20117, -22.09338], [-70.20029, -22.09266]]}, "properties": {"name": "21 de Mayo", "highway": "tertiary"}}, {"type": "Feature", "geometry": {"type": "LineString", "coordinates": [[-70.20037, -22.09589], [-70.19989, -22.09639]]}, "properties": {"name": "Bolívar", "highway": "residential"}}, {"type": "Feature", "geometry": {"type": "LineString", "coordinates": [[-70.1943, -22.09089], [-70.19588, -22.0891]]}, "properties": {"name": "O'Higgins", "highway": "tertiary"}}, {"type": "Feature", "geometry": {"type": "LineString", "coordinates": [[-70.18594, -22.08344], [-70.18493, -22.08457]]}, "properties": {"name": "Miraflores", "highway": "tertiary"}}, {"type": "Feature", "geometry": {"type": "LineString", "coordinates": [[-70.20549, -22.09687], [-70.20528, -22.09708]]}, "properties": {"name": "Sargento Aldea", "highway": "residential"}}, {"type": "Feature", "geometry": {"type": "LineString", "coordinates": [[-70.19718, -22.08931], [-70.1975, -22.08897]]}, "properties": {"name": "Cienfuegos", "highway": "residential"}}, {"type": "Feature", "geometry": {"type": "LineString", "coordinates": [[-70.18493, -22.08457], [-70.18454, -22.08504]]}, "properties": {"name": "Miraflores", "highway": "residential"}}, {"type": "Feature", "geometry": {"type": "LineString", "coordinates": [[-70.19503, -22.09008], [-70.2003, -22.09433], [-70.20384, -22.09695]]}, "properties": {"name": "Sucre", "highway": "tertiary"}}, {"type": "Feature", "geometry": {"type": "LineString", "coordinates": [[-70.19819, -22.08991], [-70.19823, -22.08986]]}, "properties": {"name": "Manuel Rodríguez", "highway": "residential"}}, {"type": "Feature", "geometry": {"type": "LineString", "coordinates": [[-70.20206, -22.09411], [-70.20117, -22.09338]]}, "properties": {"name": "21 de Mayo", "highway": "pedestrian"}}, {"type": "Feature", "geometry": {"type": "LineString", "coordinates": [[-70.18493, -22.08457], [-70.1988, -22.09594]]}, "properties": {"name": "Esmeralda", "highway": "tertiary"}}, {"type": "Feature", "geometry": {"type": "LineString", "coordinates": [[-70.2104, -22.09676], [-70.21127, -22.09578], [-70.21122, -22.09561], [-70.21012, -22.09495], [-70.20931, -22.09604]]}, "properties": {"name": "", "highway": "service"}}, {"type": "Feature", "geometry": {"type": "LineString", "coordinates": [[-70.21063, -22.09808], [-70.21185, -22.09874], [-70.21148, -22.09931]]}, "properties": {"name": "", "highway": "service"}}, {"type": "Feature", "geometry": {"type": "LineString", "coordinates": [[-70.21121, -22.09482], [-70.21108, -22.09512], [-70.2107, -22.095], [-70.20926, -22.09391], [-70.20896, -22.09385], [-70.20726, -22.09396], [-70.20609, -22.09381], [-70.2058, -22.09418]]}, "properties": {"name": "", "highway": "service"}}, {"type": "Feature", "geometry": {"type": "LineString", "coordinates": [[-70.20945, -22.09408], [-70.2086, -22.09699], [-70.20878, -22.09729], [-70.21039, -22.09844]]}, "properties": {"name": "", "highway": "service"}}, {"type": "Feature", "geometry": {"type": "LineString", "coordinates": [[-70.18997, -22.08314], [-70.19037, -22.08267]]}, "properties": {"name": "Pasaje Almirante Riveros", "highway": "living_street"}}, {"type": "Feature", "geometry": {"type": "LineString", "coordinates": [[-70.192, -22.07913], [-70.19215, -22.07899]]}, "properties": {"name": "Pasaje Caspana", "highway": "living_street"}}, {"type": "Feature", "geometry": {"type": "LineString", "coordinates": [[-70.19064, -22.08371], [-70.19084, -22.08359], [-70.19105, -22.08388]]}, "properties": {"name": "", "highway": "service"}}, {"type": "Feature", "geometry": {"type": "LineString", "coordinates": [[-70.19484, -22.08211], [-70.19439, -22.08174], [-70.19473, -22.0815]]}, "properties": {"name": "Teniente Merino", "highway": "living_street"}}, {"type": "Feature", "geometry": {"type": "LineString", "coordinates": [[-70.19939, -22.09736], [-70.2011, -22.0978]]}, "properties": {"name": "Pasaje Huella Tres Puntas", "highway": "living_street"}}, {"type": "Feature", "geometry": {"type": "LineString", "coordinates": [[-70.19124, -22.08461], [-70.191, -22.08451]]}, "properties": {"name": "Pasaje 3° Poniente", "highway": "residential"}}, {"type": "Feature", "geometry": {"type": "LineString", "coordinates": [[-70.20006, -22.09672], [-70.20106, -22.09646]]}, "properties": {"name": "Pasaje Bolívar", "highway": "living_street"}}, {"type": "Feature", "geometry": {"type": "LineString", "coordinates": [[-70.18472, -22.08439], [-70.18482, -22.0847]]}, "properties": {"name": "Esmeralda", "highway": "residential"}}, {"type": "Feature", "geometry": {"type": "LineString", "coordinates": [[-70.19072, -22.08313], [-70.19031, -22.08279]]}, "properties": {"name": "Pasaje Javiera Carrera", "highway": "living_street"}}, {"type": "Feature", "geometry": {"type": "LineString", "coordinates": [[-70.19986, -22.09025], [-70.19917, -22.08959], [-70.20026, -22.09028], [-70.20053, -22.09062], [-70.20095, -22.09063], [-70.20071, -22.09088], [-70.19986, -22.09025]]}, "properties": {"name": "Plazoleta Busto Arturo Prat", "highway": "pedestrian"}}, {"type": "Feature", "geometry": {"type": "LineString", "coordinates": [[-70.19915, -22.08961], [-70.19944, -22.08934], [-70.19899, -22.08895], [-70.1991, -22.08882], [-70.19871, -22.08882], [-70.19768, -22.08817], [-70.19743, -22.08754], [-70.19742, -22.08723], [-70.19764, -22.0872], [-70.19761, -22.08694], [-70.19724, -22.08695], [-70.19756, -22.08821], [-70.19915, -22.08961]]}, "properties": {"name": "Piscina Artificial El Salitre", "highway": "pedestrian"}}, {"type": "Feature", "geometry": {"type": "LineString", "coordinates": [[-70.18879, -22.08858], [-70.18894, -22.08898], [-70.18915, -22.089], [-70.18942, -22.08982], [-70.18922, -22.08987]]}, "properties": {"name": "Pasaje Esmeralda", "highway": "residential"}}, {"type": "Feature", "geometry": {"type": "LineString", "coordinates": [[-70.19785, -22.09548], [-70.19777, -22.09555]]}, "properties": {"name": "Pasaje Vista Hermosa", "highway": "living_street"}}, {"type": "Feature", "geometry": {"type": "LineString", "coordinates": [[-70.1839, -22.08274], [-70.18448, -22.08288]]}, "properties": {"name": "18 de Septiembre", "highway": "primary"}}, {"type": "Feature", "geometry": {"type": "LineString", "coordinates": [[-70.1915, -22.08562], [-70.1949, -22.08206]]}, "properties": {"name": "Teniente Uribe", "highway": "tertiary"}}, {"type": "Feature", "geometry": {"type": "LineString", "coordinates": [[-70.20913, -22.10802], [-70.20902, -22.10749]]}, "properties": {"name": "Pasaje Calbuco", "highway": "residential"}}, {"type": "Feature", "geometry": {"type": "LineString", "coordinates": [[-70.20961, -22.1075], [-70.20948, -22.10767]]}, "properties": {"name": "Ollagüe", "highway": "residential"}}, {"type": "Feature", "geometry": {"type": "LineString", "coordinates": [[-70.20978, -22.10781], [-70.2098, -22.10798]]}, "properties": {"name": "San Pablo", "highway": "living_street"}}, {"type": "Feature", "geometry": {"type": "LineString", "coordinates": [[-70.21037, -22.10773], [-70.21052, -22.10771]]}, "properties": {"name": "Pasaje Combate de Angamos", "highway": "living_street"}}, {"type": "Feature", "geometry": {"type": "LineString", "coordinates": [[-70.20956, -22.10716], [-70.21029, -22.10724]]}, "properties": {"name": "Combate de Papudo", "highway": "living_street"}}, {"type": "Feature", "geometry": {"type": "LineString", "coordinates": [[-70.2094, -22.10641], [-70.20934, -22.10604]]}, "properties": {"name": "San Pablo", "highway": "residential"}}, {"type": "Feature", "geometry": {"type": "LineString", "coordinates": [[-70.21365, -22.10925], [-70.21283, -22.10856]]}, "properties": {"name": "El Teniente", "highway": "residential"}}, {"type": "Feature", "geometry": {"type": "LineString", "coordinates": [[-70.21043, -22.10615], [-70.2113, -22.10522]]}, "properties": {"name": "Héroes de Iquique", "highway": "residential"}}, {"type": "Feature", "geometry": {"type": "LineString", "coordinates": [[-70.21043, -22.10615], [-70.21117, -22.10674]]}, "properties": {"name": "Julio Fernández", "highway": "living_street"}}, {"type": "Feature", "geometry": {"type": "LineString", "coordinates": [[-70.21203, -22.10937], [-70.21366, -22.10767]]}, "properties": {"name": "Avenida Potrerillos", "highway": "living_street"}}, {"type": "Feature", "geometry": {"type": "LineString", "coordinates": [[-70.21121, -22.10941], [-70.21107, -22.10865]]}, "properties": {"name": "Videla", "highway": "living_street"}}, {"type": "Feature", "geometry": {"type": "LineString", "coordinates": [[-70.18472, -22.08439], [-70.18493, -22.08457]]}, "properties": {"name": "Esmeralda", "highway": "residential"}}, {"type": "Feature", "geometry": {"type": "LineString", "coordinates": [[-70.18405, -22.08402], [-70.18459, -22.0839]]}, "properties": {"name": "Pasaje Las Lilas", "highway": "residential"}}, {"type": "Feature", "geometry": {"type": "LineString", "coordinates": [[-70.19033, -22.07922], [-70.19097, -22.07971]]}, "properties": {"name": "San Felipe", "highway": "residential"}}, {"type": "Feature", "geometry": {"type": "LineString", "coordinates": [[-70.19409, -22.08763], [-70.19384, -22.08541]]}, "properties": {"name": "Julio Montt Salamanca", "highway": "residential"}}, {"type": "Feature", "geometry": {"type": "LineString", "coordinates": [[-70.19384, -22.08541], [-70.19595, -22.08526]]}, "properties": {"name": "Alexis Sánchez", "highway": "tertiary"}}, {"type": "Feature", "geometry": {"type": "LineString", "coordinates": [[-70.19595, -22.0943], [-70.19668, -22.09489]]}, "properties": {"name": "Pasaje Esmeralda", "highway": "residential"}}, {"type": "Feature", "geometry": {"type": "LineString", "coordinates": [[-70.19664, -22.09507], [-70.19539, -22.09472]]}, "properties": {"name": "Pasaje Línea Férrea", "highway": "living_street"}}, {"type": "Feature", "geometry": {"type": "LineString", "coordinates": [[-70.20029, -22.09266], [-70.1979, -22.09521]]}, "properties": {"name": "Colón", "highway": "residential"}}, {"type": "Feature", "geometry": {"type": "LineString", "coordinates": [[-70.19669, -22.09626], [-70.19653, -22.09608], [-70.19664, -22.09507]]}, "properties": {"name": "Washington", "highway": "living_street"}}, {"type": "Feature", "geometry": {"type": "LineString", "coordinates": [[-70.20308, -22.09636], [-70.20283, -22.09664]]}, "properties": {"name": "Serrano", "highway": "residential"}}, {"type": "Feature", "geometry": {"type": "LineString", "coordinates": [[-70.20267, -22.09678], [-70.20229, -22.09718]]}, "properties": {"name": "Serrano", "highway": "residential"}}, {"type": "Feature", "geometry": {"type": "LineString", "coordinates": [[-70.20384, -22.09695], [-70.20348, -22.0972], [-70.20311, -22.09724], [-70.20185, -22.09713]]}, "properties": {"name": "San Martín", "highway": "tertiary"}}, {"type": "Feature", "geometry": {"type": "LineString", "coordinates": [[-70.19475, -22.09375], [-70.19501, -22.09349]]}, "properties": {"name": "Manuel Rodríguez", "highway": "residential"}}, {"type": "Feature", "geometry": {"type": "LineString", "coordinates": [[-70.19569, -22.09272], [-70.19395, -22.09131]]}, "properties": {"name": "Pasaje Matta", "highway": "living_street"}}, {"type": "Feature", "geometry": {"type": "LineString", "coordinates": [[-70.19263, -22.08803], [-70.19281, -22.08788], [-70.19353, -22.08844]]}, "properties": {"name": "", "highway": "service"}}, {"type": "Feature", "geometry": {"type": "LineString", "coordinates": [[-70.19248, -22.08808], [-70.19202, -22.08868], [-70.19255, -22.08924]]}, "properties": {"name": "", "highway": "service"}}, {"type": "Feature", "geometry": {"type": "LineString", "coordinates": [[-70.19297, -22.088], [-70.19305, -22.08792]]}, "properties": {"name": "", "highway": "service"}}, {"type": "Feature", "geometry": {"type": "LineString", "coordinates": [[-70.193, -22.08873], [-70.19244, -22.08936]]}, "properties": {"name": "", "highway": "service"}}, {"type": "Feature", "geometry": {"type": "LineString", "coordinates": [[-70.18911, -22.06917], [-70.1892, -22.06911]]}, "properties": {"name": "Ramaditas", "highway": "residential"}}, {"type": "Feature", "geometry": {"type": "LineString", "coordinates": [[-70.19123, -22.07175], [-70.1919, -22.07271], [-70.19231, -22.07379]]}, "properties": {"name": "Ruta 1", "highway": "trunk"}}, {"type": "Feature", "geometry": {"type": "LineString", "coordinates": [[-70.192, -22.07321], [-70.1916, -22.0724]]}, "properties": {"name": "Ruta 1", "highway": "trunk"}}, {"type": "Feature", "geometry": {"type": "LineString", "coordinates": [[-70.18752, -22.06719], [-70.1884, -22.06807]]}, "properties": {"name": "Ruta 1", "highway": "trunk"}}, {"type": "Feature", "geometry": {"type": "LineString", "coordinates": [[-70.21255, -22.11054], [-70.21218, -22.11142], [-70.21223, -22.11242], [-70.21371, -22.11524], [-70.21377, -22.11506], [-70.21256, -22.11301], [-70.21223, -22.11214], [-70.21221, -22.11159], [-70.21255, -22.11054]]}, "properties": {"name": "Paseo del mar Covadonga", "highway": "pedestrian"}}, {"type": "Feature", "geometry": {"type": "LineString", "coordinates": [[-70.21268, -22.11158], [-70.21269, -22.11068], [-70.21257, -22.11048]]}, "properties": {"name": "", "highway": "service"}}, {"type": "Feature", "geometry": {"type": "LineString", "coordinates": [[-70.19263, -22.07963], [-70.18585, -22.08678]]}, "properties": {"name": "Orella", "highway": "residential"}}, {"type": "Feature", "geometry": {"type": "LineString", "coordinates": [[-70.18721, -22.08204], [-70.18591, -22.08265], [-70.18574, -22.08264], [-70.18532, -22.08195]]}, "properties": {"name": "", "highway": "service"}}, {"type": "Feature", "geometry": {"type": "LineString", "coordinates": [[-70.18615, -22.08213], [-70.18564, -22.0824]]}, "properties": {"name": "", "highway": "service"}}, {"type": "Feature", "geometry": {"type": "LineString", "coordinates": [[-70.18574, -22.08235], [-70.18567, -22.08223], [-70.18608, -22.08201], [-70.18624, -22.08228], [-70.18583, -22.0825], [-70.18574, -22.08235]]}, "properties": {"name": "", "highway": "service"}}, {"type": "Feature", "geometry": {"type": "LineString", "coordinates": [[-70.18314, -22.08261], [-70.18464, -22.08198]]}, "properties": {"name": "Ruta 24", "highway": "trunk"}}, {"type": "Feature", "geometry": {"type": "LineString", "coordinates": [[-70.19377, -22.08176], [-70.19403, -22.08151], [-70.19439, -22.08174]]}, "properties": {"name": "", "highway": "service"}}, {"type": "Feature", "geometry": {"type": "LineString", "coordinates": [[-70.18666, -22.08511], [-70.18693, -22.08483]]}, "properties": {"name": "Pasaje Algarrobos", "highway": "living_street"}}, {"type": "Feature", "geometry": {"type": "LineString", "coordinates": [[-70.18665, -22.08533], [-70.18704, -22.08492]]}, "properties": {"name": "Pasaje Algarrobos", "highway": "living_street"}}, {"type": "Feature", "geometry": {"type": "LineString", "coordinates": [[-70.18667, -22.08534], [-70.18632, -22.08571]]}, "properties": {"name": "Pasaje Los Pimientos", "highway": "living_street"}}, {"type": "Feature", "geometry": {"type": "LineString", "coordinates": [[-70.20083, -22.09711], [-70.20129, -22.09665]]}, "properties": {"name": "Pasaje Los Suspiros", "highway": "living_street"}}, {"type": "Feature", "geometry": {"type": "LineString", "coordinates": [[-70.20173, -22.09617], [-70.20216, -22.09568]]}, "properties": {"name": "Baquedano", "highway": "residential"}}, {"type": "Feature", "geometry": {"type": "LineString", "coordinates": [[-70.20129, -22.09665], [-70.20159, -22.09635]]}, "properties": {"name": "Baquedano", "highway": "residential"}}, {"type": "Feature", "geometry": {"type": "LineString", "coordinates": [[-70.21019, -22.1064], [-70.21043, -22.10615]]}, "properties": {"name": "Héroes de Iquique", "highway": "pedestrian"}}, {"type": "Feature", "geometry": {"type": "LineString", "coordinates": [[-70.19092, -22.06615], [-70.18817, -22.06627], [-70.18769, -22.0666]]}, "properties": {"name": "", "highway": "service"}}, {"type": "Feature", "geometry": {"type": "LineString", "coordinates": [[-70.19033, -22.07922], [-70.18992, -22.07865], [-70.19038, -22.07839], [-70.19061, -22.07856]]}, "properties": {"name": "", "highway": "unclassified"}}, {"type": "Feature", "geometry": {"type": "LineString", "coordinates": [[-70.19673, -22.0852], [-70.1969, -22.08602]]}, "properties": {"name": "Barros Arana", "highway": "tertiary"}}, {"type": "Feature", "geometry": {"type": "LineString", "coordinates": [[-70.1969, -22.08602], [-70.19605, -22.0861]]}, "properties": {"name": "3 Poniente", "highway": "residential"}}, {"type": "Feature", "geometry": {"type": "LineString", "coordinates": [[-70.19595, -22.08526], [-70.19673, -22.0852]]}, "properties": {"name": "Alexis Sánchez", "highway": "tertiary"}}, {"type": "Feature", "geometry": {"type": "LineString", "coordinates": [[-70.20829, -22.09569], [-70.20799, -22.09664], [-70.2086, -22.09699]]}, "properties": {"name": "", "highway": "service"}}, {"type": "Feature", "geometry": {"type": "LineString", "coordinates": [[-70.20931, -22.09604], [-70.2112, -22.09732], [-70.21039, -22.09844], [-70.21144, -22.0992], [-70.21136, -22.09987]]}, "properties": {"name": "", "highway": "service"}}, {"type": "Feature", "geometry": {"type": "LineString", "coordinates": [[-70.1958, -22.09416], [-70.19501, -22.09349]]}, "properties": {"name": "Pasaje Esmeralda", "highway": "residential"}}, {"type": "Feature", "geometry": {"type": "LineString", "coordinates": [[-70.19588, -22.0891], [-70.19596, -22.08879]]}, "properties": {"name": "O'Higgins", "highway": "primary"}}, {"type": "Feature", "geometry": {"type": "LineString", "coordinates": [[-70.19073, -22.06766], [-70.18951, -22.06722]]}, "properties": {"name": "", "highway": "service"}}, {"type": "Feature", "geometry": {"type": "LineString", "coordinates": [[-70.20713, -22.09637], [-70.20641, -22.09579], [-70.20669, -22.09542], [-70.20645, -22.09494], [-70.20688, -22.09391]]}, "properties": {"name": "", "highway": "service"}}, {"type": "Feature", "geometry": {"type": "LineString", "coordinates": [[-70.2091, -22.09522], [-70.20815, -22.09496], [-70.2067, -22.09535]]}, "properties": {"name": "", "highway": "service"}}, {"type": "Feature", "geometry": {"type": "LineString", "coordinates": [[-70.20429, -22.09323], [-70.20534, -22.09362], [-70.20524, -22.09401]]}, "properties": {"name": "", "highway": "service"}}, {"type": "Feature", "geometry": {"type": "LineString", "coordinates": [[-70.21237, -22.10642], [-70.21265, -22.10611]]}, "properties": {"name": "", "highway": "residential"}}, {"type": "Feature", "geometry": {"type": "LineString", "coordinates": [[-70.21296, -22.10624], [-70.21231, -22.10605]]}, "properties": {"name": "", "highway": "residential"}}, {"type": "Feature", "geometry": {"type": "LineString", "coordinates": [[-70.21266, -22.10533], [-70.21194, -22.10454]]}, "properties": {"name": "", "highway": "residential"}}, {"type": "Feature", "geometry": {"type": "LineString", "coordinates": [[-70.2098, -22.10327], [-70.20921, -22.10338], [-70.20914, -22.10399]]}, "properties": {"name": "", "highway": "residential"}}, {"type": "Feature", "geometry": {"type": "LineString", "coordinates": [[-70.2098, -22.10327], [-70.20996, -22.10296], [-70.2104, -22.10275]]}, "properties": {"name": "", "highway": "service"}}, {"type": "Feature", "geometry": {"type": "LineString", "coordinates": [[-70.18728, -22.06407], [-70.1868, -22.06415]]}, "properties": {"name": "", "highway": "service"}}, {"type": "Feature", "geometry": {"type": "LineString", "coordinates": [[-70.2114, -22.10018], [-70.20968, -22.1004], [-70.20938, -22.10071], [-70.20896, -22.10072]]}, "properties": {"name": "", "highway": "service"}}, {"type": "Feature", "geometry": {"type": "LineString", "coordinates": [[-70.103, -22.10761], [-70.10385, -22.10581], [-70.10769, -22.10275], [-70.10827, -22.10241], [-70.10997, -22.10214], [-70.11266, -22.10055], [-70.11441, -22.09919], [-70.11529, -22.09913], [-70.11825, -22.10026], [-70.11899, -22.10037], [-70.11935, -22.10015], [-70.12035, -22.09828], [-70.12084, -22.09814], [-70.12311, -22.09856], [-70.12378, -22.09848], [-70.12437, -22.09807], [-70.12514, -22.0965], [-70.12554, -22.09637], [-70.12629, -22.09671], [-70.12669, -22.09671], [-70.12688, -22.09648], [-70.12707, -22.09553], [-70.12744, -22.09529], [-70.12804, -22.09532], [-70.12952, -22.09582], [-70.12985, -22.09557], [-70.12988, -22.09501], [-70.13005, -22.09474], [-70.13063, -22.09462], [-70.13183, -22.09546], [-70.13262, -22.09672], [-70.13313, -22.09699], [-70.13457, -22.09597], [-70.13585, -22.09594], [-70.13791, -22.09496], [-70.13818, -22.09468], [-70.13881, -22.09331], [-70.13957, -22.09274], [-70.14059, -22.09279], [-70.14206, -22.09365], [-70.14266, -22.09366], [-70.14308, -22.09322], [-70.14325, -22.0928], [-70.14296, -22.09037], [-70.14305, -22.08998], [-70.1435, -22.08964], [-70.1457, -22.08892], [-70.14608, -22.08856], [-70.14609, -22.08816], [-70.14531, -22.08734], [-70.14534, -22.08705], [-70.1456, -22.08682], [-70.14594, -22.08682], [-70.14824, -22.08779], [-70.14874, -22.08763], [-70.14969, -22.08616], [-70.15026, -22.08588], [-70.15808, -22.08692], [-70.15852, -22.08685], [-70.159, -22.08642], [-70.159, -22.08589], [-70.15674, -22.08435], [-70.1566, -22.08412], [-70.15672, -22.08367], [-70.15702, -22.08323], [-70.15737, -22.08301], [-70.16106, -22.08242], [-70.16168, -22.08245], [-70.16443, -22.08344], [-70.16681, -22.0834], [-70.17038, -22.08398], [-70.17102, -22.08381], [-70.17189, -22.0829], [-70.17222, -22.08276], [-70.17452, -22.08293], [-70.17644, -22.08238], [-70.17877, -22.08272]]}, "properties": {"name": "Ruta 24", "highway": "trunk"}}, {"type": "Feature", "geometry": {"type": "LineString", "coordinates": [[-70.18784, -22.08139], [-70.19093, -22.08394]]}, "properties": {"name": "Alexis Sánchez", "highway": "tertiary"}}, {"type": "Feature", "geometry": {"type": "LineString", "coordinates": [[-70.18752, -22.06719], [-70.18613, -22.06604], [-70.18539, -22.06394], [-70.1839, -22.06238], [-70.18354, -22.06172], [-70.18321, -22.05979], [-70.18363, -22.05805], [-70.183, -22.05626], [-70.18288, -22.05305]]}, "properties": {"name": "Ruta 1", "highway": "trunk"}}, {"type": "Feature", "geometry": {"type": "LineString", "coordinates": [[-70.19278, -22.07547], [-70.19257, -22.07482]]}, "properties": {"name": "Teniente Merino", "highway": "trunk"}}, {"type": "Feature", "geometry": {"type": "LineString", "coordinates": [[-70.19231, -22.07379], [-70.19255, -22.07443]]}, "properties": {"name": "Ruta 1", "highway": "trunk"}}, {"type": "Feature", "geometry": {"type": "LineString", "coordinates": [[-70.19271, -22.07525], [-70.19178, -22.0755]]}, "properties": {"name": "", "highway": "service"}}, {"type": "Feature", "geometry": {"type": "LineString", "coordinates": [[-70.1911, -22.07493], [-70.19206, -22.07458]]}, "properties": {"name": "Ruta 24", "highway": "trunk"}}, {"type": "Feature", "geometry": {"type": "LineString", "coordinates": [[-70.18896, -22.07102], [-70.18876, -22.06967], [-70.18889, -22.06958], [-70.19022, -22.07105], [-70.19061, -22.07131], [-70.19108, -22.07205], [-70.19132, -22.072]]}, "properties": {"name": "", "highway": "track"}}, {"type": "Feature", "geometry": {"type": "LineString", "coordinates": [[-70.19123, -22.07175], [-70.19136, -22.07166]]}, "properties": {"name": "", "highway": "unclassified"}}, {"type": "Feature", "geometry": {"type": "LineString", "coordinates": [[-70.19009, -22.07027], [-70.19123, -22.07175]]}, "properties": {"name": "Ruta 1", "highway": "trunk"}}, {"type": "Feature", "geometry": {"type": "LineString", "coordinates": [[-70.19244, -22.07446], [-70.19255, -22.07443]]}, "properties": {"name": "Ruta 24", "highway": "trunk"}}, {"type": "Feature", "geometry": {"type": "LineString", "coordinates": [[-70.19257, -22.07482], [-70.19244, -22.07446]]}, "properties": {"name": "Teniente Merino", "highway": "trunk"}}, {"type": "Feature", "geometry": {"type": "LineString", "coordinates": [[-70.19206, -22.07458], [-70.19244, -22.07446]]}, "properties": {"name": "Ruta 24", "highway": "trunk"}}, {"type": "Feature", "geometry": {"type": "LineString", "coordinates": [[-70.1916, -22.0724], [-70.19117, -22.0718]]}, "properties": {"name": "Ruta 1", "highway": "trunk"}}, {"type": "Feature", "geometry": {"type": "LineString", "coordinates": [[-70.19117, -22.0718], [-70.18972, -22.06995]]}, "properties": {"name": "Ruta 1", "highway": "trunk"}}, {"type": "Feature", "geometry": {"type": "LineString", "coordinates": [[-70.19395, -22.07306], [-70.19393, -22.07298]]}, "properties": {"name": "", "highway": "service"}}, {"type": "Feature", "geometry": {"type": "LineString", "coordinates": [[-70.19362, -22.07165], [-70.19393, -22.07298]]}, "properties": {"name": "", "highway": "service"}}, {"type": "Feature", "geometry": {"type": "LineString", "coordinates": [[-70.1892, -22.06911], [-70.18935, -22.06901]]}, "properties": {"name": "Ramaditas", "highway": "residential"}}, {"type": "Feature", "geometry": {"type": "LineString", "coordinates": [[-70.1892, -22.06911], [-70.1894, -22.06937]]}, "properties": {"name": "Ruta 1", "highway": "trunk"}}, {"type": "Feature", "geometry": {"type": "LineString", "coordinates": [[-70.18782, -22.06751], [-70.18752, -22.06719]]}, "properties": {"name": "Ruta 1", "highway": "trunk"}}, {"type": "Feature", "geometry": {"type": "LineString", "coordinates": [[-70.1885, -22.06838], [-70.18828, -22.0681]]}, "properties": {"name": "Ruta 1", "highway": "trunk"}}, {"type": "Feature", "geometry": {"type": "LineString", "coordinates": [[-70.19117, -22.0718], [-70.19123, -22.07175]]}, "properties": {"name": "", "highway": "unclassified"}}, {"type": "Feature", "geometry": {"type": "LineString", "coordinates": [[-70.19171, -22.06986], [-70.19107, -22.06987], [-70.19032, -22.07033]]}, "properties": {"name": "", "highway": "service"}}, {"type": "Feature", "geometry": {"type": "LineString", "coordinates": [[-70.19032, -22.07033], [-70.19136, -22.07166]]}, "properties": {"name": "", "highway": "unclassified"}}, {"type": "Feature", "geometry": {"type": "LineString", "coordinates": [[-70.19136, -22.07166], [-70.19182, -22.07257]]}, "properties": {"name": "", "highway": "unclassified"}}, {"type": "Feature", "geometry": {"type": "LineString", "coordinates": [[-70.19212, -22.07135], [-70.19136, -22.07166]]}, "properties": {"name": "", "highway": "service"}}, {"type": "Feature", "geometry": {"type": "LineString", "coordinates": [[-70.19223, -22.07356], [-70.19214, -22.07359]]}, "properties": {"name": "", "highway": "unclassified"}}, {"type": "Feature", "geometry": {"type": "LineString", "coordinates": [[-70.19219, -22.07347], [-70.19393, -22.07298]]}, "properties": {"name": "", "highway": "unclassified"}}, {"type": "Feature", "geometry": {"type": "LineString", "coordinates": [[-70.18972, -22.06995], [-70.18911, -22.06917]]}, "properties": {"name": "Ruta 1", "highway": "trunk"}}, {"type": "Feature", "geometry": {"type": "LineString", "coordinates": [[-70.18911, -22.06917], [-70.1885, -22.06838]]}, "properties": {"name": "Ruta 1", "highway": "trunk"}}, {"type": "Feature", "geometry": {"type": "LineString", "coordinates": [[-70.18828, -22.0681], [-70.18782, -22.06751]]}, "properties": {"name": "Ruta 1", "highway": "trunk"}}, {"type": "Feature", "geometry": {"type": "LineString", "coordinates": [[-70.19232, -22.07407], [-70.192, -22.07321]]}, "properties": {"name": "Ruta 1", "highway": "trunk"}}, {"type": "Feature", "geometry": {"type": "LineString", "coordinates": [[-70.19244, -22.07446], [-70.19232, -22.07407]]}, "properties": {"name": "Ruta 1", "highway": "trunk"}}, {"type": "Feature", "geometry": {"type": "LineString", "coordinates": [[-70.18994, -22.06725], [-70.18951, -22.06722]]}, "properties": {"name": "", "highway": "service"}}, {"type": "Feature", "geometry": {"type": "LineString", "coordinates": [[-70.19202, -22.06841], [-70.19142, -22.06738]]}, "properties": {"name": "", "highway": "service"}}, {"type": "Feature", "geometry": {"type": "LineString", "coordinates": [[-70.19045, -22.0676], [-70.19045, -22.06818], [-70.19158, -22.06827], [-70.19185, -22.06815]]}, "properties": {"name": "", "highway": "service"}}, {"type": "Feature", "geometry": {"type": "LineString", "coordinates": [[-70.19051, -22.06762], [-70.19075, -22.0675], [-70.19106, -22.06759], [-70.19099, -22.06822]]}, "properties": {"name": "", "highway": "service"}}, {"type": "Feature", "geometry": {"type": "LineString", "coordinates": [[-70.18951, -22.06722], [-70.188, -22.06711]]}, "properties": {"name": "", "highway": "service"}}, {"type": "Feature", "geometry": {"type": "LineString", "coordinates": [[-70.18869, -22.06812], [-70.18942, -22.06863], [-70.18948, -22.06884], [-70.18935, -22.06901]]}, "properties": {"name": "Ramaditas", "highway": "residential"}}, {"type": "Feature", "geometry": {"type": "LineString", "coordinates": [[-70.1884, -22.06807], [-70.18909, -22.06897]]}, "properties": {"name": "Ruta 1", "highway": "trunk"}}, {"type": "Feature", "geometry": {"type": "LineString", "coordinates": [[-70.1894, -22.06937], [-70.19009, -22.07027]]}, "properties": {"name": "Ruta 1", "highway": "trunk"}}, {"type": "Feature", "geometry": {"type": "LineString", "coordinates": [[-70.18909, -22.06897], [-70.1892, -22.06911]]}, "properties": {"name": "Ruta 1", "highway": "trunk"}}, {"type": "Feature", "geometry": {"type": "LineString", "coordinates": [[-70.19389, -22.07863], [-70.19416, -22.07944]]}, "properties": {"name": "Teniente Merino", "highway": "trunk"}}, {"type": "Feature", "geometry": {"type": "LineString", "coordinates": [[-70.1941, -22.07949], [-70.19382, -22.07866]]}, "properties": {"name": "Teniente Merino", "highway": "trunk"}}, {"type": "Feature", "geometry": {"type": "LineString", "coordinates": [[-70.19382, -22.07866], [-70.19347, -22.07761]]}, "properties": {"name": "Teniente Merino", "highway": "trunk"}}, {"type": "Feature", "geometry": {"type": "LineString", "coordinates": [[-70.19382, -22.07866], [-70.19339, -22.07884]]}, "properties": {"name": "Orella", "highway": "residential"}}, {"type": "Feature", "geometry": {"type": "LineString", "coordinates": [[-70.19379, -22.07832], [-70.19389, -22.07863]]}, "properties": {"name": "Teniente Merino", "highway": "trunk"}}, {"type": "Feature", "geometry": {"type": "LineString", "coordinates": [[-70.19302, -22.0762], [-70.19175, -22.07655]]}, "properties": {"name": "", "highway": "service"}}, {"type": "Feature", "geometry": {"type": "LineString", "coordinates": [[-70.19255, -22.07443], [-70.19318, -22.07642]]}, "properties": {"name": "Teniente Merino", "highway": "trunk"}}, {"type": "Feature", "geometry": {"type": "LineString", "coordinates": [[-70.18584, -22.08354], [-70.185, -22.08312]]}, "properties": {"name": "18 de Septiembre", "highway": "primary"}}, {"type": "Feature", "geometry": {"type": "LineString", "coordinates": [[-70.18384, -22.08409], [-70.1838, -22.08395]]}, "properties": {"name": "", "highway": "service"}}, {"type": "Feature", "geometry": {"type": "LineString", "coordinates": [[-70.19108, -22.07853], [-70.19062, -22.07905]]}, "properties": {"name": "", "highway": "unclassified"}}, {"type": "Feature", "geometry": {"type": "LineString", "coordinates": [[-70.19095, -22.07841], [-70.19134, -22.07876], [-70.1909, -22.07926]]}, "properties": {"name": "", "highway": "unclassified"}}, {"type": "Feature", "geometry": {"type": "LineString", "coordinates": [[-70.19068, -22.07847], [-70.19034, -22.07884], [-70.19122, -22.07944]]}, "properties": {"name": "", "highway": "unclassified"}}, {"type": "Feature", "geometry": {"type": "LineString", "coordinates": [[-70.19389, -22.07863], [-70.19382, -22.07866]]}, "properties": {"name": "Orella", "highway": "residential"}}, {"type": "Feature", "geometry": {"type": "LineString", "coordinates": [[-70.19416, -22.07944], [-70.1941, -22.07949]]}, "properties": {"name": "Almirante Riveros", "highway": "residential"}}, {"type": "Feature", "geometry": {"type": "LineString", "coordinates": [[-70.19365, -22.07789], [-70.19379, -22.07832]]}, "properties": {"name": "Teniente Merino", "highway": "trunk"}}, {"type": "Feature", "geometry": {"type": "LineString", "coordinates": [[-70.19318, -22.07642], [-70.19365, -22.07789]]}, "properties": {"name": "Teniente Merino", "highway": "trunk"}}, {"type": "Feature", "geometry": {"type": "LineString", "coordinates": [[-70.19356, -22.0776], [-70.19347, -22.07761]]}, "properties": {"name": "Chorrillos", "highway": "residential"}}, {"type": "Feature", "geometry": {"type": "LineString", "coordinates": [[-70.19347, -22.07761], [-70.19278, -22.07547]]}, "properties": {"name": "Teniente Merino", "highway": "trunk"}}, {"type": "Feature", "geometry": {"type": "LineString", "coordinates": [[-70.19284, -22.07768], [-70.19303, -22.07755], [-70.19354, -22.07754]]}, "properties": {"name": "Chorrillos", "highway": "residential"}}, {"type": "Feature", "geometry": {"type": "LineString", "coordinates": [[-70.19268, -22.07787], [-70.19284, -22.07768]]}, "properties": {"name": "Chorrillos", "highway": "residential"}}, {"type": "Feature", "geometry": {"type": "LineString", "coordinates": [[-70.1933, -22.07708], [-70.19297, -22.07699], [-70.19288, -22.07676], [-70.19309, -22.07642]]}, "properties": {"name": "", "highway": "service"}}, {"type": "Feature", "geometry": {"type": "LineString", "coordinates": [[-70.19347, -22.07761], [-70.19284, -22.07768]]}, "properties": {"name": "Chorrillos", "highway": "residential"}}, {"type": "Feature", "geometry": {"type": "LineString", "coordinates": [[-70.19491, -22.0818], [-70.19497, -22.082]]}, "properties": {"name": "Teniente Merino", "highway": "trunk"}}, {"type": "Feature", "geometry": {"type": "LineString", "coordinates": [[-70.19512, -22.08233], [-70.19514, -22.08169], [-70.19492, -22.08107], [-70.19471, -22.08105], [-70.19512, -22.08233]]}, "properties": {"name": "", "highway": "pedestrian"}}, {"type": "Feature", "geometry": {"type": "LineString", "coordinates": [[-70.19339, -22.08024], [-70.19399, -22.08073]]}, "properties": {"name": "Calama", "highway": "living_street"}}, {"type": "Feature", "geometry": {"type": "LineString", "coordinates": [[-70.19172, -22.0789], [-70.19339, -22.08024]]}, "properties": {"name": "Calama", "highway": "residential"}}, {"type": "Feature", "geometry": {"type": "LineString", "coordinates": [[-70.19405, -22.082], [-70.19347, -22.08151]]}, "properties": {"name": "", "highway": "service"}}, {"type": "Feature", "geometry": {"type": "LineString", "coordinates": [[-70.19421, -22.08191], [-70.19365, -22.08144]]}, "properties": {"name": "", "highway": "service"}}, {"type": "Feature", "geometry": {"type": "LineString", "coordinates": [[-70.19425, -22.07969], [-70.1947, -22.08113]]}, "properties": {"name": "Teniente Merino", "highway": "trunk"}}, {"type": "Feature", "geometry": {"type": "LineString", "coordinates": [[-70.1949, -22.08206], [-70.19423, -22.0799]]}, "properties": {"name": "Teniente Merino", "highway": "trunk"}}, {"type": "Feature", "geometry": {"type": "LineString", "coordinates": [[-70.1949, -22.08206], [-70.19497, -22.082]]}, "properties": {"name": "Teniente Uribe", "highway": "tertiary"}}, {"type": "Feature", "geometry": {"type": "LineString", "coordinates": [[-70.19416, -22.07944], [-70.19425, -22.07969]]}, "properties": {"name": "Teniente Merino", "highway": "trunk"}}, {"type": "Feature", "geometry": {"type": "LineString", "coordinates": [[-70.19423, -22.0799], [-70.1941, -22.07949]]}, "properties": {"name": "Teniente Merino", "highway": "trunk"}}, {"type": "Feature", "geometry": {"type": "LineString", "coordinates": [[-70.1947, -22.08113], [-70.19497, -22.08158], [-70.19491, -22.0818]]}, "properties": {"name": "", "highway": "service"}}, {"type": "Feature", "geometry": {"type": "LineString", "coordinates": [[-70.19595, -22.08526], [-70.19605, -22.0861]]}, "properties": {"name": "Teniente Merino", "highway": "trunk"}}, {"type": "Feature", "geometry": {"type": "LineString", "coordinates": [[-70.19598, -22.0861], [-70.19605, -22.0861]]}, "properties": {"name": "3 Poniente", "highway": "residential"}}, {"type": "Feature", "geometry": {"type": "LineString", "coordinates": [[-70.19141, -22.0861], [-70.19145, -22.08627]]}, "properties": {"name": "", "highway": "service"}}, {"type": "Feature", "geometry": {"type": "LineString", "coordinates": [[-70.19141, -22.0861], [-70.19161, -22.08608]]}, "properties": {"name": "", "highway": "service"}}, {"type": "Feature", "geometry": {"type": "LineString", "coordinates": [[-70.19119, -22.08595], [-70.19141, -22.0861]]}, "properties": {"name": "", "highway": "service"}}, {"type": "Feature", "geometry": {"type": "LineString", "coordinates": [[-70.19123, -22.08616], [-70.19141, -22.0861]]}, "properties": {"name": "", "highway": "service"}}, {"type": "Feature", "geometry": {"type": "LineString", "coordinates": [[-70.19107, -22.08608], [-70.1915, -22.08562]]}, "properties": {"name": "Teniente Uribe", "highway": "tertiary"}}, {"type": "Feature", "geometry": {"type": "LineString", "coordinates": [[-70.19297, -22.08408], [-70.19374, -22.08442]]}, "properties": {"name": "5° Poniente", "highway": "residential"}}, {"type": "Feature", "geometry": {"type": "LineString", "coordinates": [[-70.19566, -22.08423], [-70.19574, -22.08422]]}, "properties": {"name": "5° Poniente", "highway": "residential"}}, {"type": "Feature", "geometry": {"type": "LineString", "coordinates": [[-70.19547, -22.08346], [-70.19574, -22.08422]]}, "properties": {"name": "Teniente Merino", "highway": "trunk"}}, {"type": "Feature", "geometry": {"type": "LineString", "coordinates": [[-70.19536, -22.0834], [-70.1949, -22.08206]]}, "properties": {"name": "Teniente Merino", "highway": "trunk"}}, {"type": "Feature", "geometry": {"type": "LineString", "coordinates": [[-70.19566, -22.08423], [-70.19536, -22.0834]]}, "properties": {"name": "Teniente Merino", "highway": "trunk"}}, {"type": "Feature", "geometry": {"type": "LineString", "coordinates": [[-70.19581, -22.08475], [-70.19566, -22.08423]]}, "properties": {"name": "Teniente Merino", "highway": "trunk"}}, {"type": "Feature", "geometry": {"type": "LineString", "coordinates": [[-70.19589, -22.08474], [-70.19595, -22.08526]]}, "properties": {"name": "Teniente Merino", "highway": "trunk"}}, {"type": "Feature", "geometry": {"type": "LineString", "coordinates": [[-70.19574, -22.08422], [-70.19589, -22.08474]]}, "properties": {"name": "Teniente Merino", "highway": "trunk"}}, {"type": "Feature", "geometry": {"type": "LineString", "coordinates": [[-70.19497, -22.082], [-70.19547, -22.08346]]}, "properties": {"name": "Teniente Merino", "highway": "trunk"}}, {"type": "Feature", "geometry": {"type": "LineString", "coordinates": [[-70.19587, -22.08527], [-70.19581, -22.08475]]}, "properties": {"name": "Teniente Merino", "highway": "trunk"}}, {"type": "Feature", "geometry": {"type": "LineString", "coordinates": [[-70.19409, -22.08763], [-70.19411, -22.08781]]}, "properties": {"name": "Santa Rosa", "highway": "residential"}}, {"type": "Feature", "geometry": {"type": "LineString", "coordinates": [[-70.19306, -22.0871], [-70.19283, -22.08497]]}, "properties": {"name": "Luis Cruz Martínez", "highway": "residential"}}, {"type": "Feature", "geometry": {"type": "LineString", "coordinates": [[-70.18721, -22.08204], [-70.18594, -22.08344]]}, "properties": {"name": "Miraflores", "highway": "residential"}}, {"type": "Feature", "geometry": {"type": "LineString", "coordinates": [[-70.18687, -22.08408], [-70.18584, -22.08354]]}, "properties": {"name": "18 de Septiembre", "highway": "primary"}}, {"type": "Feature", "geometry": {"type": "LineString", "coordinates": [[-70.1879, -22.08461], [-70.18687, -22.08408]]}, "properties": {"name": "18 de Septiembre", "highway": "primary"}}, {"type": "Feature", "geometry": {"type": "LineString", "coordinates": [[-70.18888, -22.08511], [-70.1879, -22.08461]]}, "properties": {"name": "18 de Septiembre", "highway": "primary"}}, {"type": "Feature", "geometry": {"type": "LineString", "coordinates": [[-70.18993, -22.08565], [-70.18888, -22.08511]]}, "properties": {"name": "18 de Septiembre", "highway": "primary"}}, {"type": "Feature", "geometry": {"type": "LineString", "coordinates": [[-70.19097, -22.08619], [-70.18993, -22.08565]]}, "properties": {"name": "18 de Septiembre", "highway": "primary"}}, {"type": "Feature", "geometry": {"type": "LineString", "coordinates": [[-70.19165, -22.08655], [-70.19097, -22.08619]]}, "properties": {"name": "18 de Septiembre", "highway": "primary"}}, {"type": "Feature", "geometry": {"type": "LineString", "coordinates": [[-70.19204, -22.08674], [-70.19165, -22.08655]]}, "properties": {"name": "18 de Septiembre", "highway": "primary"}}, {"type": "Feature", "geometry": {"type": "LineString", "coordinates": [[-70.19107, -22.08608], [-70.1917, -22.0864]]}, "properties": {"name": "18 de Septiembre", "highway": "primary"}}, {"type": "Feature", "geometry": {"type": "LineString", "coordinates": [[-70.19003, -22.08554], [-70.19107, -22.08608]]}, "properties": {"name": "18 de Septiembre", "highway": "primary"}}, {"type": "Feature", "geometry": {"type": "LineString", "coordinates": [[-70.18899, -22.085], [-70.19003, -22.08554]]}, "properties": {"name": "18 de Septiembre", "highway": "primary"}}, {"type": "Feature", "geometry": {"type": "LineString", "coordinates": [[-70.18801, -22.0845], [-70.18899, -22.085]]}, "properties": {"name": "18 de Septiembre", "highway": "primary"}}, {"type": "Feature", "geometry": {"type": "LineString", "coordinates": [[-70.18698, -22.08397], [-70.18801, -22.0845]]}, "properties": {"name": "18 de Septiembre", "highway": "primary"}}, {"type": "Feature", "geometry": {"type": "LineString", "coordinates": [[-70.18594, -22.08344], [-70.18698, -22.08397]]}, "properties": {"name": "18 de Septiembre", "highway": "primary"}}, {"type": "Feature", "geometry": {"type": "LineString", "coordinates": [[-70.18249, -22.08277], [-70.18314, -22.08261]]}, "properties": {"name": "Ruta 24", "highway": "trunk"}}, {"type": "Feature", "geometry": {"type": "LineString", "coordinates": [[-70.18382, -22.08244], [-70.18325, -22.08275]]}, "properties": {"name": "Ruta 24", "highway": "trunk"}}, {"type": "Feature", "geometry": {"type": "LineString", "coordinates": [[-70.18325, -22.08275], [-70.1839, -22.08274]]}, "properties": {"name": "18 de Septiembre", "highway": "primary"}}, {"type": "Feature", "geometry": {"type": "LineString", "coordinates": [[-70.18316, -22.08275], [-70.18325, -22.08275]]}, "properties": {"name": "18 de Septiembre", "highway": "trunk"}}, {"type": "Feature", "geometry": {"type": "LineString", "coordinates": [[-70.18249, -22.08277], [-70.18316, -22.08275]]}, "properties": {"name": "18 de Septiembre", "highway": "trunk"}}, {"type": "Feature", "geometry": {"type": "LineString", "coordinates": [[-70.18448, -22.08288], [-70.18509, -22.08309]]}, "properties": {"name": "18 de Septiembre", "highway": "primary"}}, {"type": "Feature", "geometry": {"type": "LineString", "coordinates": [[-70.185, -22.08312], [-70.18509, -22.08309]]}, "properties": {"name": "11 de Septiembre", "highway": "residential"}}, {"type": "Feature", "geometry": {"type": "LineString", "coordinates": [[-70.185, -22.08312], [-70.18448, -22.08288]]}, "properties": {"name": "18 de Septiembre", "highway": "primary"}}, {"type": "Feature", "geometry": {"type": "LineString", "coordinates": [[-70.18509, -22.08309], [-70.18594, -22.08344]]}, "properties": {"name": "18 de Septiembre", "highway": "primary"}}, {"type": "Feature", "geometry": {"type": "LineString", "coordinates": [[-70.18373, -22.08292], [-70.18426, -22.08477]]}, "properties": {"name": "Pasaje Esmeralda", "highway": "residential"}}, {"type": "Feature", "geometry": {"type": "LineString", "coordinates": [[-70.1973, -22.08778], [-70.19765, -22.08843]]}, "properties": {"name": "Barros Arana", "highway": "tertiary"}}, {"type": "Feature", "geometry": {"type": "LineString", "coordinates": [[-70.1969, -22.08602], [-70.1973, -22.08778]]}, "properties": {"name": "Barros Arana", "highway": "tertiary"}}, {"type": "Feature", "geometry": {"type": "LineString", "coordinates": [[-70.19634, -22.08679], [-70.19621, -22.08608]]}, "properties": {"name": "Gatico", "highway": "living_street"}}, {"type": "Feature", "geometry": {"type": "LineString", "coordinates": [[-70.19622, -22.08876], [-70.19718, -22.08931]]}, "properties": {"name": "Avenida Arturo Prat", "highway": "trunk"}}, {"type": "Feature", "geometry": {"type": "LineString", "coordinates": [[-70.19712, -22.08937], [-70.19612, -22.08885]]}, "properties": {"name": "Avenida Arturo Prat", "highway": "trunk"}}, {"type": "Feature", "geometry": {"type": "LineString", "coordinates": [[-70.19627, -22.08812], [-70.19615, -22.08859]]}, "properties": {"name": "Teniente Merino", "highway": "trunk"}}, {"type": "Feature", "geometry": {"type": "LineString", "coordinates": [[-70.19627, -22.08812], [-70.19641, -22.08849], [-70.19623, -22.08868]]}, "properties": {"name": "", "highway": "service"}}, {"type": "Feature", "geometry": {"type": "LineString", "coordinates": [[-70.19605, -22.0861], [-70.19616, -22.0868]]}, "properties": {"name": "Teniente Merino", "highway": "trunk"}}, {"type": "Feature", "geometry": {"type": "LineString", "coordinates": [[-70.18923, -22.0881], [-70.19107, -22.08608]]}, "properties": {"name": "Teniente Uribe", "highway": "tertiary"}}, {"type": "Feature", "geometry": {"type": "LineString", "coordinates": [[-70.17877, -22.08272], [-70.1797, -22.08283]]}, "properties": {"name": "Ruta 24", "highway": "trunk"}}, {"type": "Feature", "geometry": {"type": "LineString", "coordinates": [[-70.18079, -22.08283], [-70.18249, -22.08277]]}, "properties": {"name": "Ruta 24", "highway": "trunk"}}, {"type": "Feature", "geometry": {"type": "LineString", "coordinates": [[-70.18787, -22.0771], [-70.18879, -22.07783], [-70.18904, -22.07773], [-70.18891, -22.07745], [-70.18859, -22.07722], [-70.18822, -22.07745]]}, "properties": {"name": "", "highway": "service"}}, {"type": "Feature", "geometry": {"type": "LineString", "coordinates": [[-70.1797, -22.08283], [-70.18079, -22.08283]]}, "properties": {"name": "Ruta 24", "highway": "trunk"}}, {"type": "Feature", "geometry": {"type": "LineString", "coordinates": [[-70.17958, -22.08282], [-70.17934, -22.0829], [-70.179, -22.08276]]}, "properties": {"name": "", "highway": "service"}}, {"type": "Feature", "geometry": {"type": "LineString", "coordinates": [[-70.18174, -22.08344], [-70.18085, -22.08327]]}, "properties": {"name": "", "highway": "unclassified"}}, {"type": "Feature", "geometry": {"type": "LineString", "coordinates": [[-70.18173, -22.08383], [-70.18179, -22.08319]]}, "properties": {"name": "", "highway": "unclassified"}}, {"type": "Feature", "geometry": {"type": "LineString", "coordinates": [[-70.18075, -22.08359], [-70.18239, -22.08386]]}, "properties": {"name": "", "highway": "unclassified"}}, {"type": "Feature", "geometry": {"type": "LineString", "coordinates": [[-70.21513, -22.10454], [-70.21528, -22.10619], [-70.21514, -22.10688]]}, "properties": {"name": "Avenida Arturo Prat", "highway": "trunk"}}, {"type": "Feature", "geometry": {"type": "LineString", "coordinates": [[-70.21507, -22.10686], [-70.2152, -22.10621], [-70.21503, -22.10456]]}, "properties": {"name": "Avenida Arturo Prat", "highway": "trunk"}}, {"type": "Feature", "geometry": {"type": "LineString", "coordinates": [[-70.2148, -22.10377], [-70.2145, -22.10273]]}, "properties": {"name": "Avenida Arturo Prat", "highway": "trunk"}}, {"type": "Feature", "geometry": {"type": "LineString", "coordinates": [[-70.21487, -22.10365], [-70.21513, -22.10454]]}, "properties": {"name": "Avenida Arturo Prat", "highway": "trunk"}}, {"type": "Feature", "geometry": {"type": "LineString", "coordinates": [[-70.21503, -22.10456], [-70.2148, -22.10377]]}, "properties": {"name": "Avenida Arturo Prat", "highway": "trunk"}}, {"type": "Feature", "geometry": {"type": "LineString", "coordinates": [[-70.21503, -22.10456], [-70.21513, -22.10454]]}, "properties": {"name": "", "highway": "unclassified"}}, {"type": "Feature", "geometry": {"type": "LineString", "coordinates": [[-70.21479, -22.10341], [-70.21487, -22.10365]]}, "properties": {"name": "Avenida Arturo Prat", "highway": "trunk"}}, {"type": "Feature", "geometry": {"type": "LineString", "coordinates": [[-70.21458, -22.1027], [-70.21479, -22.10341]]}, "properties": {"name": "Avenida Arturo Prat", "highway": "trunk"}}, {"type": "Feature", "geometry": {"type": "LineString", "coordinates": [[-70.2145, -22.10273], [-70.21426, -22.10201], [-70.21386, -22.10138]]}, "properties": {"name": "Avenida Arturo Prat", "highway": "trunk"}}, {"type": "Feature", "geometry": {"type": "LineString", "coordinates": [[-70.21487, -22.10365], [-70.2148, -22.10377]]}, "properties": {"name": "", "highway": "unclassified"}}, {"type": "Feature", "geometry": {"type": "LineString", "coordinates": [[-70.2148, -22.10377], [-70.21435, -22.10414], [-70.21429, -22.10438], [-70.21465, -22.10472], [-70.21503, -22.10456]]}, "properties": {"name": "", "highway": "unclassified"}}, {"type": "Feature", "geometry": {"type": "LineString", "coordinates": [[-70.21404, -22.10149], [-70.21458, -22.1027]]}, "properties": {"name": "Avenida Arturo Prat", "highway": "trunk"}}, {"type": "Feature", "geometry": {"type": "LineString", "coordinates": [[-70.20919, -22.09882], [-70.20857, -22.09816]]}, "properties": {"name": "Avenida Arturo Prat", "highway": "trunk"}}, {"type": "Feature", "geometry": {"type": "LineString", "coordinates": [[-70.21386, -22.10138], [-70.21351, -22.10096]]}, "properties": {"name": "Avenida Arturo Prat", "highway": "trunk"}}, {"type": "Feature", "geometry": {"type": "LineString", "coordinates": [[-70.21351, -22.10096], [-70.21266, -22.10026], [-70.21134, -22.09995]]}, "properties": {"name": "Avenida Arturo Prat", "highway": "trunk"}}, {"type": "Feature", "geometry": {"type": "LineString", "coordinates": [[-70.2136, -22.10091], [-70.21404, -22.10149]]}, "properties": {"name": "Avenida Arturo Prat", "highway": "trunk"}}, {"type": "Feature", "geometry": {"type": "LineString", "coordinates": [[-70.2136, -22.10082], [-70.21353, -22.10059]]}, "properties": {"name": "", "highway": "service"}}, {"type": "Feature", "geometry": {"type": "LineString", "coordinates": [[-70.2136, -22.10082], [-70.21404, -22.10149]]}, "properties": {"name": "", "highway": "service"}}, {"type": "Feature", "geometry": {"type": "LineString", "coordinates": [[-70.21353, -22.10059], [-70.2132, -22.09976]]}, "properties": {"name": "", "highway": "service"}}, {"type": "Feature", "geometry": {"type": "LineString", "coordinates": [[-70.2136, -22.10091], [-70.2136, -22.10082]]}, "properties": {"name": "", "highway": "service"}}, {"type": "Feature", "geometry": {"type": "LineString", "coordinates": [[-70.21351, -22.10096], [-70.2136, -22.10091]]}, "properties": {"name": "Bergantín Aguila", "highway": "unclassified"}}, {"type": "Feature", "geometry": {"type": "LineString", "coordinates": [[-70.21337, -22.10065], [-70.21328, -22.10068]]}, "properties": {"name": "", "highway": "service"}}, {"type": "Feature", "geometry": {"type": "LineString", "coordinates": [[-70.21337, -22.10065], [-70.2136, -22.10091]]}, "properties": {"name": "Avenida Arturo Prat", "highway": "trunk"}}, {"type": "Feature", "geometry": {"type": "LineString", "coordinates": [[-70.21279, -22.10024], [-70.21337, -22.10065]]}, "properties": {"name": "Avenida Arturo Prat", "highway": "trunk"}}, {"type": "Feature", "geometry": {"type": "LineString", "coordinates": [[-70.21213, -22.09983], [-70.21279, -22.10024]]}, "properties": {"name": "", "highway": "service"}}, {"type": "Feature", "geometry": {"type": "LineString", "coordinates": [[-70.21136, -22.09987], [-70.21196, -22.1]]}, "properties": {"name": "Avenida Arturo Prat", "highway": "trunk"}}, {"type": "Feature", "geometry": {"type": "LineString", "coordinates": [[-70.21196, -22.1], [-70.21279, -22.10024]]}, "properties": {"name": "Avenida Arturo Prat", "highway": "trunk"}}, {"type": "Feature", "geometry": {"type": "LineString", "coordinates": [[-70.21498, -22.10144], [-70.21444, -22.10052], [-70.21387, -22.1007], [-70.21382, -22.10081], [-70.21448, -22.10193]]}, "properties": {"name": "", "highway": "service"}}, {"type": "Feature", "geometry": {"type": "LineString", "coordinates": [[-70.21389, -22.1007], [-70.21347, -22.0998], [-70.21311, -22.09961]]}, "properties": {"name": "", "highway": "service"}}, {"type": "Feature", "geometry": {"type": "LineString", "coordinates": [[-70.21029, -22.09967], [-70.21136, -22.09987]]}, "properties": {"name": "Avenida Arturo Prat", "highway": "trunk"}}, {"type": "Feature", "geometry": {"type": "LineString", "coordinates": [[-70.21134, -22.09995], [-70.21009, -22.09968], [-70.20919, -22.09882]]}, "properties": {"name": "Avenida Arturo Prat", "highway": "trunk"}}, {"type": "Feature", "geometry": {"type": "LineString", "coordinates": [[-70.20862, -22.09811], [-70.20988, -22.09947], [-70.21029, -22.09967]]}, "properties": {"name": "Avenida Arturo Prat", "highway": "trunk"}}, {"type": "Feature", "geometry": {"type": "LineString", "coordinates": [[-70.20857, -22.09816], [-70.20806, -22.09764]]}, "properties": {"name": "Avenida Arturo Prat", "highway": "trunk"}}, {"type": "Feature", "geometry": {"type": "LineString", "coordinates": [[-70.20862, -22.09811], [-70.20857, -22.09816]]}, "properties": {"name": "Sloman", "highway": "residential"}}, {"type": "Feature", "geometry": {"type": "LineString", "coordinates": [[-70.20626, -22.09603], [-70.2062, -22.09609]]}, "properties": {"name": "Sargento Aldea", "highway": "tertiary"}}, {"type": "Feature", "geometry": {"type": "LineString", "coordinates": [[-70.2055, -22.09541], [-70.20626, -22.09603]]}, "properties": {"name": "Avenida Arturo Prat", "highway": "trunk"}}, {"type": "Feature", "geometry": {"type": "LineString", "coordinates": [[-70.2062, -22.09609], [-70.20545, -22.09547]]}, "properties": {"name": "Avenida Arturo Prat", "highway": "trunk"}}, {"type": "Feature", "geometry": {"type": "LineString", "coordinates": [[-70.20545, -22.09547], [-70.2055, -22.09541]]}, "properties": {"name": "San Martín", "highway": "tertiary"}}, {"type": "Feature", "geometry": {"type": "LineString", "coordinates": [[-70.20109, -22.09181], [-70.20105, -22.09186]]}, "properties": {"name": "Colón", "highway": "secondary"}}, {"type": "Feature", "geometry": {"type": "LineString", "coordinates": [[-70.20205, -22.09259], [-70.20286, -22.09326]]}, "properties": {"name": "Avenida Arturo Prat", "highway": "trunk"}}, {"type": "Feature", "geometry": {"type": "LineString", "coordinates": [[-70.202, -22.09264], [-70.20205, -22.09259]]}, "properties": {"name": "Aníbal Pinto", "highway": "tertiary"}}, {"type": "Feature", "geometry": {"type": "LineString", "coordinates": [[-70.202, -22.09264], [-70.20105, -22.09186]]}, "properties": {"name": "Avenida Arturo Prat", "highway": "trunk"}}, {"type": "Feature", "geometry": {"type": "LineString", "coordinates": [[-70.20286, -22.09326], [-70.20374, -22.09398]]}, "properties": {"name": "Avenida Arturo Prat", "highway": "trunk"}}, {"type": "Feature", "geometry": {"type": "LineString", "coordinates": [[-70.20369, -22.09403], [-70.20281, -22.09331]]}, "properties": {"name": "Avenida Arturo Prat", "highway": "trunk"}}, {"type": "Feature", "geometry": {"type": "LineString", "coordinates": [[-70.20286, -22.09326], [-70.20281, -22.09331]]}, "properties": {"name": "Bolívar", "highway": "tertiary"}}, {"type": "Feature", "geometry": {"type": "LineString", "coordinates": [[-70.20457, -22.09475], [-70.20369, -22.09403]]}, "properties": {"name": "Avenida Arturo Prat", "highway": "trunk"}}, {"type": "Feature", "geometry": {"type": "LineString", "coordinates": [[-70.20374, -22.09398], [-70.20462, -22.09469]]}, "properties": {"name": "Avenida Arturo Prat", "highway": "trunk"}}, {"type": "Feature", "geometry": {"type": "LineString", "coordinates": [[-70.20374, -22.09398], [-70.20402, -22.09367]]}, "properties": {"name": "Baquedano", "highway": "residential"}}, {"type": "Feature", "geometry": {"type": "LineString", "coordinates": [[-70.20369, -22.09403], [-70.20374, -22.09398]]}, "properties": {"name": "Baquedano", "highway": "residential"}}, {"type": "Feature", "geometry": {"type": "LineString", "coordinates": [[-70.20545, -22.09547], [-70.20457, -22.09475]]}, "properties": {"name": "Avenida Arturo Prat", "highway": "trunk"}}, {"type": "Feature", "geometry": {"type": "LineString", "coordinates": [[-70.20462, -22.09469], [-70.20457, -22.09475]]}, "properties": {"name": "Serrano", "highway": "residential"}}, {"type": "Feature", "geometry": {"type": "LineString", "coordinates": [[-70.20524, -22.09401], [-70.20462, -22.09469]]}, "properties": {"name": "Serrano", "highway": "residential"}}, {"type": "Feature", "geometry": {"type": "LineString", "coordinates": [[-70.20462, -22.09469], [-70.2055, -22.09541]]}, "properties": {"name": "Avenida Arturo Prat", "highway": "trunk"}}, {"type": "Feature", "geometry": {"type": "LineString", "coordinates": [[-70.20319, -22.09337], [-70.20639, -22.09435]]}, "properties": {"name": "Barros Arana", "highway": "tertiary"}}, {"type": "Feature", "geometry": {"type": "LineString", "coordinates": [[-70.20017, -22.09117], [-70.20021, -22.09112]]}, "properties": {"name": "Washington", "highway": "residential"}}, {"type": "Feature", "geometry": {"type": "LineString", "coordinates": [[-70.2001, -22.09048], [-70.2005, -22.09079]]}, "properties": {"name": "Barros Arana", "highway": "tertiary"}}, {"type": "Feature", "geometry": {"type": "LineString", "coordinates": [[-70.19765, -22.08843], [-70.2001, -22.09048]]}, "properties": {"name": "Barros Arana", "highway": "tertiary"}}, {"type": "Feature", "geometry": {"type": "LineString", "coordinates": [[-70.19823, -22.08986], [-70.19923, -22.09043]]}, "properties": {"name": "Avenida Arturo Prat", "highway": "trunk"}}, {"type": "Feature", "geometry": {"type": "LineString", "coordinates": [[-70.1992, -22.09047], [-70.19819, -22.08991]]}, "properties": {"name": "Avenida Arturo Prat", "highway": "trunk"}}, {"type": "Feature", "geometry": {"type": "LineString", "coordinates": [[-70.20021, -22.09112], [-70.20109, -22.09181]]}, "properties": {"name": "Avenida Arturo Prat", "highway": "trunk"}}, {"type": "Feature", "geometry": {"type": "LineString", "coordinates": [[-70.20017, -22.09117], [-70.1992, -22.09047]]}, "properties": {"name": "Avenida Arturo Prat", "highway": "trunk"}}, {"type": "Feature", "geometry": {"type": "LineString", "coordinates": [[-70.20117, -22.09338], [-70.202, -22.09264]]}, "properties": {"name": "Aníbal Pinto", "highway": "tertiary"}}, {"type": "Feature", "geometry": {"type": "LineString", "coordinates": [[-70.18426, -22.08477], [-70.18454, -22.08504]]}, "properties": {"name": "Pasaje Esmeralda", "highway": "residential"}}, {"type": "Feature", "geometry": {"type": "LineString", "coordinates": [[-70.19414, -22.08936], [-70.19398, -22.08924]]}, "properties": {"name": "Edificios Colectivos", "highway": "living_street"}}, {"type": "Feature", "geometry": {"type": "LineString", "coordinates": [[-70.19378, -22.08977], [-70.19293, -22.08908]]}, "properties": {"name": "Pasaje Sucre", "highway": "living_street"}}, {"type": "Feature", "geometry": {"type": "LineString", "coordinates": [[-70.19772, -22.08968], [-70.19712, -22.08937]]}, "properties": {"name": "Avenida Arturo Prat", "highway": "trunk"}}, {"type": "Feature", "geometry": {"type": "LineString", "coordinates": [[-70.20811, -22.0976], [-70.20862, -22.09811]]}, "properties": {"name": "Avenida Arturo Prat", "highway": "trunk"}}, {"type": "Feature", "geometry": {"type": "LineString", "coordinates": [[-70.20671, -22.0964], [-70.20811, -22.0976]]}, "properties": {"name": "Avenida Arturo Prat", "highway": "trunk"}}, {"type": "Feature", "geometry": {"type": "LineString", "coordinates": [[-70.20806, -22.09764], [-70.20664, -22.09645]]}, "properties": {"name": "Avenida Arturo Prat", "highway": "trunk"}}, {"type": "Feature", "geometry": {"type": "LineString", "coordinates": [[-70.20664, -22.09645], [-70.2062, -22.09609]]}, "properties": {"name": "Avenida Arturo Prat", "highway": "trunk"}}, {"type": "Feature", "geometry": {"type": "LineString", "coordinates": [[-70.20626, -22.09603], [-70.20671, -22.0964]]}, "properties": {"name": "Avenida Arturo Prat", "highway": "trunk"}}, {"type": "Feature", "geometry": {"type": "LineString", "coordinates": [[-70.20384, -22.09695], [-70.20472, -22.09625]]}, "properties": {"name": "San Martín", "highway": "tertiary"}}, {"type": "Feature", "geometry": {"type": "LineString", "coordinates": [[-70.20472, -22.09625], [-70.20545, -22.09547]]}, "properties": {"name": "San Martín", "highway": "tertiary"}}, {"type": "Feature", "geometry": {"type": "LineString", "coordinates": [[-70.20109, -22.09181], [-70.20205, -22.09259]]}, "properties": {"name": "Avenida Arturo Prat", "highway": "trunk"}}, {"type": "Feature", "geometry": {"type": "LineString", "coordinates": [[-70.20281, -22.09331], [-70.202, -22.09264]]}, "properties": {"name": "Avenida Arturo Prat", "highway": "trunk"}}, {"type": "Feature", "geometry": {"type": "LineString", "coordinates": [[-70.19718, -22.08931], [-70.19712, -22.08937]]}, "properties": {"name": "Cienfuegos", "highway": "residential"}}, {"type": "Feature", "geometry": {"type": "LineString", "coordinates": [[-70.19736, -22.08911], [-70.19694, -22.08879]]}, "properties": {"name": "", "highway": "service"}}, {"type": "Feature", "geometry": {"type": "LineString", "coordinates": [[-70.19923, -22.09043], [-70.20021, -22.09112]]}, "properties": {"name": "Avenida Arturo Prat", "highway": "trunk"}}, {"type": "Feature", "geometry": {"type": "LineString", "coordinates": [[-70.19718, -22.08931], [-70.19823, -22.08986]]}, "properties": {"name": "Avenida Arturo Prat", "highway": "trunk"}}, {"type": "Feature", "geometry": {"type": "LineString", "coordinates": [[-70.19819, -22.08991], [-70.19772, -22.08968]]}, "properties": {"name": "Avenida Arturo Prat", "highway": "trunk"}}, {"type": "Feature", "geometry": {"type": "LineString", "coordinates": [[-70.20105, -22.09186], [-70.20017, -22.09117]]}, "properties": {"name": "Avenida Arturo Prat", "highway": "trunk"}}, {"type": "Feature", "geometry": {"type": "LineString", "coordinates": [[-70.20345, -22.0972], [-70.20385, -22.09733], [-70.20499, -22.09733], [-70.20528, -22.09708]]}, "properties": {"name": "", "highway": "unclassified"}}, {"type": "Feature", "geometry": {"type": "LineString", "coordinates": [[-70.21216, -22.11109], [-70.21143, -22.11116]]}, "properties": {"name": "Rancagua", "highway": "residential"}}, {"type": "Feature", "geometry": {"type": "LineString", "coordinates": [[-70.2136, -22.12622], [-70.21474, -22.12199], [-70.21492, -22.12041], [-70.21484, -22.11921]]}, "properties": {"name": "Ruta 1", "highway": "trunk"}}, {"type": "Feature", "geometry": {"type": "LineString", "coordinates": [[-70.21484, -22.11921], [-70.2145, -22.11762]]}, "properties": {"name": "Ruta 1", "highway": "trunk"}}, {"type": "Feature", "geometry": {"type": "LineString", "coordinates": [[-70.21422, -22.11673], [-70.21414, -22.11652]]}, "properties": {"name": "Ruta 1", "highway": "trunk"}}, {"type": "Feature", "geometry": {"type": "LineString", "coordinates": [[-70.21431, -22.11703], [-70.21422, -22.11673]]}, "properties": {"name": "Ruta 1", "highway": "trunk"}}, {"type": "Feature", "geometry": {"type": "LineString", "coordinates": [[-70.2145, -22.11762], [-70.21431, -22.11703]]}, "properties": {"name": "Ruta 1", "highway": "trunk"}}, {"type": "Feature", "geometry": {"type": "LineString", "coordinates": [[-70.21431, -22.11703], [-70.21472, -22.1176], [-70.21458, -22.1179]]}, "properties": {"name": "", "highway": "service"}}, {"type": "Feature", "geometry": {"type": "LineString", "coordinates": [[-70.2145, -22.11762], [-70.21437, -22.11751], [-70.21422, -22.11673]]}, "properties": {"name": "", "highway": "service"}}, {"type": "Feature", "geometry": {"type": "LineString", "coordinates": [[-70.21405, -22.11627], [-70.214, -22.11619]]}, "properties": {"name": "", "highway": "service"}}, {"type": "Feature", "geometry": {"type": "LineString", "coordinates": [[-70.21405, -22.11627], [-70.21368, -22.11535]]}, "properties": {"name": "Ruta 1", "highway": "trunk"}}, {"type": "Feature", "geometry": {"type": "LineString", "coordinates": [[-70.21414, -22.11652], [-70.21405, -22.11627]]}, "properties": {"name": "Ruta 1", "highway": "trunk"}}, {"type": "Feature", "geometry": {"type": "LineString", "coordinates": [[-70.214, -22.11619], [-70.21363, -22.11569], [-70.21353, -22.11511]]}, "properties": {"name": "", "highway": "service"}}, {"type": "Feature", "geometry": {"type": "LineString", "coordinates": [[-70.21368, -22.11535], [-70.21407, -22.11606], [-70.21414, -22.11652]]}, "properties": {"name": "", "highway": "service"}}, {"type": "Feature", "geometry": {"type": "LineString", "coordinates": [[-70.214, -22.11619], [-70.21368, -22.11535]]}, "properties": {"name": "", "highway": "service"}}, {"type": "Feature", "geometry": {"type": "LineString", "coordinates": [[-70.21358, -22.11508], [-70.21368, -22.11535]]}, "properties": {"name": "Avenida Arturo Prat", "highway": "trunk"}}, {"type": "Feature", "geometry": {"type": "LineString", "coordinates": [[-70.21353, -22.11511], [-70.21316, -22.11441]]}, "properties": {"name": "Avenida Arturo Prat", "highway": "trunk"}}, {"type": "Feature", "geometry": {"type": "LineString", "coordinates": [[-70.21322, -22.11438], [-70.21316, -22.11441]]}, "properties": {"name": "Darío Salas", "highway": "residential"}}, {"type": "Feature", "geometry": {"type": "LineString", "coordinates": [[-70.21246, -22.11315], [-70.21256, -22.11315]]}, "properties": {"name": "Andrés Bello", "highway": "residential"}}, {"type": "Feature", "geometry": {"type": "LineString", "coordinates": [[-70.21209, -22.11235], [-70.21216, -22.11232]]}, "properties": {"name": "Marcos de la Vega", "highway": "residential"}}, {"type": "Feature", "geometry": {"type": "LineString", "coordinates": [[-70.21224, -22.11109], [-70.21216, -22.11109]]}, "properties": {"name": "Rancagua", "highway": "residential"}}, {"type": "Feature", "geometry": {"type": "LineString", "coordinates": [[-70.21216, -22.11109], [-70.2126, -22.11033]]}, "properties": {"name": "Avenida Arturo Prat", "highway": "trunk"}}, {"type": "Feature", "geometry": {"type": "LineString", "coordinates": [[-70.21266, -22.11038], [-70.21224, -22.11109]]}, "properties": {"name": "Avenida Arturo Prat", "highway": "trunk"}}, {"type": "Feature", "geometry": {"type": "LineString", "coordinates": [[-70.21256, -22.11315], [-70.21322, -22.11438]]}, "properties": {"name": "Avenida Arturo Prat", "highway": "trunk"}}, {"type": "Feature", "geometry": {"type": "LineString", "coordinates": [[-70.21316, -22.11441], [-70.21246, -22.11315]]}, "properties": {"name": "Avenida Arturo Prat", "highway": "trunk"}}, {"type": "Feature", "geometry": {"type": "LineString", "coordinates": [[-70.21246, -22.11315], [-70.21209, -22.11235]]}, "properties": {"name": "Avenida Arturo Prat", "highway": "trunk"}}, {"type": "Feature", "geometry": {"type": "LineString", "coordinates": [[-70.21216, -22.11232], [-70.21256, -22.11315]]}, "properties": {"name": "Avenida Arturo Prat", "highway": "trunk"}}, {"type": "Feature", "geometry": {"type": "LineString", "coordinates": [[-70.21322, -22.11438], [-70.21358, -22.11508]]}, "properties": {"name": "Avenida Arturo Prat", "highway": "trunk"}}, {"type": "Feature", "geometry": {"type": "LineString", "coordinates": [[-70.21209, -22.11235], [-70.21203, -22.11178], [-70.21216, -22.11109]]}, "properties": {"name": "Avenida Arturo Prat", "highway": "trunk"}}, {"type": "Feature", "geometry": {"type": "LineString", "coordinates": [[-70.2126, -22.11033], [-70.21286, -22.11005]]}, "properties": {"name": "Avenida Arturo Prat", "highway": "trunk"}}, {"type": "Feature", "geometry": {"type": "LineString", "coordinates": [[-70.21292, -22.11009], [-70.21266, -22.11038]]}, "properties": {"name": "Avenida Arturo Prat", "highway": "trunk"}}, {"type": "Feature", "geometry": {"type": "LineString", "coordinates": [[-70.2126, -22.11033], [-70.21266, -22.11038]]}, "properties": {"name": "", "highway": "service"}}, {"type": "Feature", "geometry": {"type": "LineString", "coordinates": [[-70.21232, -22.11012], [-70.2126, -22.11033]]}, "properties": {"name": "", "highway": "service"}}, {"type": "Feature", "geometry": {"type": "LineString", "coordinates": [[-70.21286, -22.11005], [-70.21296, -22.10995]]}, "properties": {"name": "Avenida Arturo Prat", "highway": "trunk"}}, {"type": "Feature", "geometry": {"type": "LineString", "coordinates": [[-70.21302, -22.11], [-70.21292, -22.11009]]}, "properties": {"name": "Avenida Arturo Prat", "highway": "trunk"}}, {"type": "Feature", "geometry": {"type": "LineString", "coordinates": [[-70.21302, -22.11], [-70.21296, -22.10995]]}, "properties": {"name": "", "highway": "service"}}, {"type": "Feature", "geometry": {"type": "LineString", "coordinates": [[-70.21376, -22.10973], [-70.2134, -22.11006], [-70.21302, -22.11]]}, "properties": {"name": "", "highway": "service"}}, {"type": "Feature", "geometry": {"type": "LineString", "coordinates": [[-70.21414, -22.10886], [-70.21409, -22.10881]]}, "properties": {"name": "", "highway": "service"}}, {"type": "Feature", "geometry": {"type": "LineString", "coordinates": [[-70.21375, -22.10914], [-70.21409, -22.10881]]}, "properties": {"name": "Avenida Arturo Prat", "highway": "trunk"}}, {"type": "Feature", "geometry": {"type": "LineString", "coordinates": [[-70.21365, -22.10925], [-70.21375, -22.10914]]}, "properties": {"name": "Avenida Arturo Prat", "highway": "trunk"}}, {"type": "Feature", "geometry": {"type": "LineString", "coordinates": [[-70.2137, -22.1093], [-70.21302, -22.11]]}, "properties": {"name": "Avenida Arturo Prat", "highway": "trunk"}}, {"type": "Feature", "geometry": {"type": "LineString", "coordinates": [[-70.21381, -22.10919], [-70.2137, -22.1093]]}, "properties": {"name": "Avenida Arturo Prat", "highway": "trunk"}}, {"type": "Feature", "geometry": {"type": "LineString", "coordinates": [[-70.2137, -22.1093], [-70.21365, -22.10925]]}, "properties": {"name": "El Teniente", "highway": "residential"}}, {"type": "Feature", "geometry": {"type": "LineString", "coordinates": [[-70.21375, -22.10914], [-70.21381, -22.10919]]}, "properties": {"name": "El Teniente", "highway": "residential"}}, {"type": "Feature", "geometry": {"type": "LineString", "coordinates": [[-70.21422, -22.10894], [-70.21414, -22.10886]]}, "properties": {"name": "", "highway": "service"}}, {"type": "Feature", "geometry": {"type": "LineString", "coordinates": [[-70.21175, -22.10933], [-70.21203, -22.10937]]}, "properties": {"name": "Avenida Potrerillos", "highway": "residential"}}, {"type": "Feature", "geometry": {"type": "LineString", "coordinates": [[-70.21063, -22.10871], [-70.21099, -22.11121]]}, "properties": {"name": "La Exótica", "highway": "living_street"}}, {"type": "Feature", "geometry": {"type": "LineString", "coordinates": [[-70.21576, -22.10527], [-70.21537, -22.10461]]}, "properties": {"name": "", "highway": "living_street"}}, {"type": "Feature", "geometry": {"type": "LineString", "coordinates": [[-70.21636, -22.10599], [-70.21544, -22.10545], [-70.21537, -22.10461], [-70.2161, -22.1045], [-70.21656, -22.10576]]}, "properties": {"name": "", "highway": "living_street"}}, {"type": "Feature", "geometry": {"type": "LineString", "coordinates": [[-70.21476, -22.10774], [-70.215, -22.1077]]}, "properties": {"name": "", "highway": "living_street"}}, {"type": "Feature", "geometry": {"type": "LineString", "coordinates": [[-70.21514, -22.10688], [-70.21453, -22.10824]]}, "properties": {"name": "Avenida Arturo Prat", "highway": "trunk"}}, {"type": "Feature", "geometry": {"type": "LineString", "coordinates": [[-70.21446, -22.10822], [-70.21507, -22.10686]]}, "properties": {"name": "Avenida Arturo Prat", "highway": "trunk"}}, {"type": "Feature", "geometry": {"type": "LineString", "coordinates": [[-70.21601, -22.10665], [-70.21544, -22.10771], [-70.21519, -22.10759]]}, "properties": {"name": "", "highway": "living_street"}}, {"type": "Feature", "geometry": {"type": "LineString", "coordinates": [[-70.21656, -22.10576], [-70.21588, -22.10656]]}, "properties": {"name": "", "highway": "living_street"}}, {"type": "Feature", "geometry": {"type": "LineString", "coordinates": [[-70.2157, -22.10641], [-70.21606, -22.10669]]}, "properties": {"name": "", "highway": "living_street"}}, {"type": "Feature", "geometry": {"type": "LineString", "coordinates": [[-70.215, -22.1077], [-70.21527, -22.10751], [-70.21584, -22.10653]]}, "properties": {"name": "", "highway": "living_street"}}, {"type": "Feature", "geometry": {"type": "LineString", "coordinates": [[-70.21507, -22.10686], [-70.21514, -22.10688]]}, "properties": {"name": "Williams Rebolledo", "highway": "residential"}}, {"type": "Feature", "geometry": {"type": "LineString", "coordinates": [[-70.21124, -22.10994], [-70.21155, -22.10991]]}, "properties": {"name": "Sagasca", "highway": "living_street"}}, {"type": "Feature", "geometry": {"type": "LineString", "coordinates": [[-70.21409, -22.10881], [-70.21446, -22.10822]]}, "properties": {"name": "Avenida Arturo Prat", "highway": "trunk"}}, {"type": "Feature", "geometry": {"type": "LineString", "coordinates": [[-70.21296, -22.10995], [-70.21365, -22.10925]]}, "properties": {"name": "Avenida Arturo Prat", "highway": "trunk"}}, {"type": "Feature", "geometry": {"type": "LineString", "coordinates": [[-70.21414, -22.10886], [-70.21381, -22.10919]]}, "properties": {"name": "Avenida Arturo Prat", "highway": "trunk"}}, {"type": "Feature", "geometry": {"type": "LineString", "coordinates": [[-70.21453, -22.10824], [-70.21414, -22.10886]]}, "properties": {"name": "Avenida Arturo Prat", "highway": "trunk"}}, {"type": "Feature", "geometry": {"type": "LineString", "coordinates": [[-70.1947, -22.08113], [-70.19491, -22.0818]]}, "properties": {"name": "Teniente Merino", "highway": "trunk"}}, {"type": "Feature", "geometry": {"type": "LineString", "coordinates": [[-70.18693, -22.08094], [-70.18755, -22.08167]]}, "properties": {"name": "", "highway": "service"}}, {"type": "Feature", "geometry": {"type": "LineString", "coordinates": [[-70.18565, -22.08252], [-70.18548, -22.08273]]}, "properties": {"name": "", "highway": "service"}}, {"type": "Feature", "geometry": {"type": "LineString", "coordinates": [[-70.19971, -22.09084], [-70.19955, -22.09124], [-70.19896, -22.09072]]}, "properties": {"name": "", "highway": "service"}}], "_meta": {"ciudad": "Tocopilla", "fuente": "OpenStreetMap (ODbL)"}}