{"type": "FeatureCollection", "features": [{"type": "Feature", "properties": {"nombre": "Antofagasta", "tipo": "place"}, "geometry": {"type": "Point", "coordinates": [-70.398, -23.64637]}}, {"type": "Feature", "properties": {"nombre": "Parque Universitario II", "tipo": "place"}, "geometry": {"type": "Point", "coordinates": [-70.40766, -23.69936]}}, {"type": "Feature", "properties": {"nombre": "Villa Las Condes", "tipo": "place"}, "geometry": {"type": "Point", "coordinates": [-70.37832, -23.62567]}}, {"type": "Feature", "properties": {"nombre": "Población Matta", "tipo": "place"}, "geometry": {"type": "Point", "coordinates": [-70.38714, -23.64236]}}, {"type": "Feature", "properties": {"nombre": "Campamento Franja Esperanza", "tipo": "place"}, "geometry": {"type": "Point", "coordinates": [-70.39124, -23.66819]}}, {"type": "Feature", "properties": {"nombre": "Campamento Hijos de La Covadonga", "tipo": "place"}, "geometry": {"type": "Point", "coordinates": [-70.39585, -23.67]}}, {"type": "Feature", "properties": {"nombre": "Campamento Fuerza Esmeralda", "tipo": "place"}, "geometry": {"type": "Point", "coordinates": [-70.39455, -23.66764]}}, {"type": "Feature", "properties": {"nombre": "Campameto Familias Unidas", "tipo": "place"}, "geometry": {"type": "Point", "coordinates": [-70.3967, -23.67033]}}, {"type": "Feature", "properties": {"nombre": "Villa Gabriela Mistral", "tipo": "place"}, "geometry": {"type": "Point", "coordinates": [-70.38229, -23.58835]}}, {"type": "Feature", "properties": {"nombre": "Altos Club Hípico", "tipo": "place"}, "geometry": {"type": "Point", "coordinates": [-70.38433, -23.58056]}}, {"type": "Feature", "properties": {"nombre": "Villa Panorama", "tipo": "place"}, "geometry": {"type": "Point", "coordinates": [-70.38906, -23.57746]}}, {"type": "Feature", "properties": {"nombre": "Población Balmaceda", "tipo": "place"}, "geometry": {"type": "Point", "coordinates": [-70.37355, -23.59557]}}, {"type": "Feature", "properties": {"nombre": "Jardines del Sur", "tipo": "place"}, "geometry": {"type": "Point", "coordinates": [-70.42397, -23.70825]}}, {"type": "Feature", "properties": {"nombre": "Villa El Salto", "tipo": "place"}, "geometry": {"type": "Point", "coordinates": [-70.37487, -23.63169]}}, {"type": "Feature", "properties": {"nombre": "Barrio Gran Vía", "tipo": "place"}, "geometry": {"type": "Point", "coordinates": [-70.40603, -23.67519]}}, {"type": "Feature", "properties": {"nombre": "Villa Bulnes", "tipo": "place"}, "geometry": {"type": "Point", "coordinates": [-70.37928, -23.60053]}}, {"type": "Feature", "properties": {"nombre": "Garbriela Mistral", "tipo": "place"}, "geometry": {"type": "Point", "coordinates": [-70.38202, -23.58802]}}, {"type": "Feature", "properties": {"nombre": "Villa México", "tipo": "place"}, "geometry": {"type": "Point", "coordinates": [-70.38283, -23.59461]}}, {"type": "Feature", "properties": {"nombre": "Población Victoria", "tipo": "place"}, "geometry": {"type": "Point", "coordinates": [-70.38088, -23.5983]}}, {"type": "Feature", "properties": {"nombre": "Ruta B-472", "tipo": "calle"}, "geometry": {"type": "Point", "coordinates": [-70.33719, -23.70461]}}, {"type": "Feature", "properties": {"nombre": "Paraguay", "tipo": "calle"}, "geometry": {"type": "Point", "coordinates": [-70.3841, -23.63097]}}, {"type": "Feature", "properties": {"nombre": "Almirante Latorre", "tipo": "calle"}, "geometry": {"type": "Point", "coordinates": [-70.3912, -23.64312]}}, {"type": "Feature", "properties": {"nombre": "Domingo Faustino Sarmiento", "tipo": "calle"}, "geometry": {"type": "Point", "coordinates": [-70.38144, -23.62711]}}, {"type": "Feature", "properties": {"nombre": "Copiapó", "tipo": "calle"}, "geometry": {"type": "Point", "coordinates": [-70.40177, -23.65296]}}, {"type": "Feature", "properties": {"nombre": "Avenida Bernardo O'Higgins", "tipo": "calle"}, "geometry": {"type": "Point", "coordinates": [-70.40142, -23.66317]}}, {"type": "Feature", "properties": {"nombre": "1 Oriente", "tipo": "calle"}, "geometry": {"type": "Point", "coordinates": [-70.37869, -23.63092]}}, {"type": "Feature", "properties": {"nombre": "Amado Nervo", "tipo": "calle"}, "geometry": {"type": "Point", "coordinates": [-70.37972, -23.63061]}}, {"type": "Feature", "properties": {"nombre": "El Chaco", "tipo": "calle"}, "geometry": {"type": "Point", "coordinates": [-70.37863, -23.63072]}}, {"type": "Feature", "properties": {"nombre": "Chiloé", "tipo": "calle"}, "geometry": {"type": "Point", "coordinates": [-70.38539, -23.63735]}}, {"type": "Feature", "properties": {"nombre": "Uruguay", "tipo": "calle"}, "geometry": {"type": "Point", "coordinates": [-70.38638, -23.63003]}}, {"type": "Feature", "properties": {"nombre": "Peine", "tipo": "calle"}, "geometry": {"type": "Point", "coordinates": [-70.38213, -23.63199]}}, {"type": "Feature", "properties": {"nombre": "Quito", "tipo": "calle"}, "geometry": {"type": "Point", "coordinates": [-70.38607, -23.6343]}}, {"type": "Feature", "properties": {"nombre": "Andacollo", "tipo": "calle"}, "geometry": {"type": "Point", "coordinates": [-70.38383, -23.63364]}}, {"type": "Feature", "properties": {"nombre": "San Pedro", "tipo": "calle"}, "geometry": {"type": "Point", "coordinates": [-70.3828, -23.63271]}}, {"type": "Feature", "properties": {"nombre": "México", "tipo": "calle"}, "geometry": {"type": "Point", "coordinates": [-70.38742, -23.63224]}}, {"type": "Feature", "properties": {"nombre": "Salar de Pajonales", "tipo": "calle"}, "geometry": {"type": "Point", "coordinates": [-70.37952, -23.63164]}}, {"type": "Feature", "properties": {"nombre": "Gaspar Cabrales", "tipo": "calle"}, "geometry": {"type": "Point", "coordinates": [-70.38363, -23.64136]}}, {"type": "Feature", "properties": {"nombre": "Manutara", "tipo": "calle"}, "geometry": {"type": "Point", "coordinates": [-70.38455, -23.64161]}}, {"type": "Feature", "properties": {"nombre": "Magallanes", "tipo": "calle"}, "geometry": {"type": "Point", "coordinates": [-70.38749, -23.62711]}}, {"type": "Feature", "properties": {"nombre": "Los Donos", "tipo": "calle"}, "geometry": {"type": "Point", "coordinates": [-70.38411, -23.62791]}}, {"type": "Feature", "properties": {"nombre": "Zenteno", "tipo": "calle"}, "geometry": {"type": "Point", "coordinates": [-70.38609, -23.63758]}}, {"type": "Feature", "properties": {"nombre": "Huanchaca", "tipo": "calle"}, "geometry": {"type": "Point", "coordinates": [-70.38808, -23.64092]}}, {"type": "Feature", "properties": {"nombre": "Caracoles", "tipo": "calle"}, "geometry": {"type": "Point", "coordinates": [-70.39158, -23.64144]}}, {"type": "Feature", "properties": {"nombre": "Adamson", "tipo": "calle"}, "geometry": {"type": "Point", "coordinates": [-70.39291, -23.64111]}}, {"type": "Feature", "properties": {"nombre": "Buenos Aires", "tipo": "calle"}, "geometry": {"type": "Point", "coordinates": [-70.39169, -23.63976]}}, {"type": "Feature", "properties": {"nombre": "Eleuterio Ramírez", "tipo": "calle"}, "geometry": {"type": "Point", "coordinates": [-70.39165, -23.64202]}}, {"type": "Feature", "properties": {"nombre": "Iquique", "tipo": "calle"}, "geometry": {"type": "Point", "coordinates": [-70.39362, -23.64291]}}, {"type": "Feature", "properties": {"nombre": "Venezuela", "tipo": "calle"}, "geometry": {"type": "Point", "coordinates": [-70.39335, -23.63366]}}, {"type": "Feature", "properties": {"nombre": "Coronel", "tipo": "calle"}, "geometry": {"type": "Point", "coordinates": [-70.39294, -23.63305]}}, {"type": "Feature", "properties": {"nombre": "Riñihue", "tipo": "calle"}, "geometry": {"type": "Point", "coordinates": [-70.39332, -23.63418]}}, {"type": "Feature", "properties": {"nombre": "Tarapacá", "tipo": "calle"}, "geometry": {"type": "Point", "coordinates": [-70.39289, -23.62999]}}, {"type": "Feature", "properties": {"nombre": "Tacna", "tipo": "calle"}, "geometry": {"type": "Point", "coordinates": [-70.39456, -23.62969]}}, {"type": "Feature", "properties": {"nombre": "Avenida Sargento Aldea", "tipo": "calle"}, "geometry": {"type": "Point", "coordinates": [-70.39016, -23.62141]}}, {"type": "Feature", "properties": {"nombre": "Calama", "tipo": "calle"}, "geometry": {"type": "Point", "coordinates": [-70.39375, -23.62749]}}, {"type": "Feature", "properties": {"nombre": "Ovalle", "tipo": "calle"}, "geometry": {"type": "Point", "coordinates": [-70.39226, -23.62538]}}, {"type": "Feature", "properties": {"nombre": "Chuquicamata", "tipo": "calle"}, "geometry": {"type": "Point", "coordinates": [-70.39236, -23.62597]}}, {"type": "Feature", "properties": {"nombre": "Avenida Pedro Aguirre Cerda", "tipo": "calle"}, "geometry": {"type": "Point", "coordinates": [-70.3901, -23.62186]}}, {"type": "Feature", "properties": {"nombre": "Vallenar", "tipo": "calle"}, "geometry": {"type": "Point", "coordinates": [-70.38593, -23.62602]}}, {"type": "Feature", "properties": {"nombre": "Agustín Edwards", "tipo": "calle"}, "geometry": {"type": "Point", "coordinates": [-70.38882, -23.62764]}}, {"type": "Feature", "properties": {"nombre": "Aurelia", "tipo": "calle"}, "geometry": {"type": "Point", "coordinates": [-70.38787, -23.62769]}}, {"type": "Feature", "properties": {"nombre": "Avenida Argentina", "tipo": "calle"}, "geometry": {"type": "Point", "coordinates": [-70.39367, -23.64292]}}, {"type": "Feature", "properties": {"nombre": "Manuel Rodríguez", "tipo": "calle"}, "geometry": {"type": "Point", "coordinates": [-70.38936, -23.64627]}}, {"type": "Feature", "properties": {"nombre": "Porras", "tipo": "calle"}, "geometry": {"type": "Point", "coordinates": [-70.39051, -23.64323]}}, {"type": "Feature", "properties": {"nombre": "Méndez", "tipo": "calle"}, "geometry": {"type": "Point", "coordinates": [-70.39047, -23.64583]}}, {"type": "Feature", "properties": {"nombre": "Covadonga", "tipo": "calle"}, "geometry": {"type": "Point", "coordinates": [-70.39018, -23.64743]}}, {"type": "Feature", "properties": {"nombre": "14 de Febrero", "tipo": "calle"}, "geometry": {"type": "Point", "coordinates": [-70.39528, -23.65221]}}, {"type": "Feature", "properties": {"nombre": "Riquelme", "tipo": "calle"}, "geometry": {"type": "Point", "coordinates": [-70.39207, -23.64702]}}, {"type": "Feature", "properties": {"nombre": "Serrano", "tipo": "calle"}, "geometry": {"type": "Point", "coordinates": [-70.39181, -23.64892]}}, {"type": "Feature", "properties": {"nombre": "Valdivia", "tipo": "calle"}, "geometry": {"type": "Point", "coordinates": [-70.38979, -23.64405]}}, {"type": "Feature", "properties": {"nombre": "Puerto Nuevo", "tipo": "calle"}, "geometry": {"type": "Point", "coordinates": [-70.40218, -23.6452]}}, {"type": "Feature", "properties": {"nombre": "Capitán Arturo Prat Chacón", "tipo": "calle"}, "geometry": {"type": "Point", "coordinates": [-70.39382, -23.65161]}}, {"type": "Feature", "properties": {"nombre": "Esmeralda", "tipo": "calle"}, "geometry": {"type": "Point", "coordinates": [-70.39715, -23.65553]}}, {"type": "Feature", "properties": {"nombre": "21 de Mayo", "tipo": "calle"}, "geometry": {"type": "Point", "coordinates": [-70.39349, -23.66002]}}, {"type": "Feature", "properties": {"nombre": "Arturo Prat", "tipo": "calle"}, "geometry": {"type": "Point", "coordinates": [-70.39882, -23.64633]}}, {"type": "Feature", "properties": {"nombre": "Montevideo", "tipo": "calle"}, "geometry": {"type": "Point", "coordinates": [-70.38954, -23.63665]}}, {"type": "Feature", "properties": {"nombre": "Cardenal Carlos Oviedo Cavada", "tipo": "calle"}, "geometry": {"type": "Point", "coordinates": [-70.38702, -23.62775]}}, {"type": "Feature", "properties": {"nombre": "Chile Nuevo", "tipo": "calle"}, "geometry": {"type": "Point", "coordinates": [-70.38293, -23.6324]}}, {"type": "Feature", "properties": {"nombre": "Alvarado", "tipo": "calle"}, "geometry": {"type": "Point", "coordinates": [-70.38159, -23.63137]}}, {"type": "Feature", "properties": {"nombre": "Orella", "tipo": "calle"}, "geometry": {"type": "Point", "coordinates": [-70.40118, -23.65031]}}, {"type": "Feature", "properties": {"nombre": "Baquedano", "tipo": "calle"}, "geometry": {"type": "Point", "coordinates": [-70.39403, -23.65305]}}, {"type": "Feature", "properties": {"nombre": "Maipú", "tipo": "calle"}, "geometry": {"type": "Point", "coordinates": [-70.40094, -23.64731]}}, {"type": "Feature", "properties": {"nombre": "Avenida Mejillones", "tipo": "calle"}, "geometry": {"type": "Point", "coordinates": [-70.39134, -23.62516]}}, {"type": "Feature", "properties": {"nombre": "Teniente Luis Uribe", "tipo": "calle"}, "geometry": {"type": "Point", "coordinates": [-70.40255, -23.6473]}}, {"type": "Feature", "properties": {"nombre": "Avenida Ejército", "tipo": "calle"}, "geometry": {"type": "Point", "coordinates": [-70.42143, -23.69679]}}, {"type": "Feature", "properties": {"nombre": "General Manuel Baquedano", "tipo": "calle"}, "geometry": {"type": "Point", "coordinates": [-70.40086, -23.64573]}}, {"type": "Feature", "properties": {"nombre": "Bilbao", "tipo": "calle"}, "geometry": {"type": "Point", "coordinates": [-70.40149, -23.64914]}}, {"type": "Feature", "properties": {"nombre": "Pasaje Elqui", "tipo": "calle"}, "geometry": {"type": "Point", "coordinates": [-70.3935, -23.62251]}}, {"type": "Feature", "properties": {"nombre": "José de San Martín", "tipo": "calle"}, "geometry": {"type": "Point", "coordinates": [-70.3998, -23.64849]}}, {"type": "Feature", "properties": {"nombre": "El Corregidor", "tipo": "calle"}, "geometry": {"type": "Point", "coordinates": [-70.3954, -23.64015]}}, {"type": "Feature", "properties": {"nombre": "Aníbal Pinto", "tipo": "calle"}, "geometry": {"type": "Point", "coordinates": [-70.39665, -23.63923]}}, {"type": "Feature", "properties": {"nombre": "General Pedro Lagos", "tipo": "calle"}, "geometry": {"type": "Point", "coordinates": [-70.41217, -23.67798]}}, {"type": "Feature", "properties": {"nombre": "Avenida Angamos", "tipo": "calle"}, "geometry": {"type": "Point", "coordinates": [-70.41649, -23.69608]}}, {"type": "Feature", "properties": {"nombre": "Pedro Gamboni", "tipo": "calle"}, "geometry": {"type": "Point", "coordinates": [-70.4111, -23.67923]}}, {"type": "Feature", "properties": {"nombre": "Manuel Caamaño", "tipo": "calle"}, "geometry": {"type": "Point", "coordinates": [-70.41272, -23.68112]}}, {"type": "Feature", "properties": {"nombre": "Cornelio Vernaza", "tipo": "calle"}, "geometry": {"type": "Point", "coordinates": [-70.41162, -23.67935]}}, {"type": "Feature", "properties": {"nombre": "Avenida José Miguel Carrera", "tipo": "calle"}, "geometry": {"type": "Point", "coordinates": [-70.4018, -23.65843]}}, {"type": "Feature", "properties": {"nombre": "Argomedo", "tipo": "calle"}, "geometry": {"type": "Point", "coordinates": [-70.40051, -23.64697]}}, {"type": "Feature", "properties": {"nombre": "Isaac Arce Ramírez", "tipo": "calle"}, "geometry": {"type": "Point", "coordinates": [-70.4014, -23.64767]}}, {"type": "Feature", "properties": {"nombre": "Parque Brasil", "tipo": "place"}, "geometry": {"type": "Point", "coordinates": [-70.40146, -23.65861]}}, {"type": "Feature", "properties": {"nombre": "Calle del Puerto", "tipo": "calle"}, "geometry": {"type": "Point", "coordinates": [-70.40311, -23.65355]}}, {"type": "Feature", "properties": {"nombre": "Santiago Labarca", "tipo": "calle"}, "geometry": {"type": "Point", "coordinates": [-70.39366, -23.65884]}}, {"type": "Feature", "properties": {"nombre": "Arellano", "tipo": "calle"}, "geometry": {"type": "Point", "coordinates": [-70.39303, -23.65816]}}, {"type": "Feature", "properties": {"nombre": "Linares", "tipo": "calle"}, "geometry": {"type": "Point", "coordinates": [-70.39411, -23.65704]}}, {"type": "Feature", "properties": {"nombre": "Pedro Lira", "tipo": "calle"}, "geometry": {"type": "Point", "coordinates": [-70.39396, -23.65913]}}, {"type": "Feature", "properties": {"nombre": "Manuel Oyarzún", "tipo": "calle"}, "geometry": {"type": "Point", "coordinates": [-70.39653, -23.65607]}}, {"type": "Feature", "properties": {"nombre": "General José Velásquez", "tipo": "calle"}, "geometry": {"type": "Point", "coordinates": [-70.39844, -23.66055]}}, {"type": "Feature", "properties": {"nombre": "Pasaje Amunátegui", "tipo": "calle"}, "geometry": {"type": "Point", "coordinates": [-70.39524, -23.65722]}}, {"type": "Feature", "properties": {"nombre": "Larraín Mancheno", "tipo": "calle"}, "geometry": {"type": "Point", "coordinates": [-70.39499, -23.65827]}}, {"type": "Feature", "properties": {"nombre": "Pasaje Maximiliano Poblete", "tipo": "calle"}, "geometry": {"type": "Point", "coordinates": [-70.40159, -23.65252]}}, {"type": "Feature", "properties": {"nombre": "Curicó", "tipo": "calle"}, "geometry": {"type": "Point", "coordinates": [-70.39142, -23.65329]}}, {"type": "Feature", "properties": {"nombre": "Chillán", "tipo": "calle"}, "geometry": {"type": "Point", "coordinates": [-70.39809, -23.67016]}}, {"type": "Feature", "properties": {"nombre": "Cochrane", "tipo": "calle"}, "geometry": {"type": "Point", "coordinates": [-70.39738, -23.65755]}}, {"type": "Feature", "properties": {"nombre": "Leucotón", "tipo": "calle"}, "geometry": {"type": "Point", "coordinates": [-70.3899, -23.66192]}}, {"type": "Feature", "properties": {"nombre": "Avelino Contardo", "tipo": "calle"}, "geometry": {"type": "Point", "coordinates": [-70.39187, -23.66531]}}, {"type": "Feature", "properties": {"nombre": "Avenida Circunvalación Padre Alberto Hurtado", "tipo": "calle"}, "geometry": {"type": "Point", "coordinates": [-70.38759, -23.65889]}}, {"type": "Feature", "properties": {"nombre": "Lastarria", "tipo": "calle"}, "geometry": {"type": "Point", "coordinates": [-70.39069, -23.65799]}}, {"type": "Feature", "properties": {"nombre": "Andrés Bello", "tipo": "calle"}, "geometry": {"type": "Point", "coordinates": [-70.39029, -23.65841]}}, {"type": "Feature", "properties": {"nombre": "JJ Vallejos", "tipo": "calle"}, "geometry": {"type": "Point", "coordinates": [-70.3923, -23.66051]}}, {"type": "Feature", "properties": {"nombre": "Lientur", "tipo": "calle"}, "geometry": {"type": "Point", "coordinates": [-70.39024, -23.66166]}}, {"type": "Feature", "properties": {"nombre": "Caupolicán", "tipo": "calle"}, "geometry": {"type": "Point", "coordinates": [-70.39216, -23.66502]}}, {"type": "Feature", "properties": {"nombre": "Colo Colo", "tipo": "calle"}, "geometry": {"type": "Point", "coordinates": [-70.39145, -23.66201]}}, {"type": "Feature", "properties": {"nombre": "Camilo Henríquez", "tipo": "calle"}, "geometry": {"type": "Point", "coordinates": [-70.38953, -23.65855]}}, {"type": "Feature", "properties": {"nombre": "Quebrada Uribe", "tipo": "calle"}, "geometry": {"type": "Point", "coordinates": [-70.38913, -23.66028]}}, {"type": "Feature", "properties": {"nombre": "Tegualda", "tipo": "calle"}, "geometry": {"type": "Point", "coordinates": [-70.39164, -23.66357]}}, {"type": "Feature", "properties": {"nombre": "Fresia", "tipo": "calle"}, "geometry": {"type": "Point", "coordinates": [-70.39223, -23.66239]}}, {"type": "Feature", "properties": {"nombre": "Quebrada Baquedano", "tipo": "calle"}, "geometry": {"type": "Point", "coordinates": [-70.38772, -23.658]}}, {"type": "Feature", "properties": {"nombre": "Michimalongo", "tipo": "calle"}, "geometry": {"type": "Point", "coordinates": [-70.3909, -23.66346]}}, {"type": "Feature", "properties": {"nombre": "Araucanía", "tipo": "calle"}, "geometry": {"type": "Point", "coordinates": [-70.39343, -23.66401]}}, {"type": "Feature", "properties": {"nombre": "Las Brisas", "tipo": "calle"}, "geometry": {"type": "Point", "coordinates": [-70.39328, -23.66468]}}, {"type": "Feature", "properties": {"nombre": "Miramar", "tipo": "calle"}, "geometry": {"type": "Point", "coordinates": [-70.39179, -23.659]}}, {"type": "Feature", "properties": {"nombre": "Diagonal Sur", "tipo": "calle"}, "geometry": {"type": "Point", "coordinates": [-70.39292, -23.66152]}}, {"type": "Feature", "properties": {"nombre": "Rengo", "tipo": "calle"}, "geometry": {"type": "Point", "coordinates": [-70.39148, -23.66249]}}, {"type": "Feature", "properties": {"nombre": "Guacolda", "tipo": "calle"}, "geometry": {"type": "Point", "coordinates": [-70.39377, -23.66443]}}, {"type": "Feature", "properties": {"nombre": "Uribe", "tipo": "calle"}, "geometry": {"type": "Point", "coordinates": [-70.39032, -23.65971]}}, {"type": "Feature", "properties": {"nombre": "Sarmiento", "tipo": "calle"}, "geometry": {"type": "Point", "coordinates": [-70.38976, -23.65831]}}, {"type": "Feature", "properties": {"nombre": "Ingeniero Manterola", "tipo": "calle"}, "geometry": {"type": "Point", "coordinates": [-70.38967, -23.66515]}}, {"type": "Feature", "properties": {"nombre": "Teniente Urbina", "tipo": "calle"}, "geometry": {"type": "Point", "coordinates": [-70.39104, -23.6656]}}, {"type": "Feature", "properties": {"nombre": "Venancio Díaz", "tipo": "calle"}, "geometry": {"type": "Point", "coordinates": [-70.38635, -23.65928]}}, {"type": "Feature", "properties": {"nombre": "Libertad", "tipo": "calle"}, "geometry": {"type": "Point", "coordinates": [-70.38796, -23.64923]}}, {"type": "Feature", "properties": {"nombre": "Elqui", "tipo": "calle"}, "geometry": {"type": "Point", "coordinates": [-70.38743, -23.61964]}}, {"type": "Feature", "properties": {"nombre": "Williams Rebolledo", "tipo": "calle"}, "geometry": {"type": "Point", "coordinates": [-70.38946, -23.66414]}}, {"type": "Feature", "properties": {"nombre": "Avenida Antonio Rendic", "tipo": "calle"}, "geometry": {"type": "Point", "coordinates": [-70.38216, -23.61345]}}, {"type": "Feature", "properties": {"nombre": "Progreso", "tipo": "calle"}, "geometry": {"type": "Point", "coordinates": [-70.38691, -23.61864]}}, {"type": "Feature", "properties": {"nombre": "Huérfanos", "tipo": "calle"}, "geometry": {"type": "Point", "coordinates": [-70.38686, -23.64944]}}, {"type": "Feature", "properties": {"nombre": "Pasaje Sur", "tipo": "calle"}, "geometry": {"type": "Point", "coordinates": [-70.38952, -23.62297]}}, {"type": "Feature", "properties": {"nombre": "El Roble", "tipo": "calle"}, "geometry": {"type": "Point", "coordinates": [-70.38071, -23.61133]}}, {"type": "Feature", "properties": {"nombre": "Isabel Riquelme", "tipo": "calle"}, "geometry": {"type": "Point", "coordinates": [-70.3791, -23.611]}}, {"type": "Feature", "properties": {"nombre": "Puerto Montt", "tipo": "calle"}, "geometry": {"type": "Point", "coordinates": [-70.38218, -23.62063]}}, {"type": "Feature", "properties": {"nombre": "Huasco", "tipo": "calle"}, "geometry": {"type": "Point", "coordinates": [-70.39021, -23.61863]}}, {"type": "Feature", "properties": {"nombre": "Las Américas", "tipo": "calle"}, "geometry": {"type": "Point", "coordinates": [-70.39139, -23.66803]}}, {"type": "Feature", "properties": {"nombre": "Pacífico", "tipo": "calle"}, "geometry": {"type": "Point", "coordinates": [-70.39154, -23.66697]}}, {"type": "Feature", "properties": {"nombre": "Don Hugo Robles Robles", "tipo": "calle"}, "geometry": {"type": "Point", "coordinates": [-70.38377, -23.62215]}}, {"type": "Feature", "properties": {"nombre": "Avenida El Yodo", "tipo": "calle"}, "geometry": {"type": "Point", "coordinates": [-70.39321, -23.59321]}}, {"type": "Feature", "properties": {"nombre": "Hernán Mery", "tipo": "calle"}, "geometry": {"type": "Point", "coordinates": [-70.38889, -23.66191]}}, {"type": "Feature", "properties": {"nombre": "Enrique Soto", "tipo": "calle"}, "geometry": {"type": "Point", "coordinates": [-70.38654, -23.65936]}}, {"type": "Feature", "properties": {"nombre": "Jose Caroca", "tipo": "calle"}, "geometry": {"type": "Point", "coordinates": [-70.38713, -23.66047]}}, {"type": "Feature", "properties": {"nombre": "Luis Ugarte", "tipo": "calle"}, "geometry": {"type": "Point", "coordinates": [-70.38923, -23.6636]}}, {"type": "Feature", "properties": {"nombre": "María Elizabeth", "tipo": "calle"}, "geometry": {"type": "Point", "coordinates": [-70.38902, -23.66306]}}, {"type": "Feature", "properties": {"nombre": "Bernardo Vera y Pintado", "tipo": "calle"}, "geometry": {"type": "Point", "coordinates": [-70.38703, -23.65949]}}, {"type": "Feature", "properties": {"nombre": "Martin Luther King", "tipo": "calle"}, "geometry": {"type": "Point", "coordinates": [-70.38643, -23.65991]}}, {"type": "Feature", "properties": {"nombre": "Pasaje Pisagua", "tipo": "calle"}, "geometry": {"type": "Point", "coordinates": [-70.38872, -23.62149]}}, {"type": "Feature", "properties": {"nombre": "Humberto de Ramón", "tipo": "calle"}, "geometry": {"type": "Point", "coordinates": [-70.38999, -23.66731]}}, {"type": "Feature", "properties": {"nombre": "Víctor Jara", "tipo": "calle"}, "geometry": {"type": "Point", "coordinates": [-70.3815, -23.61958]}}, {"type": "Feature", "properties": {"nombre": "Osvaldo Mendoza", "tipo": "calle"}, "geometry": {"type": "Point", "coordinates": [-70.39151, -23.6665]}}, {"type": "Feature", "properties": {"nombre": "Calbuco", "tipo": "calle"}, "geometry": {"type": "Point", "coordinates": [-70.38774, -23.6262]}}, {"type": "Feature", "properties": {"nombre": "Samuel Morse", "tipo": "calle"}, "geometry": {"type": "Point", "coordinates": [-70.38021, -23.62463]}}, {"type": "Feature", "properties": {"nombre": "Achao", "tipo": "calle"}, "geometry": {"type": "Point", "coordinates": [-70.38116, -23.62118]}}, {"type": "Feature", "properties": {"nombre": "Pasaje Padre Alberto Hurtado", "tipo": "calle"}, "geometry": {"type": "Point", "coordinates": [-70.39224, -23.66716]}}, {"type": "Feature", "properties": {"nombre": "Azapa", "tipo": "calle"}, "geometry": {"type": "Point", "coordinates": [-70.38485, -23.61399]}}, {"type": "Feature", "properties": {"nombre": "Avenida Morro del Solar", "tipo": "calle"}, "geometry": {"type": "Point", "coordinates": [-70.38551, -23.59093]}}, {"type": "Feature", "properties": {"nombre": "Pasaje Freirina", "tipo": "calle"}, "geometry": {"type": "Point", "coordinates": [-70.38854, -23.62107]}}, {"type": "Feature", "properties": {"nombre": "Taltal", "tipo": "calle"}, "geometry": {"type": "Point", "coordinates": [-70.38554, -23.62497]}}, {"type": "Feature", "properties": {"nombre": "Manuel Antonio Matta", "tipo": "calle"}, "geometry": {"type": "Point", "coordinates": [-70.38692, -23.64091]}}, {"type": "Feature", "properties": {"nombre": "Avenida Andrés Sabella Gálvez", "tipo": "calle"}, "geometry": {"type": "Point", "coordinates": [-70.39175, -23.65823]}}, {"type": "Feature", "properties": {"nombre": "La Concepción", "tipo": "calle"}, "geometry": {"type": "Point", "coordinates": [-70.3936, -23.66658]}}, {"type": "Feature", "properties": {"nombre": "Toconao", "tipo": "calle"}, "geometry": {"type": "Point", "coordinates": [-70.38986, -23.62226]}}, {"type": "Feature", "properties": {"nombre": "Salamanca", "tipo": "calle"}, "geometry": {"type": "Point", "coordinates": [-70.38926, -23.61304]}}, {"type": "Feature", "properties": {"nombre": "Illapel", "tipo": "calle"}, "geometry": {"type": "Point", "coordinates": [-70.39125, -23.62645]}}, {"type": "Feature", "properties": {"nombre": "Cobija", "tipo": "calle"}, "geometry": {"type": "Point", "coordinates": [-70.38783, -23.61427]}}, {"type": "Feature", "properties": {"nombre": "Los Cerrillos", "tipo": "calle"}, "geometry": {"type": "Point", "coordinates": [-70.39095, -23.66599]}}, {"type": "Feature", "properties": {"nombre": "Ollagüe", "tipo": "calle"}, "geometry": {"type": "Point", "coordinates": [-70.38901, -23.62122]}}, {"type": "Feature", "properties": {"nombre": "Punta Arenas", "tipo": "calle"}, "geometry": {"type": "Point", "coordinates": [-70.38126, -23.6235]}}, {"type": "Feature", "properties": {"nombre": "Oscar Jensen", "tipo": "calle"}, "geometry": {"type": "Point", "coordinates": [-70.3913, -23.66607]}}, {"type": "Feature", "properties": {"nombre": "La Serena", "tipo": "calle"}, "geometry": {"type": "Point", "coordinates": [-70.38893, -23.62493]}}, {"type": "Feature", "properties": {"nombre": "Pasaje Huasco", "tipo": "calle"}, "geometry": {"type": "Point", "coordinates": [-70.38626, -23.61821]}}, {"type": "Feature", "properties": {"nombre": "Carlos Ibánez", "tipo": "calle"}, "geometry": {"type": "Point", "coordinates": [-70.38748, -23.66012]}}, {"type": "Feature", "properties": {"nombre": "Pasaje Loa", "tipo": "calle"}, "geometry": {"type": "Point", "coordinates": [-70.388, -23.62092]}}, {"type": "Feature", "properties": {"nombre": "Osorno", "tipo": "calle"}, "geometry": {"type": "Point", "coordinates": [-70.38593, -23.62225]}}, {"type": "Feature", "properties": {"nombre": "Chiu Chiu", "tipo": "calle"}, "geometry": {"type": "Point", "coordinates": [-70.38734, -23.62023]}}, {"type": "Feature", "properties": {"nombre": "Vicuña", "tipo": "calle"}, "geometry": {"type": "Point", "coordinates": [-70.38982, -23.61588]}}, {"type": "Feature", "properties": {"nombre": "Teniente Sánchez", "tipo": "calle"}, "geometry": {"type": "Point", "coordinates": [-70.39143, -23.66725]}}, {"type": "Feature", "properties": {"nombre": "Independencia", "tipo": "calle"}, "geometry": {"type": "Point", "coordinates": [-70.37934, -23.61594]}}, {"type": "Feature", "properties": {"nombre": "Montegrande", "tipo": "calle"}, "geometry": {"type": "Point", "coordinates": [-70.38795, -23.61539]}}, {"type": "Feature", "properties": {"nombre": "Loa", "tipo": "calle"}, "geometry": {"type": "Point", "coordinates": [-70.39028, -23.62611]}}, {"type": "Feature", "properties": {"nombre": "Germán Segura", "tipo": "calle"}, "geometry": {"type": "Point", "coordinates": [-70.38996, -23.66456]}}, {"type": "Feature", "properties": {"nombre": "Ariste Hung", "tipo": "calle"}, "geometry": {"type": "Point", "coordinates": [-70.38773, -23.66122]}}, {"type": "Feature", "properties": {"nombre": "Radoslav Razmilic", "tipo": "calle"}, "geometry": {"type": "Point", "coordinates": [-70.40232, -23.67671]}}, {"type": "Feature", "properties": {"nombre": "Ayquina", "tipo": "calle"}, "geometry": {"type": "Point", "coordinates": [-70.38669, -23.61923]}}, {"type": "Feature", "properties": {"nombre": "Aysén", "tipo": "calle"}, "geometry": {"type": "Point", "coordinates": [-70.38073, -23.62159]}}, {"type": "Feature", "properties": {"nombre": "Maullín", "tipo": "calle"}, "geometry": {"type": "Point", "coordinates": [-70.38459, -23.62234]}}, {"type": "Feature", "properties": {"nombre": "Pisagua", "tipo": "calle"}, "geometry": {"type": "Point", "coordinates": [-70.38836, -23.62225]}}, {"type": "Feature", "properties": {"nombre": "Mateo Matamala", "tipo": "calle"}, "geometry": {"type": "Point", "coordinates": [-70.38944, -23.66462]}}, {"type": "Feature", "properties": {"nombre": "Mar de Chile", "tipo": "calle"}, "geometry": {"type": "Point", "coordinates": [-70.38391, -23.61249]}}, {"type": "Feature", "properties": {"nombre": "Estado", "tipo": "calle"}, "geometry": {"type": "Point", "coordinates": [-70.37875, -23.60804]}}, {"type": "Feature", "properties": {"nombre": "Isabel La Católica", "tipo": "calle"}, "geometry": {"type": "Point", "coordinates": [-70.37865, -23.60919]}}, {"type": "Feature", "properties": {"nombre": "Carlos Dávila", "tipo": "calle"}, "geometry": {"type": "Point", "coordinates": [-70.38345, -23.60418]}}, {"type": "Feature", "properties": {"nombre": "San Diego", "tipo": "calle"}, "geometry": {"type": "Point", "coordinates": [-70.3834, -23.60537]}}, {"type": "Feature", "properties": {"nombre": "Oriental", "tipo": "calle"}, "geometry": {"type": "Point", "coordinates": [-70.3783, -23.61004]}}, {"type": "Feature", "properties": {"nombre": "Portugal", "tipo": "calle"}, "geometry": {"type": "Point", "coordinates": [-70.37962, -23.61016]}}, {"type": "Feature", "properties": {"nombre": "San Cristóbal", "tipo": "calle"}, "geometry": {"type": "Point", "coordinates": [-70.37702, -23.60784]}}, {"type": "Feature", "properties": {"nombre": "Coloso", "tipo": "calle"}, "geometry": {"type": "Point", "coordinates": [-70.38431, -23.61142]}}, {"type": "Feature", "properties": {"nombre": "Merced", "tipo": "calle"}, "geometry": {"type": "Point", "coordinates": [-70.37836, -23.60572]}}, {"type": "Feature", "properties": {"nombre": "Peñalolén", "tipo": "calle"}, "geometry": {"type": "Point", "coordinates": [-70.3843, -23.6152]}}, {"type": "Feature", "properties": {"nombre": "Agustinas", "tipo": "calle"}, "geometry": {"type": "Point", "coordinates": [-70.37839, -23.60476]}}, {"type": "Feature", "properties": {"nombre": "Mapocho", "tipo": "calle"}, "geometry": {"type": "Point", "coordinates": [-70.3802, -23.60986]}}, {"type": "Feature", "properties": {"nombre": "10 de Julio", "tipo": "calle"}, "geometry": {"type": "Point", "coordinates": [-70.3809, -23.61015]}}, {"type": "Feature", "properties": {"nombre": "Capuchino", "tipo": "calle"}, "geometry": {"type": "Point", "coordinates": [-70.38189, -23.60574]}}, {"type": "Feature", "properties": {"nombre": "Tiltil", "tipo": "calle"}, "geometry": {"type": "Point", "coordinates": [-70.38431, -23.61378]}}, {"type": "Feature", "properties": {"nombre": "Recoleta", "tipo": "calle"}, "geometry": {"type": "Point", "coordinates": [-70.38347, -23.60541]}}, {"type": "Feature", "properties": {"nombre": "General Óscar Bonilla", "tipo": "calle"}, "geometry": {"type": "Point", "coordinates": [-70.37853, -23.60129]}}, {"type": "Feature", "properties": {"nombre": "Yungay", "tipo": "calle"}, "geometry": {"type": "Point", "coordinates": [-70.38436, -23.61428]}}, {"type": "Feature", "properties": {"nombre": "Calle Loa", "tipo": "calle"}, "geometry": {"type": "Point", "coordinates": [-70.38375, -23.61511]}}, {"type": "Feature", "properties": {"nombre": "La Reina", "tipo": "calle"}, "geometry": {"type": "Point", "coordinates": [-70.38314, -23.60984]}}, {"type": "Feature", "properties": {"nombre": "Caliche", "tipo": "calle"}, "geometry": {"type": "Point", "coordinates": [-70.38298, -23.60536]}}, {"type": "Feature", "properties": {"nombre": "Santa Lucía", "tipo": "calle"}, "geometry": {"type": "Point", "coordinates": [-70.37892, -23.60689]}}, {"type": "Feature", "properties": {"nombre": "Quinta Normal", "tipo": "calle"}, "geometry": {"type": "Point", "coordinates": [-70.38261, -23.60411]}}, {"type": "Feature", "properties": {"nombre": "San Miguel", "tipo": "calle"}, "geometry": {"type": "Point", "coordinates": [-70.3809, -23.60907]}}, {"type": "Feature", "properties": {"nombre": "Las Delicias", "tipo": "calle"}, "geometry": {"type": "Point", "coordinates": [-70.38402, -23.60446]}}, {"type": "Feature", "properties": {"nombre": "Monjitas", "tipo": "calle"}, "geometry": {"type": "Point", "coordinates": [-70.37873, -23.6041]}}, {"type": "Feature", "properties": {"nombre": "Abate Molina", "tipo": "calle"}, "geometry": {"type": "Point", "coordinates": [-70.38365, -23.60688]}}, {"type": "Feature", "properties": {"nombre": "Pasaje San Francisco", "tipo": "calle"}, "geometry": {"type": "Point", "coordinates": [-70.37989, -23.6073]}}, {"type": "Feature", "properties": {"nombre": "Parque Gran Avenida", "tipo": "place"}, "geometry": {"type": "Point", "coordinates": [-70.38475, -23.60518]}}, {"type": "Feature", "properties": {"nombre": "Diaguita", "tipo": "calle"}, "geometry": {"type": "Point", "coordinates": [-70.38455, -23.61608]}}, {"type": "Feature", "properties": {"nombre": "San Pablo", "tipo": "calle"}, "geometry": {"type": "Point", "coordinates": [-70.37867, -23.61054]}}, {"type": "Feature", "properties": {"nombre": "Avenida Radomiro Tomic", "tipo": "calle"}, "geometry": {"type": "Point", "coordinates": [-70.3853, -23.60124]}}, {"type": "Feature", "properties": {"nombre": "Nicolás Tirado", "tipo": "calle"}, "geometry": {"type": "Point", "coordinates": [-70.39609, -23.59236]}}, {"type": "Feature", "properties": {"nombre": "Teatinos", "tipo": "calle"}, "geometry": {"type": "Point", "coordinates": [-70.37984, -23.61108]}}, {"type": "Feature", "properties": {"nombre": "Santa Rita", "tipo": "calle"}, "geometry": {"type": "Point", "coordinates": [-70.41339, -23.69684]}}, {"type": "Feature", "properties": {"nombre": "Collico", "tipo": "calle"}, "geometry": {"type": "Point", "coordinates": [-70.41081, -23.69253]}}, {"type": "Feature", "properties": {"nombre": "Mar del Plata", "tipo": "calle"}, "geometry": {"type": "Point", "coordinates": [-70.41184, -23.69673]}}, {"type": "Feature", "properties": {"nombre": "Paillaco", "tipo": "calle"}, "geometry": {"type": "Point", "coordinates": [-70.41104, -23.69202]}}, {"type": "Feature", "properties": {"nombre": "Santa Cecilia", "tipo": "calle"}, "geometry": {"type": "Point", "coordinates": [-70.41142, -23.6965]}}, {"type": "Feature", "properties": {"nombre": "Santa Marta", "tipo": "calle"}, "geometry": {"type": "Point", "coordinates": [-70.41244, -23.69783]}}, {"type": "Feature", "properties": {"nombre": "Santa Cruz", "tipo": "calle"}, "geometry": {"type": "Point", "coordinates": [-70.41087, -23.69524]}}, {"type": "Feature", "properties": {"nombre": "Santa Magdalena", "tipo": "calle"}, "geometry": {"type": "Point", "coordinates": [-70.41169, -23.69605]}}, {"type": "Feature", "properties": {"nombre": "Santa Clara", "tipo": "calle"}, "geometry": {"type": "Point", "coordinates": [-70.41143, -23.69249]}}, {"type": "Feature", "properties": {"nombre": "Santa Margarita", "tipo": "calle"}, "geometry": {"type": "Point", "coordinates": [-70.41154, -23.69503]}}, {"type": "Feature", "properties": {"nombre": "Santa María", "tipo": "calle"}, "geometry": {"type": "Point", "coordinates": [-70.41393, -23.6965]}}, {"type": "Feature", "properties": {"nombre": "Picolhue", "tipo": "calle"}, "geometry": {"type": "Point", "coordinates": [-70.4105, -23.68812]}}, {"type": "Feature", "properties": {"nombre": "Santa Inés", "tipo": "calle"}, "geometry": {"type": "Point", "coordinates": [-70.41233, -23.6969]}}, {"type": "Feature", "properties": {"nombre": "Cunco", "tipo": "calle"}, "geometry": {"type": "Point", "coordinates": [-70.41059, -23.6885]}}, {"type": "Feature", "properties": {"nombre": "Rodrigo de Triana", "tipo": "calle"}, "geometry": {"type": "Point", "coordinates": [-70.41213, -23.69455]}}, {"type": "Feature", "properties": {"nombre": "José Bernardo Tagle", "tipo": "calle"}, "geometry": {"type": "Point", "coordinates": [-70.41105, -23.69406]}}, {"type": "Feature", "properties": {"nombre": "Vilcún", "tipo": "calle"}, "geometry": {"type": "Point", "coordinates": [-70.41011, -23.68771]}}, {"type": "Feature", "properties": {"nombre": "Santa Mercedes", "tipo": "calle"}, "geometry": {"type": "Point", "coordinates": [-70.41283, -23.69694]}}, {"type": "Feature", "properties": {"nombre": "Chimborazo", "tipo": "calle"}, "geometry": {"type": "Point", "coordinates": [-70.40589, -23.68971]}}, {"type": "Feature", "properties": {"nombre": "Pasaje Pablo Schmidt", "tipo": "calle"}, "geometry": {"type": "Point", "coordinates": [-70.40675, -23.68744]}}, {"type": "Feature", "properties": {"nombre": "Osvaldo Gómez", "tipo": "calle"}, "geometry": {"type": "Point", "coordinates": [-70.40692, -23.68639]}}, {"type": "Feature", "properties": {"nombre": "Máfil", "tipo": "calle"}, "geometry": {"type": "Point", "coordinates": [-70.41069, -23.69045]}}, {"type": "Feature", "properties": {"nombre": "Reumen", "tipo": "calle"}, "geometry": {"type": "Point", "coordinates": [-70.40949, -23.69043]}}, {"type": "Feature", "properties": {"nombre": "Mehuín", "tipo": "calle"}, "geometry": {"type": "Point", "coordinates": [-70.40611, -23.69025]}}, {"type": "Feature", "properties": {"nombre": "Mercedes Astaburuaga", "tipo": "calle"}, "geometry": {"type": "Point", "coordinates": [-70.40625, -23.68905]}}, {"type": "Feature", "properties": {"nombre": "Pasaje Alcaldesa Juana Saavedra", "tipo": "calle"}, "geometry": {"type": "Point", "coordinates": [-70.40536, -23.68407]}}, {"type": "Feature", "properties": {"nombre": "Cerro Bayo", "tipo": "calle"}, "geometry": {"type": "Point", "coordinates": [-70.40651, -23.6887]}}, {"type": "Feature", "properties": {"nombre": "Chumil", "tipo": "calle"}, "geometry": {"type": "Point", "coordinates": [-70.40858, -23.68966]}}, {"type": "Feature", "properties": {"nombre": "Cerro Trapecio", "tipo": "calle"}, "geometry": {"type": "Point", "coordinates": [-70.40798, -23.69307]}}, {"type": "Feature", "properties": {"nombre": "El Peñon", "tipo": "calle"}, "geometry": {"type": "Point", "coordinates": [-70.40837, -23.69407]}}, {"type": "Feature", "properties": {"nombre": "Huape", "tipo": "calle"}, "geometry": {"type": "Point", "coordinates": [-70.40905, -23.68975]}}, {"type": "Feature", "properties": {"nombre": "Calafquén", "tipo": "calle"}, "geometry": {"type": "Point", "coordinates": [-70.40907, -23.68737]}}, {"type": "Feature", "properties": {"nombre": "Secundino Carrizo", "tipo": "calle"}, "geometry": {"type": "Point", "coordinates": [-70.40609, -23.68522]}}, {"type": "Feature", "properties": {"nombre": "Santa Elena", "tipo": "calle"}, "geometry": {"type": "Point", "coordinates": [-70.40957, -23.69327]}}, {"type": "Feature", "properties": {"nombre": "Antilhue", "tipo": "calle"}, "geometry": {"type": "Point", "coordinates": [-70.40781, -23.68814]}}, {"type": "Feature", "properties": {"nombre": "Lumaco", "tipo": "calle"}, "geometry": {"type": "Point", "coordinates": [-70.40901, -23.68938]}}, {"type": "Feature", "properties": {"nombre": "Regidor Humberto Escobar", "tipo": "calle"}, "geometry": {"type": "Point", "coordinates": [-70.40556, -23.68501]}}, {"type": "Feature", "properties": {"nombre": "Patricia González de Turner", "tipo": "calle"}, "geometry": {"type": "Point", "coordinates": [-70.40955, -23.69285]}}, {"type": "Feature", "properties": {"nombre": "Monturaqui", "tipo": "calle"}, "geometry": {"type": "Point", "coordinates": [-70.40708, -23.69087]}}, {"type": "Feature", "properties": {"nombre": "Pan de Azúcar", "tipo": "calle"}, "geometry": {"type": "Point", "coordinates": [-70.40794, -23.69187]}}, {"type": "Feature", "properties": {"nombre": "Pasaje Clara Mardones de Mauret", "tipo": "calle"}, "geometry": {"type": "Point", "coordinates": [-70.40705, -23.68738]}}, {"type": "Feature", "properties": {"nombre": "Malihue", "tipo": "calle"}, "geometry": {"type": "Point", "coordinates": [-70.4113, -23.69152]}}, {"type": "Feature", "properties": {"nombre": "Emilio Vaisse", "tipo": "calle"}, "geometry": {"type": "Point", "coordinates": [-70.40569, -23.68758]}}, {"type": "Feature", "properties": {"nombre": "Rapahue", "tipo": "calle"}, "geometry": {"type": "Point", "coordinates": [-70.41052, -23.68995]}}, {"type": "Feature", "properties": {"nombre": "Antonio Salas Faúndez", "tipo": "calle"}, "geometry": {"type": "Point", "coordinates": [-70.40649, -23.68776]}}, {"type": "Feature", "properties": {"nombre": "Regidor Ester Núñez de Quinteros", "tipo": "calle"}, "geometry": {"type": "Point", "coordinates": [-70.40572, -23.68526]}}, {"type": "Feature", "properties": {"nombre": "Fidelia Valdés Pereira", "tipo": "calle"}, "geometry": {"type": "Point", "coordinates": [-70.40598, -23.68753]}}, {"type": "Feature", "properties": {"nombre": "Juan Mandaleris K", "tipo": "calle"}, "geometry": {"type": "Point", "coordinates": [-70.40574, -23.689]}}, {"type": "Feature", "properties": {"nombre": "Cerro Sombrero", "tipo": "calle"}, "geometry": {"type": "Point", "coordinates": [-70.40532, -23.68947]}}, {"type": "Feature", "properties": {"nombre": "Osvaldo Gómez A.", "tipo": "calle"}, "geometry": {"type": "Point", "coordinates": [-70.40693, -23.68807]}}, {"type": "Feature", "properties": {"nombre": "Huellelhue", "tipo": "calle"}, "geometry": {"type": "Point", "coordinates": [-70.41097, -23.69097]}}, {"type": "Feature", "properties": {"nombre": "Quillén", "tipo": "calle"}, "geometry": {"type": "Point", "coordinates": [-70.40655, -23.68642]}}, {"type": "Feature", "properties": {"nombre": "Trumao", "tipo": "calle"}, "geometry": {"type": "Point", "coordinates": [-70.40677, -23.68601]}}, {"type": "Feature", "properties": {"nombre": "Cerro Negro", "tipo": "calle"}, "geometry": {"type": "Point", "coordinates": [-70.40706, -23.69119]}}, {"type": "Feature", "properties": {"nombre": "Aguas Blancas", "tipo": "calle"}, "geometry": {"type": "Point", "coordinates": [-70.4062, -23.69119]}}, {"type": "Feature", "properties": {"nombre": "Gregorio Lobos Tambull", "tipo": "calle"}, "geometry": {"type": "Point", "coordinates": [-70.40574, -23.68433]}}, {"type": "Feature", "properties": {"nombre": "Humberto Albanese Cortés", "tipo": "calle"}, "geometry": {"type": "Point", "coordinates": [-70.40571, -23.68471]}}, {"type": "Feature", "properties": {"nombre": "Andrés Lan", "tipo": "calle"}, "geometry": {"type": "Point", "coordinates": [-70.40604, -23.68927]}}, {"type": "Feature", "properties": {"nombre": "Colihue", "tipo": "calle"}, "geometry": {"type": "Point", "coordinates": [-70.40969, -23.68673]}}, {"type": "Feature", "properties": {"nombre": "Pasaje Albino Seeger", "tipo": "calle"}, "geometry": {"type": "Point", "coordinates": [-70.40645, -23.68748]}}, {"type": "Feature", "properties": {"nombre": "San Carlos", "tipo": "calle"}, "geometry": {"type": "Point", "coordinates": [-70.40576, -23.69022]}}, {"type": "Feature", "properties": {"nombre": "Coilhue", "tipo": "calle"}, "geometry": {"type": "Point", "coordinates": [-70.40543, -23.68534]}}, {"type": "Feature", "properties": {"nombre": "Cerro Cenicero", "tipo": "calle"}, "geometry": {"type": "Point", "coordinates": [-70.40675, -23.69083]}}, {"type": "Feature", "properties": {"nombre": "Subida del Arenal", "tipo": "calle"}, "geometry": {"type": "Point", "coordinates": [-70.42353, -23.70818]}}, {"type": "Feature", "properties": {"nombre": "Berta González", "tipo": "calle"}, "geometry": {"type": "Point", "coordinates": [-70.42212, -23.7067]}}, {"type": "Feature", "properties": {"nombre": "Travesía de la Plaza", "tipo": "calle"}, "geometry": {"type": "Point", "coordinates": [-70.42875, -23.7111]}}, {"type": "Feature", "properties": {"nombre": "Travesía del Mar", "tipo": "calle"}, "geometry": {"type": "Point", "coordinates": [-70.42626, -23.70829]}}, {"type": "Feature", "properties": {"nombre": "Travesía del Cerro", "tipo": "calle"}, "geometry": {"type": "Point", "coordinates": [-70.42101, -23.70846]}}, {"type": "Feature", "properties": {"nombre": "Travesía de los Vientos", "tipo": "calle"}, "geometry": {"type": "Point", "coordinates": [-70.42268, -23.70867]}}, {"type": "Feature", "properties": {"nombre": "Los Atacameños", "tipo": "calle"}, "geometry": {"type": "Point", "coordinates": [-70.41538, -23.70389]}}, {"type": "Feature", "properties": {"nombre": "Mario Bahamondes", "tipo": "calle"}, "geometry": {"type": "Point", "coordinates": [-70.41876, -23.7059]}}, {"type": "Feature", "properties": {"nombre": "Orchard", "tipo": "calle"}, "geometry": {"type": "Point", "coordinates": [-70.41717, -23.7052]}}, {"type": "Feature", "properties": {"nombre": "Israel Roa", "tipo": "calle"}, "geometry": {"type": "Point", "coordinates": [-70.42338, -23.71047]}}, {"type": "Feature", "properties": {"nombre": "Santa Mariana", "tipo": "calle"}, "geometry": {"type": "Point", "coordinates": [-70.40804, -23.69685]}}, {"type": "Feature", "properties": {"nombre": "Subida del Desierto", "tipo": "calle"}, "geometry": {"type": "Point", "coordinates": [-70.42299, -23.70656]}}, {"type": "Feature", "properties": {"nombre": "Las Llamas", "tipo": "calle"}, "geometry": {"type": "Point", "coordinates": [-70.42987, -23.71051]}}, {"type": "Feature", "properties": {"nombre": "Purey", "tipo": "calle"}, "geometry": {"type": "Point", "coordinates": [-70.40849, -23.69631]}}, {"type": "Feature", "properties": {"nombre": "Subida Corta", "tipo": "calle"}, "geometry": {"type": "Point", "coordinates": [-70.42418, -23.70862]}}, {"type": "Feature", "properties": {"nombre": "Catalina Massot", "tipo": "calle"}, "geometry": {"type": "Point", "coordinates": [-70.41615, -23.70445]}}, {"type": "Feature", "properties": {"nombre": "Salar de Hamburgo", "tipo": "calle"}, "geometry": {"type": "Point", "coordinates": [-70.41915, -23.70807]}}, {"type": "Feature", "properties": {"nombre": "Cerro Coloso", "tipo": "calle"}, "geometry": {"type": "Point", "coordinates": [-70.42112, -23.71045]}}, {"type": "Feature", "properties": {"nombre": "José López", "tipo": "calle"}, "geometry": {"type": "Point", "coordinates": [-70.41779, -23.70575]}}, {"type": "Feature", "properties": {"nombre": "Avenida Escondida", "tipo": "calle"}, "geometry": {"type": "Point", "coordinates": [-70.42206, -23.70945]}}, {"type": "Feature", "properties": {"nombre": "Travesía del Mirador", "tipo": "calle"}, "geometry": {"type": "Point", "coordinates": [-70.4231, -23.70822]}}, {"type": "Feature", "properties": {"nombre": "Salar de Punta Negra", "tipo": "calle"}, "geometry": {"type": "Point", "coordinates": [-70.42141, -23.70989]}}, {"type": "Feature", "properties": {"nombre": "Santa Genoveva", "tipo": "calle"}, "geometry": {"type": "Point", "coordinates": [-70.40932, -23.69472]}}, {"type": "Feature", "properties": {"nombre": "Travesía del Sur", "tipo": "calle"}, "geometry": {"type": "Point", "coordinates": [-70.42673, -23.71146]}}, {"type": "Feature", "properties": {"nombre": "Travesía de la Costa", "tipo": "calle"}, "geometry": {"type": "Point", "coordinates": [-70.42937, -23.71086]}}, {"type": "Feature", "properties": {"nombre": "Subida del Jardín", "tipo": "calle"}, "geometry": {"type": "Point", "coordinates": [-70.42696, -23.70909]}}, {"type": "Feature", "properties": {"nombre": "Santa Guillermina", "tipo": "calle"}, "geometry": {"type": "Point", "coordinates": [-70.40511, -23.6965]}}, {"type": "Feature", "properties": {"nombre": "Subida del Sur", "tipo": "calle"}, "geometry": {"type": "Point", "coordinates": [-70.429, -23.71036]}}, {"type": "Feature", "properties": {"nombre": "Avenida Jaime Guzmán Errázuriz", "tipo": "calle"}, "geometry": {"type": "Point", "coordinates": [-70.4333, -23.71399]}}, {"type": "Feature", "properties": {"nombre": "Llullaillaco", "tipo": "calle"}, "geometry": {"type": "Point", "coordinates": [-70.42016, -23.70917]}}, {"type": "Feature", "properties": {"nombre": "Borde Marino", "tipo": "calle"}, "geometry": {"type": "Point", "coordinates": [-70.41584, -23.7044]}}, {"type": "Feature", "properties": {"nombre": "Subida de la Quebrada", "tipo": "calle"}, "geometry": {"type": "Point", "coordinates": [-70.42789, -23.70978]}}, {"type": "Feature", "properties": {"nombre": "Santa Bárbara", "tipo": "calle"}, "geometry": {"type": "Point", "coordinates": [-70.40719, -23.69651]}}, {"type": "Feature", "properties": {"nombre": "Manuel Durán Díaz", "tipo": "calle"}, "geometry": {"type": "Point", "coordinates": [-70.42073, -23.70642]}}, {"type": "Feature", "properties": {"nombre": "José María Cassasas", "tipo": "calle"}, "geometry": {"type": "Point", "coordinates": [-70.42012, -23.70678]}}, {"type": "Feature", "properties": {"nombre": "Subida del Agua", "tipo": "calle"}, "geometry": {"type": "Point", "coordinates": [-70.42575, -23.70895]}}, {"type": "Feature", "properties": {"nombre": "Avenida Travesía de Coloso", "tipo": "calle"}, "geometry": {"type": "Point", "coordinates": [-70.42667, -23.70792]}}, {"type": "Feature", "properties": {"nombre": "Los Aimaras", "tipo": "calle"}, "geometry": {"type": "Point", "coordinates": [-70.41456, -23.70331]}}, {"type": "Feature", "properties": {"nombre": "Cerro Rincones", "tipo": "calle"}, "geometry": {"type": "Point", "coordinates": [-70.42296, -23.71127]}}, {"type": "Feature", "properties": {"nombre": "Los Quechuas", "tipo": "calle"}, "geometry": {"type": "Point", "coordinates": [-70.41478, -23.70382]}}, {"type": "Feature", "properties": {"nombre": "Santa Verónica", "tipo": "calle"}, "geometry": {"type": "Point", "coordinates": [-70.40667, -23.69651]}}, {"type": "Feature", "properties": {"nombre": "Travesía del Estero", "tipo": "calle"}, "geometry": {"type": "Point", "coordinates": [-70.42811, -23.71133]}}, {"type": "Feature", "properties": {"nombre": "Claudio Arrau", "tipo": "calle"}, "geometry": {"type": "Point", "coordinates": [-70.42001, -23.70585]}}, {"type": "Feature", "properties": {"nombre": "O. Bermudez", "tipo": "calle"}, "geometry": {"type": "Point", "coordinates": [-70.41893, -23.70583]}}, {"type": "Feature", "properties": {"nombre": "Los Guanacos", "tipo": "calle"}, "geometry": {"type": "Point", "coordinates": [-70.4303, -23.71023]}}, {"type": "Feature", "properties": {"nombre": "Licantén", "tipo": "calle"}, "geometry": {"type": "Point", "coordinates": [-70.40933, -23.69446]}}, {"type": "Feature", "properties": {"nombre": "Pasaje Samuel Román", "tipo": "calle"}, "geometry": {"type": "Point", "coordinates": [-70.42195, -23.7092]}}, {"type": "Feature", "properties": {"nombre": "Garafuli", "tipo": "calle"}, "geometry": {"type": "Point", "coordinates": [-70.41751, -23.70425]}}, {"type": "Feature", "properties": {"nombre": "Víctor Domingo Silva", "tipo": "calle"}, "geometry": {"type": "Point", "coordinates": [-70.41269, -23.68272]}}, {"type": "Feature", "properties": {"nombre": "Maturana", "tipo": "calle"}, "geometry": {"type": "Point", "coordinates": [-70.41531, -23.68415]}}, {"type": "Feature", "properties": {"nombre": "Las Heras", "tipo": "calle"}, "geometry": {"type": "Point", "coordinates": [-70.4144, -23.68332]}}, {"type": "Feature", "properties": {"nombre": "Ramón Freire", "tipo": "calle"}, "geometry": {"type": "Point", "coordinates": [-70.4136, -23.6831]}}, {"type": "Feature", "properties": {"nombre": "Pasaje Eduardo Murillo", "tipo": "calle"}, "geometry": {"type": "Point", "coordinates": [-70.41276, -23.67962]}}, {"type": "Feature", "properties": {"nombre": "Nicanor Plaza", "tipo": "calle"}, "geometry": {"type": "Point", "coordinates": [-70.40473, -23.67364]}}, {"type": "Feature", "properties": {"nombre": "Las Colonias", "tipo": "calle"}, "geometry": {"type": "Point", "coordinates": [-70.4062, -23.66969]}}, {"type": "Feature", "properties": {"nombre": "Las Losas", "tipo": "calle"}, "geometry": {"type": "Point", "coordinates": [-70.40746, -23.67278]}}, {"type": "Feature", "properties": {"nombre": "Manuel Verbal", "tipo": "calle"}, "geometry": {"type": "Point", "coordinates": [-70.40303, -23.66151]}}, {"type": "Feature", "properties": {"nombre": "Julio Pistelli", "tipo": "calle"}, "geometry": {"type": "Point", "coordinates": [-70.40423, -23.66581]}}, {"type": "Feature", "properties": {"nombre": "Pasaje Angamos", "tipo": "calle"}, "geometry": {"type": "Point", "coordinates": [-70.40615, -23.67254]}}, {"type": "Feature", "properties": {"nombre": "Barón de la Riviere", "tipo": "calle"}, "geometry": {"type": "Point", "coordinates": [-70.39977, -23.66548]}}, {"type": "Feature", "properties": {"nombre": "Salvador Reyes", "tipo": "calle"}, "geometry": {"type": "Point", "coordinates": [-70.39628, -23.65905]}}, {"type": "Feature", "properties": {"nombre": "Antonino Toro", "tipo": "calle"}, "geometry": {"type": "Point", "coordinates": [-70.39812, -23.66272]}}, {"type": "Feature", "properties": {"nombre": "La Portada", "tipo": "calle"}, "geometry": {"type": "Point", "coordinates": [-70.40407, -23.66554]}}, {"type": "Feature", "properties": {"nombre": "El Quisco", "tipo": "calle"}, "geometry": {"type": "Point", "coordinates": [-70.40872, -23.67252]}}, {"type": "Feature", "properties": {"nombre": "Galleguillos Lorca", "tipo": "calle"}, "geometry": {"type": "Point", "coordinates": [-70.40086, -23.66672]}}, {"type": "Feature", "properties": {"nombre": "Antonio Poupín", "tipo": "calle"}, "geometry": {"type": "Point", "coordinates": [-70.40015, -23.66156]}}, {"type": "Feature", "properties": {"nombre": "Francisco Carey", "tipo": "calle"}, "geometry": {"type": "Point", "coordinates": [-70.40274, -23.66312]}}, {"type": "Feature", "properties": {"nombre": "Los Inmigrantes", "tipo": "calle"}, "geometry": {"type": "Point", "coordinates": [-70.40573, -23.66859]}}, {"type": "Feature", "properties": {"nombre": "Zapallar", "tipo": "calle"}, "geometry": {"type": "Point", "coordinates": [-70.41051, -23.67429]}}, {"type": "Feature", "properties": {"nombre": "Las Cruces", "tipo": "calle"}, "geometry": {"type": "Point", "coordinates": [-70.40975, -23.67433]}}, {"type": "Feature", "properties": {"nombre": "La Hermandad", "tipo": "calle"}, "geometry": {"type": "Point", "coordinates": [-70.406, -23.67012]}}, {"type": "Feature", "properties": {"nombre": "La Chimba", "tipo": "calle"}, "geometry": {"type": "Point", "coordinates": [-70.40767, -23.67318]}}, {"type": "Feature", "properties": {"nombre": "José Toribio Medina", "tipo": "calle"}, "geometry": {"type": "Point", "coordinates": [-70.40914, -23.67248]}}, {"type": "Feature", "properties": {"nombre": "Osvaldo Varas", "tipo": "calle"}, "geometry": {"type": "Point", "coordinates": [-70.40202, -23.66424]}}, {"type": "Feature", "properties": {"nombre": "Pedro León Gallo", "tipo": "calle"}, "geometry": {"type": "Point", "coordinates": [-70.41081, -23.6775]}}, {"type": "Feature", "properties": {"nombre": "La Rinconada", "tipo": "calle"}, "geometry": {"type": "Point", "coordinates": [-70.40727, -23.67236]}}, {"type": "Feature", "properties": {"nombre": "Parque Las Almejas", "tipo": "place"}, "geometry": {"type": "Point", "coordinates": [-70.41096, -23.6729]}}, {"type": "Feature", "properties": {"nombre": "Carrera", "tipo": "calle"}, "geometry": {"type": "Point", "coordinates": [-70.40242, -23.66002]}}, {"type": "Feature", "properties": {"nombre": "Parque Croata", "tipo": "place"}, "geometry": {"type": "Point", "coordinates": [-70.41328, -23.67701]}}, {"type": "Feature", "properties": {"nombre": "Hornitos", "tipo": "calle"}, "geometry": {"type": "Point", "coordinates": [-70.407, -23.67198]}}, {"type": "Feature", "properties": {"nombre": "Eduardo Orchard", "tipo": "calle"}, "geometry": {"type": "Point", "coordinates": [-70.40078, -23.66915]}}, {"type": "Feature", "properties": {"nombre": "Limache", "tipo": "calle"}, "geometry": {"type": "Point", "coordinates": [-70.40075, -23.67042]}}, {"type": "Feature", "properties": {"nombre": "Quillota", "tipo": "calle"}, "geometry": {"type": "Point", "coordinates": [-70.40172, -23.6698]}}, {"type": "Feature", "properties": {"nombre": "Viña del Mar", "tipo": "calle"}, "geometry": {"type": "Point", "coordinates": [-70.39684, -23.6655]}}, {"type": "Feature", "properties": {"nombre": "Láscar", "tipo": "calle"}, "geometry": {"type": "Point", "coordinates": [-70.39855, -23.66626]}}, {"type": "Feature", "properties": {"nombre": "Veracruz", "tipo": "calle"}, "geometry": {"type": "Point", "coordinates": [-70.39828, -23.6678]}}, {"type": "Feature", "properties": {"nombre": "Xochimilco", "tipo": "calle"}, "geometry": {"type": "Point", "coordinates": [-70.39864, -23.66785]}}, {"type": "Feature", "properties": {"nombre": "Hermógenes Alfaro", "tipo": "calle"}, "geometry": {"type": "Point", "coordinates": [-70.39724, -23.66485]}}, {"type": "Feature", "properties": {"nombre": "Playa Blanca", "tipo": "calle"}, "geometry": {"type": "Point", "coordinates": [-70.39905, -23.66679]}}, {"type": "Feature", "properties": {"nombre": "Talca", "tipo": "calle"}, "geometry": {"type": "Point", "coordinates": [-70.40186, -23.66815]}}, {"type": "Feature", "properties": {"nombre": "Niebla", "tipo": "calle"}, "geometry": {"type": "Point", "coordinates": [-70.40346, -23.66699]}}, {"type": "Feature", "properties": {"nombre": "Matías Rojas", "tipo": "calle"}, "geometry": {"type": "Point", "coordinates": [-70.39786, -23.66163]}}, {"type": "Feature", "properties": {"nombre": "Santiago Benett", "tipo": "calle"}, "geometry": {"type": "Point", "coordinates": [-70.39625, -23.66526]}}, {"type": "Feature", "properties": {"nombre": "Chapultepec", "tipo": "calle"}, "geometry": {"type": "Point", "coordinates": [-70.39854, -23.66749]}}, {"type": "Feature", "properties": {"nombre": "Angol", "tipo": "calle"}, "geometry": {"type": "Point", "coordinates": [-70.40121, -23.67038]}}, {"type": "Feature", "properties": {"nombre": "Concepción", "tipo": "calle"}, "geometry": {"type": "Point", "coordinates": [-70.40208, -23.67168]}}, {"type": "Feature", "properties": {"nombre": "Blanco Encalada", "tipo": "calle"}, "geometry": {"type": "Point", "coordinates": [-70.39684, -23.65851]}}, {"type": "Feature", "properties": {"nombre": "Coquimbo", "tipo": "calle"}, "geometry": {"type": "Point", "coordinates": [-70.39942, -23.65718]}}, {"type": "Feature", "properties": {"nombre": "Aconcagua", "tipo": "calle"}, "geometry": {"type": "Point", "coordinates": [-70.40029, -23.65801]}}, {"type": "Feature", "properties": {"nombre": "Guillermo Deisler", "tipo": "calle"}, "geometry": {"type": "Point", "coordinates": [-70.40362, -23.67734]}}, {"type": "Feature", "properties": {"nombre": "Osvaldo Silva Castellón", "tipo": "calle"}, "geometry": {"type": "Point", "coordinates": [-70.403, -23.67842]}}, {"type": "Feature", "properties": {"nombre": "Armando Moock", "tipo": "calle"}, "geometry": {"type": "Point", "coordinates": [-70.40436, -23.67519]}}, {"type": "Feature", "properties": {"nombre": "Hualle", "tipo": "calle"}, "geometry": {"type": "Point", "coordinates": [-70.39833, -23.67496]}}, {"type": "Feature", "properties": {"nombre": "Luis Franco Ávalos", "tipo": "calle"}, "geometry": {"type": "Point", "coordinates": [-70.40129, -23.67653]}}, {"type": "Feature", "properties": {"nombre": "Jorge Flores", "tipo": "calle"}, "geometry": {"type": "Point", "coordinates": [-70.4021, -23.67636]}}, {"type": "Feature", "properties": {"nombre": "Coronel Emilio Sotomayor", "tipo": "calle"}, "geometry": {"type": "Point", "coordinates": [-70.40054, -23.67698]}}, {"type": "Feature", "properties": {"nombre": "Tejas Verdes", "tipo": "calle"}, "geometry": {"type": "Point", "coordinates": [-70.41089, -23.67699]}}, {"type": "Feature", "properties": {"nombre": "Los Lilenes", "tipo": "calle"}, "geometry": {"type": "Point", "coordinates": [-70.40891, -23.67515]}}, {"type": "Feature", "properties": {"nombre": "Salar Grande", "tipo": "calle"}, "geometry": {"type": "Point", "coordinates": [-70.40357, -23.67843]}}, {"type": "Feature", "properties": {"nombre": "Pasaje Rosita Renard", "tipo": "calle"}, "geometry": {"type": "Point", "coordinates": [-70.40477, -23.67331]}}, {"type": "Feature", "properties": {"nombre": "Cartagena", "tipo": "calle"}, "geometry": {"type": "Point", "coordinates": [-70.4107, -23.67656]}}, {"type": "Feature", "properties": {"nombre": "Pasaje José Martí", "tipo": "calle"}, "geometry": {"type": "Point", "coordinates": [-70.40655, -23.67839]}}, {"type": "Feature", "properties": {"nombre": "Los Changos", "tipo": "calle"}, "geometry": {"type": "Point", "coordinates": [-70.40378, -23.67896]}}, {"type": "Feature", "properties": {"nombre": "Mariano Latorre", "tipo": "calle"}, "geometry": {"type": "Point", "coordinates": [-70.40774, -23.67754]}}, {"type": "Feature", "properties": {"nombre": "Simón González", "tipo": "calle"}, "geometry": {"type": "Point", "coordinates": [-70.40561, -23.67633]}}, {"type": "Feature", "properties": {"nombre": "Carlos Pezoa Véliz", "tipo": "calle"}, "geometry": {"type": "Point", "coordinates": [-70.40615, -23.67861]}}, {"type": "Feature", "properties": {"nombre": "Ariel Santibáñez", "tipo": "calle"}, "geometry": {"type": "Point", "coordinates": [-70.39931, -23.67534]}}, {"type": "Feature", "properties": {"nombre": "Augusto D´Halmar", "tipo": "calle"}, "geometry": {"type": "Point", "coordinates": [-70.40703, -23.67693]}}, {"type": "Feature", "properties": {"nombre": "El Pellín", "tipo": "calle"}, "geometry": {"type": "Point", "coordinates": [-70.3991, -23.6747]}}, {"type": "Feature", "properties": {"nombre": "Pasaje Enrique Soto", "tipo": "calle"}, "geometry": {"type": "Point", "coordinates": [-70.40623, -23.67767]}}, {"type": "Feature", "properties": {"nombre": "Pasaje Mañio", "tipo": "calle"}, "geometry": {"type": "Point", "coordinates": [-70.39887, -23.67477]}}, {"type": "Feature", "properties": {"nombre": "Altos del Mar", "tipo": "calle"}, "geometry": {"type": "Point", "coordinates": [-70.4082, -23.68266]}}, {"type": "Feature", "properties": {"nombre": "Temuco", "tipo": "calle"}, "geometry": {"type": "Point", "coordinates": [-70.40249, -23.67264]}}, {"type": "Feature", "properties": {"nombre": "Armando Carrera", "tipo": "calle"}, "geometry": {"type": "Point", "coordinates": [-70.4063, -23.67784]}}, {"type": "Feature", "properties": {"nombre": "Carlos Pezoa Velis", "tipo": "calle"}, "geometry": {"type": "Point", "coordinates": [-70.40604, -23.67849]}}, {"type": "Feature", "properties": {"nombre": "Nueve de Julio", "tipo": "calle"}, "geometry": {"type": "Point", "coordinates": [-70.41102, -23.67588]}}, {"type": "Feature", "properties": {"nombre": "César Enrique Soto Moraga", "tipo": "calle"}, "geometry": {"type": "Point", "coordinates": [-70.40557, -23.6741]}}, {"type": "Feature", "properties": {"nombre": "Luis Silva Lezaeta", "tipo": "calle"}, "geometry": {"type": "Point", "coordinates": [-70.40746, -23.67596]}}, {"type": "Feature", "properties": {"nombre": "Santo Domingo", "tipo": "calle"}, "geometry": {"type": "Point", "coordinates": [-70.40844, -23.6744]}}, {"type": "Feature", "properties": {"nombre": "Dieciocho de Septiembre", "tipo": "calle"}, "geometry": {"type": "Point", "coordinates": [-70.41173, -23.67652]}}, {"type": "Feature", "properties": {"nombre": "Rosita Renard", "tipo": "calle"}, "geometry": {"type": "Point", "coordinates": [-70.40547, -23.67476]}}, {"type": "Feature", "properties": {"nombre": "El Laurel", "tipo": "calle"}, "geometry": {"type": "Point", "coordinates": [-70.39794, -23.67465]}}, {"type": "Feature", "properties": {"nombre": "San Sebastián", "tipo": "calle"}, "geometry": {"type": "Point", "coordinates": [-70.41079, -23.67486]}}, {"type": "Feature", "properties": {"nombre": "Pasaje Justo del Villar", "tipo": "calle"}, "geometry": {"type": "Point", "coordinates": [-70.40505, -23.67317]}}, {"type": "Feature", "properties": {"nombre": "Pasaje Eduardo Barrios", "tipo": "calle"}, "geometry": {"type": "Point", "coordinates": [-70.40699, -23.67909]}}, {"type": "Feature", "properties": {"nombre": "Mulato Gil", "tipo": "calle"}, "geometry": {"type": "Point", "coordinates": [-70.41001, -23.6786]}}, {"type": "Feature", "properties": {"nombre": "Javier Rengifo", "tipo": "calle"}, "geometry": {"type": "Point", "coordinates": [-70.40569, -23.67578]}}, {"type": "Feature", "properties": {"nombre": "Los Avellanos", "tipo": "calle"}, "geometry": {"type": "Point", "coordinates": [-70.39885, -23.67516]}}, {"type": "Feature", "properties": {"nombre": "Carlos Silva", "tipo": "calle"}, "geometry": {"type": "Point", "coordinates": [-70.41046, -23.67862]}}, {"type": "Feature", "properties": {"nombre": "Eusebio Lillo", "tipo": "calle"}, "geometry": {"type": "Point", "coordinates": [-70.40805, -23.67825]}}, {"type": "Feature", "properties": {"nombre": "4 Norte", "tipo": "calle"}, "geometry": {"type": "Point", "coordinates": [-70.38437, -23.64749]}}, {"type": "Feature", "properties": {"nombre": "Bogotá", "tipo": "calle"}, "geometry": {"type": "Point", "coordinates": [-70.38452, -23.65055]}}, {"type": "Feature", "properties": {"nombre": "Monjas", "tipo": "calle"}, "geometry": {"type": "Point", "coordinates": [-70.38544, -23.65447]}}, {"type": "Feature", "properties": {"nombre": "Panamá", "tipo": "calle"}, "geometry": {"type": "Point", "coordinates": [-70.38408, -23.64998]}}, {"type": "Feature", "properties": {"nombre": "El Tatio", "tipo": "calle"}, "geometry": {"type": "Point", "coordinates": [-70.39836, -23.67094]}}, {"type": "Feature", "properties": {"nombre": "Guayaquil", "tipo": "calle"}, "geometry": {"type": "Point", "coordinates": [-70.38504, -23.64966]}}, {"type": "Feature", "properties": {"nombre": "Galvarino", "tipo": "calle"}, "geometry": {"type": "Point", "coordinates": [-70.38766, -23.6525]}}, {"type": "Feature", "properties": {"nombre": "Cordillera", "tipo": "calle"}, "geometry": {"type": "Point", "coordinates": [-70.3854, -23.65411]}}, {"type": "Feature", "properties": {"nombre": "Chorrillos", "tipo": "calle"}, "geometry": {"type": "Point", "coordinates": [-70.38915, -23.65644]}}, {"type": "Feature", "properties": {"nombre": "Manuel Montt", "tipo": "calle"}, "geometry": {"type": "Point", "coordinates": [-70.39756, -23.66942]}}, {"type": "Feature", "properties": {"nombre": "Sargento Santiago Amengual", "tipo": "calle"}, "geometry": {"type": "Point", "coordinates": [-70.39546, -23.66699]}}, {"type": "Feature", "properties": {"nombre": "Diego Portales", "tipo": "calle"}, "geometry": {"type": "Point", "coordinates": [-70.39709, -23.66967]}}, {"type": "Feature", "properties": {"nombre": "1 de mayo", "tipo": "calle"}, "geometry": {"type": "Point", "coordinates": [-70.38847, -23.64888]}}, {"type": "Feature", "properties": {"nombre": "Ecuador", "tipo": "calle"}, "geometry": {"type": "Point", "coordinates": [-70.38491, -23.64924]}}, {"type": "Feature", "properties": {"nombre": "Bogota", "tipo": "calle"}, "geometry": {"type": "Point", "coordinates": [-70.38731, -23.64967]}}, {"type": "Feature", "properties": {"nombre": "1 Norte", "tipo": "calle"}, "geometry": {"type": "Point", "coordinates": [-70.38477, -23.64878]}}, {"type": "Feature", "properties": {"nombre": "8 Norte", "tipo": "calle"}, "geometry": {"type": "Point", "coordinates": [-70.383, -23.64627]}}, {"type": "Feature", "properties": {"nombre": "6 Norte", "tipo": "calle"}, "geometry": {"type": "Point", "coordinates": [-70.38411, -23.64662]}}, {"type": "Feature", "properties": {"nombre": "Simón Bolívar", "tipo": "calle"}, "geometry": {"type": "Point", "coordinates": [-70.38902, -23.65361]}}, {"type": "Feature", "properties": {"nombre": "3 Norte", "tipo": "calle"}, "geometry": {"type": "Point", "coordinates": [-70.3845, -23.64792]}}, {"type": "Feature", "properties": {"nombre": "2 Norte", "tipo": "calle"}, "geometry": {"type": "Point", "coordinates": [-70.38404, -23.64858]}}, {"type": "Feature", "properties": {"nombre": "Miraflores", "tipo": "calle"}, "geometry": {"type": "Point", "coordinates": [-70.38922, -23.65612]}}, {"type": "Feature", "properties": {"nombre": "Los Placeres", "tipo": "calle"}, "geometry": {"type": "Point", "coordinates": [-70.38523, -23.65357]}}, {"type": "Feature", "properties": {"nombre": "Los Morros", "tipo": "calle"}, "geometry": {"type": "Point", "coordinates": [-70.38584, -23.65525]}}, {"type": "Feature", "properties": {"nombre": "Pasaje Lautaro", "tipo": "calle"}, "geometry": {"type": "Point", "coordinates": [-70.38724, -23.65093]}}, {"type": "Feature", "properties": {"nombre": "Ramadita", "tipo": "calle"}, "geometry": {"type": "Point", "coordinates": [-70.38546, -23.65483]}}, {"type": "Feature", "properties": {"nombre": "Pasaje Galvarino", "tipo": "calle"}, "geometry": {"type": "Point", "coordinates": [-70.38674, -23.65107]}}, {"type": "Feature", "properties": {"nombre": "Doce de Octubre", "tipo": "calle"}, "geometry": {"type": "Point", "coordinates": [-70.38325, -23.65067]}}, {"type": "Feature", "properties": {"nombre": "César Urrutia", "tipo": "calle"}, "geometry": {"type": "Point", "coordinates": [-70.38438, -23.65099]}}, {"type": "Feature", "properties": {"nombre": "Chacabuco", "tipo": "calle"}, "geometry": {"type": "Point", "coordinates": [-70.38817, -23.65662]}}, {"type": "Feature", "properties": {"nombre": "7 Norte", "tipo": "calle"}, "geometry": {"type": "Point", "coordinates": [-70.38303, -23.64691]}}, {"type": "Feature", "properties": {"nombre": "Pisana", "tipo": "calle"}, "geometry": {"type": "Point", "coordinates": [-70.39797, -23.67121]}}, {"type": "Feature", "properties": {"nombre": "Los Géiser", "tipo": "calle"}, "geometry": {"type": "Point", "coordinates": [-70.39878, -23.67072]}}, {"type": "Feature", "properties": {"nombre": "Marina", "tipo": "calle"}, "geometry": {"type": "Point", "coordinates": [-70.39358, -23.66642]}}, {"type": "Feature", "properties": {"nombre": "Alfonso Meléndez", "tipo": "calle"}, "geometry": {"type": "Point", "coordinates": [-70.38461, -23.64947]}}, {"type": "Feature", "properties": {"nombre": "5 Norte", "tipo": "calle"}, "geometry": {"type": "Point", "coordinates": [-70.38341, -23.64782]}}, {"type": "Feature", "properties": {"nombre": "Cervantes", "tipo": "calle"}, "geometry": {"type": "Point", "coordinates": [-70.38739, -23.65609]}}, {"type": "Feature", "properties": {"nombre": "Talcahuano", "tipo": "calle"}, "geometry": {"type": "Point", "coordinates": [-70.38694, -23.65302]}}, {"type": "Feature", "properties": {"nombre": "Pasaje Carrera", "tipo": "calle"}, "geometry": {"type": "Point", "coordinates": [-70.38785, -23.65278]}}, {"type": "Feature", "properties": {"nombre": "Esperanza", "tipo": "calle"}, "geometry": {"type": "Point", "coordinates": [-70.38514, -23.6531]}}, {"type": "Feature", "properties": {"nombre": "Cayetano Gutiérrez", "tipo": "calle"}, "geometry": {"type": "Point", "coordinates": [-70.38884, -23.65428]}}, {"type": "Feature", "properties": {"nombre": "Vergara Bajo", "tipo": "calle"}, "geometry": {"type": "Point", "coordinates": [-70.38727, -23.6525]}}, {"type": "Feature", "properties": {"nombre": "Pasaje Vergara", "tipo": "calle"}, "geometry": {"type": "Point", "coordinates": [-70.38694, -23.65246]}}, {"type": "Feature", "properties": {"nombre": "Antonio Varas", "tipo": "calle"}, "geometry": {"type": "Point", "coordinates": [-70.3981, -23.66921]}}, {"type": "Feature", "properties": {"nombre": "Solín Juica", "tipo": "calle"}, "geometry": {"type": "Point", "coordinates": [-70.38478, -23.64419]}}, {"type": "Feature", "properties": {"nombre": "Timonel Vargas", "tipo": "calle"}, "geometry": {"type": "Point", "coordinates": [-70.38488, -23.64332]}}, {"type": "Feature", "properties": {"nombre": "Soberanía", "tipo": "calle"}, "geometry": {"type": "Point", "coordinates": [-70.38448, -23.64136]}}, {"type": "Feature", "properties": {"nombre": "Mancomunal", "tipo": "calle"}, "geometry": {"type": "Point", "coordinates": [-70.38474, -23.64299]}}, {"type": "Feature", "properties": {"nombre": "Lenox", "tipo": "calle"}, "geometry": {"type": "Point", "coordinates": [-70.38419, -23.63562]}}, {"type": "Feature", "properties": {"nombre": "Carlos de la Fuente", "tipo": "calle"}, "geometry": {"type": "Point", "coordinates": [-70.38579, -23.64442]}}, {"type": "Feature", "properties": {"nombre": "Salar de Pedernales", "tipo": "calle"}, "geometry": {"type": "Point", "coordinates": [-70.37988, -23.63238]}}, {"type": "Feature", "properties": {"nombre": "Santa Fé", "tipo": "calle"}, "geometry": {"type": "Point", "coordinates": [-70.38483, -23.63696]}}, {"type": "Feature", "properties": {"nombre": "Alejandro Flores", "tipo": "calle"}, "geometry": {"type": "Point", "coordinates": [-70.38689, -23.64309]}}, {"type": "Feature", "properties": {"nombre": "Paniri", "tipo": "calle"}, "geometry": {"type": "Point", "coordinates": [-70.38147, -23.63357]}}, {"type": "Feature", "properties": {"nombre": "José Cruizat", "tipo": "calle"}, "geometry": {"type": "Point", "coordinates": [-70.38598, -23.64358]}}, {"type": "Feature", "properties": {"nombre": "Arabia", "tipo": "calle"}, "geometry": {"type": "Point", "coordinates": [-70.37819, -23.63389]}}, {"type": "Feature", "properties": {"nombre": "Pasaje 10 de Julio", "tipo": "calle"}, "geometry": {"type": "Point", "coordinates": [-70.38745, -23.64304]}}, {"type": "Feature", "properties": {"nombre": "Belén", "tipo": "calle"}, "geometry": {"type": "Point", "coordinates": [-70.37743, -23.63447]}}, {"type": "Feature", "properties": {"nombre": "Dos Oriente", "tipo": "calle"}, "geometry": {"type": "Point", "coordinates": [-70.37806, -23.63113]}}, {"type": "Feature", "properties": {"nombre": "Siria", "tipo": "calle"}, "geometry": {"type": "Point", "coordinates": [-70.3777, -23.63409]}}, {"type": "Feature", "properties": {"nombre": "Pasaje Rosales", "tipo": "calle"}, "geometry": {"type": "Point", "coordinates": [-70.38814, -23.64093]}}, {"type": "Feature", "properties": {"nombre": "Pasaje Colón", "tipo": "calle"}, "geometry": {"type": "Point", "coordinates": [-70.38333, -23.63874]}}, {"type": "Feature", "properties": {"nombre": "Las Vegas", "tipo": "calle"}, "geometry": {"type": "Point", "coordinates": [-70.38495, -23.63922]}}, {"type": "Feature", "properties": {"nombre": "Rómulo Peña Maturana", "tipo": "calle"}, "geometry": {"type": "Point", "coordinates": [-70.3801, -23.63324]}}, {"type": "Feature", "properties": {"nombre": "Socaire", "tipo": "calle"}, "geometry": {"type": "Point", "coordinates": [-70.38255, -23.63226]}}, {"type": "Feature", "properties": {"nombre": "Pasaje Santa Fé", "tipo": "calle"}, "geometry": {"type": "Point", "coordinates": [-70.38474, -23.63477]}}, {"type": "Feature", "properties": {"nombre": "Esmeralda Silva", "tipo": "calle"}, "geometry": {"type": "Point", "coordinates": [-70.38223, -23.63376]}}, {"type": "Feature", "properties": {"nombre": "Salar de Carcote", "tipo": "calle"}, "geometry": {"type": "Point", "coordinates": [-70.38056, -23.6331]}}, {"type": "Feature", "properties": {"nombre": "Uno Oriente", "tipo": "calle"}, "geometry": {"type": "Point", "coordinates": [-70.37628, -23.63516]}}, {"type": "Feature", "properties": {"nombre": "Monte Sinaí", "tipo": "calle"}, "geometry": {"type": "Point", "coordinates": [-70.37681, -23.63427]}}, {"type": "Feature", "properties": {"nombre": "Salar de Tara", "tipo": "calle"}, "geometry": {"type": "Point", "coordinates": [-70.37906, -23.63168]}}, {"type": "Feature", "properties": {"nombre": "Juan Véliz", "tipo": "calle"}, "geometry": {"type": "Point", "coordinates": [-70.3853, -23.64436]}}, {"type": "Feature", "properties": {"nombre": "Sicilia", "tipo": "calle"}, "geometry": {"type": "Point", "coordinates": [-70.37665, -23.63286]}}, {"type": "Feature", "properties": {"nombre": "Salar de Talabre", "tipo": "calle"}, "geometry": {"type": "Point", "coordinates": [-70.38, -23.63162]}}, {"type": "Feature", "properties": {"nombre": "Jaime Creus Moret", "tipo": "calle"}, "geometry": {"type": "Point", "coordinates": [-70.38438, -23.64475]}}, {"type": "Feature", "properties": {"nombre": "Salar de Ascotán", "tipo": "calle"}, "geometry": {"type": "Point", "coordinates": [-70.3792, -23.63143]}}, {"type": "Feature", "properties": {"nombre": "Pasaje Quito", "tipo": "calle"}, "geometry": {"type": "Point", "coordinates": [-70.37566, -23.63456]}}, {"type": "Feature", "properties": {"nombre": "Navarino", "tipo": "calle"}, "geometry": {"type": "Point", "coordinates": [-70.38268, -23.63466]}}, {"type": "Feature", "properties": {"nombre": "Líbano", "tipo": "calle"}, "geometry": {"type": "Point", "coordinates": [-70.37594, -23.63251]}}, {"type": "Feature", "properties": {"nombre": "La Calera", "tipo": "calle"}, "geometry": {"type": "Point", "coordinates": [-70.38326, -23.63873]}}, {"type": "Feature", "properties": {"nombre": "Lima", "tipo": "calle"}, "geometry": {"type": "Point", "coordinates": [-70.38372, -23.63812]}}, {"type": "Feature", "properties": {"nombre": "Tres Oriente", "tipo": "calle"}, "geometry": {"type": "Point", "coordinates": [-70.37717, -23.63301]}}, {"type": "Feature", "properties": {"nombre": "Salar de Pular", "tipo": "calle"}, "geometry": {"type": "Point", "coordinates": [-70.38075, -23.63129]}}, {"type": "Feature", "properties": {"nombre": "Río de Janeiro", "tipo": "calle"}, "geometry": {"type": "Point", "coordinates": [-70.38294, -23.6352]}}, {"type": "Feature", "properties": {"nombre": "Caleuche", "tipo": "calle"}, "geometry": {"type": "Point", "coordinates": [-70.38585, -23.64396]}}, {"type": "Feature", "properties": {"nombre": "Santiago Arcos", "tipo": "calle"}, "geometry": {"type": "Point", "coordinates": [-70.38549, -23.64362]}}, {"type": "Feature", "properties": {"nombre": "Pasaje Providencia", "tipo": "calle"}, "geometry": {"type": "Point", "coordinates": [-70.38768, -23.64355]}}, {"type": "Feature", "properties": {"nombre": "Los Vilos", "tipo": "calle"}, "geometry": {"type": "Point", "coordinates": [-70.38419, -23.6389]}}, {"type": "Feature", "properties": {"nombre": "Antártica", "tipo": "calle"}, "geometry": {"type": "Point", "coordinates": [-70.38413, -23.6402]}}, {"type": "Feature", "properties": {"nombre": "Pasaje Independencia", "tipo": "calle"}, "geometry": {"type": "Point", "coordinates": [-70.38726, -23.64259]}}, {"type": "Feature", "properties": {"nombre": "Angelmó", "tipo": "calle"}, "geometry": {"type": "Point", "coordinates": [-70.38496, -23.64212]}}, {"type": "Feature", "properties": {"nombre": "Minero Claveria", "tipo": "calle"}, "geometry": {"type": "Point", "coordinates": [-70.38714, -23.64297]}}, {"type": "Feature", "properties": {"nombre": "Salar de Pujsa", "tipo": "calle"}, "geometry": {"type": "Point", "coordinates": [-70.3805, -23.6322]}}, {"type": "Feature", "properties": {"nombre": "Jerusalén", "tipo": "calle"}, "geometry": {"type": "Point", "coordinates": [-70.37553, -23.63295]}}, {"type": "Feature", "properties": {"nombre": "Rapa Nui", "tipo": "calle"}, "geometry": {"type": "Point", "coordinates": [-70.38514, -23.64246]}}, {"type": "Feature", "properties": {"nombre": "Judea", "tipo": "calle"}, "geometry": {"type": "Point", "coordinates": [-70.37529, -23.6315]}}, {"type": "Feature", "properties": {"nombre": "Pasaje Amado Nervo", "tipo": "calle"}, "geometry": {"type": "Point", "coordinates": [-70.38014, -23.62951]}}, {"type": "Feature", "properties": {"nombre": "Abraham Lincoln", "tipo": "calle"}, "geometry": {"type": "Point", "coordinates": [-70.37887, -23.62925]}}, {"type": "Feature", "properties": {"nombre": "Pasaje Paraguay", "tipo": "calle"}, "geometry": {"type": "Point", "coordinates": [-70.37963, -23.63002]}}, {"type": "Feature", "properties": {"nombre": "Galilea", "tipo": "calle"}, "geometry": {"type": "Point", "coordinates": [-70.37529, -23.63304]}}, {"type": "Feature", "properties": {"nombre": "Guillermo Serey", "tipo": "calle"}, "geometry": {"type": "Point", "coordinates": [-70.37396, -23.62974]}}, {"type": "Feature", "properties": {"nombre": "Libia", "tipo": "calle"}, "geometry": {"type": "Point", "coordinates": [-70.37454, -23.63083]}}, {"type": "Feature", "properties": {"nombre": "Pasaje A", "tipo": "calle"}, "geometry": {"type": "Point", "coordinates": [-70.3788, -23.62818]}}, {"type": "Feature", "properties": {"nombre": "Persa", "tipo": "calle"}, "geometry": {"type": "Point", "coordinates": [-70.37492, -23.6311]}}, {"type": "Feature", "properties": {"nombre": "Nazareno", "tipo": "calle"}, "geometry": {"type": "Point", "coordinates": [-70.3755, -23.63346]}}, {"type": "Feature", "properties": {"nombre": "Palestina", "tipo": "calle"}, "geometry": {"type": "Point", "coordinates": [-70.37562, -23.63182]}}, {"type": "Feature", "properties": {"nombre": "Pasaje Pica", "tipo": "calle"}, "geometry": {"type": "Point", "coordinates": [-70.37987, -23.62977]}}, {"type": "Feature", "properties": {"nombre": "San Andrés", "tipo": "calle"}, "geometry": {"type": "Point", "coordinates": [-70.37918, -23.62954]}}, {"type": "Feature", "properties": {"nombre": "Altamira", "tipo": "calle"}, "geometry": {"type": "Point", "coordinates": [-70.37925, -23.62944]}}, {"type": "Feature", "properties": {"nombre": "Centenario", "tipo": "calle"}, "geometry": {"type": "Point", "coordinates": [-70.37762, -23.62721]}}, {"type": "Feature", "properties": {"nombre": "Socompa", "tipo": "calle"}, "geometry": {"type": "Point", "coordinates": [-70.378, -23.62943]}}, {"type": "Feature", "properties": {"nombre": "Israel", "tipo": "calle"}, "geometry": {"type": "Point", "coordinates": [-70.37421, -23.63048]}}, {"type": "Feature", "properties": {"nombre": "Paula Jaraquemada", "tipo": "calle"}, "geometry": {"type": "Point", "coordinates": [-70.3754, -23.6271]}}, {"type": "Feature", "properties": {"nombre": "Cienfuegos", "tipo": "calle"}, "geometry": {"type": "Point", "coordinates": [-70.3765, -23.62473]}}, {"type": "Feature", "properties": {"nombre": "Claudio Gay", "tipo": "calle"}, "geometry": {"type": "Point", "coordinates": [-70.37622, -23.62649]}}, {"type": "Feature", "properties": {"nombre": "Javiera Carrera", "tipo": "calle"}, "geometry": {"type": "Point", "coordinates": [-70.37474, -23.62663]}}, {"type": "Feature", "properties": {"nombre": "Clara Solovera", "tipo": "calle"}, "geometry": {"type": "Point", "coordinates": [-70.37423, -23.62791]}}, {"type": "Feature", "properties": {"nombre": "Lenka Franulic", "tipo": "calle"}, "geometry": {"type": "Point", "coordinates": [-70.37508, -23.62762]}}, {"type": "Feature", "properties": {"nombre": "Aurora Boreal", "tipo": "calle"}, "geometry": {"type": "Point", "coordinates": [-70.37661, -23.62853]}}, {"type": "Feature", "properties": {"nombre": "Vicente Zegers", "tipo": "calle"}, "geometry": {"type": "Point", "coordinates": [-70.37734, -23.62775]}}, {"type": "Feature", "properties": {"nombre": "Sargento Candelaria Pérez", "tipo": "calle"}, "geometry": {"type": "Point", "coordinates": [-70.37588, -23.62705]}}, {"type": "Feature", "properties": {"nombre": "Apoquindo", "tipo": "calle"}, "geometry": {"type": "Point", "coordinates": [-70.37762, -23.62819]}}, {"type": "Feature", "properties": {"nombre": "Carrizal", "tipo": "calle"}, "geometry": {"type": "Point", "coordinates": [-70.37474, -23.62271]}}, {"type": "Feature", "properties": {"nombre": "Cruz del Sur", "tipo": "calle"}, "geometry": {"type": "Point", "coordinates": [-70.37707, -23.62728]}}, {"type": "Feature", "properties": {"nombre": "Los Cóndores", "tipo": "calle"}, "geometry": {"type": "Point", "coordinates": [-70.3767, -23.62427]}}, {"type": "Feature", "properties": {"nombre": "El Tambo", "tipo": "calle"}, "geometry": {"type": "Point", "coordinates": [-70.37506, -23.62116]}}, {"type": "Feature", "properties": {"nombre": "Celia Castro", "tipo": "calle"}, "geometry": {"type": "Point", "coordinates": [-70.37637, -23.62794]}}, {"type": "Feature", "properties": {"nombre": "Alcalde Harris", "tipo": "calle"}, "geometry": {"type": "Point", "coordinates": [-70.37788, -23.6233]}}, {"type": "Feature", "properties": {"nombre": "Marta Brunet", "tipo": "calle"}, "geometry": {"type": "Point", "coordinates": [-70.37516, -23.62559]}}, {"type": "Feature", "properties": {"nombre": "Mollendo", "tipo": "calle"}, "geometry": {"type": "Point", "coordinates": [-70.37495, -23.62445]}}, {"type": "Feature", "properties": {"nombre": "Tres Cruces", "tipo": "calle"}, "geometry": {"type": "Point", "coordinates": [-70.37489, -23.62357]}}, {"type": "Feature", "properties": {"nombre": "Américo Vespucio", "tipo": "calle"}, "geometry": {"type": "Point", "coordinates": [-70.37681, -23.62683]}}, {"type": "Feature", "properties": {"nombre": "Tres Marías", "tipo": "calle"}, "geometry": {"type": "Point", "coordinates": [-70.37608, -23.62827]}}, {"type": "Feature", "properties": {"nombre": "Agustín Cabrera", "tipo": "calle"}, "geometry": {"type": "Point", "coordinates": [-70.37564, -23.62708]}}, {"type": "Feature", "properties": {"nombre": "Pasaje Alberto Hurtado", "tipo": "calle"}, "geometry": {"type": "Point", "coordinates": [-70.37787, -23.62467]}}, {"type": "Feature", "properties": {"nombre": "Bío Bío", "tipo": "calle"}, "geometry": {"type": "Point", "coordinates": [-70.37648, -23.62298]}}, {"type": "Feature", "properties": {"nombre": "Tenglo", "tipo": "calle"}, "geometry": {"type": "Point", "coordinates": [-70.37679, -23.62257]}}, {"type": "Feature", "properties": {"nombre": "Francisco Vergara", "tipo": "calle"}, "geometry": {"type": "Point", "coordinates": [-70.3808, -23.62794]}}, {"type": "Feature", "properties": {"nombre": "Diego Barros Arana", "tipo": "calle"}, "geometry": {"type": "Point", "coordinates": [-70.38101, -23.62634]}}, {"type": "Feature", "properties": {"nombre": "Colón", "tipo": "calle"}, "geometry": {"type": "Point", "coordinates": [-70.38051, -23.62678]}}, {"type": "Feature", "properties": {"nombre": "Pasaje Pocuro", "tipo": "calle"}, "geometry": {"type": "Point", "coordinates": [-70.37537, -23.61705]}}, {"type": "Feature", "properties": {"nombre": "Cristóbal Colón", "tipo": "calle"}, "geometry": {"type": "Point", "coordinates": [-70.38098, -23.63224]}}, {"type": "Feature", "properties": {"nombre": "España", "tipo": "calle"}, "geometry": {"type": "Point", "coordinates": [-70.37586, -23.61692]}}, {"type": "Feature", "properties": {"nombre": "Alexander Graham Bell", "tipo": "calle"}, "geometry": {"type": "Point", "coordinates": [-70.37992, -23.62311]}}, {"type": "Feature", "properties": {"nombre": "Tomás Alba Edison", "tipo": "calle"}, "geometry": {"type": "Point", "coordinates": [-70.37986, -23.62412]}}, {"type": "Feature", "properties": {"nombre": "Rancagua", "tipo": "calle"}, "geometry": {"type": "Point", "coordinates": [-70.37393, -23.61666]}}, {"type": "Feature", "properties": {"nombre": "Claudio Matte", "tipo": "calle"}, "geometry": {"type": "Point", "coordinates": [-70.38056, -23.62656]}}, {"type": "Feature", "properties": {"nombre": "12 de Octubre", "tipo": "calle"}, "geometry": {"type": "Point", "coordinates": [-70.37677, -23.61855]}}, {"type": "Feature", "properties": {"nombre": "Dominador", "tipo": "calle"}, "geometry": {"type": "Point", "coordinates": [-70.38225, -23.62787]}}, {"type": "Feature", "properties": {"nombre": "Machu Pichu", "tipo": "calle"}, "geometry": {"type": "Point", "coordinates": [-70.3737, -23.62107]}}, {"type": "Feature", "properties": {"nombre": "Inés de Suárez", "tipo": "calle"}, "geometry": {"type": "Point", "coordinates": [-70.38205, -23.62662]}}, {"type": "Feature", "properties": {"nombre": "Diego de Almagro", "tipo": "calle"}, "geometry": {"type": "Point", "coordinates": [-70.38018, -23.6269]}}, {"type": "Feature", "properties": {"nombre": "Megapuerto", "tipo": "calle"}, "geometry": {"type": "Point", "coordinates": [-70.37577, -23.61462]}}, {"type": "Feature", "properties": {"nombre": "Pasaje Cobija", "tipo": "calle"}, "geometry": {"type": "Point", "coordinates": [-70.37386, -23.62006]}}, {"type": "Feature", "properties": {"nombre": "Nikola Tesla", "tipo": "calle"}, "geometry": {"type": "Point", "coordinates": [-70.38033, -23.6251]}}, {"type": "Feature", "properties": {"nombre": "Juan Sebastian Bach", "tipo": "calle"}, "geometry": {"type": "Point", "coordinates": [-70.37953, -23.62645]}}, {"type": "Feature", "properties": {"nombre": "Francisco Puelma", "tipo": "calle"}, "geometry": {"type": "Point", "coordinates": [-70.38458, -23.62788]}}, {"type": "Feature", "properties": {"nombre": "Luisis", "tipo": "calle"}, "geometry": {"type": "Point", "coordinates": [-70.38364, -23.62793]}}, {"type": "Feature", "properties": {"nombre": "Portezuelo", "tipo": "calle"}, "geometry": {"type": "Point", "coordinates": [-70.37834, -23.63027]}}, {"type": "Feature", "properties": {"nombre": "Benito Juárez", "tipo": "calle"}, "geometry": {"type": "Point", "coordinates": [-70.38212, -23.62711]}}, {"type": "Feature", "properties": {"nombre": "Rubén Darío", "tipo": "calle"}, "geometry": {"type": "Point", "coordinates": [-70.37996, -23.62817]}}, {"type": "Feature", "properties": {"nombre": "Pasaje El Tijar", "tipo": "calle"}, "geometry": {"type": "Point", "coordinates": [-70.3749, -23.61495]}}, {"type": "Feature", "properties": {"nombre": "Savona", "tipo": "calle"}, "geometry": {"type": "Point", "coordinates": [-70.38272, -23.62798]}}, {"type": "Feature", "properties": {"nombre": "Sagasca", "tipo": "calle"}, "geometry": {"type": "Point", "coordinates": [-70.37261, -23.61778]}}, {"type": "Feature", "properties": {"nombre": "José Artigas", "tipo": "calle"}, "geometry": {"type": "Point", "coordinates": [-70.38125, -23.62613]}}, {"type": "Feature", "properties": {"nombre": "Orovilla", "tipo": "calle"}, "geometry": {"type": "Point", "coordinates": [-70.38241, -23.62982]}}, {"type": "Feature", "properties": {"nombre": "Cancha Rayada", "tipo": "calle"}, "geometry": {"type": "Point", "coordinates": [-70.37504, -23.61539]}}, {"type": "Feature", "properties": {"nombre": "Francisco Miranda", "tipo": "calle"}, "geometry": {"type": "Point", "coordinates": [-70.37519, -23.61582]}}, {"type": "Feature", "properties": {"nombre": "Plaza Corvallis", "tipo": "place"}, "geometry": {"type": "Point", "coordinates": [-70.38003, -23.62588]}}, {"type": "Feature", "properties": {"nombre": "Puerto Natales", "tipo": "calle"}, "geometry": {"type": "Point", "coordinates": [-70.38277, -23.62698]}}, {"type": "Feature", "properties": {"nombre": "Traiguén", "tipo": "calle"}, "geometry": {"type": "Point", "coordinates": [-70.375, -23.61683]}}, {"type": "Feature", "properties": {"nombre": "Avenida España", "tipo": "calle"}, "geometry": {"type": "Point", "coordinates": [-70.37721, -23.62021]}}, {"type": "Feature", "properties": {"nombre": "Pasaje Tacora", "tipo": "calle"}, "geometry": {"type": "Point", "coordinates": [-70.37424, -23.62135]}}, {"type": "Feature", "properties": {"nombre": "Pasaje Miño", "tipo": "calle"}, "geometry": {"type": "Point", "coordinates": [-70.37411, -23.62092]}}, {"type": "Feature", "properties": {"nombre": "Pasaje Tacna", "tipo": "calle"}, "geometry": {"type": "Point", "coordinates": [-70.39347, -23.62915]}}, {"type": "Feature", "properties": {"nombre": "Lasana", "tipo": "calle"}, "geometry": {"type": "Point", "coordinates": [-70.38239, -23.62985]}}, {"type": "Feature", "properties": {"nombre": "Domeyko", "tipo": "calle"}, "geometry": {"type": "Point", "coordinates": [-70.38319, -23.62795]}}, {"type": "Feature", "properties": {"nombre": "Biobío", "tipo": "calle"}, "geometry": {"type": "Point", "coordinates": [-70.3747, -23.61901]}}, {"type": "Feature", "properties": {"nombre": "Pasaje Fresia", "tipo": "calle"}, "geometry": {"type": "Point", "coordinates": [-70.37279, -23.61714]}}, {"type": "Feature", "properties": {"nombre": "Guillermo Marconi", "tipo": "calle"}, "geometry": {"type": "Point", "coordinates": [-70.37954, -23.62368]}}, {"type": "Feature", "properties": {"nombre": "Renacimiento", "tipo": "calle"}, "geometry": {"type": "Point", "coordinates": [-70.3818, -23.62802]}}, {"type": "Feature", "properties": {"nombre": "Procurador", "tipo": "calle"}, "geometry": {"type": "Point", "coordinates": [-70.39442, -23.63938]}}, {"type": "Feature", "properties": {"nombre": "Pasaje Bellavista", "tipo": "calle"}, "geometry": {"type": "Point", "coordinates": [-70.39473, -23.63292]}}, {"type": "Feature", "properties": {"nombre": "Rupanco", "tipo": "calle"}, "geometry": {"type": "Point", "coordinates": [-70.39348, -23.63392]}}, {"type": "Feature", "properties": {"nombre": "La Independencia", "tipo": "calle"}, "geometry": {"type": "Point", "coordinates": [-70.39505, -23.63948]}}, {"type": "Feature", "properties": {"nombre": "Plazoleta El Cobre", "tipo": "place"}, "geometry": {"type": "Point", "coordinates": [-70.39518, -23.64127]}}, {"type": "Feature", "properties": {"nombre": "La Frontera", "tipo": "calle"}, "geometry": {"type": "Point", "coordinates": [-70.39517, -23.63971]}}, {"type": "Feature", "properties": {"nombre": "Bellavista", "tipo": "calle"}, "geometry": {"type": "Point", "coordinates": [-70.39481, -23.63687]}}, {"type": "Feature", "properties": {"nombre": "Vivero Municipal", "tipo": "place"}, "geometry": {"type": "Point", "coordinates": [-70.39449, -23.62617]}}, {"type": "Feature", "properties": {"nombre": "La Cañada", "tipo": "calle"}, "geometry": {"type": "Point", "coordinates": [-70.39515, -23.64114]}}, {"type": "Feature", "properties": {"nombre": "Paipote", "tipo": "calle"}, "geometry": {"type": "Point", "coordinates": [-70.39336, -23.63238]}}, {"type": "Feature", "properties": {"nombre": "Los Libertadores", "tipo": "calle"}, "geometry": {"type": "Point", "coordinates": [-70.39572, -23.64049]}}, {"type": "Feature", "properties": {"nombre": "Irene Morales", "tipo": "calle"}, "geometry": {"type": "Point", "coordinates": [-70.39548, -23.63409]}}, {"type": "Feature", "properties": {"nombre": "Nuevo Extremo", "tipo": "calle"}, "geometry": {"type": "Point", "coordinates": [-70.39437, -23.64182]}}, {"type": "Feature", "properties": {"nombre": "La Reconquista", "tipo": "calle"}, "geometry": {"type": "Point", "coordinates": [-70.39483, -23.64188]}}, {"type": "Feature", "properties": {"nombre": "Plaza Estación FFCC", "tipo": "place"}, "geometry": {"type": "Point", "coordinates": [-70.39724, -23.64315]}}, {"type": "Feature", "properties": {"nombre": "Puyehue", "tipo": "calle"}, "geometry": {"type": "Point", "coordinates": [-70.39336, -23.63339]}}, {"type": "Feature", "properties": {"nombre": "Ranco", "tipo": "calle"}, "geometry": {"type": "Point", "coordinates": [-70.39321, -23.63391]}}, {"type": "Feature", "properties": {"nombre": "Parque Plaza Bernardo O'Higgins", "tipo": "place"}, "geometry": {"type": "Point", "coordinates": [-70.39744, -23.63904]}}, {"type": "Feature", "properties": {"nombre": "Lota", "tipo": "calle"}, "geometry": {"type": "Point", "coordinates": [-70.39335, -23.63272]}}, {"type": "Feature", "properties": {"nombre": "Patria Nueva", "tipo": "calle"}, "geometry": {"type": "Point", "coordinates": [-70.39423, -23.63974]}}, {"type": "Feature", "properties": {"nombre": "Calicanto", "tipo": "calle"}, "geometry": {"type": "Point", "coordinates": [-70.39554, -23.6408]}}, {"type": "Feature", "properties": {"nombre": "Plaza Estación FCAB", "tipo": "place"}, "geometry": {"type": "Point", "coordinates": [-70.39711, -23.64383]}}, {"type": "Feature", "properties": {"nombre": "Parque Neruda", "tipo": "place"}, "geometry": {"type": "Point", "coordinates": [-70.39557, -23.6235]}}, {"type": "Feature", "properties": {"nombre": "20 de Agosto", "tipo": "calle"}, "geometry": {"type": "Point", "coordinates": [-70.37754, -23.61124]}}, {"type": "Feature", "properties": {"nombre": "Patria Vieja", "tipo": "calle"}, "geometry": {"type": "Point", "coordinates": [-70.38234, -23.61197]}}, {"type": "Feature", "properties": {"nombre": "Victoria", "tipo": "calle"}, "geometry": {"type": "Point", "coordinates": [-70.38983, -23.60628]}}, {"type": "Feature", "properties": {"nombre": "Vitacura", "tipo": "calle"}, "geometry": {"type": "Point", "coordinates": [-70.38314, -23.60917]}}, {"type": "Feature", "properties": {"nombre": "Ongolmo", "tipo": "calle"}, "geometry": {"type": "Point", "coordinates": [-70.38688, -23.60735]}}, {"type": "Feature", "properties": {"nombre": "Crispín Reyes", "tipo": "calle"}, "geometry": {"type": "Point", "coordinates": [-70.37696, -23.60812]}}, {"type": "Feature", "properties": {"nombre": "Chaca", "tipo": "calle"}, "geometry": {"type": "Point", "coordinates": [-70.38938, -23.60748]}}, {"type": "Feature", "properties": {"nombre": "Las Condes", "tipo": "calle"}, "geometry": {"type": "Point", "coordinates": [-70.38295, -23.60867]}}, {"type": "Feature", "properties": {"nombre": "Andalién", "tipo": "calle"}, "geometry": {"type": "Point", "coordinates": [-70.39141, -23.60691]}}, {"type": "Feature", "properties": {"nombre": "San Francisco", "tipo": "calle"}, "geometry": {"type": "Point", "coordinates": [-70.37581, -23.60734]}}, {"type": "Feature", "properties": {"nombre": "Dagoberto Godoy", "tipo": "calle"}, "geometry": {"type": "Point", "coordinates": [-70.38995, -23.60748]}}, {"type": "Feature", "properties": {"nombre": "Yerbas Buenas", "tipo": "calle"}, "geometry": {"type": "Point", "coordinates": [-70.38176, -23.61268]}}, {"type": "Feature", "properties": {"nombre": "Matucana", "tipo": "calle"}, "geometry": {"type": "Point", "coordinates": [-70.37827, -23.60875]}}, {"type": "Feature", "properties": {"nombre": "Luis Cruz Martínez", "tipo": "calle"}, "geometry": {"type": "Point", "coordinates": [-70.37472, -23.59673]}}, {"type": "Feature", "properties": {"nombre": "Pasaje Aysén", "tipo": "calle"}, "geometry": {"type": "Point", "coordinates": [-70.3764, -23.61433]}}, {"type": "Feature", "properties": {"nombre": "Colorado", "tipo": "calle"}, "geometry": {"type": "Point", "coordinates": [-70.39138, -23.60501]}}, {"type": "Feature", "properties": {"nombre": "Peatonal Dos", "tipo": "calle"}, "geometry": {"type": "Point", "coordinates": [-70.37698, -23.60889]}}, {"type": "Feature", "properties": {"nombre": "Plumerillo", "tipo": "calle"}, "geometry": {"type": "Point", "coordinates": [-70.38141, -23.61307]}}, {"type": "Feature", "properties": {"nombre": "Pasaje Juan Albano", "tipo": "calle"}, "geometry": {"type": "Point", "coordinates": [-70.37731, -23.61557]}}, {"type": "Feature", "properties": {"nombre": "Punta Brava", "tipo": "calle"}, "geometry": {"type": "Point", "coordinates": [-70.38995, -23.60148]}}, {"type": "Feature", "properties": {"nombre": "Patria Nva", "tipo": "calle"}, "geometry": {"type": "Point", "coordinates": [-70.38156, -23.61126]}}, {"type": "Feature", "properties": {"nombre": "Pozo Almonte", "tipo": "calle"}, "geometry": {"type": "Point", "coordinates": [-70.38991, -23.60264]}}, {"type": "Feature", "properties": {"nombre": "Membrillar", "tipo": "calle"}, "geometry": {"type": "Point", "coordinates": [-70.38094, -23.61332]}}, {"type": "Feature", "properties": {"nombre": "Avenida Los Leones", "tipo": "calle"}, "geometry": {"type": "Point", "coordinates": [-70.3776, -23.60551]}}, {"type": "Feature", "properties": {"nombre": "Quechereguas", "tipo": "calle"}, "geometry": {"type": "Point", "coordinates": [-70.38087, -23.6121]}}, {"type": "Feature", "properties": {"nombre": "Lautaro Espíndola", "tipo": "calle"}, "geometry": {"type": "Point", "coordinates": [-70.39161, -23.60501]}}, {"type": "Feature", "properties": {"nombre": "Osvaldo Múñoz", "tipo": "calle"}, "geometry": {"type": "Point", "coordinates": [-70.37766, -23.61183]}}, {"type": "Feature", "properties": {"nombre": "Juan Bravo", "tipo": "calle"}, "geometry": {"type": "Point", "coordinates": [-70.37653, -23.60525]}}, {"type": "Feature", "properties": {"nombre": "Avenida Edmundo Pérez Zujovic", "tipo": "calle"}, "geometry": {"type": "Point", "coordinates": [-70.39183, -23.60703]}}, {"type": "Feature", "properties": {"nombre": "Manuel Thompson", "tipo": "calle"}, "geometry": {"type": "Point", "coordinates": [-70.37583, -23.60664]}}, {"type": "Feature", "properties": {"nombre": "Pantaleón Cortés", "tipo": "calle"}, "geometry": {"type": "Point", "coordinates": [-70.3734, -23.60175]}}, {"type": "Feature", "properties": {"nombre": "Eduardo Vigil", "tipo": "calle"}, "geometry": {"type": "Point", "coordinates": [-70.37611, -23.59515]}}, {"type": "Feature", "properties": {"nombre": "Rapel", "tipo": "calle"}, "geometry": {"type": "Point", "coordinates": [-70.38352, -23.60293]}}, {"type": "Feature", "properties": {"nombre": "Juan Antonio Ríos", "tipo": "calle"}, "geometry": {"type": "Point", "coordinates": [-70.3747, -23.60078]}}, {"type": "Feature", "properties": {"nombre": "Domingo Santa María", "tipo": "calle"}, "geometry": {"type": "Point", "coordinates": [-70.3805, -23.6008]}}, {"type": "Feature", "properties": {"nombre": "Pasaje Irarrázabal", "tipo": "calle"}, "geometry": {"type": "Point", "coordinates": [-70.38443, -23.60356]}}, {"type": "Feature", "properties": {"nombre": "Artuto Pérez Canto", "tipo": "calle"}, "geometry": {"type": "Point", "coordinates": [-70.37751, -23.59964]}}, {"type": "Feature", "properties": {"nombre": "Juan Glasinovic", "tipo": "calle"}, "geometry": {"type": "Point", "coordinates": [-70.38422, -23.5972]}}, {"type": "Feature", "properties": {"nombre": "Irarrázabal", "tipo": "calle"}, "geometry": {"type": "Point", "coordinates": [-70.37399, -23.60353]}}, {"type": "Feature", "properties": {"nombre": "Ana María Ibaceta", "tipo": "calle"}, "geometry": {"type": "Point", "coordinates": [-70.37401, -23.60262]}}, {"type": "Feature", "properties": {"nombre": "Juan Gutenberg", "tipo": "calle"}, "geometry": {"type": "Point", "coordinates": [-70.37975, -23.59555]}}, {"type": "Feature", "properties": {"nombre": "Juan Ferra", "tipo": "calle"}, "geometry": {"type": "Point", "coordinates": [-70.37353, -23.60054]}}, {"type": "Feature", "properties": {"nombre": "Pasaje Julio Montt Salamanca", "tipo": "calle"}, "geometry": {"type": "Point", "coordinates": [-70.37809, -23.60174]}}, {"type": "Feature", "properties": {"nombre": "Juvenal Morla", "tipo": "calle"}, "geometry": {"type": "Point", "coordinates": [-70.38369, -23.59908]}}, {"type": "Feature", "properties": {"nombre": "Hernán Naranjo", "tipo": "calle"}, "geometry": {"type": "Point", "coordinates": [-70.37556, -23.60483]}}, {"type": "Feature", "properties": {"nombre": "Mateo de Toro y Zambrano", "tipo": "calle"}, "geometry": {"type": "Point", "coordinates": [-70.37697, -23.59683]}}, {"type": "Feature", "properties": {"nombre": "Pasaje Vilama", "tipo": "calle"}, "geometry": {"type": "Point", "coordinates": [-70.37902, -23.60232]}}, {"type": "Feature", "properties": {"nombre": "Eduardo Barrios", "tipo": "calle"}, "geometry": {"type": "Point", "coordinates": [-70.37466, -23.60015]}}, {"type": "Feature", "properties": {"nombre": "Eloísa Viuda de Zurita", "tipo": "calle"}, "geometry": {"type": "Point", "coordinates": [-70.37927, -23.59879]}}, {"type": "Feature", "properties": {"nombre": "Ingeniero Hyatt", "tipo": "calle"}, "geometry": {"type": "Point", "coordinates": [-70.38036, -23.59929]}}, {"type": "Feature", "properties": {"nombre": "Gonzalo Mardones", "tipo": "calle"}, "geometry": {"type": "Point", "coordinates": [-70.3774, -23.59621]}}, {"type": "Feature", "properties": {"nombre": "Sargento Candelaria", "tipo": "calle"}, "geometry": {"type": "Point", "coordinates": [-70.3732, -23.59847]}}, {"type": "Feature", "properties": {"nombre": "José Obrero", "tipo": "calle"}, "geometry": {"type": "Point", "coordinates": [-70.37613, -23.59986]}}, {"type": "Feature", "properties": {"nombre": "Eduardo Cornelio", "tipo": "calle"}, "geometry": {"type": "Point", "coordinates": [-70.37664, -23.59591]}}, {"type": "Feature", "properties": {"nombre": "Eloisa Viuda de Zurita", "tipo": "calle"}, "geometry": {"type": "Point", "coordinates": [-70.37941, -23.6002]}}, {"type": "Feature", "properties": {"nombre": "Julio Montt Salamanca", "tipo": "calle"}, "geometry": {"type": "Point", "coordinates": [-70.37797, -23.59892]}}, {"type": "Feature", "properties": {"nombre": "Pasaje Oriental", "tipo": "calle"}, "geometry": {"type": "Point", "coordinates": [-70.37756, -23.59603]}}, {"type": "Feature", "properties": {"nombre": "Huamachuco", "tipo": "calle"}, "geometry": {"type": "Point", "coordinates": [-70.38083, -23.59926]}}, {"type": "Feature", "properties": {"nombre": "Río Bueno", "tipo": "calle"}, "geometry": {"type": "Point", "coordinates": [-70.37316, -23.60057]}}, {"type": "Feature", "properties": {"nombre": "Vilama", "tipo": "calle"}, "geometry": {"type": "Point", "coordinates": [-70.3755, -23.6021]}}, {"type": "Feature", "properties": {"nombre": "Mariano Farandato", "tipo": "calle"}, "geometry": {"type": "Point", "coordinates": [-70.37804, -23.59347]}}, {"type": "Feature", "properties": {"nombre": "Pedro Lobos", "tipo": "calle"}, "geometry": {"type": "Point", "coordinates": [-70.38431, -23.59722]}}, {"type": "Feature", "properties": {"nombre": "Elías Aránguiz", "tipo": "calle"}, "geometry": {"type": "Point", "coordinates": [-70.37679, -23.59408]}}, {"type": "Feature", "properties": {"nombre": "Lorenzo Arenas", "tipo": "calle"}, "geometry": {"type": "Point", "coordinates": [-70.38275, -23.60163]}}, {"type": "Feature", "properties": {"nombre": "Bandera", "tipo": "calle"}, "geometry": {"type": "Point", "coordinates": [-70.38213, -23.60148]}}, {"type": "Feature", "properties": {"nombre": "Ruiz Tagle", "tipo": "calle"}, "geometry": {"type": "Point", "coordinates": [-70.38602, -23.60098]}}, {"type": "Feature", "properties": {"nombre": "Talagante", "tipo": "calle"}, "geometry": {"type": "Point", "coordinates": [-70.37897, -23.60308]}}, {"type": "Feature", "properties": {"nombre": "Nilda Madrid", "tipo": "calle"}, "geometry": {"type": "Point", "coordinates": [-70.37447, -23.60259]}}, {"type": "Feature", "properties": {"nombre": "Jacinto Benavente", "tipo": "calle"}, "geometry": {"type": "Point", "coordinates": [-70.38383, -23.59861]}}, {"type": "Feature", "properties": {"nombre": "Pasaje Hilaricos", "tipo": "calle"}, "geometry": {"type": "Point", "coordinates": [-70.37286, -23.6041]}}, {"type": "Feature", "properties": {"nombre": "Arturo Pérez Canto", "tipo": "calle"}, "geometry": {"type": "Point", "coordinates": [-70.37783, -23.59394]}}, {"type": "Feature", "properties": {"nombre": "Pasaje Eloisa Zurita", "tipo": "calle"}, "geometry": {"type": "Point", "coordinates": [-70.38, -23.60277]}}, {"type": "Feature", "properties": {"nombre": "Leonardo da Vinci", "tipo": "calle"}, "geometry": {"type": "Point", "coordinates": [-70.38161, -23.59458]}}, {"type": "Feature", "properties": {"nombre": "Porvenir", "tipo": "calle"}, "geometry": {"type": "Point", "coordinates": [-70.37855, -23.60306]}}, {"type": "Feature", "properties": {"nombre": "Miguel Carrera", "tipo": "calle"}, "geometry": {"type": "Point", "coordinates": [-70.38496, -23.60208]}}, {"type": "Feature", "properties": {"nombre": "Calle Huantajaya", "tipo": "calle"}, "geometry": {"type": "Point", "coordinates": [-70.37244, -23.60342]}}, {"type": "Feature", "properties": {"nombre": "Juan Ferraro", "tipo": "calle"}, "geometry": {"type": "Point", "coordinates": [-70.3726, -23.59815]}}, {"type": "Feature", "properties": {"nombre": "Enrique Villegas", "tipo": "calle"}, "geometry": {"type": "Point", "coordinates": [-70.38056, -23.60265]}}, {"type": "Feature", "properties": {"nombre": "Ingeniero San Román", "tipo": "calle"}, "geometry": {"type": "Point", "coordinates": [-70.37691, -23.5945]}}, {"type": "Feature", "properties": {"nombre": "Gaspar Acosta", "tipo": "calle"}, "geometry": {"type": "Point", "coordinates": [-70.38476, -23.59766]}}, {"type": "Feature", "properties": {"nombre": "Anacleto Solorza", "tipo": "calle"}, "geometry": {"type": "Point", "coordinates": [-70.38132, -23.59773]}}, {"type": "Feature", "properties": {"nombre": "Pasaje Pedro Ramón López", "tipo": "calle"}, "geometry": {"type": "Point", "coordinates": [-70.3846, -23.60155]}}, {"type": "Feature", "properties": {"nombre": "Guardiamarina Arturo Fernández", "tipo": "calle"}, "geometry": {"type": "Point", "coordinates": [-70.37777, -23.59314]}}, {"type": "Feature", "properties": {"nombre": "Pasaje 4", "tipo": "calle"}, "geometry": {"type": "Point", "coordinates": [-70.37314, -23.60315]}}, {"type": "Feature", "properties": {"nombre": "Ebenezer", "tipo": "calle"}, "geometry": {"type": "Point", "coordinates": [-70.37751, -23.5938]}}, {"type": "Feature", "properties": {"nombre": "Manuel Muñoz", "tipo": "calle"}, "geometry": {"type": "Point", "coordinates": [-70.37735, -23.59534]}}, {"type": "Feature", "properties": {"nombre": "Juan Petrina", "tipo": "calle"}, "geometry": {"type": "Point", "coordinates": [-70.37909, -23.60035]}}, {"type": "Feature", "properties": {"nombre": "Romilio Concha", "tipo": "calle"}, "geometry": {"type": "Point", "coordinates": [-70.37537, -23.59564]}}, {"type": "Feature", "properties": {"nombre": "Juan Agustín Cornejo", "tipo": "calle"}, "geometry": {"type": "Point", "coordinates": [-70.38384, -23.59767]}}, {"type": "Feature", "properties": {"nombre": "Pasaje Juan Gutenberg", "tipo": "calle"}, "geometry": {"type": "Point", "coordinates": [-70.37602, -23.59613]}}, {"type": "Feature", "properties": {"nombre": "Joaquín Fabres", "tipo": "calle"}, "geometry": {"type": "Point", "coordinates": [-70.37938, -23.59508]}}, {"type": "Feature", "properties": {"nombre": "Pasaje Mateo de Toro y Zambrano", "tipo": "calle"}, "geometry": {"type": "Point", "coordinates": [-70.37764, -23.59818]}}, {"type": "Feature", "properties": {"nombre": "Flor de Chile", "tipo": "calle"}, "geometry": {"type": "Point", "coordinates": [-70.37264, -23.60278]}}, {"type": "Feature", "properties": {"nombre": "Arturo Alessandri", "tipo": "calle"}, "geometry": {"type": "Point", "coordinates": [-70.38033, -23.59605]}}, {"type": "Feature", "properties": {"nombre": "Nicolás González", "tipo": "calle"}, "geometry": {"type": "Point", "coordinates": [-70.38006, -23.60271]}}, {"type": "Feature", "properties": {"nombre": "Almirante Miguel Grau", "tipo": "calle"}, "geometry": {"type": "Point", "coordinates": [-70.37913, -23.59692]}}, {"type": "Feature", "properties": {"nombre": "Ramón López", "tipo": "calle"}, "geometry": {"type": "Point", "coordinates": [-70.38277, -23.60165]}}, {"type": "Feature", "properties": {"nombre": "Julio Benavente", "tipo": "calle"}, "geometry": {"type": "Point", "coordinates": [-70.38137, -23.59867]}}, {"type": "Feature", "properties": {"nombre": "Pasaje Santa Rosa de Huara", "tipo": "calle"}, "geometry": {"type": "Point", "coordinates": [-70.37242, -23.60094]}}, {"type": "Feature", "properties": {"nombre": "Río Blanco", "tipo": "calle"}, "geometry": {"type": "Point", "coordinates": [-70.37242, -23.59503]}}, {"type": "Feature", "properties": {"nombre": "Fermín Vivaceta", "tipo": "calle"}, "geometry": {"type": "Point", "coordinates": [-70.37918, -23.59324]}}, {"type": "Feature", "properties": {"nombre": "Morro de Arica", "tipo": "calle"}, "geometry": {"type": "Point", "coordinates": [-70.38446, -23.58966]}}, {"type": "Feature", "properties": {"nombre": "Río Baker", "tipo": "calle"}, "geometry": {"type": "Point", "coordinates": [-70.37202, -23.59504]}}, {"type": "Feature", "properties": {"nombre": "Ramón Barros Luco", "tipo": "calle"}, "geometry": {"type": "Point", "coordinates": [-70.38032, -23.59417]}}, {"type": "Feature", "properties": {"nombre": "Almirante Grau", "tipo": "calle"}, "geometry": {"type": "Point", "coordinates": [-70.38374, -23.59682]}}, {"type": "Feature", "properties": {"nombre": "Ricardo Mora", "tipo": "calle"}, "geometry": {"type": "Point", "coordinates": [-70.38303, -23.59504]}}, {"type": "Feature", "properties": {"nombre": "Luis Ling", "tipo": "calle"}, "geometry": {"type": "Point", "coordinates": [-70.3846, -23.59489]}}, {"type": "Feature", "properties": {"nombre": "Artesanía", "tipo": "calle"}, "geometry": {"type": "Point", "coordinates": [-70.39103, -23.60048]}}, {"type": "Feature", "properties": {"nombre": "El Salitre", "tipo": "calle"}, "geometry": {"type": "Point", "coordinates": [-70.39036, -23.59927]}}, {"type": "Feature", "properties": {"nombre": "Lorenzo Torres", "tipo": "calle"}, "geometry": {"type": "Point", "coordinates": [-70.38183, -23.5917]}}, {"type": "Feature", "properties": {"nombre": "Sargento Manuel Silva", "tipo": "calle"}, "geometry": {"type": "Point", "coordinates": [-70.38924, -23.58918]}}, {"type": "Feature", "properties": {"nombre": "Teniente Coronel Adolfo Holley Sur", "tipo": "calle"}, "geometry": {"type": "Point", "coordinates": [-70.38434, -23.59168]}}, {"type": "Feature", "properties": {"nombre": "Juan Antonio Cornejo", "tipo": "calle"}, "geometry": {"type": "Point", "coordinates": [-70.38332, -23.59096]}}, {"type": "Feature", "properties": {"nombre": "Padre Juan Orione Feltri", "tipo": "calle"}, "geometry": {"type": "Point", "coordinates": [-70.37794, -23.57833]}}, {"type": "Feature", "properties": {"nombre": "Teniente Coronel Adolfo Holley Norte", "tipo": "calle"}, "geometry": {"type": "Point", "coordinates": [-70.38333, -23.5915]}}, {"type": "Feature", "properties": {"nombre": "Estación Amincha", "tipo": "calle"}, "geometry": {"type": "Point", "coordinates": [-70.38602, -23.59005]}}, {"type": "Feature", "properties": {"nombre": "Estación Cere", "tipo": "calle"}, "geometry": {"type": "Point", "coordinates": [-70.38589, -23.59007]}}, {"type": "Feature", "properties": {"nombre": "Pasaje Estación Cere", "tipo": "calle"}, "geometry": {"type": "Point", "coordinates": [-70.38617, -23.59127]}}, {"type": "Feature", "properties": {"nombre": "Pasaje Zúñiga", "tipo": "calle"}, "geometry": {"type": "Point", "coordinates": [-70.38265, -23.59195]}}, {"type": "Feature", "properties": {"nombre": "Héroes de la Concepción", "tipo": "calle"}, "geometry": {"type": "Point", "coordinates": [-70.3874, -23.59092]}}, {"type": "Feature", "properties": {"nombre": "Emilio Correa", "tipo": "calle"}, "geometry": {"type": "Point", "coordinates": [-70.38237, -23.59216]}}, {"type": "Feature", "properties": {"nombre": "Estación Ujina", "tipo": "calle"}, "geometry": {"type": "Point", "coordinates": [-70.38636, -23.58988]}}, {"type": "Feature", "properties": {"nombre": "Estación Polapi", "tipo": "calle"}, "geometry": {"type": "Point", "coordinates": [-70.38613, -23.58997]}}, {"type": "Feature", "properties": {"nombre": "Federico Sepúlveda", "tipo": "calle"}, "geometry": {"type": "Point", "coordinates": [-70.38152, -23.59134]}}, {"type": "Feature", "properties": {"nombre": "Estación Carrito Bayos", "tipo": "calle"}, "geometry": {"type": "Point", "coordinates": [-70.38564, -23.59017]}}, {"type": "Feature", "properties": {"nombre": "Pedro Mondaca", "tipo": "calle"}, "geometry": {"type": "Point", "coordinates": [-70.38109, -23.59212]}}, {"type": "Feature", "properties": {"nombre": "Danilo Moreno Acevedo", "tipo": "calle"}, "geometry": {"type": "Point", "coordinates": [-70.39184, -23.60033]}}, {"type": "Feature", "properties": {"nombre": "Andrómeda", "tipo": "calle"}, "geometry": {"type": "Point", "coordinates": [-70.39384, -23.5976]}}, {"type": "Feature", "properties": {"nombre": "Miguel Manríquez", "tipo": "calle"}, "geometry": {"type": "Point", "coordinates": [-70.39145, -23.60092]}}, {"type": "Feature", "properties": {"nombre": "Neón", "tipo": "calle"}, "geometry": {"type": "Point", "coordinates": [-70.39582, -23.59499]}}, {"type": "Feature", "properties": {"nombre": "Estaño", "tipo": "calle"}, "geometry": {"type": "Point", "coordinates": [-70.39453, -23.59669]}}, {"type": "Feature", "properties": {"nombre": "Molibdeno", "tipo": "calle"}, "geometry": {"type": "Point", "coordinates": [-70.3939, -23.59677]}}, {"type": "Feature", "properties": {"nombre": "El Oro", "tipo": "calle"}, "geometry": {"type": "Point", "coordinates": [-70.39333, -23.59735]}}, {"type": "Feature", "properties": {"nombre": "Las Areniscas", "tipo": "calle"}, "geometry": {"type": "Point", "coordinates": [-70.39115, -23.60083]}}, {"type": "Feature", "properties": {"nombre": "Magnesio", "tipo": "calle"}, "geometry": {"type": "Point", "coordinates": [-70.39598, -23.59549]}}, {"type": "Feature", "properties": {"nombre": "Camarones", "tipo": "calle"}, "geometry": {"type": "Point", "coordinates": [-70.3912, -23.60211]}}, {"type": "Feature", "properties": {"nombre": "El Azufre", "tipo": "calle"}, "geometry": {"type": "Point", "coordinates": [-70.39314, -23.59453]}}, {"type": "Feature", "properties": {"nombre": "El Mercurio", "tipo": "calle"}, "geometry": {"type": "Point", "coordinates": [-70.39332, -23.59555]}}, {"type": "Feature", "properties": {"nombre": "Gatico", "tipo": "calle"}, "geometry": {"type": "Point", "coordinates": [-70.3936, -23.59748]}}, {"type": "Feature", "properties": {"nombre": "Alianza", "tipo": "calle"}, "geometry": {"type": "Point", "coordinates": [-70.39407, -23.59772]}}, {"type": "Feature", "properties": {"nombre": "Silicio", "tipo": "calle"}, "geometry": {"type": "Point", "coordinates": [-70.39546, -23.59486]}}, {"type": "Feature", "properties": {"nombre": "Alto Hospicio", "tipo": "calle"}, "geometry": {"type": "Point", "coordinates": [-70.39097, -23.60336]}}, {"type": "Feature", "properties": {"nombre": "Sodio", "tipo": "calle"}, "geometry": {"type": "Point", "coordinates": [-70.395, -23.59663]}}, {"type": "Feature", "properties": {"nombre": "Onix", "tipo": "calle"}, "geometry": {"type": "Point", "coordinates": [-70.39054, -23.59813]}}, {"type": "Feature", "properties": {"nombre": "Washington Muñoz", "tipo": "calle"}, "geometry": {"type": "Point", "coordinates": [-70.39222, -23.59976]}}, {"type": "Feature", "properties": {"nombre": "Padre Gonzalo Errázuriz", "tipo": "calle"}, "geometry": {"type": "Point", "coordinates": [-70.39219, -23.60099]}}, {"type": "Feature", "properties": {"nombre": "Mario Silva", "tipo": "calle"}, "geometry": {"type": "Point", "coordinates": [-70.39229, -23.60015]}}, {"type": "Feature", "properties": {"nombre": "El Litio", "tipo": "calle"}, "geometry": {"type": "Point", "coordinates": [-70.39446, -23.59568]}}, {"type": "Feature", "properties": {"nombre": "Las Arcillas", "tipo": "calle"}, "geometry": {"type": "Point", "coordinates": [-70.39121, -23.60017]}}, {"type": "Feature", "properties": {"nombre": "La Plata", "tipo": "calle"}, "geometry": {"type": "Point", "coordinates": [-70.39424, -23.5956]}}, {"type": "Feature", "properties": {"nombre": "Oficina Victoria", "tipo": "calle"}, "geometry": {"type": "Point", "coordinates": [-70.39104, -23.6024]}}, {"type": "Feature", "properties": {"nombre": "El Níquel", "tipo": "calle"}, "geometry": {"type": "Point", "coordinates": [-70.39382, -23.59551]}}, {"type": "Feature", "properties": {"nombre": "Parque Los Pinares", "tipo": "place"}, "geometry": {"type": "Point", "coordinates": [-70.39315, -23.60164]}}, {"type": "Feature", "properties": {"nombre": "Liparita", "tipo": "calle"}, "geometry": {"type": "Point", "coordinates": [-70.39143, -23.59376]}}, {"type": "Feature", "properties": {"nombre": "Los Tamarugos", "tipo": "calle"}, "geometry": {"type": "Point", "coordinates": [-70.39334, -23.58417]}}, {"type": "Feature", "properties": {"nombre": "Los Naranjos", "tipo": "calle"}, "geometry": {"type": "Point", "coordinates": [-70.39105, -23.58996]}}, {"type": "Feature", "properties": {"nombre": "Las Rocas", "tipo": "calle"}, "geometry": {"type": "Point", "coordinates": [-70.39441, -23.59157]}}, {"type": "Feature", "properties": {"nombre": "Los Laureles", "tipo": "calle"}, "geometry": {"type": "Point", "coordinates": [-70.39404, -23.58973]}}, {"type": "Feature", "properties": {"nombre": "Los Jacarandaes", "tipo": "calle"}, "geometry": {"type": "Point", "coordinates": [-70.3933, -23.59044]}}, {"type": "Feature", "properties": {"nombre": "El Encuentro", "tipo": "calle"}, "geometry": {"type": "Point", "coordinates": [-70.39447, -23.59108]}}, {"type": "Feature", "properties": {"nombre": "Los Maitenes", "tipo": "calle"}, "geometry": {"type": "Point", "coordinates": [-70.39196, -23.59085]}}, {"type": "Feature", "properties": {"nombre": "Del Alto", "tipo": "calle"}, "geometry": {"type": "Point", "coordinates": [-70.3948, -23.59053]}}, {"type": "Feature", "properties": {"nombre": "Los Chañares", "tipo": "calle"}, "geometry": {"type": "Point", "coordinates": [-70.39003, -23.58802]}}, {"type": "Feature", "properties": {"nombre": "Los Pinos", "tipo": "calle"}, "geometry": {"type": "Point", "coordinates": [-70.39218, -23.59024]}}, {"type": "Feature", "properties": {"nombre": "Estación Latorre", "tipo": "calle"}, "geometry": {"type": "Point", "coordinates": [-70.38748, -23.58961]}}, {"type": "Feature", "properties": {"nombre": "Cerro Topáter", "tipo": "calle"}, "geometry": {"type": "Point", "coordinates": [-70.3879, -23.58895]}}, {"type": "Feature", "properties": {"nombre": "Estación Baquedano", "tipo": "calle"}, "geometry": {"type": "Point", "coordinates": [-70.3875, -23.58874]}}, {"type": "Feature", "properties": {"nombre": "Los Pequenes", "tipo": "calle"}, "geometry": {"type": "Point", "coordinates": [-70.39114, -23.58338]}}, {"type": "Feature", "properties": {"nombre": "Los Cipreces", "tipo": "calle"}, "geometry": {"type": "Point", "coordinates": [-70.39185, -23.58468]}}, {"type": "Feature", "properties": {"nombre": "Los Sauces", "tipo": "calle"}, "geometry": {"type": "Point", "coordinates": [-70.39092, -23.58632]}}, {"type": "Feature", "properties": {"nombre": "Los Álamos", "tipo": "calle"}, "geometry": {"type": "Point", "coordinates": [-70.39053, -23.59052]}}, {"type": "Feature", "properties": {"nombre": "Los Limoneros", "tipo": "calle"}, "geometry": {"type": "Point", "coordinates": [-70.38801, -23.58846]}}, {"type": "Feature", "properties": {"nombre": "Las Gaviotas", "tipo": "calle"}, "geometry": {"type": "Point", "coordinates": [-70.3878, -23.5878]}}, {"type": "Feature", "properties": {"nombre": "Los Playeros", "tipo": "calle"}, "geometry": {"type": "Point", "coordinates": [-70.3915, -23.58255]}}, {"type": "Feature", "properties": {"nombre": "Víctor Farías", "tipo": "calle"}, "geometry": {"type": "Point", "coordinates": [-70.38533, -23.57985]}}, {"type": "Feature", "properties": {"nombre": "Los Suris", "tipo": "calle"}, "geometry": {"type": "Point", "coordinates": [-70.39176, -23.58306]}}, {"type": "Feature", "properties": {"nombre": "Choapa", "tipo": "calle"}, "geometry": {"type": "Point", "coordinates": [-70.38615, -23.58786]}}, {"type": "Feature", "properties": {"nombre": "Chiry", "tipo": "calle"}, "geometry": {"type": "Point", "coordinates": [-70.38694, -23.58795]}}, {"type": "Feature", "properties": {"nombre": "Los Almendros", "tipo": "calle"}, "geometry": {"type": "Point", "coordinates": [-70.39248, -23.58659]}}, {"type": "Feature", "properties": {"nombre": "Los Canelos", "tipo": "calle"}, "geometry": {"type": "Point", "coordinates": [-70.39102, -23.5852]}}, {"type": "Feature", "properties": {"nombre": "Inahue", "tipo": "calle"}, "geometry": {"type": "Point", "coordinates": [-70.38779, -23.5878]}}, {"type": "Feature", "properties": {"nombre": "Chollay", "tipo": "calle"}, "geometry": {"type": "Point", "coordinates": [-70.38717, -23.58959]}}, {"type": "Feature", "properties": {"nombre": "Chaihuín", "tipo": "calle"}, "geometry": {"type": "Point", "coordinates": [-70.38657, -23.58771]}}, {"type": "Feature", "properties": {"nombre": "Las Golondrinas", "tipo": "calle"}, "geometry": {"type": "Point", "coordinates": [-70.38912, -23.5879]}}, {"type": "Feature", "properties": {"nombre": "Los Ñandú", "tipo": "calle"}, "geometry": {"type": "Point", "coordinates": [-70.39159, -23.58236]}}, {"type": "Feature", "properties": {"nombre": "Pilmaiquén", "tipo": "calle"}, "geometry": {"type": "Point", "coordinates": [-70.38869, -23.589]}}, {"type": "Feature", "properties": {"nombre": "Los Tilos", "tipo": "calle"}, "geometry": {"type": "Point", "coordinates": [-70.39101, -23.58748]}}, {"type": "Feature", "properties": {"nombre": "Los Nogales", "tipo": "calle"}, "geometry": {"type": "Point", "coordinates": [-70.39097, -23.58925]}}, {"type": "Feature", "properties": {"nombre": "Las Guayatas", "tipo": "calle"}, "geometry": {"type": "Point", "coordinates": [-70.39149, -23.5831]}}, {"type": "Feature", "properties": {"nombre": "Los Cerezos", "tipo": "calle"}, "geometry": {"type": "Point", "coordinates": [-70.39128, -23.58578]}}, {"type": "Feature", "properties": {"nombre": "Edmundo Pérez Zujovic", "tipo": "calle"}, "geometry": {"type": "Point", "coordinates": [-70.39318, -23.58637]}}, {"type": "Feature", "properties": {"nombre": "Juan Bolívar", "tipo": "calle"}, "geometry": {"type": "Point", "coordinates": [-70.38561, -23.58708]}}, {"type": "Feature", "properties": {"nombre": "Don Milenko", "tipo": "calle"}, "geometry": {"type": "Point", "coordinates": [-70.38764, -23.58943]}}, {"type": "Feature", "properties": {"nombre": "Las Torcazas", "tipo": "calle"}, "geometry": {"type": "Point", "coordinates": [-70.38948, -23.58757]}}, {"type": "Feature", "properties": {"nombre": "Los Manzanos", "tipo": "calle"}, "geometry": {"type": "Point", "coordinates": [-70.39113, -23.59049]}}, {"type": "Feature", "properties": {"nombre": "Las Garzas", "tipo": "calle"}, "geometry": {"type": "Point", "coordinates": [-70.38946, -23.5882]}}, {"type": "Feature", "properties": {"nombre": "Pasaje Anacleto Solorza", "tipo": "calle"}, "geometry": {"type": "Point", "coordinates": [-70.38149, -23.58714]}}, {"type": "Feature", "properties": {"nombre": "Antonio Martínez", "tipo": "calle"}, "geometry": {"type": "Point", "coordinates": [-70.38045, -23.59066]}}, {"type": "Feature", "properties": {"nombre": "Soldado Emilio Rubilar", "tipo": "calle"}, "geometry": {"type": "Point", "coordinates": [-70.38374, -23.58819]}}, {"type": "Feature", "properties": {"nombre": "Villa Chacabuco", "tipo": "calle"}, "geometry": {"type": "Point", "coordinates": [-70.38501, -23.59043]}}, {"type": "Feature", "properties": {"nombre": "Cerro Linzor", "tipo": "calle"}, "geometry": {"type": "Point", "coordinates": [-70.37528, -23.58822]}}, {"type": "Feature", "properties": {"nombre": "Vicente Muñoz", "tipo": "calle"}, "geometry": {"type": "Point", "coordinates": [-70.37872, -23.58803]}}, {"type": "Feature", "properties": {"nombre": "Villa Oficina Puelma", "tipo": "calle"}, "geometry": {"type": "Point", "coordinates": [-70.38497, -23.59019]}}, {"type": "Feature", "properties": {"nombre": "Pasaje Juan Rojas", "tipo": "calle"}, "geometry": {"type": "Point", "coordinates": [-70.38191, -23.58848]}}, {"type": "Feature", "properties": {"nombre": "Soldado Vicente Muñoz", "tipo": "calle"}, "geometry": {"type": "Point", "coordinates": [-70.38525, -23.58869]}}, {"type": "Feature", "properties": {"nombre": "Río Maule", "tipo": "calle"}, "geometry": {"type": "Point", "coordinates": [-70.37647, -23.59004]}}, {"type": "Feature", "properties": {"nombre": "Pasaje Bonilla", "tipo": "calle"}, "geometry": {"type": "Point", "coordinates": [-70.37924, -23.59187]}}, {"type": "Feature", "properties": {"nombre": "José Espinoza", "tipo": "calle"}, "geometry": {"type": "Point", "coordinates": [-70.38215, -23.58984]}}, {"type": "Feature", "properties": {"nombre": "Enrique Coke", "tipo": "calle"}, "geometry": {"type": "Point", "coordinates": [-70.3798, -23.59004]}}, {"type": "Feature", "properties": {"nombre": "Soldado Ángel Muñoz", "tipo": "calle"}, "geometry": {"type": "Point", "coordinates": [-70.38187, -23.58891]}}, {"type": "Feature", "properties": {"nombre": "Villa Oficina Francisco Vergara", "tipo": "calle"}, "geometry": {"type": "Point", "coordinates": [-70.38492, -23.58996]}}, {"type": "Feature", "properties": {"nombre": "Félix Contreras", "tipo": "calle"}, "geometry": {"type": "Point", "coordinates": [-70.38198, -23.58759]}}, {"type": "Feature", "properties": {"nombre": "Soldado Juan Rojas", "tipo": "calle"}, "geometry": {"type": "Point", "coordinates": [-70.38533, -23.58908]}}, {"type": "Feature", "properties": {"nombre": "Soldado Enrique Reyes", "tipo": "calle"}, "geometry": {"type": "Point", "coordinates": [-70.38199, -23.58721]}}, {"type": "Feature", "properties": {"nombre": "Punta Blanca", "tipo": "calle"}, "geometry": {"type": "Point", "coordinates": [-70.37533, -23.58787]}}, {"type": "Feature", "properties": {"nombre": "Cerro Pedregal", "tipo": "calle"}, "geometry": {"type": "Point", "coordinates": [-70.37618, -23.58847]}}, {"type": "Feature", "properties": {"nombre": "Cerro Overo", "tipo": "calle"}, "geometry": {"type": "Point", "coordinates": [-70.37509, -23.5885]}}, {"type": "Feature", "properties": {"nombre": "Heriberto Novoa", "tipo": "calle"}, "geometry": {"type": "Point", "coordinates": [-70.37528, -23.59002]}}, {"type": "Feature", "properties": {"nombre": "Pasaje Óscar Bonilla", "tipo": "calle"}, "geometry": {"type": "Point", "coordinates": [-70.37923, -23.58713]}}, {"type": "Feature", "properties": {"nombre": "Villa Oficina Coya Sur", "tipo": "calle"}, "geometry": {"type": "Point", "coordinates": [-70.38505, -23.59065]}}, {"type": "Feature", "properties": {"nombre": "Pasaje Huamachuco", "tipo": "calle"}, "geometry": {"type": "Point", "coordinates": [-70.38047, -23.58998]}}, {"type": "Feature", "properties": {"nombre": "Circunvalación Norte", "tipo": "calle"}, "geometry": {"type": "Point", "coordinates": [-70.37426, -23.58892]}}, {"type": "Feature", "properties": {"nombre": "Pasaje Morro de Arica", "tipo": "calle"}, "geometry": {"type": "Point", "coordinates": [-70.38499, -23.58828]}}, {"type": "Feature", "properties": {"nombre": "Cerro Chacaya", "tipo": "calle"}, "geometry": {"type": "Point", "coordinates": [-70.37572, -23.58867]}}, {"type": "Feature", "properties": {"nombre": "Pasaje Héroes de la Concepción", "tipo": "calle"}, "geometry": {"type": "Point", "coordinates": [-70.38549, -23.58839]}}, {"type": "Feature", "properties": {"nombre": "Cerro Guanaqueros", "tipo": "calle"}, "geometry": {"type": "Point", "coordinates": [-70.3747, -23.58893]}}, {"type": "Feature", "properties": {"nombre": "Pasaje Solón Salas Fuentealba", "tipo": "calle"}, "geometry": {"type": "Point", "coordinates": [-70.37806, -23.59144]}}, {"type": "Feature", "properties": {"nombre": "Raúl Cisternas", "tipo": "calle"}, "geometry": {"type": "Point", "coordinates": [-70.37752, -23.59244]}}, {"type": "Feature", "properties": {"nombre": "Ignacio Carrera Pinto", "tipo": "calle"}, "geometry": {"type": "Point", "coordinates": [-70.37653, -23.58393]}}, {"type": "Feature", "properties": {"nombre": "Río Palena", "tipo": "calle"}, "geometry": {"type": "Point", "coordinates": [-70.37676, -23.58477]}}, {"type": "Feature", "properties": {"nombre": "Detective Luis Carrasco", "tipo": "calle"}, "geometry": {"type": "Point", "coordinates": [-70.37728, -23.58443]}}, {"type": "Feature", "properties": {"nombre": "Luis Carrasco Blu", "tipo": "calle"}, "geometry": {"type": "Point", "coordinates": [-70.37717, -23.5896]}}, {"type": "Feature", "properties": {"nombre": "Pasaje Carlos Pérez Bretti", "tipo": "calle"}, "geometry": {"type": "Point", "coordinates": [-70.37837, -23.58785]}}, {"type": "Feature", "properties": {"nombre": "El Laco", "tipo": "calle"}, "geometry": {"type": "Point", "coordinates": [-70.3786, -23.58213]}}, {"type": "Feature", "properties": {"nombre": "Río Doñihue", "tipo": "calle"}, "geometry": {"type": "Point", "coordinates": [-70.37727, -23.58563]}}, {"type": "Feature", "properties": {"nombre": "Río Limarí", "tipo": "calle"}, "geometry": {"type": "Point", "coordinates": [-70.37832, -23.58533]}}, {"type": "Feature", "properties": {"nombre": "Detective Solón Salas Fuentealba", "tipo": "calle"}, "geometry": {"type": "Point", "coordinates": [-70.37821, -23.58308]}}, {"type": "Feature", "properties": {"nombre": "Río Salado", "tipo": "calle"}, "geometry": {"type": "Point", "coordinates": [-70.37657, -23.58438]}}, {"type": "Feature", "properties": {"nombre": "Cabo Juan Bolívar", "tipo": "calle"}, "geometry": {"type": "Point", "coordinates": [-70.37497, -23.58645]}}, {"type": "Feature", "properties": {"nombre": "El Abra", "tipo": "calle"}, "geometry": {"type": "Point", "coordinates": [-70.37803, -23.58304]}}, {"type": "Feature", "properties": {"nombre": "Turi", "tipo": "calle"}, "geometry": {"type": "Point", "coordinates": [-70.38443, -23.58304]}}, {"type": "Feature", "properties": {"nombre": "María Elena", "tipo": "calle"}, "geometry": {"type": "Point", "coordinates": [-70.37546, -23.57947]}}, {"type": "Feature", "properties": {"nombre": "Río Toltén", "tipo": "calle"}, "geometry": {"type": "Point", "coordinates": [-70.37572, -23.57643]}}, {"type": "Feature", "properties": {"nombre": "Pasaje Cerro Ñielol", "tipo": "calle"}, "geometry": {"type": "Point", "coordinates": [-70.38651, -23.57749]}}, {"type": "Feature", "properties": {"nombre": "Pasaje Río Palena", "tipo": "calle"}, "geometry": {"type": "Point", "coordinates": [-70.37415, -23.58464]}}, {"type": "Feature", "properties": {"nombre": "Sierra Nevada", "tipo": "calle"}, "geometry": {"type": "Point", "coordinates": [-70.38914, -23.57781]}}, {"type": "Feature", "properties": {"nombre": "Pasaje Cerro Overo", "tipo": "calle"}, "geometry": {"type": "Point", "coordinates": [-70.37431, -23.58553]}}, {"type": "Feature", "properties": {"nombre": "Chacalluta", "tipo": "calle"}, "geometry": {"type": "Point", "coordinates": [-70.39241, -23.57676]}}, {"type": "Feature", "properties": {"nombre": "Volcán Licancabur", "tipo": "calle"}, "geometry": {"type": "Point", "coordinates": [-70.38789, -23.5776]}}, {"type": "Feature", "properties": {"nombre": "Pasaje San Isidro", "tipo": "calle"}, "geometry": {"type": "Point", "coordinates": [-70.37854, -23.5795]}}, {"type": "Feature", "properties": {"nombre": "Dinka llic", "tipo": "calle"}, "geometry": {"type": "Point", "coordinates": [-70.37566, -23.58519]}}, {"type": "Feature", "properties": {"nombre": "Sloman", "tipo": "calle"}, "geometry": {"type": "Point", "coordinates": [-70.38291, -23.58137]}}, {"type": "Feature", "properties": {"nombre": "Pasaje Camar", "tipo": "calle"}, "geometry": {"type": "Point", "coordinates": [-70.38233, -23.5809]}}, {"type": "Feature", "properties": {"nombre": "Miscanti", "tipo": "calle"}, "geometry": {"type": "Point", "coordinates": [-70.38226, -23.58423]}}, {"type": "Feature", "properties": {"nombre": "Pasaje Río Doñihue", "tipo": "calle"}, "geometry": {"type": "Point", "coordinates": [-70.38202, -23.58627]}}, {"type": "Feature", "properties": {"nombre": "Río Millahue", "tipo": "calle"}, "geometry": {"type": "Point", "coordinates": [-70.38432, -23.58608]}}, {"type": "Feature", "properties": {"nombre": "Pasaje Río Imperial", "tipo": "calle"}, "geometry": {"type": "Point", "coordinates": [-70.38299, -23.57903]}}, {"type": "Feature", "properties": {"nombre": "Quitor", "tipo": "calle"}, "geometry": {"type": "Point", "coordinates": [-70.38425, -23.58226]}}, {"type": "Feature", "properties": {"nombre": "Pasaje Cerro Pedregal", "tipo": "calle"}, "geometry": {"type": "Point", "coordinates": [-70.37423, -23.58237]}}, {"type": "Feature", "properties": {"nombre": "Valle del Encanto", "tipo": "calle"}, "geometry": {"type": "Point", "coordinates": [-70.38699, -23.57753]}}, {"type": "Feature", "properties": {"nombre": "Río Claro", "tipo": "calle"}, "geometry": {"type": "Point", "coordinates": [-70.38399, -23.58643]}}, {"type": "Feature", "properties": {"nombre": "René Peri", "tipo": "calle"}, "geometry": {"type": "Point", "coordinates": [-70.37596, -23.58513]}}, {"type": "Feature", "properties": {"nombre": "Valle Nevado", "tipo": "calle"}, "geometry": {"type": "Point", "coordinates": [-70.38892, -23.57768]}}, {"type": "Feature", "properties": {"nombre": "Josefa Fajardo Gajardo", "tipo": "calle"}, "geometry": {"type": "Point", "coordinates": [-70.37547, -23.58459]}}, {"type": "Feature", "properties": {"nombre": "Héroes de la Conpcecion", "tipo": "calle"}, "geometry": {"type": "Point", "coordinates": [-70.38762, -23.59179]}}, {"type": "Feature", "properties": {"nombre": "Pasaje Quitor", "tipo": "calle"}, "geometry": {"type": "Point", "coordinates": [-70.38283, -23.5822]}}, {"type": "Feature", "properties": {"nombre": "Luis Urzúa", "tipo": "calle"}, "geometry": {"type": "Point", "coordinates": [-70.37473, -23.58229]}}, {"type": "Feature", "properties": {"nombre": "Pasaje Coya Sur", "tipo": "calle"}, "geometry": {"type": "Point", "coordinates": [-70.37843, -23.57905]}}, {"type": "Feature", "properties": {"nombre": "Pasaje Ingeniero Hyatt", "tipo": "calle"}, "geometry": {"type": "Point", "coordinates": [-70.38034, -23.58505]}}, {"type": "Feature", "properties": {"nombre": "Pasaje Paposo", "tipo": "calle"}, "geometry": {"type": "Point", "coordinates": [-70.38305, -23.58019]}}, {"type": "Feature", "properties": {"nombre": "Pasaje Las Peñas", "tipo": "calle"}, "geometry": {"type": "Point", "coordinates": [-70.38842, -23.57764]}}, {"type": "Feature", "properties": {"nombre": "Futaleufú", "tipo": "calle"}, "geometry": {"type": "Point", "coordinates": [-70.38602, -23.57748]}}, {"type": "Feature", "properties": {"nombre": "Paposo", "tipo": "calle"}, "geometry": {"type": "Point", "coordinates": [-70.37901, -23.57983]}}, {"type": "Feature", "properties": {"nombre": "Pasaje Río Simpson", "tipo": "calle"}, "geometry": {"type": "Point", "coordinates": [-70.38744, -23.57756]}}, {"type": "Feature", "properties": {"nombre": "Juan de Dios Reyes", "tipo": "calle"}, "geometry": {"type": "Point", "coordinates": [-70.37514, -23.58388]}}, {"type": "Feature", "properties": {"nombre": "Juan Pablo II", "tipo": "calle"}, "geometry": {"type": "Point", "coordinates": [-70.38732, -23.57793]}}, {"type": "Feature", "properties": {"nombre": "Plaza del Bicentenario", "tipo": "place"}, "geometry": {"type": "Point", "coordinates": [-70.38043, -23.58252]}}, {"type": "Feature", "properties": {"nombre": "Pasaje Río Grande", "tipo": "calle"}, "geometry": {"type": "Point", "coordinates": [-70.37832, -23.58511]}}, {"type": "Feature", "properties": {"nombre": "Río Petorca", "tipo": "calle"}, "geometry": {"type": "Point", "coordinates": [-70.3762, -23.58541]}}, {"type": "Feature", "properties": {"nombre": "Pasaje Mantos Blancos", "tipo": "calle"}, "geometry": {"type": "Point", "coordinates": [-70.38275, -23.57907]}}, {"type": "Feature", "properties": {"nombre": "Valle de la Luna", "tipo": "calle"}, "geometry": {"type": "Point", "coordinates": [-70.37597, -23.58596]}}, {"type": "Feature", "properties": {"nombre": "Pasaje Cerro Linzor", "tipo": "calle"}, "geometry": {"type": "Point", "coordinates": [-70.37506, -23.58622]}}, {"type": "Feature", "properties": {"nombre": "Conchi", "tipo": "calle"}, "geometry": {"type": "Point", "coordinates": [-70.38383, -23.5828]}}, {"type": "Feature", "properties": {"nombre": "Farellones", "tipo": "calle"}, "geometry": {"type": "Point", "coordinates": [-70.38737, -23.57876]}}, {"type": "Feature", "properties": {"nombre": "Pasaje Río Loncomilla", "tipo": "calle"}, "geometry": {"type": "Point", "coordinates": [-70.38073, -23.5773]}}, {"type": "Feature", "properties": {"nombre": "Río Lontué", "tipo": "calle"}, "geometry": {"type": "Point", "coordinates": [-70.38036, -23.5765]}}, {"type": "Feature", "properties": {"nombre": "Pasaje Río Longaví", "tipo": "calle"}, "geometry": {"type": "Point", "coordinates": [-70.37925, -23.57676]}}, {"type": "Feature", "properties": {"nombre": "Neftalí Agrella", "tipo": "calle"}, "geometry": {"type": "Point", "coordinates": [-70.37706, -23.5763]}}, {"type": "Feature", "properties": {"nombre": "Pasaje Elías Lafertte", "tipo": "calle"}, "geometry": {"type": "Point", "coordinates": [-70.37698, -23.57642]}}, {"type": "Feature", "properties": {"nombre": "Río Lircay", "tipo": "calle"}, "geometry": {"type": "Point", "coordinates": [-70.38136, -23.57775]}}, {"type": "Feature", "properties": {"nombre": "Los Chungungos", "tipo": "calle"}, "geometry": {"type": "Point", "coordinates": [-70.37452, -23.57677]}}, {"type": "Feature", "properties": {"nombre": "Detective Luis Carrasco Blu", "tipo": "calle"}, "geometry": {"type": "Point", "coordinates": [-70.37782, -23.57782]}}, {"type": "Feature", "properties": {"nombre": "Pasaje Río Cachapoal", "tipo": "calle"}, "geometry": {"type": "Point", "coordinates": [-70.38046, -23.57808]}}, {"type": "Feature", "properties": {"nombre": "Pasaje Loa Auquénidos", "tipo": "calle"}, "geometry": {"type": "Point", "coordinates": [-70.37514, -23.57896]}}, {"type": "Feature", "properties": {"nombre": "Juan Lorenzo Mandiola", "tipo": "calle"}, "geometry": {"type": "Point", "coordinates": [-70.3769, -23.57779]}}, {"type": "Feature", "properties": {"nombre": "San Isidro", "tipo": "calle"}, "geometry": {"type": "Point", "coordinates": [-70.37488, -23.57885]}}, {"type": "Feature", "properties": {"nombre": "Pasaje Circunvalación Norte", "tipo": "calle"}, "geometry": {"type": "Point", "coordinates": [-70.37382, -23.57681]}}, {"type": "Feature", "properties": {"nombre": "Gustavo Le Paige", "tipo": "calle"}, "geometry": {"type": "Point", "coordinates": [-70.37685, -23.57724]}}, {"type": "Feature", "properties": {"nombre": "Pasaje Los Gorriones", "tipo": "calle"}, "geometry": {"type": "Point", "coordinates": [-70.37514, -23.57816]}}, {"type": "Feature", "properties": {"nombre": "Raúl Campana", "tipo": "calle"}, "geometry": {"type": "Point", "coordinates": [-70.37609, -23.57812]}}, {"type": "Feature", "properties": {"nombre": "Pasaje Chela Lira", "tipo": "calle"}, "geometry": {"type": "Point", "coordinates": [-70.37547, -23.57709]}}, {"type": "Feature", "properties": {"nombre": "Pasaje Estación Coquimbo", "tipo": "calle"}, "geometry": {"type": "Point", "coordinates": [-70.38481, -23.5773]}}, {"type": "Feature", "properties": {"nombre": "Pasaje María Elena", "tipo": "calle"}, "geometry": {"type": "Point", "coordinates": [-70.38371, -23.58071]}}, {"type": "Feature", "properties": {"nombre": "Pasaje Punta de Rieles", "tipo": "calle"}, "geometry": {"type": "Point", "coordinates": [-70.38488, -23.57984]}}, {"type": "Feature", "properties": {"nombre": "Pampa Unión", "tipo": "calle"}, "geometry": {"type": "Point", "coordinates": [-70.3847, -23.57691]}}, {"type": "Feature", "properties": {"nombre": "Pasaje Estación Alemania", "tipo": "calle"}, "geometry": {"type": "Point", "coordinates": [-70.38491, -23.57654]}}, {"type": "Feature", "properties": {"nombre": "Pasaje Gabriel Silva", "tipo": "calle"}, "geometry": {"type": "Point", "coordinates": [-70.38468, -23.57815]}}, {"type": "Feature", "properties": {"nombre": "Pasaje Cupo", "tipo": "calle"}, "geometry": {"type": "Point", "coordinates": [-70.38407, -23.57979]}}, {"type": "Feature", "properties": {"nombre": "Pudahuel", "tipo": "calle"}, "geometry": {"type": "Point", "coordinates": [-70.3916, -23.57781]}}, {"type": "Feature", "properties": {"nombre": "Chamiza", "tipo": "calle"}, "geometry": {"type": "Point", "coordinates": [-70.39212, -23.57734]}}, {"type": "Feature", "properties": {"nombre": "Pasaje Piedras Negras", "tipo": "calle"}, "geometry": {"type": "Point", "coordinates": [-70.38976, -23.57792]}}, {"type": "Feature", "properties": {"nombre": "Mataveri", "tipo": "calle"}, "geometry": {"type": "Point", "coordinates": [-70.39269, -23.57774]}}, {"type": "Feature", "properties": {"nombre": "Gabriel Silva", "tipo": "calle"}, "geometry": {"type": "Point", "coordinates": [-70.39175, -23.57833]}}, {"type": "Feature", "properties": {"nombre": "Paranal", "tipo": "calle"}, "geometry": {"type": "Point", "coordinates": [-70.39257, -23.57803]}}, {"type": "Feature", "properties": {"nombre": "Río de los Cipreses", "tipo": "calle"}, "geometry": {"type": "Point", "coordinates": [-70.38994, -23.57887]}}, {"type": "Feature", "properties": {"nombre": "Cerro Moreno", "tipo": "calle"}, "geometry": {"type": "Point", "coordinates": [-70.39198, -23.57784]}}, {"type": "Feature", "properties": {"nombre": "Pasaje Las Cascadas", "tipo": "calle"}, "geometry": {"type": "Point", "coordinates": [-70.38928, -23.57751]}}, {"type": "Feature", "properties": {"nombre": "Mañihuales", "tipo": "calle"}, "geometry": {"type": "Point", "coordinates": [-70.39021, -23.57795]}}, {"type": "Feature", "properties": {"nombre": "Hualpencillo", "tipo": "calle"}, "geometry": {"type": "Point", "coordinates": [-70.39369, -23.57641]}}, {"type": "Feature", "properties": {"nombre": "Licán Ray", "tipo": "calle"}, "geometry": {"type": "Point", "coordinates": [-70.38996, -23.57699]}}, {"type": "Feature", "properties": {"nombre": "Pedro Aguirre Cerda", "tipo": "calle"}, "geometry": {"type": "Point", "coordinates": [-70.3912, -23.57682]}}, {"type": "Feature", "properties": {"nombre": "Carrizal Bajo", "tipo": "calle"}, "geometry": {"type": "Point", "coordinates": [-70.39048, -23.57589]}}, {"type": "Feature", "properties": {"nombre": "Pasaje Soco", "tipo": "calle"}, "geometry": {"type": "Point", "coordinates": [-70.37422, -23.62182]}}, {"type": "Feature", "properties": {"nombre": "Valle Apacible", "tipo": "calle"}, "geometry": {"type": "Point", "coordinates": [-70.42974, -23.71263]}}, {"type": "Feature", "properties": {"nombre": "Avenida Agustín Samsó Sivori", "tipo": "calle"}, "geometry": {"type": "Point", "coordinates": [-70.43074, -23.71442]}}, {"type": "Feature", "properties": {"nombre": "Valle del Viento", "tipo": "calle"}, "geometry": {"type": "Point", "coordinates": [-70.43148, -23.71352]}}, {"type": "Feature", "properties": {"nombre": "Valle Hermoso", "tipo": "calle"}, "geometry": {"type": "Point", "coordinates": [-70.43024, -23.7131]}}, {"type": "Feature", "properties": {"nombre": "Valle Soleado", "tipo": "calle"}, "geometry": {"type": "Point", "coordinates": [-70.43026, -23.71221]}}, {"type": "Feature", "properties": {"nombre": "Gerardo Zúñiga", "tipo": "calle"}, "geometry": {"type": "Point", "coordinates": [-70.42927, -23.71432]}}, {"type": "Feature", "properties": {"nombre": "Valle del Ocaso", "tipo": "calle"}, "geometry": {"type": "Point", "coordinates": [-70.43074, -23.71272]}}, {"type": "Feature", "properties": {"nombre": "Travesía de Coloso", "tipo": "calle"}, "geometry": {"type": "Point", "coordinates": [-70.42882, -23.70838]}}, {"type": "Feature", "properties": {"nombre": "Punta de Tralca", "tipo": "calle"}, "geometry": {"type": "Point", "coordinates": [-70.40799, -23.67264]}}, {"type": "Feature", "properties": {"nombre": "Navidad", "tipo": "calle"}, "geometry": {"type": "Point", "coordinates": [-70.40938, -23.67336]}}, {"type": "Feature", "properties": {"nombre": "El Tabo", "tipo": "calle"}, "geometry": {"type": "Point", "coordinates": [-70.40944, -23.67393]}}, {"type": "Feature", "properties": {"nombre": "Parque de los Eventos", "tipo": "place"}, "geometry": {"type": "Point", "coordinates": [-70.39677, -23.62971]}}, {"type": "Feature", "properties": {"nombre": "Avenida Grecia", "tipo": "calle"}, "geometry": {"type": "Point", "coordinates": [-70.4024, -23.65543]}}, {"type": "Feature", "properties": {"nombre": "Parque Costanera", "tipo": "place"}, "geometry": {"type": "Point", "coordinates": [-70.40369, -23.6613]}}, {"type": "Feature", "properties": {"nombre": "Hugo Silva Endeiza", "tipo": "calle"}, "geometry": {"type": "Point", "coordinates": [-70.40177, -23.65716]}}, {"type": "Feature", "properties": {"nombre": "Collahuasi", "tipo": "calle"}, "geometry": {"type": "Point", "coordinates": [-70.40476, -23.66616]}}, {"type": "Feature", "properties": {"nombre": "Aucanquilcha", "tipo": "calle"}, "geometry": {"type": "Point", "coordinates": [-70.40432, -23.66625]}}, {"type": "Feature", "properties": {"nombre": "Parque Costero Avenida Ejército", "tipo": "place"}, "geometry": {"type": "Point", "coordinates": [-70.4211, -23.6917]}}, {"type": "Feature", "properties": {"nombre": "Luis Undurraga", "tipo": "calle"}, "geometry": {"type": "Point", "coordinates": [-70.40446, -23.67734]}}, {"type": "Feature", "properties": {"nombre": "Sangra", "tipo": "calle"}, "geometry": {"type": "Point", "coordinates": [-70.41404, -23.68354]}}, {"type": "Feature", "properties": {"nombre": "Homero Ávila", "tipo": "calle"}, "geometry": {"type": "Point", "coordinates": [-70.40234, -23.67351]}}, {"type": "Feature", "properties": {"nombre": "Rebeca Matte", "tipo": "calle"}, "geometry": {"type": "Point", "coordinates": [-70.40861, -23.67383]}}, {"type": "Feature", "properties": {"nombre": "La Unión", "tipo": "calle"}, "geometry": {"type": "Point", "coordinates": [-70.37877, -23.6218]}}, {"type": "Feature", "properties": {"nombre": "Albert Einstein", "tipo": "calle"}, "geometry": {"type": "Point", "coordinates": [-70.37913, -23.62275]}}, {"type": "Feature", "properties": {"nombre": "Culcur", "tipo": "calle"}, "geometry": {"type": "Point", "coordinates": [-70.37711, -23.62238]}}, {"type": "Feature", "properties": {"nombre": "Pucón", "tipo": "calle"}, "geometry": {"type": "Point", "coordinates": [-70.37832, -23.62178]}}, {"type": "Feature", "properties": {"nombre": "Pasaje Einstein", "tipo": "calle"}, "geometry": {"type": "Point", "coordinates": [-70.37821, -23.62333]}}, {"type": "Feature", "properties": {"nombre": "Pasaje Dixon", "tipo": "calle"}, "geometry": {"type": "Point", "coordinates": [-70.37824, -23.62361]}}, {"type": "Feature", "properties": {"nombre": "Franklin", "tipo": "calle"}, "geometry": {"type": "Point", "coordinates": [-70.37846, -23.62409]}}, {"type": "Feature", "properties": {"nombre": "Pasaje Alexander Graham Bell", "tipo": "calle"}, "geometry": {"type": "Point", "coordinates": [-70.3783, -23.62393]}}, {"type": "Feature", "properties": {"nombre": "Barros Arana", "tipo": "calle"}, "geometry": {"type": "Point", "coordinates": [-70.37963, -23.62362]}}, {"type": "Feature", "properties": {"nombre": "Peñuela", "tipo": "calle"}, "geometry": {"type": "Point", "coordinates": [-70.38436, -23.62308]}}, {"type": "Feature", "properties": {"nombre": "Condominio Alcazar del Mar", "tipo": "calle"}, "geometry": {"type": "Point", "coordinates": [-70.40898, -23.68534]}}, {"type": "Feature", "properties": {"nombre": "Avenida Cerro Paranal", "tipo": "calle"}, "geometry": {"type": "Point", "coordinates": [-70.41898, -23.69501]}}, {"type": "Feature", "properties": {"nombre": "Díaz Gana", "tipo": "calle"}, "geometry": {"type": "Point", "coordinates": [-70.40061, -23.66482]}}, {"type": "Feature", "properties": {"nombre": "Sausalito", "tipo": "calle"}, "geometry": {"type": "Point", "coordinates": [-70.38775, -23.63155]}}, {"type": "Feature", "properties": {"nombre": "Isluga", "tipo": "calle"}, "geometry": {"type": "Point", "coordinates": [-70.38828, -23.63282]}}, {"type": "Feature", "properties": {"nombre": "Pasaje Bolivia", "tipo": "calle"}, "geometry": {"type": "Point", "coordinates": [-70.38623, -23.63269]}}, {"type": "Feature", "properties": {"nombre": "Llanquihue", "tipo": "calle"}, "geometry": {"type": "Point", "coordinates": [-70.38744, -23.63169]}}, {"type": "Feature", "properties": {"nombre": "Volcán Antuco", "tipo": "calle"}, "geometry": {"type": "Point", "coordinates": [-70.38859, -23.63284]}}, {"type": "Feature", "properties": {"nombre": "Playa Ancha", "tipo": "calle"}, "geometry": {"type": "Point", "coordinates": [-70.38773, -23.63187]}}, {"type": "Feature", "properties": {"nombre": "Del Paso", "tipo": "calle"}, "geometry": {"type": "Point", "coordinates": [-70.39374, -23.58819]}}, {"type": "Feature", "properties": {"nombre": "Parque Avenida Radomiro Tomic", "tipo": "place"}, "geometry": {"type": "Point", "coordinates": [-70.38532, -23.59432]}}, {"type": "Feature", "properties": {"nombre": "Chalinga", "tipo": "calle"}, "geometry": {"type": "Point", "coordinates": [-70.39009, -23.61216]}}, {"type": "Feature", "properties": {"nombre": "Avenida Industrial", "tipo": "calle"}, "geometry": {"type": "Point", "coordinates": [-70.38696, -23.5989]}}, {"type": "Feature", "properties": {"nombre": "Los Aromos", "tipo": "calle"}, "geometry": {"type": "Point", "coordinates": [-70.3911, -23.58662]}}, {"type": "Feature", "properties": {"nombre": "Las Bandurrias", "tipo": "calle"}, "geometry": {"type": "Point", "coordinates": [-70.39303, -23.58319]}}, {"type": "Feature", "properties": {"nombre": "Hernanos Carrera", "tipo": "calle"}, "geometry": {"type": "Point", "coordinates": [-70.37371, -23.58233]}}, {"type": "Feature", "properties": {"nombre": "Parquemar", "tipo": "calle"}, "geometry": {"type": "Point", "coordinates": [-70.39342, -23.59287]}}, {"type": "Feature", "properties": {"nombre": "Pasaje Rodríguez", "tipo": "calle"}, "geometry": {"type": "Point", "coordinates": [-70.37368, -23.58329]}}, {"type": "Feature", "properties": {"nombre": "Pasaje El Abra", "tipo": "calle"}, "geometry": {"type": "Point", "coordinates": [-70.37369, -23.58283]}}, {"type": "Feature", "properties": {"nombre": "Manuel Bulnes", "tipo": "calle"}, "geometry": {"type": "Point", "coordinates": [-70.39742, -23.66952]}}, {"type": "Feature", "properties": {"nombre": "José Santos Ossa", "tipo": "calle"}, "geometry": {"type": "Point", "coordinates": [-70.40022, -23.65462]}}, {"type": "Feature", "properties": {"nombre": "Parque Virgen", "tipo": "place"}, "geometry": {"type": "Point", "coordinates": [-70.40875, -23.67974]}}, {"type": "Feature", "properties": {"nombre": "Plaza Colón Antofagasta", "tipo": "place"}, "geometry": {"type": "Point", "coordinates": [-70.39792, -23.64639]}}, {"type": "Feature", "properties": {"nombre": "Plaza Sotomayor", "tipo": "place"}, "geometry": {"type": "Point", "coordinates": [-70.39781, -23.65153]}}, {"type": "Feature", "properties": {"nombre": "Anhidrita", "tipo": "calle"}, "geometry": {"type": "Point", "coordinates": [-70.39308, -23.59808]}}, {"type": "Feature", "properties": {"nombre": "Los Caimanes", "tipo": "calle"}, "geometry": {"type": "Point", "coordinates": [-70.38952, -23.60938]}}, {"type": "Feature", "properties": {"nombre": "Ongolna", "tipo": "calle"}, "geometry": {"type": "Point", "coordinates": [-70.39137, -23.6084]}}, {"type": "Feature", "properties": {"nombre": "Placilla", "tipo": "calle"}, "geometry": {"type": "Point", "coordinates": [-70.38508, -23.61476]}}, {"type": "Feature", "properties": {"nombre": "Tres Acequias", "tipo": "calle"}, "geometry": {"type": "Point", "coordinates": [-70.37979, -23.61138]}}, {"type": "Feature", "properties": {"nombre": "Avenida Universidad de Antofagasta", "tipo": "calle"}, "geometry": {"type": "Point", "coordinates": [-70.42388, -23.70345]}}, {"type": "Feature", "properties": {"nombre": "Calle del Agua", "tipo": "calle"}, "geometry": {"type": "Point", "coordinates": [-70.38911, -23.57578]}}, {"type": "Feature", "properties": {"nombre": "Zeggers", "tipo": "calle"}, "geometry": {"type": "Point", "coordinates": [-70.37876, -23.62652]}}, {"type": "Feature", "properties": {"nombre": "Los Pimientos", "tipo": "calle"}, "geometry": {"type": "Point", "coordinates": [-70.39031, -23.59167]}}, {"type": "Feature", "properties": {"nombre": "Parque Nicolás Tirado", "tipo": "place"}, "geometry": {"type": "Point", "coordinates": [-70.39381, -23.59204]}}, {"type": "Feature", "properties": {"nombre": "Arturo PenJean", "tipo": "calle"}, "geometry": {"type": "Point", "coordinates": [-70.39444, -23.65832]}}, {"type": "Feature", "properties": {"nombre": "Pasaje Andrés Sabella", "tipo": "calle"}, "geometry": {"type": "Point", "coordinates": [-70.40291, -23.6762]}}, {"type": "Feature", "properties": {"nombre": "Leopoldo Quintero", "tipo": "calle"}, "geometry": {"type": "Point", "coordinates": [-70.43085, -23.71491]}}, {"type": "Feature", "properties": {"nombre": "Veteranos del 79", "tipo": "calle"}, "geometry": {"type": "Point", "coordinates": [-70.4166, -23.7063]}}, {"type": "Feature", "properties": {"nombre": "Sargento Irene Morales", "tipo": "calle"}, "geometry": {"type": "Point", "coordinates": [-70.41557, -23.70522]}}, {"type": "Feature", "properties": {"nombre": "Pasaje Teniente Coronel Francisco Bascuñán Álvarez", "tipo": "calle"}, "geometry": {"type": "Point", "coordinates": [-70.41678, -23.70615]}}, {"type": "Feature", "properties": {"nombre": "Valle del Cerro", "tipo": "calle"}, "geometry": {"type": "Point", "coordinates": [-70.43099, -23.71608]}}, {"type": "Feature", "properties": {"nombre": "Las Vicuñas", "tipo": "calle"}, "geometry": {"type": "Point", "coordinates": [-70.43071, -23.70988]}}, {"type": "Feature", "properties": {"nombre": "Valle del Atardecer", "tipo": "calle"}, "geometry": {"type": "Point", "coordinates": [-70.43098, -23.71128]}}, {"type": "Feature", "properties": {"nombre": "José Ignacio Lopez Fuenzalida", "tipo": "calle"}, "geometry": {"type": "Point", "coordinates": [-70.41709, -23.7061]}}, {"type": "Feature", "properties": {"nombre": "Valle del Sur", "tipo": "calle"}, "geometry": {"type": "Point", "coordinates": [-70.43207, -23.7151]}}, {"type": "Feature", "properties": {"nombre": "Atilio Machiavello Vargas", "tipo": "calle"}, "geometry": {"type": "Point", "coordinates": [-70.40615, -23.68676]}}, {"type": "Feature", "properties": {"nombre": "Fidelia Valdés", "tipo": "calle"}, "geometry": {"type": "Point", "coordinates": [-70.40609, -23.68694]}}, {"type": "Feature", "properties": {"nombre": "Albino Seeger", "tipo": "calle"}, "geometry": {"type": "Point", "coordinates": [-70.40639, -23.68692]}}, {"type": "Feature", "properties": {"nombre": "Fidelia Valdes", "tipo": "calle"}, "geometry": {"type": "Point", "coordinates": [-70.40593, -23.68669]}}, {"type": "Feature", "properties": {"nombre": "Condominio Rahue", "tipo": "calle"}, "geometry": {"type": "Point", "coordinates": [-70.40519, -23.68631]}}, {"type": "Feature", "properties": {"nombre": "Carlos Van Buren", "tipo": "calle"}, "geometry": {"type": "Point", "coordinates": [-70.39539, -23.63733]}}, {"type": "Feature", "properties": {"nombre": "Coyo", "tipo": "calle"}, "geometry": {"type": "Point", "coordinates": [-70.38205, -23.62886]}}, {"type": "Feature", "properties": {"nombre": "Ercilla", "tipo": "calle"}, "geometry": {"type": "Point", "coordinates": [-70.38649, -23.62778]}}, {"type": "Feature", "properties": {"nombre": "Quillagua", "tipo": "calle"}, "geometry": {"type": "Point", "coordinates": [-70.38317, -23.62926]}}, {"type": "Feature", "properties": {"nombre": "Solor", "tipo": "calle"}, "geometry": {"type": "Point", "coordinates": [-70.38235, -23.62884]}}, {"type": "Feature", "properties": {"nombre": "Soncor", "tipo": "calle"}, "geometry": {"type": "Point", "coordinates": [-70.38266, -23.62884]}}, {"type": "Feature", "properties": {"nombre": "Tulor", "tipo": "calle"}, "geometry": {"type": "Point", "coordinates": [-70.38296, -23.62882]}}, {"type": "Feature", "properties": {"nombre": "Yaye", "tipo": "calle"}, "geometry": {"type": "Point", "coordinates": [-70.38175, -23.62888]}}, {"type": "Feature", "properties": {"nombre": "Pedro de Valdivia", "tipo": "calle"}, "geometry": {"type": "Point", "coordinates": [-70.38746, -23.62792]}}, {"type": "Feature", "properties": {"nombre": "Galvarino Rossi", "tipo": "calle"}, "geometry": {"type": "Point", "coordinates": [-70.41672, -23.70527]}}, {"type": "Feature", "properties": {"nombre": "Las Alpacas", "tipo": "calle"}, "geometry": {"type": "Point", "coordinates": [-70.43059, -23.71086]}}, {"type": "Feature", "properties": {"nombre": "María Castro", "tipo": "calle"}, "geometry": {"type": "Point", "coordinates": [-70.41664, -23.70475]}}, {"type": "Feature", "properties": {"nombre": "Cerro Colorado", "tipo": "calle"}, "geometry": {"type": "Point", "coordinates": [-70.42021, -23.70899]}}, {"type": "Feature", "properties": {"nombre": "Tarapaca", "tipo": "calle"}, "geometry": {"type": "Point", "coordinates": [-70.39237, -23.63775]}}, {"type": "Feature", "properties": {"nombre": "14 de Julio", "tipo": "calle"}, "geometry": {"type": "Point", "coordinates": [-70.39752, -23.65501]}}, {"type": "Feature", "properties": {"nombre": "Clodomiro Rozas", "tipo": "calle"}, "geometry": {"type": "Point", "coordinates": [-70.38185, -23.59098]}}, {"type": "Feature", "properties": {"nombre": "General José Manuel Borgoño", "tipo": "calle"}, "geometry": {"type": "Point", "coordinates": [-70.4046, -23.66637]}}, {"type": "Feature", "properties": {"nombre": "Virgilio Arias", "tipo": "calle"}, "geometry": {"type": "Point", "coordinates": [-70.41354, -23.67818]}}, {"type": "Feature", "properties": {"nombre": "Las Orcas", "tipo": "calle"}, "geometry": {"type": "Point", "coordinates": [-70.38809, -23.58688]}}, {"type": "Feature", "properties": {"nombre": "Los Delfines", "tipo": "calle"}, "geometry": {"type": "Point", "coordinates": [-70.38876, -23.58672]}}, {"type": "Feature", "properties": {"nombre": "Las Albacoras", "tipo": "calle"}, "geometry": {"type": "Point", "coordinates": [-70.38735, -23.58683]}}, {"type": "Feature", "properties": {"nombre": "Las Mantarrayas", "tipo": "calle"}, "geometry": {"type": "Point", "coordinates": [-70.38767, -23.58687]}}, {"type": "Feature", "properties": {"nombre": "Las Toninas", "tipo": "calle"}, "geometry": {"type": "Point", "coordinates": [-70.3884, -23.58692]}}, {"type": "Feature", "properties": {"nombre": "Los Escualos", "tipo": "calle"}, "geometry": {"type": "Point", "coordinates": [-70.38695, -23.58681]}}, {"type": "Feature", "properties": {"nombre": "Plaza La Favorecedora", "tipo": "place"}, "geometry": {"type": "Point", "coordinates": [-70.39991, -23.66796]}}, {"type": "Feature", "properties": {"nombre": "Alfredo Valenzuela", "tipo": "calle"}, "geometry": {"type": "Point", "coordinates": [-70.40474, -23.67394]}}, {"type": "Feature", "properties": {"nombre": "El Cobre", "tipo": "calle"}, "geometry": {"type": "Point", "coordinates": [-70.39597, -23.626]}}, {"type": "Feature", "properties": {"nombre": "Pasaje Azapa", "tipo": "calle"}, "geometry": {"type": "Point", "coordinates": [-70.3847, -23.61289]}}, {"type": "Feature", "properties": {"nombre": "Pasaje Orlayer Alcayaga Mallea", "tipo": "calle"}, "geometry": {"type": "Point", "coordinates": [-70.39505, -23.5933]}}, {"type": "Feature", "properties": {"nombre": "Cavancha", "tipo": "calle"}, "geometry": {"type": "Point", "coordinates": [-70.39145, -23.60378]}}, {"type": "Feature", "properties": {"nombre": "Los Chirihues", "tipo": "calle"}, "geometry": {"type": "Point", "coordinates": [-70.39254, -23.5832]}}, {"type": "Feature", "properties": {"nombre": "Rodrigo Chaparro Aravena", "tipo": "calle"}, "geometry": {"type": "Point", "coordinates": [-70.3828, -23.57694]}}, {"type": "Feature", "properties": {"nombre": "Plaza del Puerto", "tipo": "place"}, "geometry": {"type": "Point", "coordinates": [-70.40289, -23.65357]}}, {"type": "Feature", "properties": {"nombre": "Colombia", "tipo": "calle"}, "geometry": {"type": "Point", "coordinates": [-70.38877, -23.62909]}}, {"type": "Feature", "properties": {"nombre": "Castro", "tipo": "calle"}, "geometry": {"type": "Point", "coordinates": [-70.38191, -23.6213]}}, {"type": "Feature", "properties": {"nombre": "Jorge Washington", "tipo": "calle"}, "geometry": {"type": "Point", "coordinates": [-70.39926, -23.64668]}}, {"type": "Feature", "properties": {"nombre": "Eduardo Lefort", "tipo": "calle"}, "geometry": {"type": "Point", "coordinates": [-70.39524, -23.66193]}}, {"type": "Feature", "properties": {"nombre": "Saavedra", "tipo": "calle"}, "geometry": {"type": "Point", "coordinates": [-70.39336, -23.65788]}}, {"type": "Feature", "properties": {"nombre": "Carlos Condell", "tipo": "calle"}, "geometry": {"type": "Point", "coordinates": [-70.39825, -23.65013]}}, {"type": "Feature", "properties": {"nombre": "Los Guindos", "tipo": "calle"}, "geometry": {"type": "Point", "coordinates": [-70.39179, -23.58697]}}, {"type": "Feature", "properties": {"nombre": "Terramar 1", "tipo": "calle"}, "geometry": {"type": "Point", "coordinates": [-70.39358, -23.59373]}}, {"type": "Feature", "properties": {"nombre": "Emile Sironvalle", "tipo": "calle"}, "geometry": {"type": "Point", "coordinates": [-70.40749, -23.6998]}}, {"type": "Feature", "properties": {"nombre": "Alcalde Germán Miric Vega", "tipo": "calle"}, "geometry": {"type": "Point", "coordinates": [-70.4194, -23.69321]}}, {"type": "Feature", "properties": {"nombre": "Granaderos", "tipo": "calle"}, "geometry": {"type": "Point", "coordinates": [-70.41145, -23.67489]}}, {"type": "Feature", "properties": {"nombre": "Pantaleon Cortes", "tipo": "calle"}, "geometry": {"type": "Point", "coordinates": [-70.3882, -23.59978]}}, {"type": "Feature", "properties": {"nombre": "Regidor Luis Gaete Letelier", "tipo": "calle"}, "geometry": {"type": "Point", "coordinates": [-70.40586, -23.68553]}}, {"type": "Feature", "properties": {"nombre": "7º de Línea", "tipo": "calle"}, "geometry": {"type": "Point", "coordinates": [-70.39816, -23.67026]}}, {"type": "Feature", "properties": {"nombre": "Plaza  Huellelhue", "tipo": "place"}, "geometry": {"type": "Point", "coordinates": [-70.40763, -23.69139]}}, {"type": "Feature", "properties": {"nombre": "Pasaje Manuel Icaza", "tipo": "calle"}, "geometry": {"type": "Point", "coordinates": [-70.40585, -23.68463]}}, {"type": "Feature", "properties": {"nombre": "Sucre", "tipo": "calle"}, "geometry": {"type": "Point", "coordinates": [-70.38716, -23.65702]}}, {"type": "Feature", "properties": {"nombre": "Antonio José de Sucre", "tipo": "calle"}, "geometry": {"type": "Point", "coordinates": [-70.39444, -23.64936]}}, {"type": "Feature", "properties": {"nombre": "Pasaje Samuel Bañados Morris", "tipo": "calle"}, "geometry": {"type": "Point", "coordinates": [-70.37627, -23.57658]}}, {"type": "Feature", "properties": {"nombre": "Neurara", "tipo": "calle"}, "geometry": {"type": "Point", "coordinates": [-70.40837, -23.69331]}}, {"type": "Feature", "properties": {"nombre": "Pasaje Atilio Machiavello Vargas", "tipo": "calle"}, "geometry": {"type": "Point", "coordinates": [-70.40592, -23.68684]}}, {"type": "Feature", "properties": {"nombre": "Andrés Sabella", "tipo": "calle"}, "geometry": {"type": "Point", "coordinates": [-70.40146, -23.67396]}}, {"type": "Feature", "properties": {"nombre": "Las Encinas", "tipo": "calle"}, "geometry": {"type": "Point", "coordinates": [-70.3981, -23.67535]}}, {"type": "Feature", "properties": {"nombre": "Pasaje Julio Asmussen", "tipo": "calle"}, "geometry": {"type": "Point", "coordinates": [-70.42344, -23.70556]}}, {"type": "Feature", "properties": {"nombre": "Pasaje Adolfo Contador", "tipo": "calle"}, "geometry": {"type": "Point", "coordinates": [-70.42301, -23.70578]}}, {"type": "Feature", "properties": {"nombre": "Valle Nortino", "tipo": "calle"}, "geometry": {"type": "Point", "coordinates": [-70.42988, -23.71164]}}, {"type": "Feature", "properties": {"nombre": "Pedro Prado", "tipo": "calle"}, "geometry": {"type": "Point", "coordinates": [-70.4073, -23.67599]}}, {"type": "Feature", "properties": {"nombre": "Plaza Villa Los Salares", "tipo": "place"}, "geometry": {"type": "Point", "coordinates": [-70.37979, -23.63174]}}, {"type": "Feature", "properties": {"nombre": "Horizonte", "tipo": "calle"}, "geometry": {"type": "Point", "coordinates": [-70.39297, -23.66738]}}, {"type": "Feature", "properties": {"nombre": "Antofagasta", "tipo": "calle"}, "geometry": {"type": "Point", "coordinates": [-70.39507, -23.66632]}}, {"type": "Feature", "properties": {"nombre": "José María Caro", "tipo": "calle"}, "geometry": {"type": "Point", "coordinates": [-70.38842, -23.65883]}}, {"type": "Feature", "properties": {"nombre": "Emilio Astete", "tipo": "calle"}, "geometry": {"type": "Point", "coordinates": [-70.38779, -23.65722]}}, {"type": "Feature", "properties": {"nombre": "Vega Lafferte", "tipo": "calle"}, "geometry": {"type": "Point", "coordinates": [-70.38937, -23.65251]}}, {"type": "Feature", "properties": {"nombre": "El Salvador", "tipo": "calle"}, "geometry": {"type": "Point", "coordinates": [-70.39034, -23.66683]}}, {"type": "Feature", "properties": {"nombre": "Leonora Latorre", "tipo": "calle"}, "geometry": {"type": "Point", "coordinates": [-70.3869, -23.65848]}}, {"type": "Feature", "properties": {"nombre": "Molina", "tipo": "calle"}, "geometry": {"type": "Point", "coordinates": [-70.3862, -23.65603]}}, {"type": "Feature", "properties": {"nombre": "Pajonales", "tipo": "calle"}, "geometry": {"type": "Point", "coordinates": [-70.38594, -23.65559]}}, {"type": "Feature", "properties": {"nombre": "Chuquisaca", "tipo": "calle"}, "geometry": {"type": "Point", "coordinates": [-70.39064, -23.64473]}}, {"type": "Feature", "properties": {"nombre": "Ingeniero Mutilla", "tipo": "calle"}, "geometry": {"type": "Point", "coordinates": [-70.38525, -23.64499]}}, {"type": "Feature", "properties": {"nombre": "Freire", "tipo": "calle"}, "geometry": {"type": "Point", "coordinates": [-70.38487, -23.64259]}}, {"type": "Feature", "properties": {"nombre": "Recabarren", "tipo": "calle"}, "geometry": {"type": "Point", "coordinates": [-70.39522, -23.63441]}}, {"type": "Feature", "properties": {"nombre": "Federico Schwager", "tipo": "calle"}, "geometry": {"type": "Point", "coordinates": [-70.39267, -23.63208]}}, {"type": "Feature", "properties": {"nombre": "Sewell", "tipo": "calle"}, "geometry": {"type": "Point", "coordinates": [-70.39278, -23.63204]}}, {"type": "Feature", "properties": {"nombre": "Grace", "tipo": "calle"}, "geometry": {"type": "Point", "coordinates": [-70.39364, -23.63013]}}, {"type": "Feature", "properties": {"nombre": "Camiña", "tipo": "calle"}, "geometry": {"type": "Point", "coordinates": [-70.38293, -23.63071]}}, {"type": "Feature", "properties": {"nombre": "Lúpica", "tipo": "calle"}, "geometry": {"type": "Point", "coordinates": [-70.38179, -23.62906]}}, {"type": "Feature", "properties": {"nombre": "Carahue", "tipo": "calle"}, "geometry": {"type": "Point", "coordinates": [-70.38695, -23.63397]}}, {"type": "Feature", "properties": {"nombre": "Coyhaique", "tipo": "calle"}, "geometry": {"type": "Point", "coordinates": [-70.38698, -23.63362]}}, {"type": "Feature", "properties": {"nombre": "Pelantaro", "tipo": "calle"}, "geometry": {"type": "Point", "coordinates": [-70.38726, -23.63241]}}, {"type": "Feature", "properties": {"nombre": "Millarelmo", "tipo": "calle"}, "geometry": {"type": "Point", "coordinates": [-70.38704, -23.63258]}}, {"type": "Feature", "properties": {"nombre": "Los Pinguinos", "tipo": "calle"}, "geometry": {"type": "Point", "coordinates": [-70.39094, -23.60084]}}, {"type": "Feature", "properties": {"nombre": "Las Taguas", "tipo": "calle"}, "geometry": {"type": "Point", "coordinates": [-70.39085, -23.60129]}}, {"type": "Feature", "properties": {"nombre": "Argón", "tipo": "calle"}, "geometry": {"type": "Point", "coordinates": [-70.39583, -23.59538]}}, {"type": "Feature", "properties": {"nombre": "Las Pataguas", "tipo": "calle"}, "geometry": {"type": "Point", "coordinates": [-70.3917, -23.59149]}}, {"type": "Feature", "properties": {"nombre": "Santa Rosa de Huara", "tipo": "calle"}, "geometry": {"type": "Point", "coordinates": [-70.37222, -23.59823]}}, {"type": "Feature", "properties": {"nombre": "Avenida República de Croacia", "tipo": "calle"}, "geometry": {"type": "Point", "coordinates": [-70.4065, -23.67079]}}, {"type": "Feature", "properties": {"nombre": "Domingo Vlashovic", "tipo": "calle"}, "geometry": {"type": "Point", "coordinates": [-70.40596, -23.68582]}}, {"type": "Feature", "properties": {"nombre": "Clara Mardones", "tipo": "calle"}, "geometry": {"type": "Point", "coordinates": [-70.40698, -23.68686]}}, {"type": "Feature", "properties": {"nombre": "Pablo Schmidt", "tipo": "calle"}, "geometry": {"type": "Point", "coordinates": [-70.4067, -23.68688]}}, {"type": "Feature", "properties": {"nombre": "Parque de juegos Unimarc", "tipo": "place"}, "geometry": {"type": "Point", "coordinates": [-70.40975, -23.69304]}}, {"type": "Feature", "properties": {"nombre": "Plaza Santa Teresa de los Andes", "tipo": "place"}, "geometry": {"type": "Point", "coordinates": [-70.4261, -23.70937]}}, {"type": "Feature", "properties": {"nombre": "Plaza Mop", "tipo": "place"}, "geometry": {"type": "Point", "coordinates": [-70.40238, -23.65172]}}, {"type": "Feature", "properties": {"nombre": "Plaza Osvaldo Ventura", "tipo": "place"}, "geometry": {"type": "Point", "coordinates": [-70.39773, -23.64454]}}, {"type": "Feature", "properties": {"nombre": "Plazoleta Isaac Arce", "tipo": "place"}, "geometry": {"type": "Point", "coordinates": [-70.39689, -23.64641]}}, {"type": "Feature", "properties": {"nombre": "Plaza Grecia", "tipo": "place"}, "geometry": {"type": "Point", "coordinates": [-70.40314, -23.65974]}}, {"type": "Feature", "properties": {"nombre": "Parque Barrio Tecnológico", "tipo": "place"}, "geometry": {"type": "Point", "coordinates": [-70.40846, -23.67951]}}, {"type": "Feature", "properties": {"nombre": "Pasaje Centinela", "tipo": "calle"}, "geometry": {"type": "Point", "coordinates": [-70.39447, -23.63229]}}, {"type": "Feature", "properties": {"nombre": "Cau Cau", "tipo": "calle"}, "geometry": {"type": "Point", "coordinates": [-70.40921, -23.69608]}}, {"type": "Feature", "properties": {"nombre": "Gabriela Mistral", "tipo": "calle"}, "geometry": {"type": "Point", "coordinates": [-70.40532, -23.67275]}}, {"type": "Feature", "properties": {"nombre": "Pedro Antonio González", "tipo": "calle"}, "geometry": {"type": "Point", "coordinates": [-70.40694, -23.67817]}}, {"type": "Feature", "properties": {"nombre": "José Espronceda", "tipo": "calle"}, "geometry": {"type": "Point", "coordinates": [-70.41217, -23.67778]}}, {"type": "Feature", "properties": {"nombre": "Mirasol", "tipo": "calle"}, "geometry": {"type": "Point", "coordinates": [-70.408, -23.67355]}}, {"type": "Feature", "properties": {"nombre": "Acceso Coviefi", "tipo": "calle"}, "geometry": {"type": "Point", "coordinates": [-70.4059, -23.69742]}}, {"type": "Feature", "properties": {"nombre": "Acceso Medialuna", "tipo": "calle"}, "geometry": {"type": "Point", "coordinates": [-70.41469, -23.69334]}}, {"type": "Feature", "properties": {"nombre": "José Blumell", "tipo": "calle"}, "geometry": {"type": "Point", "coordinates": [-70.41164, -23.678]}}, {"type": "Feature", "properties": {"nombre": "Imilac", "tipo": "calle"}, "geometry": {"type": "Point", "coordinates": [-70.3997, -23.67039]}}, {"type": "Feature", "properties": {"nombre": "Pasaje Mauricio Álvarez", "tipo": "calle"}, "geometry": {"type": "Point", "coordinates": [-70.39506, -23.59303]}}, {"type": "Feature", "properties": {"nombre": "Terramar 3", "tipo": "calle"}, "geometry": {"type": "Point", "coordinates": [-70.39283, -23.59531]}}, {"type": "Feature", "properties": {"nombre": "Terramar 2", "tipo": "calle"}, "geometry": {"type": "Point", "coordinates": [-70.39332, -23.59334]}}, {"type": "Feature", "properties": {"nombre": "Pasaje Eduardo Vital Leporte", "tipo": "calle"}, "geometry": {"type": "Point", "coordinates": [-70.39484, -23.59315]}}, {"type": "Feature", "properties": {"nombre": "Luis Mancilla", "tipo": "calle"}, "geometry": {"type": "Point", "coordinates": [-70.40876, -23.67885]}}, {"type": "Feature", "properties": {"nombre": "Condominio Casas del Alba", "tipo": "calle"}, "geometry": {"type": "Point", "coordinates": [-70.40774, -23.68536]}}, {"type": "Feature", "properties": {"nombre": "Valle del Silencio", "tipo": "calle"}, "geometry": {"type": "Point", "coordinates": [-70.43238, -23.71569]}}, {"type": "Feature", "properties": {"nombre": "Valle del Jardín", "tipo": "calle"}, "geometry": {"type": "Point", "coordinates": [-70.43159, -23.7143]}}, {"type": "Feature", "properties": {"nombre": "Valle del Mar", "tipo": "calle"}, "geometry": {"type": "Point", "coordinates": [-70.42865, -23.71472]}}, {"type": "Feature", "properties": {"nombre": "Pasaje Juan López", "tipo": "calle"}, "geometry": {"type": "Point", "coordinates": [-70.4013, -23.65234]}}, {"type": "Feature", "properties": {"nombre": "Tucapel", "tipo": "calle"}, "geometry": {"type": "Point", "coordinates": [-70.38904, -23.65285]}}, {"type": "Feature", "properties": {"nombre": "Paso de Jama", "tipo": "calle"}, "geometry": {"type": "Point", "coordinates": [-70.37422, -23.62822]}}, {"type": "Feature", "properties": {"nombre": "Peñaflor", "tipo": "calle"}, "geometry": {"type": "Point", "coordinates": [-70.37807, -23.62631]}}, {"type": "Feature", "properties": {"nombre": "Bonilla", "tipo": "calle"}, "geometry": {"type": "Point", "coordinates": [-70.37608, -23.62429]}}, {"type": "Feature", "properties": {"nombre": "Pasaje Oriente", "tipo": "calle"}, "geometry": {"type": "Point", "coordinates": [-70.37733, -23.62261]}}, {"type": "Feature", "properties": {"nombre": "El Toqui", "tipo": "calle"}, "geometry": {"type": "Point", "coordinates": [-70.37611, -23.62288]}}, {"type": "Feature", "properties": {"nombre": "Pasaje Curanilahue", "tipo": "calle"}, "geometry": {"type": "Point", "coordinates": [-70.37618, -23.62325]}}, {"type": "Feature", "properties": {"nombre": "Freirina", "tipo": "calle"}, "geometry": {"type": "Point", "coordinates": [-70.37528, -23.62486]}}, {"type": "Feature", "properties": {"nombre": "Aillavilu", "tipo": "calle"}, "geometry": {"type": "Point", "coordinates": [-70.37622, -23.60009]}}, {"type": "Feature", "properties": {"nombre": "Travesía de la Playa", "tipo": "calle"}, "geometry": {"type": "Point", "coordinates": [-70.42796, -23.70725]}}, {"type": "Feature", "properties": {"nombre": "Pasaje Sin Nombre", "tipo": "calle"}, "geometry": {"type": "Point", "coordinates": [-70.37437, -23.6055]}}, {"type": "Feature", "properties": {"nombre": "Calle del Cerro", "tipo": "calle"}, "geometry": {"type": "Point", "coordinates": [-70.37402, -23.60528]}}, {"type": "Feature", "properties": {"nombre": "Pasaje Magdalena Contreras Gangas", "tipo": "calle"}, "geometry": {"type": "Point", "coordinates": [-70.37368, -23.6056]}}, {"type": "Feature", "properties": {"nombre": "Pasaje del Cerro", "tipo": "calle"}, "geometry": {"type": "Point", "coordinates": [-70.37399, -23.60642]}}, {"type": "Feature", "properties": {"nombre": "Pasaje Chacance", "tipo": "calle"}, "geometry": {"type": "Point", "coordinates": [-70.38277, -23.6027]}}, {"type": "Feature", "properties": {"nombre": "Estación Cerrillos", "tipo": "calle"}, "geometry": {"type": "Point", "coordinates": [-70.38585, -23.59181]}}, {"type": "Feature", "properties": {"nombre": "Pasaje Guanaqueros", "tipo": "calle"}, "geometry": {"type": "Point", "coordinates": [-70.37384, -23.58507]}}, {"type": "Feature", "properties": {"nombre": "Héctor Erazo", "tipo": "calle"}, "geometry": {"type": "Point", "coordinates": [-70.37397, -23.58427]}}, {"type": "Feature", "properties": {"nombre": "Pasaje Violeta Parra", "tipo": "calle"}, "geometry": {"type": "Point", "coordinates": [-70.37452, -23.58253]}}, {"type": "Feature", "properties": {"nombre": "Pasaje Rene Silva Espejo", "tipo": "calle"}, "geometry": {"type": "Point", "coordinates": [-70.40619, -23.68733]}}, {"type": "Feature", "properties": {"nombre": "Peatonal Uno", "tipo": "calle"}, "geometry": {"type": "Point", "coordinates": [-70.37687, -23.60859]}}, {"type": "Feature", "properties": {"nombre": "Leonardo Guzmán", "tipo": "calle"}, "geometry": {"type": "Point", "coordinates": [-70.40068, -23.67551]}}, {"type": "Feature", "properties": {"nombre": "Antonio Pinto D.", "tipo": "calle"}, "geometry": {"type": "Point", "coordinates": [-70.40546, -23.68702]}}, {"type": "Feature", "properties": {"nombre": "Subida de la Poza", "tipo": "calle"}, "geometry": {"type": "Point", "coordinates": [-70.4302, -23.70862]}}, {"type": "Feature", "properties": {"nombre": "Los Girasoles", "tipo": "calle"}, "geometry": {"type": "Point", "coordinates": [-70.39558, -23.66988]}}, {"type": "Feature", "properties": {"nombre": "La Esperanza", "tipo": "calle"}, "geometry": {"type": "Point", "coordinates": [-70.39486, -23.67013]}}, {"type": "Feature", "properties": {"nombre": "Los Fundadores", "tipo": "calle"}, "geometry": {"type": "Point", "coordinates": [-70.39593, -23.66977]}}, {"type": "Feature", "properties": {"nombre": "15 de Marzo", "tipo": "calle"}, "geometry": {"type": "Point", "coordinates": [-70.39152, -23.66877]}}, {"type": "Feature", "properties": {"nombre": "Vista al Mar", "tipo": "calle"}, "geometry": {"type": "Point", "coordinates": [-70.39141, -23.66909]}}, {"type": "Feature", "properties": {"nombre": "Aránguiz", "tipo": "calle"}, "geometry": {"type": "Point", "coordinates": [-70.3904, -23.66897]}}, {"type": "Feature", "properties": {"nombre": "Copihue", "tipo": "calle"}, "geometry": {"type": "Point", "coordinates": [-70.39085, -23.66911]}}, {"type": "Feature", "properties": {"nombre": "Sol y Luna", "tipo": "calle"}, "geometry": {"type": "Point", "coordinates": [-70.38937, -23.66913]}}, {"type": "Feature", "properties": {"nombre": "Leonardo Farkas", "tipo": "calle"}, "geometry": {"type": "Point", "coordinates": [-70.38889, -23.66839]}}, {"type": "Feature", "properties": {"nombre": "Pasaje 1", "tipo": "calle"}, "geometry": {"type": "Point", "coordinates": [-70.38803, -23.66213]}}, {"type": "Feature", "properties": {"nombre": "Colinas", "tipo": "calle"}, "geometry": {"type": "Point", "coordinates": [-70.38067, -23.63589]}}, {"type": "Feature", "properties": {"nombre": "Padre Alberto Hurtado", "tipo": "calle"}, "geometry": {"type": "Point", "coordinates": [-70.38145, -23.63788]}}, {"type": "Feature", "properties": {"nombre": "Jael", "tipo": "calle"}, "geometry": {"type": "Point", "coordinates": [-70.38137, -23.63833]}}, {"type": "Feature", "properties": {"nombre": "Delmira Agustini", "tipo": "calle"}, "geometry": {"type": "Point", "coordinates": [-70.37457, -23.62639]}}, {"type": "Feature", "properties": {"nombre": "Circunvalación", "tipo": "calle"}, "geometry": {"type": "Point", "coordinates": [-70.37339, -23.62092]}}, {"type": "Feature", "properties": {"nombre": "Leones", "tipo": "calle"}, "geometry": {"type": "Point", "coordinates": [-70.37105, -23.61728]}}, {"type": "Feature", "properties": {"nombre": "Pasaje Río Bueno", "tipo": "calle"}, "geometry": {"type": "Point", "coordinates": [-70.37356, -23.60401]}}, {"type": "Feature", "properties": {"nombre": "Edwin Hurtado Gómez", "tipo": "calle"}, "geometry": {"type": "Point", "coordinates": [-70.37163, -23.59667]}}, {"type": "Feature", "properties": {"nombre": "Centro Recreacional y Deportivo Villa Esperanza", "tipo": "place"}, "geometry": {"type": "Point", "coordinates": [-70.37332, -23.58518]}}, {"type": "Feature", "properties": {"nombre": "Gonzalo Castro Toro", "tipo": "calle"}, "geometry": {"type": "Point", "coordinates": [-70.37685, -23.57868]}}, {"type": "Feature", "properties": {"nombre": "Jamzín", "tipo": "calle"}, "geometry": {"type": "Point", "coordinates": [-70.37492, -23.57984]}}, {"type": "Feature", "properties": {"nombre": "Clavel", "tipo": "calle"}, "geometry": {"type": "Point", "coordinates": [-70.37481, -23.58036]}}, {"type": "Feature", "properties": {"nombre": "Geranios", "tipo": "calle"}, "geometry": {"type": "Point", "coordinates": [-70.37465, -23.58107]}}, {"type": "Feature", "properties": {"nombre": "Las Rosas", "tipo": "calle"}, "geometry": {"type": "Point", "coordinates": [-70.37416, -23.58026]}}, {"type": "Feature", "properties": {"nombre": "Violeta", "tipo": "calle"}, "geometry": {"type": "Point", "coordinates": [-70.37438, -23.58079]}}, {"type": "Feature", "properties": {"nombre": "Girasol", "tipo": "calle"}, "geometry": {"type": "Point", "coordinates": [-70.37371, -23.5806]}}, {"type": "Feature", "properties": {"nombre": "Héctor Rojas Albornoz", "tipo": "calle"}, "geometry": {"type": "Point", "coordinates": [-70.37473, -23.57879]}}, {"type": "Feature", "properties": {"nombre": "Rayito de Esperanza", "tipo": "calle"}, "geometry": {"type": "Point", "coordinates": [-70.37409, -23.58005]}}, {"type": "Feature", "properties": {"nombre": "Viracocha", "tipo": "calle"}, "geometry": {"type": "Point", "coordinates": [-70.37588, -23.5803]}}, {"type": "Feature", "properties": {"nombre": "Antu", "tipo": "calle"}, "geometry": {"type": "Point", "coordinates": [-70.37564, -23.58026]}}, {"type": "Feature", "properties": {"nombre": "Principal", "tipo": "calle"}, "geometry": {"type": "Point", "coordinates": [-70.37598, -23.58174]}}, {"type": "Feature", "properties": {"nombre": "Heliconia", "tipo": "calle"}, "geometry": {"type": "Point", "coordinates": [-70.37617, -23.58215]}}, {"type": "Feature", "properties": {"nombre": "Río Camarones", "tipo": "calle"}, "geometry": {"type": "Point", "coordinates": [-70.37484, -23.585]}}, {"type": "Feature", "properties": {"nombre": "Los Arenales", "tipo": "calle"}, "geometry": {"type": "Point", "coordinates": [-70.37593, -23.5813]}}, {"type": "Feature", "properties": {"nombre": "Perú", "tipo": "calle"}, "geometry": {"type": "Point", "coordinates": [-70.37553, -23.58208]}}, {"type": "Feature", "properties": {"nombre": "Escondida", "tipo": "calle"}, "geometry": {"type": "Point", "coordinates": [-70.37569, -23.58239]}}, {"type": "Feature", "properties": {"nombre": "Bolivia", "tipo": "calle"}, "geometry": {"type": "Point", "coordinates": [-70.37535, -23.58182]}}, {"type": "Feature", "properties": {"nombre": "La Montaña", "tipo": "calle"}, "geometry": {"type": "Point", "coordinates": [-70.38279, -23.65057]}}, {"type": "Feature", "properties": {"nombre": "El Soldado", "tipo": "calle"}, "geometry": {"type": "Point", "coordinates": [-70.39027, -23.66861]}}, {"type": "Feature", "properties": {"nombre": "Bahía", "tipo": "calle"}, "geometry": {"type": "Point", "coordinates": [-70.39379, -23.66711]}}, {"type": "Feature", "properties": {"nombre": "Los Vientos", "tipo": "calle"}, "geometry": {"type": "Point", "coordinates": [-70.39344, -23.668]}}, {"type": "Feature", "properties": {"nombre": "Patricio Lynch", "tipo": "calle"}, "geometry": {"type": "Point", "coordinates": [-70.39662, -23.6699]}}, {"type": "Feature", "properties": {"nombre": "Plaza de Encuentro de Emergencia", "tipo": "place"}, "geometry": {"type": "Point", "coordinates": [-70.40361, -23.67427]}}, {"type": "Feature", "properties": {"nombre": "Pasaje Santa Guillermina", "tipo": "calle"}, "geometry": {"type": "Point", "coordinates": [-70.40603, -23.69652]}}, {"type": "Feature", "properties": {"nombre": "Plaza Villa Frei", "tipo": "place"}, "geometry": {"type": "Point", "coordinates": [-70.3827, -23.61114]}}, {"type": "Feature", "properties": {"nombre": "Plaza Bandera", "tipo": "place"}, "geometry": {"type": "Point", "coordinates": [-70.38069, -23.60914]}}, {"type": "Feature", "properties": {"nombre": "Plaza Punta Angamos", "tipo": "place"}, "geometry": {"type": "Point", "coordinates": [-70.3841, -23.61158]}}, {"type": "Feature", "properties": {"nombre": "Plaza de carabineros", "tipo": "place"}, "geometry": {"type": "Point", "coordinates": [-70.39892, -23.64816]}}, {"type": "Feature", "properties": {"nombre": "Plaza Detenidos Desaparecidos", "tipo": "place"}, "geometry": {"type": "Point", "coordinates": [-70.39229, -23.62263]}}, {"type": "Feature", "properties": {"nombre": "Plaza homenaje a O'higgins", "tipo": "place"}, "geometry": {"type": "Point", "coordinates": [-70.40246, -23.65516]}}, {"type": "Feature", "properties": {"nombre": "Plaza Cau Cau", "tipo": "place"}, "geometry": {"type": "Point", "coordinates": [-70.40957, -23.69751]}}, {"type": "Feature", "properties": {"nombre": "Plaza Nueva", "tipo": "place"}, "geometry": {"type": "Point", "coordinates": [-70.38329, -23.62906]}}, {"type": "Feature", "properties": {"nombre": "Gandarillas", "tipo": "calle"}, "geometry": {"type": "Point", "coordinates": [-70.41294, -23.6802]}}, {"type": "Feature", "properties": {"nombre": "Paseo del Mar", "tipo": "place"}, "geometry": {"type": "Point", "coordinates": [-70.40637, -23.66745]}}, {"type": "Feature", "properties": {"nombre": "Pasaje Osvaldo Silva Castellón", "tipo": "calle"}, "geometry": {"type": "Point", "coordinates": [-70.40245, -23.67763]}}, {"type": "Feature", "properties": {"nombre": "Río Malleco", "tipo": "calle"}, "geometry": {"type": "Point", "coordinates": [-70.38337, -23.58599]}}, {"type": "Feature", "properties": {"nombre": "Pasaje Tinguiririca", "tipo": "calle"}, "geometry": {"type": "Point", "coordinates": [-70.37721, -23.58249]}}, {"type": "Feature", "properties": {"nombre": "Tulipán", "tipo": "calle"}, "geometry": {"type": "Point", "coordinates": [-70.37376, -23.58133]}}, {"type": "Feature", "properties": {"nombre": "Pasaje Myrto Meneses Araya", "tipo": "calle"}, "geometry": {"type": "Point", "coordinates": [-70.37776, -23.5804]}}, {"type": "Feature", "properties": {"nombre": "Pasaje Antonio Ilic Vladislavic", "tipo": "calle"}, "geometry": {"type": "Point", "coordinates": [-70.37514, -23.57694]}}, {"type": "Feature", "properties": {"nombre": "Pasaje Luis Santibañez Diaz", "tipo": "calle"}, "geometry": {"type": "Point", "coordinates": [-70.38346, -23.57718]}}, {"type": "Feature", "properties": {"nombre": "Pasaje Ricardo Olivares M", "tipo": "calle"}, "geometry": {"type": "Point", "coordinates": [-70.38313, -23.57716]}}, {"type": "Feature", "properties": {"nombre": "Pasaje Mario Vernal Ariste", "tipo": "calle"}, "geometry": {"type": "Point", "coordinates": [-70.38278, -23.57712]}}, {"type": "Feature", "properties": {"nombre": "Pasaje Adriana Zoanic", "tipo": "calle"}, "geometry": {"type": "Point", "coordinates": [-70.38238, -23.57705]}}, {"type": "Feature", "properties": {"nombre": "Pasaje Raimundo Rojas", "tipo": "calle"}, "geometry": {"type": "Point", "coordinates": [-70.3767, -23.58785]}}, {"type": "Feature", "properties": {"nombre": "Pasaje Luis Carrasco", "tipo": "calle"}, "geometry": {"type": "Point", "coordinates": [-70.37715, -23.59123]}}, {"type": "Feature", "properties": {"nombre": "Calle Santa Cruz de la Sierra", "tipo": "calle"}, "geometry": {"type": "Point", "coordinates": [-70.37011, -23.60109]}}, {"type": "Feature", "properties": {"nombre": "La Paz", "tipo": "calle"}, "geometry": {"type": "Point", "coordinates": [-70.37208, -23.60002]}}, {"type": "Feature", "properties": {"nombre": "Costa Rica", "tipo": "calle"}, "geometry": {"type": "Point", "coordinates": [-70.37101, -23.59945]}}, {"type": "Feature", "properties": {"nombre": "Mocha", "tipo": "calle"}, "geometry": {"type": "Point", "coordinates": [-70.37056, -23.59933]}}, {"type": "Feature", "properties": {"nombre": "Mujeres Unidas", "tipo": "calle"}, "geometry": {"type": "Point", "coordinates": [-70.37137, -23.59469]}}, {"type": "Feature", "properties": {"nombre": "Puente", "tipo": "calle"}, "geometry": {"type": "Point", "coordinates": [-70.38139, -23.60426]}}, {"type": "Feature", "properties": {"nombre": "Peatonal Tres", "tipo": "calle"}, "geometry": {"type": "Point", "coordinates": [-70.37704, -23.60923]}}, {"type": "Feature", "properties": {"nombre": "Pasaje Huantajaya", "tipo": "calle"}, "geometry": {"type": "Point", "coordinates": [-70.37303, -23.60596]}}, {"type": "Feature", "properties": {"nombre": "Alerce", "tipo": "calle"}, "geometry": {"type": "Point", "coordinates": [-70.37168, -23.61805]}}, {"type": "Feature", "properties": {"nombre": "Viento Libre", "tipo": "calle"}, "geometry": {"type": "Point", "coordinates": [-70.37136, -23.61822]}}, {"type": "Feature", "properties": {"nombre": "Pasaje Peñaflor", "tipo": "calle"}, "geometry": {"type": "Point", "coordinates": [-70.37613, -23.62517]}}, {"type": "Feature", "properties": {"nombre": "Pasaje Zenteno", "tipo": "calle"}, "geometry": {"type": "Point", "coordinates": [-70.39494, -23.63832]}}, {"type": "Feature", "properties": {"nombre": "Los Copiuhes", "tipo": "calle"}, "geometry": {"type": "Point", "coordinates": [-70.39589, -23.66193]}}, {"type": "Feature", "properties": {"nombre": "Pasaje Los Claveles", "tipo": "calle"}, "geometry": {"type": "Point", "coordinates": [-70.39614, -23.66144]}}, {"type": "Feature", "properties": {"nombre": "Pasaje Las Gardenias", "tipo": "calle"}, "geometry": {"type": "Point", "coordinates": [-70.39563, -23.66228]}}, {"type": "Feature", "properties": {"nombre": "Río Pilcomayo", "tipo": "calle"}, "geometry": {"type": "Point", "coordinates": [-70.37957, -23.63098]}}, {"type": "Feature", "properties": {"nombre": "Río Paraná", "tipo": "calle"}, "geometry": {"type": "Point", "coordinates": [-70.37917, -23.63093]}}, {"type": "Feature", "properties": {"nombre": "Moisés", "tipo": "calle"}, "geometry": {"type": "Point", "coordinates": [-70.38085, -23.63783]}}, {"type": "Feature", "properties": {"nombre": "Genesis", "tipo": "calle"}, "geometry": {"type": "Point", "coordinates": [-70.38118, -23.63859]}}, {"type": "Feature", "properties": {"nombre": "Pasaje Germán Riesco", "tipo": "calle"}, "geometry": {"type": "Point", "coordinates": [-70.38612, -23.6372]}}, {"type": "Feature", "properties": {"nombre": "Pasaje Federico Errázuriz", "tipo": "calle"}, "geometry": {"type": "Point", "coordinates": [-70.3861, -23.63708]}}, {"type": "Feature", "properties": {"nombre": "Pasaje Juan Luis Sanfuentes", "tipo": "calle"}, "geometry": {"type": "Point", "coordinates": [-70.38567, -23.63728]}}, {"type": "Feature", "properties": {"nombre": "Plaza Población Matta", "tipo": "place"}, "geometry": {"type": "Point", "coordinates": [-70.38719, -23.64232]}}, {"type": "Feature", "properties": {"nombre": "Pasaje Hernán Mery", "tipo": "calle"}, "geometry": {"type": "Point", "coordinates": [-70.38853, -23.66173]}}, {"type": "Feature", "properties": {"nombre": "Calle 20 de Julio", "tipo": "calle"}, "geometry": {"type": "Point", "coordinates": [-70.3895, -23.67009]}}, {"type": "Feature", "properties": {"nombre": "Pasaje Subida del Sur", "tipo": "calle"}, "geometry": {"type": "Point", "coordinates": [-70.42879, -23.71023]}}, {"type": "Feature", "properties": {"nombre": "Parque Piscina Artificial", "tipo": "place"}, "geometry": {"type": "Point", "coordinates": [-70.40563, -23.66568]}}, {"type": "Feature", "properties": {"nombre": "Plaza Bernardo O´Higgings", "tipo": "place"}, "geometry": {"type": "Point", "coordinates": [-70.3962, -23.63851]}}, {"type": "Feature", "properties": {"nombre": "Escenario Parque Paseo del Mar", "tipo": "place"}, "geometry": {"type": "Point", "coordinates": [-70.40374, -23.65989]}}, {"type": "Feature", "properties": {"nombre": "Parque Japonés", "tipo": "place"}, "geometry": {"type": "Point", "coordinates": [-70.40656, -23.67125]}}, {"type": "Feature", "properties": {"nombre": "Pasaje Daniel Navarro Vega", "tipo": "calle"}, "geometry": {"type": "Point", "coordinates": [-70.3774, -23.58028]}}, {"type": "Feature", "properties": {"nombre": "Memorial a Arístides Hung", "tipo": "place"}, "geometry": {"type": "Point", "coordinates": [-70.39927, -23.65888]}}, {"type": "Feature", "properties": {"nombre": "Edecán Arturo Araya", "tipo": "calle"}, "geometry": {"type": "Point", "coordinates": [-70.37658, -23.62476]}}, {"type": "Feature", "properties": {"nombre": "Los Pumas", "tipo": "calle"}, "geometry": {"type": "Point", "coordinates": [-70.37382, -23.57926]}}, {"type": "Feature", "properties": {"nombre": "General Óscar Bonilla", "tipo": "place"}, "geometry": {"type": "Point", "coordinates": [-70.37944, -23.60792]}}, {"type": "Feature", "properties": {"nombre": "Dr Antonio Rendic", "tipo": "place"}, "geometry": {"type": "Point", "coordinates": [-70.38164, -23.62569]}}, {"type": "Feature", "properties": {"nombre": "Pasaje Iluca", "tipo": "calle"}, "geometry": {"type": "Point", "coordinates": [-70.40558, -23.68668]}}, {"type": "Feature", "properties": {"nombre": "José Manuel Borgoño", "tipo": "calle"}, "geometry": {"type": "Point", "coordinates": [-70.39581, -23.67013]}}, {"type": "Feature", "properties": {"nombre": "Pasaje El Roble", "tipo": "calle"}, "geometry": {"type": "Point", "coordinates": [-70.3833, -23.60338]}}, {"type": "Feature", "properties": {"nombre": "Pasaje Merced", "tipo": "calle"}, "geometry": {"type": "Point", "coordinates": [-70.37352, -23.60609]}}, {"type": "Feature", "properties": {"nombre": "Rivadavia", "tipo": "calle"}, "geometry": {"type": "Point", "coordinates": [-70.41239, -23.69836]}}, {"type": "Feature", "properties": {"nombre": "Pasaje Mirador", "tipo": "calle"}, "geometry": {"type": "Point", "coordinates": [-70.39239, -23.66599]}}, {"type": "Feature", "properties": {"nombre": "García Lorca", "tipo": "calle"}, "geometry": {"type": "Point", "coordinates": [-70.41236, -23.67835]}}, {"type": "Feature", "properties": {"nombre": "Chabunco", "tipo": "calle"}, "geometry": {"type": "Point", "coordinates": [-70.39347, -23.57591]}}, {"type": "Feature", "properties": {"nombre": "Atacama", "tipo": "calle"}, "geometry": {"type": "Point", "coordinates": [-70.39257, -23.65284]}}, {"type": "Feature", "properties": {"nombre": "Margaritas", "tipo": "calle"}, "geometry": {"type": "Point", "coordinates": [-70.37404, -23.581]}}, {"type": "Feature", "properties": {"nombre": "Pasaje Estación Ujina", "tipo": "calle"}, "geometry": {"type": "Point", "coordinates": [-70.38671, -23.5908]}}, {"type": "Feature", "properties": {"nombre": "Pasaje Victorino Vega", "tipo": "calle"}, "geometry": {"type": "Point", "coordinates": [-70.37667, -23.58869]}}, {"type": "Feature", "properties": {"nombre": "Pasaje Vicente Zegers", "tipo": "calle"}, "geometry": {"type": "Point", "coordinates": [-70.37684, -23.58829]}}, {"type": "Feature", "properties": {"nombre": "Pasaje Lorenzo Arenas", "tipo": "calle"}, "geometry": {"type": "Point", "coordinates": [-70.38257, -23.59206]}}, {"type": "Feature", "properties": {"nombre": "Unión", "tipo": "calle"}, "geometry": {"type": "Point", "coordinates": [-70.37177, -23.59905]}}, {"type": "Feature", "properties": {"nombre": "Plaza el Olívar", "tipo": "place"}, "geometry": {"type": "Point", "coordinates": [-70.38634, -23.62875]}}, {"type": "Feature", "properties": {"nombre": "Pasaje Argentina", "tipo": "calle"}, "geometry": {"type": "Point", "coordinates": [-70.39808, -23.66531]}}, {"type": "Feature", "properties": {"nombre": "Pampa Ilusión", "tipo": "calle"}, "geometry": {"type": "Point", "coordinates": [-70.39199, -23.66949]}}, {"type": "Feature", "properties": {"nombre": "Godoy", "tipo": "calle"}, "geometry": {"type": "Point", "coordinates": [-70.38861, -23.65952]}}, {"type": "Feature", "properties": {"nombre": "Plaza 21 de Mayo", "tipo": "place"}, "geometry": {"type": "Point", "coordinates": [-70.39264, -23.6577]}}, {"type": "Feature", "properties": {"nombre": "Plazoleta Humberto Zhigley", "tipo": "place"}, "geometry": {"type": "Point", "coordinates": [-70.39583, -23.65616]}}, {"type": "Feature", "properties": {"nombre": "Pasaje Cunco", "tipo": "calle"}, "geometry": {"type": "Point", "coordinates": [-70.3764, -23.60065]}}, {"type": "Feature", "properties": {"nombre": "Gregorio Marañón", "tipo": "calle"}, "geometry": {"type": "Point", "coordinates": [-70.38123, -23.62502]}}, {"type": "Feature", "properties": {"nombre": "Plazoleta Bolívar", "tipo": "place"}, "geometry": {"type": "Point", "coordinates": [-70.39284, -23.64958]}}, {"type": "Feature", "properties": {"nombre": "Pasaje Chile", "tipo": "calle"}, "geometry": {"type": "Point", "coordinates": [-70.40042, -23.65418]}}, {"type": "Feature", "properties": {"nombre": "Plaza El Salar", "tipo": "place"}, "geometry": {"type": "Point", "coordinates": [-70.3767, -23.6293]}}, {"type": "Feature", "properties": {"nombre": "Plaza Pantaleón Cortés", "tipo": "place"}, "geometry": {"type": "Point", "coordinates": [-70.37985, -23.60093]}}, {"type": "Feature", "properties": {"nombre": "Parque René Schneider", "tipo": "place"}, "geometry": {"type": "Point", "coordinates": [-70.38603, -23.65366]}}, {"type": "Feature", "properties": {"nombre": "Vasco de Gama", "tipo": "calle"}, "geometry": {"type": "Point", "coordinates": [-70.37925, -23.62231]}}, {"type": "Feature", "properties": {"nombre": "González Castro", "tipo": "calle"}, "geometry": {"type": "Point", "coordinates": [-70.37639, -23.58105]}}, {"type": "Feature", "properties": {"nombre": "Yelcho", "tipo": "calle"}, "geometry": {"type": "Point", "coordinates": [-70.3838, -23.6387]}}], "_meta": {"ciudad": "Antofagasta", "fuente": "OpenStreetMap (ODbL) — extracción puntual Overpass"}}