{"type": "FeatureCollection", "features": [{"type": "Feature", "properties": {"nombre": "Calama", "tipo": "place"}, "geometry": {"type": "Point", "coordinates": [-68.92722, -22.46239]}}, {"type": "Feature", "properties": {"nombre": "Chunchurri", "tipo": "place"}, "geometry": {"type": "Point", "coordinates": [-68.91671, -22.47018]}}, {"type": "Feature", "properties": {"nombre": "El Peuco", "tipo": "place"}, "geometry": {"type": "Point", "coordinates": [-68.91716, -22.48563]}}, {"type": "Feature", "properties": {"nombre": "Jalquinche", "tipo": "place"}, "geometry": {"type": "Point", "coordinates": [-68.89071, -22.44092]}}, {"type": "Feature", "properties": {"nombre": "Núñez", "tipo": "place"}, "geometry": {"type": "Point", "coordinates": [-68.94248, -22.48866]}}, {"type": "Feature", "properties": {"nombre": "Quetena", "tipo": "place"}, "geometry": {"type": "Point", "coordinates": [-68.97319, -22.4454]}}, {"type": "Feature", "properties": {"nombre": "Santa Juana", "tipo": "place"}, "geometry": {"type": "Point", "coordinates": [-68.94881, -22.47851]}}, {"type": "Feature", "properties": {"nombre": "Puerto Seco", "tipo": "place"}, "geometry": {"type": "Point", "coordinates": [-68.89667, -22.44223]}}, {"type": "Feature", "properties": {"nombre": "Villa Alemania", "tipo": "place"}, "geometry": {"type": "Point", "coordinates": [-68.94306, -22.44895]}}, {"type": "Feature", "properties": {"nombre": "Condominio Borde Río", "tipo": "place"}, "geometry": {"type": "Point", "coordinates": [-68.92973, -22.48286]}}, {"type": "Feature", "properties": {"nombre": "Salar Pampa Blanca", "tipo": "place"}, "geometry": {"type": "Point", "coordinates": [-68.89997, -22.4474]}}, {"type": "Feature", "properties": {"nombre": "Condominio El Alto", "tipo": "place"}, "geometry": {"type": "Point", "coordinates": [-68.91292, -22.44463]}}, {"type": "Feature", "properties": {"nombre": "Toma Campamento Indígena 2", "tipo": "place"}, "geometry": {"type": "Point", "coordinates": [-68.96796, -22.46191]}}, {"type": "Feature", "properties": {"nombre": "Toma Quebrada de Quentena II", "tipo": "place"}, "geometry": {"type": "Point", "coordinates": [-68.95874, -22.45914]}}, {"type": "Feature", "properties": {"nombre": "Toma Campamento Indigena 1", "tipo": "place"}, "geometry": {"type": "Point", "coordinates": [-68.95672, -22.46026]}}, {"type": "Feature", "properties": {"nombre": "Toma Vega del Sailao", "tipo": "place"}, "geometry": {"type": "Point", "coordinates": [-68.96923, -22.47029]}}, {"type": "Feature", "properties": {"nombre": "Villa René Schneider", "tipo": "place"}, "geometry": {"type": "Point", "coordinates": [-68.94061, -22.44251]}}, {"type": "Feature", "properties": {"nombre": "Universidad de Aconcagua", "tipo": "place"}, "geometry": {"type": "Point", "coordinates": [-68.92246, -22.45439]}}, {"type": "Feature", "properties": {"nombre": "Universidad la República Calama", "tipo": "place"}, "geometry": {"type": "Point", "coordinates": [-68.92387, -22.43602]}}, {"type": "Feature", "properties": {"nombre": "Toma campamento San Salvador", "tipo": "place"}, "geometry": {"type": "Point", "coordinates": [-68.95183, -22.43908]}}, {"type": "Feature", "properties": {"nombre": "Toma campamento Cobija", "tipo": "place"}, "geometry": {"type": "Point", "coordinates": [-68.94606, -22.43683]}}, {"type": "Feature", "properties": {"nombre": "Toma La Quentena", "tipo": "place"}, "geometry": {"type": "Point", "coordinates": [-68.93908, -22.43108]}}, {"type": "Feature", "properties": {"nombre": "Portal del Inca V", "tipo": "place"}, "geometry": {"type": "Point", "coordinates": [-68.9506, -22.45222]}}, {"type": "Feature", "properties": {"nombre": "Villa Caspana", "tipo": "place"}, "geometry": {"type": "Point", "coordinates": [-68.93227, -22.47788]}}, {"type": "Feature", "properties": {"nombre": "Villa Las Vegas", "tipo": "place"}, "geometry": {"type": "Point", "coordinates": [-68.93512, -22.47866]}}, {"type": "Feature", "properties": {"nombre": "Villa Los Yacimientos", "tipo": "place"}, "geometry": {"type": "Point", "coordinates": [-68.91103, -22.44177]}}, {"type": "Feature", "properties": {"nombre": "Villa San Rafael", "tipo": "place"}, "geometry": {"type": "Point", "coordinates": [-68.92542, -22.47807]}}, {"type": "Feature", "properties": {"nombre": "Villa Los Transportistas", "tipo": "place"}, "geometry": {"type": "Point", "coordinates": [-68.94517, -22.46531]}}, {"type": "Feature", "properties": {"nombre": "Villa Chuquicamata", "tipo": "place"}, "geometry": {"type": "Point", "coordinates": [-68.92471, -22.47438]}}, {"type": "Feature", "properties": {"nombre": "Villa El Loa", "tipo": "place"}, "geometry": {"type": "Point", "coordinates": [-68.92371, -22.47667]}}, {"type": "Feature", "properties": {"nombre": "Villa Vista Hermosa", "tipo": "place"}, "geometry": {"type": "Point", "coordinates": [-68.93059, -22.47333]}}, {"type": "Feature", "properties": {"nombre": "Gran Avenida Sur", "tipo": "place"}, "geometry": {"type": "Point", "coordinates": [-68.92926, -22.47134]}}, {"type": "Feature", "properties": {"nombre": "Villa Oasis", "tipo": "place"}, "geometry": {"type": "Point", "coordinates": [-68.93669, -22.47052]}}, {"type": "Feature", "properties": {"nombre": "Villa Covadonga", "tipo": "place"}, "geometry": {"type": "Point", "coordinates": [-68.9404, -22.46552]}}, {"type": "Feature", "properties": {"nombre": "Villa Gabriela Mistral", "tipo": "place"}, "geometry": {"type": "Point", "coordinates": [-68.94243, -22.46318]}}, {"type": "Feature", "properties": {"nombre": "Villa Tucnar Huasi", "tipo": "place"}, "geometry": {"type": "Point", "coordinates": [-68.92027, -22.43085]}}, {"type": "Feature", "properties": {"nombre": "Villa Huaytiquina", "tipo": "place"}, "geometry": {"type": "Point", "coordinates": [-68.92053, -22.43319]}}, {"type": "Feature", "properties": {"nombre": "Villa Independencia Norte", "tipo": "place"}, "geometry": {"type": "Point", "coordinates": [-68.9272, -22.43536]}}, {"type": "Feature", "properties": {"nombre": "Villa Los Salares", "tipo": "place"}, "geometry": {"type": "Point", "coordinates": [-68.90021, -22.44747]}}, {"type": "Feature", "properties": {"nombre": "Villa Lomas Huasi", "tipo": "place"}, "geometry": {"type": "Point", "coordinates": [-68.90078, -22.45154]}}, {"type": "Feature", "properties": {"nombre": "Villa Atacama", "tipo": "place"}, "geometry": {"type": "Point", "coordinates": [-68.9062, -22.44922]}}, {"type": "Feature", "properties": {"nombre": "Villa Los Volcanes", "tipo": "place"}, "geometry": {"type": "Point", "coordinates": [-68.9056, -22.44584]}}, {"type": "Feature", "properties": {"nombre": "Villa Kamac Mayu", "tipo": "place"}, "geometry": {"type": "Point", "coordinates": [-68.90735, -22.44064]}}, {"type": "Feature", "properties": {"nombre": "Diego de Almagro", "tipo": "calle"}, "geometry": {"type": "Point", "coordinates": [-68.93609, -22.44694]}}, {"type": "Feature", "properties": {"nombre": "Ojo de Opache", "tipo": "calle"}, "geometry": {"type": "Point", "coordinates": [-68.93149, -22.48083]}}, {"type": "Feature", "properties": {"nombre": "Aeropuerto El Loa", "tipo": "calle"}, "geometry": {"type": "Point", "coordinates": [-68.90845, -22.49421]}}, {"type": "Feature", "properties": {"nombre": "Balmaceda", "tipo": "calle"}, "geometry": {"type": "Point", "coordinates": [-68.9253, -22.49178]}}, {"type": "Feature", "properties": {"nombre": "Avenida Libertador Bernardo O'Higgins", "tipo": "calle"}, "geometry": {"type": "Point", "coordinates": [-68.92502, -22.48828]}}, {"type": "Feature", "properties": {"nombre": "Juan Soldado", "tipo": "calle"}, "geometry": {"type": "Point", "coordinates": [-68.92121, -22.48898]}}, {"type": "Feature", "properties": {"nombre": "Avenida Licarayen", "tipo": "calle"}, "geometry": {"type": "Point", "coordinates": [-68.92026, -22.48776]}}, {"type": "Feature", "properties": {"nombre": "Pasaje Tangata Manu", "tipo": "calle"}, "geometry": {"type": "Point", "coordinates": [-68.92091, -22.48916]}}, {"type": "Feature", "properties": {"nombre": "Pasaje Alcalde José Lira", "tipo": "calle"}, "geometry": {"type": "Point", "coordinates": [-68.92159, -22.49023]}}, {"type": "Feature", "properties": {"nombre": "Pasaje Juan Soldado Oriente", "tipo": "calle"}, "geometry": {"type": "Point", "coordinates": [-68.92153, -22.48979]}}, {"type": "Feature", "properties": {"nombre": "Pasaje Tangata Manu Poniente", "tipo": "calle"}, "geometry": {"type": "Point", "coordinates": [-68.92148, -22.48937]}}, {"type": "Feature", "properties": {"nombre": "Pasaje Licarayen Sur", "tipo": "calle"}, "geometry": {"type": "Point", "coordinates": [-68.92017, -22.48967]}}, {"type": "Feature", "properties": {"nombre": "Caicaivilu", "tipo": "calle"}, "geometry": {"type": "Point", "coordinates": [-68.91934, -22.48779]}}, {"type": "Feature", "properties": {"nombre": "La Tirana", "tipo": "calle"}, "geometry": {"type": "Point", "coordinates": [-68.91963, -22.48897]}}, {"type": "Feature", "properties": {"nombre": "Pasaje Kora Lle", "tipo": "calle"}, "geometry": {"type": "Point", "coordinates": [-68.91894, -22.48842]}}, {"type": "Feature", "properties": {"nombre": "La Laguna del Inca", "tipo": "calle"}, "geometry": {"type": "Point", "coordinates": [-68.9186, -22.48808]}}, {"type": "Feature", "properties": {"nombre": "Pasaje Illi Yanqui", "tipo": "calle"}, "geometry": {"type": "Point", "coordinates": [-68.91821, -22.48777]}}, {"type": "Feature", "properties": {"nombre": "Pasaje Caicaivilu", "tipo": "calle"}, "geometry": {"type": "Point", "coordinates": [-68.91894, -22.48707]}}, {"type": "Feature", "properties": {"nombre": "Pasaje Baldomero Lillo Poniente", "tipo": "calle"}, "geometry": {"type": "Point", "coordinates": [-68.92181, -22.48823]}}, {"type": "Feature", "properties": {"nombre": "Pasaje Moto Nui", "tipo": "calle"}, "geometry": {"type": "Point", "coordinates": [-68.92137, -22.48856]}}, {"type": "Feature", "properties": {"nombre": "Tangata Manu", "tipo": "calle"}, "geometry": {"type": "Point", "coordinates": [-68.92077, -22.48691]}}, {"type": "Feature", "properties": {"nombre": "Pasaje Licarayen Nte", "tipo": "calle"}, "geometry": {"type": "Point", "coordinates": [-68.91986, -22.48697]}}, {"type": "Feature", "properties": {"nombre": "Pasaje La Calchona", "tipo": "calle"}, "geometry": {"type": "Point", "coordinates": [-68.9179, -22.48426]}}, {"type": "Feature", "properties": {"nombre": "Avenida Jorge Alessandri Rodríguez", "tipo": "calle"}, "geometry": {"type": "Point", "coordinates": [-68.92219, -22.48627]}}, {"type": "Feature", "properties": {"nombre": "Acceso Aeródromo El Loa", "tipo": "calle"}, "geometry": {"type": "Point", "coordinates": [-68.91278, -22.49447]}}, {"type": "Feature", "properties": {"nombre": "Laguna Kalina", "tipo": "calle"}, "geometry": {"type": "Point", "coordinates": [-68.91195, -22.48552]}}, {"type": "Feature", "properties": {"nombre": "Laguna Céjar", "tipo": "calle"}, "geometry": {"type": "Point", "coordinates": [-68.90267, -22.48096]}}, {"type": "Feature", "properties": {"nombre": "Avenida La Paz", "tipo": "calle"}, "geometry": {"type": "Point", "coordinates": [-68.90287, -22.46667]}}, {"type": "Feature", "properties": {"nombre": "Avenida Oriente", "tipo": "calle"}, "geometry": {"type": "Point", "coordinates": [-68.91132, -22.46945]}}, {"type": "Feature", "properties": {"nombre": "Miraflores", "tipo": "calle"}, "geometry": {"type": "Point", "coordinates": [-68.92009, -22.4699]}}, {"type": "Feature", "properties": {"nombre": "Peñaliri", "tipo": "calle"}, "geometry": {"type": "Point", "coordinates": [-68.92802, -22.47595]}}, {"type": "Feature", "properties": {"nombre": "Yerbas Buenas", "tipo": "calle"}, "geometry": {"type": "Point", "coordinates": [-68.92653, -22.47506]}}, {"type": "Feature", "properties": {"nombre": "Avenida Grecia", "tipo": "calle"}, "geometry": {"type": "Point", "coordinates": [-68.93179, -22.47046]}}, {"type": "Feature", "properties": {"nombre": "Casilla", "tipo": "calle"}, "geometry": {"type": "Point", "coordinates": [-68.92932, -22.47494]}}, {"type": "Feature", "properties": {"nombre": "Janequeo", "tipo": "calle"}, "geometry": {"type": "Point", "coordinates": [-68.92716, -22.47412]}}, {"type": "Feature", "properties": {"nombre": "Gabriela Mistral", "tipo": "calle"}, "geometry": {"type": "Point", "coordinates": [-68.92617, -22.47292]}}, {"type": "Feature", "properties": {"nombre": "Valdivia", "tipo": "calle"}, "geometry": {"type": "Point", "coordinates": [-68.93006, -22.47416]}}, {"type": "Feature", "properties": {"nombre": "Aysén", "tipo": "calle"}, "geometry": {"type": "Point", "coordinates": [-68.92917, -22.47396]}}, {"type": "Feature", "properties": {"nombre": "Quillota", "tipo": "calle"}, "geometry": {"type": "Point", "coordinates": [-68.93049, -22.47388]}}, {"type": "Feature", "properties": {"nombre": "Justo Arteaga", "tipo": "calle"}, "geometry": {"type": "Point", "coordinates": [-68.92805, -22.47349]}}, {"type": "Feature", "properties": {"nombre": "Los Andes", "tipo": "calle"}, "geometry": {"type": "Point", "coordinates": [-68.92809, -22.47196]}}, {"type": "Feature", "properties": {"nombre": "Aconcagua", "tipo": "calle"}, "geometry": {"type": "Point", "coordinates": [-68.92919, -22.47238]}}, {"type": "Feature", "properties": {"nombre": "Punta Arenas", "tipo": "calle"}, "geometry": {"type": "Point", "coordinates": [-68.92795, -22.47046]}}, {"type": "Feature", "properties": {"nombre": "Rancagua", "tipo": "calle"}, "geometry": {"type": "Point", "coordinates": [-68.92705, -22.4715]}}, {"type": "Feature", "properties": {"nombre": "Arauco", "tipo": "calle"}, "geometry": {"type": "Point", "coordinates": [-68.92915, -22.47143]}}, {"type": "Feature", "properties": {"nombre": "Osorno", "tipo": "calle"}, "geometry": {"type": "Point", "coordinates": [-68.93073, -22.47187]}}, {"type": "Feature", "properties": {"nombre": "Pasaje Manuel Rodríguez", "tipo": "calle"}, "geometry": {"type": "Point", "coordinates": [-68.92681, -22.47239]}}, {"type": "Feature", "properties": {"nombre": "Cobija", "tipo": "calle"}, "geometry": {"type": "Point", "coordinates": [-68.93557, -22.46887]}}, {"type": "Feature", "properties": {"nombre": "Porvenir", "tipo": "calle"}, "geometry": {"type": "Point", "coordinates": [-68.92759, -22.4669]}}, {"type": "Feature", "properties": {"nombre": "Abaroa", "tipo": "calle"}, "geometry": {"type": "Point", "coordinates": [-68.92592, -22.46873]}}, {"type": "Feature", "properties": {"nombre": "Manzano", "tipo": "calle"}, "geometry": {"type": "Point", "coordinates": [-68.92474, -22.46735]}}, {"type": "Feature", "properties": {"nombre": "Pedro León Gallo", "tipo": "calle"}, "geometry": {"type": "Point", "coordinates": [-68.92681, -22.46533]}}, {"type": "Feature", "properties": {"nombre": "Atacama", "tipo": "calle"}, "geometry": {"type": "Point", "coordinates": [-68.92373, -22.46421]}}, {"type": "Feature", "properties": {"nombre": "Alianza", "tipo": "calle"}, "geometry": {"type": "Point", "coordinates": [-68.93174, -22.47388]}}, {"type": "Feature", "properties": {"nombre": "Victoria", "tipo": "calle"}, "geometry": {"type": "Point", "coordinates": [-68.93216, -22.47382]}}, {"type": "Feature", "properties": {"nombre": "La Serena", "tipo": "calle"}, "geometry": {"type": "Point", "coordinates": [-68.93128, -22.47084]}}, {"type": "Feature", "properties": {"nombre": "Chinchilla", "tipo": "calle"}, "geometry": {"type": "Point", "coordinates": [-68.93048, -22.46676]}}, {"type": "Feature", "properties": {"nombre": "Javiera Carrera", "tipo": "calle"}, "geometry": {"type": "Point", "coordinates": [-68.93001, -22.46491]}}, {"type": "Feature", "properties": {"nombre": "Aníbal Pinto", "tipo": "calle"}, "geometry": {"type": "Point", "coordinates": [-68.9302, -22.46597]}}, {"type": "Feature", "properties": {"nombre": "Salar San Martín", "tipo": "calle"}, "geometry": {"type": "Point", "coordinates": [-68.93065, -22.46629]}}, {"type": "Feature", "properties": {"nombre": "Paula Jaraquemada", "tipo": "calle"}, "geometry": {"type": "Point", "coordinates": [-68.93178, -22.46615]}}, {"type": "Feature", "properties": {"nombre": "Cerro Miño", "tipo": "calle"}, "geometry": {"type": "Point", "coordinates": [-68.93247, -22.4641]}}, {"type": "Feature", "properties": {"nombre": "La Cascada", "tipo": "calle"}, "geometry": {"type": "Point", "coordinates": [-68.93152, -22.46686]}}, {"type": "Feature", "properties": {"nombre": "Cerro Jardín", "tipo": "calle"}, "geometry": {"type": "Point", "coordinates": [-68.93118, -22.46706]}}, {"type": "Feature", "properties": {"nombre": "Llama", "tipo": "calle"}, "geometry": {"type": "Point", "coordinates": [-68.93249, -22.46716]}}, {"type": "Feature", "properties": {"nombre": "Guanaco", "tipo": "calle"}, "geometry": {"type": "Point", "coordinates": [-68.93193, -22.46723]}}, {"type": "Feature", "properties": {"nombre": "Pasaje 1", "tipo": "calle"}, "geometry": {"type": "Point", "coordinates": [-68.92963, -22.46614]}}, {"type": "Feature", "properties": {"nombre": "Pasaje 2", "tipo": "calle"}, "geometry": {"type": "Point", "coordinates": [-68.92936, -22.46591]}}, {"type": "Feature", "properties": {"nombre": "Alpaca", "tipo": "calle"}, "geometry": {"type": "Point", "coordinates": [-68.93152, -22.4648]}}, {"type": "Feature", "properties": {"nombre": "Volcán Santa Rosa", "tipo": "calle"}, "geometry": {"type": "Point", "coordinates": [-68.93104, -22.46452]}}, {"type": "Feature", "properties": {"nombre": "Santa María", "tipo": "calle"}, "geometry": {"type": "Point", "coordinates": [-68.92953, -22.46415]}}, {"type": "Feature", "properties": {"nombre": "Emilio Sotomayor", "tipo": "calle"}, "geometry": {"type": "Point", "coordinates": [-68.94675, -22.46305]}}, {"type": "Feature", "properties": {"nombre": "23 de Marzo", "tipo": "calle"}, "geometry": {"type": "Point", "coordinates": [-68.93157, -22.4614]}}, {"type": "Feature", "properties": {"nombre": "Pedro Aguirre Cerda", "tipo": "calle"}, "geometry": {"type": "Point", "coordinates": [-68.93249, -22.46142]}}, {"type": "Feature", "properties": {"nombre": "Loa", "tipo": "calle"}, "geometry": {"type": "Point", "coordinates": [-68.93201, -22.46162]}}, {"type": "Feature", "properties": {"nombre": "Pasaje Monseñor Juan Bautista Herrada", "tipo": "calle"}, "geometry": {"type": "Point", "coordinates": [-68.9279, -22.46551]}}, {"type": "Feature", "properties": {"nombre": "Félix Hoyos", "tipo": "calle"}, "geometry": {"type": "Point", "coordinates": [-68.93212, -22.45997]}}, {"type": "Feature", "properties": {"nombre": "Caracas", "tipo": "calle"}, "geometry": {"type": "Point", "coordinates": [-68.93129, -22.46049]}}, {"type": "Feature", "properties": {"nombre": "Lima", "tipo": "calle"}, "geometry": {"type": "Point", "coordinates": [-68.93102, -22.4602]}}, {"type": "Feature", "properties": {"nombre": "Pasaje Colón", "tipo": "calle"}, "geometry": {"type": "Point", "coordinates": [-68.93191, -22.46052]}}, {"type": "Feature", "properties": {"nombre": "Pasaje Haití", "tipo": "calle"}, "geometry": {"type": "Point", "coordinates": [-68.93222, -22.46053]}}, {"type": "Feature", "properties": {"nombre": "Pasaje Salta", "tipo": "calle"}, "geometry": {"type": "Point", "coordinates": [-68.93285, -22.46057]}}, {"type": "Feature", "properties": {"nombre": "Pasaje Perú", "tipo": "calle"}, "geometry": {"type": "Point", "coordinates": [-68.93314, -22.46058]}}, {"type": "Feature", "properties": {"nombre": "Cosca", "tipo": "calle"}, "geometry": {"type": "Point", "coordinates": [-68.9315, -22.45919]}}, {"type": "Feature", "properties": {"nombre": "Antofagasta", "tipo": "calle"}, "geometry": {"type": "Point", "coordinates": [-68.92555, -22.45904]}}, {"type": "Feature", "properties": {"nombre": "Bañados Espinoza", "tipo": "calle"}, "geometry": {"type": "Point", "coordinates": [-68.92613, -22.4604]}}, {"type": "Feature", "properties": {"nombre": "Luis Risopatrón", "tipo": "calle"}, "geometry": {"type": "Point", "coordinates": [-68.93327, -22.4589]}}, {"type": "Feature", "properties": {"nombre": "Carlos Cisternas", "tipo": "calle"}, "geometry": {"type": "Point", "coordinates": [-68.9331, -22.45897]}}, {"type": "Feature", "properties": {"nombre": "Cabildo", "tipo": "calle"}, "geometry": {"type": "Point", "coordinates": [-68.93302, -22.45726]}}, {"type": "Feature", "properties": {"nombre": "Cal y Canto", "tipo": "calle"}, "geometry": {"type": "Point", "coordinates": [-68.93207, -22.4573]}}, {"type": "Feature", "properties": {"nombre": "Montecristo", "tipo": "calle"}, "geometry": {"type": "Point", "coordinates": [-68.93282, -22.45735]}}, {"type": "Feature", "properties": {"nombre": "Mestizo Alejo", "tipo": "calle"}, "geometry": {"type": "Point", "coordinates": [-68.93252, -22.4569]}}, {"type": "Feature", "properties": {"nombre": "Pasaje Tarapacá", "tipo": "calle"}, "geometry": {"type": "Point", "coordinates": [-68.93243, -22.45732]}}, {"type": "Feature", "properties": {"nombre": "Vallenar", "tipo": "calle"}, "geometry": {"type": "Point", "coordinates": [-68.93242, -22.45749]}}, {"type": "Feature", "properties": {"nombre": "Huasco", "tipo": "calle"}, "geometry": {"type": "Point", "coordinates": [-68.93171, -22.45711]}}, {"type": "Feature", "properties": {"nombre": "Tumbes", "tipo": "calle"}, "geometry": {"type": "Point", "coordinates": [-68.9317, -22.4572]}}, {"type": "Feature", "properties": {"nombre": "Pacífico", "tipo": "calle"}, "geometry": {"type": "Point", "coordinates": [-68.93071, -22.45799]}}, {"type": "Feature", "properties": {"nombre": "Yareta", "tipo": "calle"}, "geometry": {"type": "Point", "coordinates": [-68.93026, -22.45677]}}, {"type": "Feature", "properties": {"nombre": "Los Ángeles", "tipo": "calle"}, "geometry": {"type": "Point", "coordinates": [-68.93044, -22.4577]}}, {"type": "Feature", "properties": {"nombre": "La Quintrala", "tipo": "calle"}, "geometry": {"type": "Point", "coordinates": [-68.93061, -22.45832]}}, {"type": "Feature", "properties": {"nombre": "Madame Curie", "tipo": "calle"}, "geometry": {"type": "Point", "coordinates": [-68.92978, -22.45757]}}, {"type": "Feature", "properties": {"nombre": "Bandera", "tipo": "calle"}, "geometry": {"type": "Point", "coordinates": [-68.93037, -22.45652]}}, {"type": "Feature", "properties": {"nombre": "México", "tipo": "calle"}, "geometry": {"type": "Point", "coordinates": [-68.93293, -22.45474]}}, {"type": "Feature", "properties": {"nombre": "Colombia", "tipo": "calle"}, "geometry": {"type": "Point", "coordinates": [-68.93215, -22.45474]}}, {"type": "Feature", "properties": {"nombre": "Tocopilla", "tipo": "calle"}, "geometry": {"type": "Point", "coordinates": [-68.93138, -22.45523]}}, {"type": "Feature", "properties": {"nombre": "Venezuela", "tipo": "calle"}, "geometry": {"type": "Point", "coordinates": [-68.93136, -22.45472]}}, {"type": "Feature", "properties": {"nombre": "Costa Rica", "tipo": "calle"}, "geometry": {"type": "Point", "coordinates": [-68.93059, -22.45467]}}, {"type": "Feature", "properties": {"nombre": "Parque Manuel Rodríguez (Parque del Cohete)", "tipo": "place"}, "geometry": {"type": "Point", "coordinates": [-68.92535, -22.46407]}}, {"type": "Feature", "properties": {"nombre": "General José Velásquez", "tipo": "calle"}, "geometry": {"type": "Point", "coordinates": [-68.92743, -22.46141]}}, {"type": "Feature", "properties": {"nombre": "San Lorenzo", "tipo": "calle"}, "geometry": {"type": "Point", "coordinates": [-68.92526, -22.45716]}}, {"type": "Feature", "properties": {"nombre": "Tarapacá", "tipo": "calle"}, "geometry": {"type": "Point", "coordinates": [-68.92558, -22.45668]}}, {"type": "Feature", "properties": {"nombre": "Chile", "tipo": "calle"}, "geometry": {"type": "Point", "coordinates": [-68.92728, -22.45648]}}, {"type": "Feature", "properties": {"nombre": "Concepción", "tipo": "calle"}, "geometry": {"type": "Point", "coordinates": [-68.92722, -22.45284]}}, {"type": "Feature", "properties": {"nombre": "Iquique", "tipo": "calle"}, "geometry": {"type": "Point", "coordinates": [-68.92785, -22.45282]}}, {"type": "Feature", "properties": {"nombre": "Vasco de Gama", "tipo": "calle"}, "geometry": {"type": "Point", "coordinates": [-68.92781, -22.45459]}}, {"type": "Feature", "properties": {"nombre": "Avenida Granaderos", "tipo": "calle"}, "geometry": {"type": "Point", "coordinates": [-68.92844, -22.44925]}}, {"type": "Feature", "properties": {"nombre": "Parque José Saavedra", "tipo": "place"}, "geometry": {"type": "Point", "coordinates": [-68.92963, -22.45508]}}, {"type": "Feature", "properties": {"nombre": "Cerro Quimal", "tipo": "calle"}, "geometry": {"type": "Point", "coordinates": [-68.93509, -22.46641]}}, {"type": "Feature", "properties": {"nombre": "Cerro Puruña", "tipo": "calle"}, "geometry": {"type": "Point", "coordinates": [-68.93474, -22.46657]}}, {"type": "Feature", "properties": {"nombre": "Brasilia", "tipo": "calle"}, "geometry": {"type": "Point", "coordinates": [-68.93492, -22.46329]}}, {"type": "Feature", "properties": {"nombre": "Quirquincho", "tipo": "calle"}, "geometry": {"type": "Point", "coordinates": [-68.93432, -22.46624]}}, {"type": "Feature", "properties": {"nombre": "Vizcachas", "tipo": "calle"}, "geometry": {"type": "Point", "coordinates": [-68.93385, -22.46617]}}, {"type": "Feature", "properties": {"nombre": "Volcán Santa Rosa Nte", "tipo": "calle"}, "geometry": {"type": "Point", "coordinates": [-68.9347, -22.46453]}}, {"type": "Feature", "properties": {"nombre": "Río de Janeiro", "tipo": "calle"}, "geometry": {"type": "Point", "coordinates": [-68.93613, -22.46153]}}, {"type": "Feature", "properties": {"nombre": "Irene Frei", "tipo": "calle"}, "geometry": {"type": "Point", "coordinates": [-68.93827, -22.46656]}}, {"type": "Feature", "properties": {"nombre": "General Salvo", "tipo": "calle"}, "geometry": {"type": "Point", "coordinates": [-68.93839, -22.4649]}}, {"type": "Feature", "properties": {"nombre": "Pedro de Valdivia", "tipo": "calle"}, "geometry": {"type": "Point", "coordinates": [-68.93981, -22.46309]}}, {"type": "Feature", "properties": {"nombre": "Clarín de la Gloria", "tipo": "calle"}, "geometry": {"type": "Point", "coordinates": [-68.93888, -22.46737]}}, {"type": "Feature", "properties": {"nombre": "Verdes Campinas", "tipo": "calle"}, "geometry": {"type": "Point", "coordinates": [-68.93899, -22.46707]}}, {"type": "Feature", "properties": {"nombre": "Lago San Martín", "tipo": "calle"}, "geometry": {"type": "Point", "coordinates": [-68.93771, -22.46819]}}, {"type": "Feature", "properties": {"nombre": "Aldunate", "tipo": "calle"}, "geometry": {"type": "Point", "coordinates": [-68.93735, -22.47043]}}, {"type": "Feature", "properties": {"nombre": "Chunchurí", "tipo": "calle"}, "geometry": {"type": "Point", "coordinates": [-68.93539, -22.46803]}}, {"type": "Feature", "properties": {"nombre": "Cerro Jardín Oriente", "tipo": "calle"}, "geometry": {"type": "Point", "coordinates": [-68.93576, -22.46834]}}, {"type": "Feature", "properties": {"nombre": "Uruguay", "tipo": "calle"}, "geometry": {"type": "Point", "coordinates": [-68.93738, -22.46305]}}, {"type": "Feature", "properties": {"nombre": "Oasis Toconce", "tipo": "calle"}, "geometry": {"type": "Point", "coordinates": [-68.93594, -22.46977]}}, {"type": "Feature", "properties": {"nombre": "Oasis San Pedro", "tipo": "calle"}, "geometry": {"type": "Point", "coordinates": [-68.93576, -22.46949]}}, {"type": "Feature", "properties": {"nombre": "Oasis Puritama", "tipo": "calle"}, "geometry": {"type": "Point", "coordinates": [-68.93662, -22.46974]}}, {"type": "Feature", "properties": {"nombre": "Oasis Caspana", "tipo": "calle"}, "geometry": {"type": "Point", "coordinates": [-68.93677, -22.47078]}}, {"type": "Feature", "properties": {"nombre": "Oasis Ayquina", "tipo": "calle"}, "geometry": {"type": "Point", "coordinates": [-68.93675, -22.47028]}}, {"type": "Feature", "properties": {"nombre": "Colpa", "tipo": "calle"}, "geometry": {"type": "Point", "coordinates": [-68.93558, -22.47371]}}, {"type": "Feature", "properties": {"nombre": "Inés de Suárez", "tipo": "calle"}, "geometry": {"type": "Point", "coordinates": [-68.94097, -22.46663]}}, {"type": "Feature", "properties": {"nombre": "José Orella", "tipo": "calle"}, "geometry": {"type": "Point", "coordinates": [-68.9401, -22.46585]}}, {"type": "Feature", "properties": {"nombre": "Cirujano Videla", "tipo": "calle"}, "geometry": {"type": "Point", "coordinates": [-68.94069, -22.46481]}}, {"type": "Feature", "properties": {"nombre": "Lucila Godoy Alcayaga", "tipo": "calle"}, "geometry": {"type": "Point", "coordinates": [-68.94068, -22.4636]}}, {"type": "Feature", "properties": {"nombre": "Sonetos", "tipo": "calle"}, "geometry": {"type": "Point", "coordinates": [-68.94158, -22.46351]}}, {"type": "Feature", "properties": {"nombre": "Elqui", "tipo": "calle"}, "geometry": {"type": "Point", "coordinates": [-68.94114, -22.46328]}}, {"type": "Feature", "properties": {"nombre": "Tala", "tipo": "calle"}, "geometry": {"type": "Point", "coordinates": [-68.94069, -22.46327]}}, {"type": "Feature", "properties": {"nombre": "Monte Grande", "tipo": "calle"}, "geometry": {"type": "Point", "coordinates": [-68.94026, -22.46326]}}, {"type": "Feature", "properties": {"nombre": "Piloto Stanley", "tipo": "calle"}, "geometry": {"type": "Point", "coordinates": [-68.94073, -22.46452]}}, {"type": "Feature", "properties": {"nombre": "Eleuterio Ramírez", "tipo": "calle"}, "geometry": {"type": "Point", "coordinates": [-68.93956, -22.46234]}}, {"type": "Feature", "properties": {"nombre": "Vargas", "tipo": "calle"}, "geometry": {"type": "Point", "coordinates": [-68.92619, -22.46073]}}, {"type": "Feature", "properties": {"nombre": "Santiago Humberstone", "tipo": "calle"}, "geometry": {"type": "Point", "coordinates": [-68.94162, -22.45381]}}, {"type": "Feature", "properties": {"nombre": "Juan Antonio Ríos", "tipo": "calle"}, "geometry": {"type": "Point", "coordinates": [-68.93827, -22.45967]}}, {"type": "Feature", "properties": {"nombre": "Chacabuco", "tipo": "calle"}, "geometry": {"type": "Point", "coordinates": [-68.9355, -22.45763]}}, {"type": "Feature", "properties": {"nombre": "Cardenal José María Caro", "tipo": "calle"}, "geometry": {"type": "Point", "coordinates": [-68.93435, -22.45692]}}, {"type": "Feature", "properties": {"nombre": "Florida", "tipo": "calle"}, "geometry": {"type": "Point", "coordinates": [-68.93609, -22.45496]}}, {"type": "Feature", "properties": {"nombre": "Paraguay", "tipo": "calle"}, "geometry": {"type": "Point", "coordinates": [-68.93531, -22.45468]}}, {"type": "Feature", "properties": {"nombre": "O'Higgins", "tipo": "calle"}, "geometry": {"type": "Point", "coordinates": [-68.93452, -22.4547]}}, {"type": "Feature", "properties": {"nombre": "Alonso de Ercilla", "tipo": "calle"}, "geometry": {"type": "Point", "coordinates": [-68.93095, -22.45287]}}, {"type": "Feature", "properties": {"nombre": "Coquimbo", "tipo": "calle"}, "geometry": {"type": "Point", "coordinates": [-68.94248, -22.4573]}}, {"type": "Feature", "properties": {"nombre": "Frankfurt", "tipo": "calle"}, "geometry": {"type": "Point", "coordinates": [-68.93824, -22.45177]}}, {"type": "Feature", "properties": {"nombre": "Guatemala", "tipo": "calle"}, "geometry": {"type": "Point", "coordinates": [-68.93177, -22.43926]}}, {"type": "Feature", "properties": {"nombre": "Hamburgo", "tipo": "calle"}, "geometry": {"type": "Point", "coordinates": [-68.93763, -22.45507]}}, {"type": "Feature", "properties": {"nombre": "Arturo Prat", "tipo": "calle"}, "geometry": {"type": "Point", "coordinates": [-68.93471, -22.44399]}}, {"type": "Feature", "properties": {"nombre": "Manuel Montt", "tipo": "calle"}, "geometry": {"type": "Point", "coordinates": [-68.93074, -22.4491]}}, {"type": "Feature", "properties": {"nombre": "Escocia", "tipo": "calle"}, "geometry": {"type": "Point", "coordinates": [-68.93423, -22.44553]}}, {"type": "Feature", "properties": {"nombre": "Finlandia", "tipo": "calle"}, "geometry": {"type": "Point", "coordinates": [-68.93359, -22.44625]}}, {"type": "Feature", "properties": {"nombre": "Federico Errázuriz", "tipo": "calle"}, "geometry": {"type": "Point", "coordinates": [-68.93392, -22.45117]}}, {"type": "Feature", "properties": {"nombre": "Independencia", "tipo": "calle"}, "geometry": {"type": "Point", "coordinates": [-68.93214, -22.443]}}, {"type": "Feature", "properties": {"nombre": "Colonia", "tipo": "calle"}, "geometry": {"type": "Point", "coordinates": [-68.93997, -22.44855]}}, {"type": "Feature", "properties": {"nombre": "España", "tipo": "calle"}, "geometry": {"type": "Point", "coordinates": [-68.93088, -22.44269]}}, {"type": "Feature", "properties": {"nombre": "Alejandro Rodríguez", "tipo": "calle"}, "geometry": {"type": "Point", "coordinates": [-68.92867, -22.43906]}}, {"type": "Feature", "properties": {"nombre": "Maipú", "tipo": "calle"}, "geometry": {"type": "Point", "coordinates": [-68.94466, -22.45347]}}, {"type": "Feature", "properties": {"nombre": "Avenida Maipú", "tipo": "calle"}, "geometry": {"type": "Point", "coordinates": [-68.93999, -22.45338]}}, {"type": "Feature", "properties": {"nombre": "Berlín", "tipo": "calle"}, "geometry": {"type": "Point", "coordinates": [-68.93685, -22.45498]}}, {"type": "Feature", "properties": {"nombre": "Frei Bonn", "tipo": "calle"}, "geometry": {"type": "Point", "coordinates": [-68.93715, -22.44244]}}, {"type": "Feature", "properties": {"nombre": "Alonso de Córdoba", "tipo": "calle"}, "geometry": {"type": "Point", "coordinates": [-68.94116, -22.45435]}}, {"type": "Feature", "properties": {"nombre": "Frutillar", "tipo": "calle"}, "geometry": {"type": "Point", "coordinates": [-68.94119, -22.45393]}}, {"type": "Feature", "properties": {"nombre": "Hernán Cortés", "tipo": "calle"}, "geometry": {"type": "Point", "coordinates": [-68.93094, -22.45032]}}, {"type": "Feature", "properties": {"nombre": "Ramón Freire", "tipo": "calle"}, "geometry": {"type": "Point", "coordinates": [-68.92838, -22.45249]}}, {"type": "Feature", "properties": {"nombre": "Heriberto Salgado", "tipo": "calle"}, "geometry": {"type": "Point", "coordinates": [-68.92641, -22.44888]}}, {"type": "Feature", "properties": {"nombre": "Simón Bolívar", "tipo": "calle"}, "geometry": {"type": "Point", "coordinates": [-68.91992, -22.44769]}}, {"type": "Feature", "properties": {"nombre": "Almirante Latorre", "tipo": "calle"}, "geometry": {"type": "Point", "coordinates": [-68.9257, -22.44802]}}, {"type": "Feature", "properties": {"nombre": "Avenida Balmaceda", "tipo": "calle"}, "geometry": {"type": "Point", "coordinates": [-68.91735, -22.43818]}}, {"type": "Feature", "properties": {"nombre": "Avenida Chorrillos", "tipo": "calle"}, "geometry": {"type": "Point", "coordinates": [-68.92247, -22.45422]}}, {"type": "Feature", "properties": {"nombre": "Aucalquincha", "tipo": "calle"}, "geometry": {"type": "Point", "coordinates": [-68.92392, -22.44114]}}, {"type": "Feature", "properties": {"nombre": "Ascotán", "tipo": "calle"}, "geometry": {"type": "Point", "coordinates": [-68.92296, -22.44278]}}, {"type": "Feature", "properties": {"nombre": "José Miguel Carrera", "tipo": "calle"}, "geometry": {"type": "Point", "coordinates": [-68.92252, -22.43988]}}, {"type": "Feature", "properties": {"nombre": "Caspana", "tipo": "calle"}, "geometry": {"type": "Point", "coordinates": [-68.92289, -22.44077]}}, {"type": "Feature", "properties": {"nombre": "Talca", "tipo": "calle"}, "geometry": {"type": "Point", "coordinates": [-68.92271, -22.43988]}}, {"type": "Feature", "properties": {"nombre": "Riquelme", "tipo": "calle"}, "geometry": {"type": "Point", "coordinates": [-68.92458, -22.44034]}}, {"type": "Feature", "properties": {"nombre": "Central Sur", "tipo": "calle"}, "geometry": {"type": "Point", "coordinates": [-68.92348, -22.43874]}}, {"type": "Feature", "properties": {"nombre": "Camarones", "tipo": "calle"}, "geometry": {"type": "Point", "coordinates": [-68.9207, -22.43676]}}, {"type": "Feature", "properties": {"nombre": "Freirina", "tipo": "calle"}, "geometry": {"type": "Point", "coordinates": [-68.92857, -22.43549]}}, {"type": "Feature", "properties": {"nombre": "Central Norte", "tipo": "calle"}, "geometry": {"type": "Point", "coordinates": [-68.91653, -22.43873]}}, {"type": "Feature", "properties": {"nombre": "Caracoles", "tipo": "calle"}, "geometry": {"type": "Point", "coordinates": [-68.9192, -22.43605]}}, {"type": "Feature", "properties": {"nombre": "Huaytiquina", "tipo": "calle"}, "geometry": {"type": "Point", "coordinates": [-68.92086, -22.43425]}}, {"type": "Feature", "properties": {"nombre": "Argentina", "tipo": "calle"}, "geometry": {"type": "Point", "coordinates": [-68.92984, -22.45461]}}, {"type": "Feature", "properties": {"nombre": "Enrique Villegas", "tipo": "calle"}, "geometry": {"type": "Point", "coordinates": [-68.92408, -22.47396]}}, {"type": "Feature", "properties": {"nombre": "Serrano", "tipo": "calle"}, "geometry": {"type": "Point", "coordinates": [-68.92384, -22.47099]}}, {"type": "Feature", "properties": {"nombre": "Esmeralda", "tipo": "calle"}, "geometry": {"type": "Point", "coordinates": [-68.92588, -22.47207]}}, {"type": "Feature", "properties": {"nombre": "Carasilla", "tipo": "calle"}, "geometry": {"type": "Point", "coordinates": [-68.92413, -22.47801]}}, {"type": "Feature", "properties": {"nombre": "18 de Mayo", "tipo": "calle"}, "geometry": {"type": "Point", "coordinates": [-68.92608, -22.47437]}}, {"type": "Feature", "properties": {"nombre": "Rafael Sancio", "tipo": "calle"}, "geometry": {"type": "Point", "coordinates": [-68.93177, -22.48291]}}, {"type": "Feature", "properties": {"nombre": "Miguel Ángel", "tipo": "calle"}, "geometry": {"type": "Point", "coordinates": [-68.93246, -22.4833]}}, {"type": "Feature", "properties": {"nombre": "Sofanor Parra", "tipo": "calle"}, "geometry": {"type": "Point", "coordinates": [-68.93258, -22.47333]}}, {"type": "Feature", "properties": {"nombre": "Leonardo da Vinci", "tipo": "calle"}, "geometry": {"type": "Point", "coordinates": [-68.93273, -22.48268]}}, {"type": "Feature", "properties": {"nombre": "Lenguado", "tipo": "calle"}, "geometry": {"type": "Point", "coordinates": [-68.93293, -22.4775]}}, {"type": "Feature", "properties": {"nombre": "Topáter", "tipo": "calle"}, "geometry": {"type": "Point", "coordinates": [-68.93327, -22.47642]}}, {"type": "Feature", "properties": {"nombre": "Puritama", "tipo": "calle"}, "geometry": {"type": "Point", "coordinates": [-68.933, -22.47819]}}, {"type": "Feature", "properties": {"nombre": "Dublé Almeyda", "tipo": "calle"}, "geometry": {"type": "Point", "coordinates": [-68.93387, -22.47377]}}, {"type": "Feature", "properties": {"nombre": "Avenida Peuco", "tipo": "calle"}, "geometry": {"type": "Point", "coordinates": [-68.91018, -22.47918]}}, {"type": "Feature", "properties": {"nombre": "Llayle", "tipo": "calle"}, "geometry": {"type": "Point", "coordinates": [-68.90817, -22.4792]}}, {"type": "Feature", "properties": {"nombre": "Quemazón", "tipo": "calle"}, "geometry": {"type": "Point", "coordinates": [-68.93246, -22.47969]}}, {"type": "Feature", "properties": {"nombre": "Chala", "tipo": "calle"}, "geometry": {"type": "Point", "coordinates": [-68.93259, -22.47856]}}, {"type": "Feature", "properties": {"nombre": "Pasaje El Río Damas", "tipo": "calle"}, "geometry": {"type": "Point", "coordinates": [-68.91629, -22.4861]}}, {"type": "Feature", "properties": {"nombre": "Héctor Pumarino Soto", "tipo": "calle"}, "geometry": {"type": "Point", "coordinates": [-68.91072, -22.48036]}}, {"type": "Feature", "properties": {"nombre": "Guanay", "tipo": "calle"}, "geometry": {"type": "Point", "coordinates": [-68.90705, -22.47781]}}, {"type": "Feature", "properties": {"nombre": "Cautín", "tipo": "calle"}, "geometry": {"type": "Point", "coordinates": [-68.90743, -22.4788]}}, {"type": "Feature", "properties": {"nombre": "Pasaje El Alicanto", "tipo": "calle"}, "geometry": {"type": "Point", "coordinates": [-68.91737, -22.48721]}}, {"type": "Feature", "properties": {"nombre": "La Añañuca", "tipo": "calle"}, "geometry": {"type": "Point", "coordinates": [-68.91408, -22.48361]}}, {"type": "Feature", "properties": {"nombre": "Colo Colo", "tipo": "calle"}, "geometry": {"type": "Point", "coordinates": [-68.9435, -22.46167]}}, {"type": "Feature", "properties": {"nombre": "Pucón", "tipo": "calle"}, "geometry": {"type": "Point", "coordinates": [-68.94597, -22.45971]}}, {"type": "Feature", "properties": {"nombre": "Nueva Norte", "tipo": "calle"}, "geometry": {"type": "Point", "coordinates": [-68.91743, -22.45132]}}, {"type": "Feature", "properties": {"nombre": "Fresia", "tipo": "calle"}, "geometry": {"type": "Point", "coordinates": [-68.91958, -22.45552]}}, {"type": "Feature", "properties": {"nombre": "5 Norte", "tipo": "calle"}, "geometry": {"type": "Point", "coordinates": [-68.91999, -22.45112]}}, {"type": "Feature", "properties": {"nombre": "Galvarino", "tipo": "calle"}, "geometry": {"type": "Point", "coordinates": [-68.91866, -22.45529]}}, {"type": "Feature", "properties": {"nombre": "Lautaro", "tipo": "calle"}, "geometry": {"type": "Point", "coordinates": [-68.92046, -22.45567]}}, {"type": "Feature", "properties": {"nombre": "1 Poniente", "tipo": "calle"}, "geometry": {"type": "Point", "coordinates": [-68.91835, -22.45344]}}, {"type": "Feature", "properties": {"nombre": "San Antonio", "tipo": "calle"}, "geometry": {"type": "Point", "coordinates": [-68.91772, -22.44706]}}, {"type": "Feature", "properties": {"nombre": "Tiltil", "tipo": "calle"}, "geometry": {"type": "Point", "coordinates": [-68.91434, -22.44666]}}, {"type": "Feature", "properties": {"nombre": "2 Norte", "tipo": "calle"}, "geometry": {"type": "Point", "coordinates": [-68.91834, -22.45296]}}, {"type": "Feature", "properties": {"nombre": "Mantos Blancos", "tipo": "calle"}, "geometry": {"type": "Point", "coordinates": [-68.91508, -22.44664]}}, {"type": "Feature", "properties": {"nombre": "Talagante", "tipo": "calle"}, "geometry": {"type": "Point", "coordinates": [-68.9174, -22.44797]}}, {"type": "Feature", "properties": {"nombre": "Angamos", "tipo": "calle"}, "geometry": {"type": "Point", "coordinates": [-68.91642, -22.45248]}}, {"type": "Feature", "properties": {"nombre": "Sevilla", "tipo": "calle"}, "geometry": {"type": "Point", "coordinates": [-68.91837, -22.44703]}}, {"type": "Feature", "properties": {"nombre": "11 Norte", "tipo": "calle"}, "geometry": {"type": "Point", "coordinates": [-68.9183, -22.44792]}}, {"type": "Feature", "properties": {"nombre": "Lord Cochrane", "tipo": "calle"}, "geometry": {"type": "Point", "coordinates": [-68.92209, -22.4436]}}, {"type": "Feature", "properties": {"nombre": "Manuel Bulnes", "tipo": "calle"}, "geometry": {"type": "Point", "coordinates": [-68.92419, -22.44437]}}, {"type": "Feature", "properties": {"nombre": "Guillermo Cabrales", "tipo": "calle"}, "geometry": {"type": "Point", "coordinates": [-68.91988, -22.44537]}}, {"type": "Feature", "properties": {"nombre": "El Laco", "tipo": "calle"}, "geometry": {"type": "Point", "coordinates": [-68.9218, -22.44124]}}, {"type": "Feature", "properties": {"nombre": "Circunvalación", "tipo": "calle"}, "geometry": {"type": "Point", "coordinates": [-68.92044, -22.432]}}, {"type": "Feature", "properties": {"nombre": "Camilo Henríquez", "tipo": "calle"}, "geometry": {"type": "Point", "coordinates": [-68.92038, -22.44503]}}, {"type": "Feature", "properties": {"nombre": "Carcote", "tipo": "calle"}, "geometry": {"type": "Point", "coordinates": [-68.92549, -22.43973]}}, {"type": "Feature", "properties": {"nombre": "Portezuelo del Inca", "tipo": "calle"}, "geometry": {"type": "Point", "coordinates": [-68.91907, -22.43287]}}, {"type": "Feature", "properties": {"nombre": "San Martín", "tipo": "calle"}, "geometry": {"type": "Point", "coordinates": [-68.92266, -22.44463]}}, {"type": "Feature", "properties": {"nombre": "José Santos Ossa", "tipo": "calle"}, "geometry": {"type": "Point", "coordinates": [-68.92115, -22.4449]}}, {"type": "Feature", "properties": {"nombre": "Sierra Gorda", "tipo": "calle"}, "geometry": {"type": "Point", "coordinates": [-68.91768, -22.43319]}}, {"type": "Feature", "properties": {"nombre": "Amincha", "tipo": "calle"}, "geometry": {"type": "Point", "coordinates": [-68.92185, -22.44243]}}, {"type": "Feature", "properties": {"nombre": "General Sucre", "tipo": "calle"}, "geometry": {"type": "Point", "coordinates": [-68.92165, -22.44347]}}, {"type": "Feature", "properties": {"nombre": "Limón Verde", "tipo": "calle"}, "geometry": {"type": "Point", "coordinates": [-68.92232, -22.43549]}}, {"type": "Feature", "properties": {"nombre": "Salar del Carmen", "tipo": "calle"}, "geometry": {"type": "Point", "coordinates": [-68.91836, -22.43309]}}, {"type": "Feature", "properties": {"nombre": "Curutu", "tipo": "calle"}, "geometry": {"type": "Point", "coordinates": [-68.92137, -22.43542]}}, {"type": "Feature", "properties": {"nombre": "Collahuasi", "tipo": "calle"}, "geometry": {"type": "Point", "coordinates": [-68.9216, -22.43658]}}, {"type": "Feature", "properties": {"nombre": "Mejillones", "tipo": "calle"}, "geometry": {"type": "Point", "coordinates": [-68.92905, -22.4338]}}, {"type": "Feature", "properties": {"nombre": "Pasaje Colchagua Ote.", "tipo": "calle"}, "geometry": {"type": "Point", "coordinates": [-68.92839, -22.43438]}}, {"type": "Feature", "properties": {"nombre": "Canadá", "tipo": "calle"}, "geometry": {"type": "Point", "coordinates": [-68.93046, -22.44169]}}, {"type": "Feature", "properties": {"nombre": "Laguna Legía", "tipo": "calle"}, "geometry": {"type": "Point", "coordinates": [-68.92753, -22.43437]}}, {"type": "Feature", "properties": {"nombre": "Brasil", "tipo": "calle"}, "geometry": {"type": "Point", "coordinates": [-68.9284, -22.44211]}}, {"type": "Feature", "properties": {"nombre": "Pasaje Río Salado", "tipo": "calle"}, "geometry": {"type": "Point", "coordinates": [-68.92945, -22.43577]}}, {"type": "Feature", "properties": {"nombre": "Faustino Sarmiento", "tipo": "calle"}, "geometry": {"type": "Point", "coordinates": [-68.92337, -22.44418]}}, {"type": "Feature", "properties": {"nombre": "José Joaquín Prieto", "tipo": "calle"}, "geometry": {"type": "Point", "coordinates": [-68.92545, -22.44739]}}, {"type": "Feature", "properties": {"nombre": "Blanco Encalada", "tipo": "calle"}, "geometry": {"type": "Point", "coordinates": [-68.92114, -22.4468]}}, {"type": "Feature", "properties": {"nombre": "Río Negro", "tipo": "calle"}, "geometry": {"type": "Point", "coordinates": [-68.91892, -22.44156]}}, {"type": "Feature", "properties": {"nombre": "Curicó", "tipo": "calle"}, "geometry": {"type": "Point", "coordinates": [-68.92985, -22.43828]}}, {"type": "Feature", "properties": {"nombre": "Patricio Lynch", "tipo": "calle"}, "geometry": {"type": "Point", "coordinates": [-68.9228, -22.44719]}}, {"type": "Feature", "properties": {"nombre": "Einstein", "tipo": "calle"}, "geometry": {"type": "Point", "coordinates": [-68.9268, -22.44987]}}, {"type": "Feature", "properties": {"nombre": "Arturo Alessandri", "tipo": "calle"}, "geometry": {"type": "Point", "coordinates": [-68.92526, -22.44836]}}, {"type": "Feature", "properties": {"nombre": "Nazareth", "tipo": "calle"}, "geometry": {"type": "Point", "coordinates": [-68.94608, -22.45824]}}, {"type": "Feature", "properties": {"nombre": "Múnich", "tipo": "calle"}, "geometry": {"type": "Point", "coordinates": [-68.94078, -22.45378]}}, {"type": "Feature", "properties": {"nombre": "Canelo", "tipo": "calle"}, "geometry": {"type": "Point", "coordinates": [-68.93209, -22.43767]}}, {"type": "Feature", "properties": {"nombre": "Diego Portales", "tipo": "calle"}, "geometry": {"type": "Point", "coordinates": [-68.92555, -22.44788]}}, {"type": "Feature", "properties": {"nombre": "Luis Uribe", "tipo": "calle"}, "geometry": {"type": "Point", "coordinates": [-68.92615, -22.44611]}}, {"type": "Feature", "properties": {"nombre": "Andrés Bello", "tipo": "calle"}, "geometry": {"type": "Point", "coordinates": [-68.92631, -22.44833]}}, {"type": "Feature", "properties": {"nombre": "Calle Nueva", "tipo": "calle"}, "geometry": {"type": "Point", "coordinates": [-68.9411, -22.45554]}}, {"type": "Feature", "properties": {"nombre": "Ejército", "tipo": "calle"}, "geometry": {"type": "Point", "coordinates": [-68.92935, -22.44295]}}, {"type": "Feature", "properties": {"nombre": "William Rebolledo", "tipo": "calle"}, "geometry": {"type": "Point", "coordinates": [-68.92678, -22.44826]}}, {"type": "Feature", "properties": {"nombre": "Italia", "tipo": "calle"}, "geometry": {"type": "Point", "coordinates": [-68.93257, -22.43732]}}, {"type": "Feature", "properties": {"nombre": "Paipote", "tipo": "calle"}, "geometry": {"type": "Point", "coordinates": [-68.91472, -22.44296]}}, {"type": "Feature", "properties": {"nombre": "El Abra", "tipo": "calle"}, "geometry": {"type": "Point", "coordinates": [-68.91626, -22.44374]}}, {"type": "Feature", "properties": {"nombre": "Agrebus", "tipo": "calle"}, "geometry": {"type": "Point", "coordinates": [-68.94481, -22.46372]}}, {"type": "Feature", "properties": {"nombre": "Ayquina", "tipo": "calle"}, "geometry": {"type": "Point", "coordinates": [-68.95443, -22.46184]}}, {"type": "Feature", "properties": {"nombre": "Lican Antai", "tipo": "calle"}, "geometry": {"type": "Point", "coordinates": [-68.95838, -22.45935]}}, {"type": "Feature", "properties": {"nombre": "Pasaje Lago Pullehue", "tipo": "calle"}, "geometry": {"type": "Point", "coordinates": [-68.91577, -22.48543]}}, {"type": "Feature", "properties": {"nombre": "5 Oriente", "tipo": "calle"}, "geometry": {"type": "Point", "coordinates": [-68.9107, -22.45497]}}, {"type": "Feature", "properties": {"nombre": "Camping Extraccion Calama", "tipo": "calle"}, "geometry": {"type": "Point", "coordinates": [-68.91619, -22.46648]}}, {"type": "Feature", "properties": {"nombre": "Alcalde Olegario Barrera", "tipo": "calle"}, "geometry": {"type": "Point", "coordinates": [-68.907, -22.44543]}}, {"type": "Feature", "properties": {"nombre": "Ramón Silva Ulloa", "tipo": "calle"}, "geometry": {"type": "Point", "coordinates": [-68.91025, -22.48099]}}, {"type": "Feature", "properties": {"nombre": "José de la Cruz Vargas", "tipo": "calle"}, "geometry": {"type": "Point", "coordinates": [-68.90548, -22.44837]}}, {"type": "Feature", "properties": {"nombre": "Bilbao", "tipo": "calle"}, "geometry": {"type": "Point", "coordinates": [-68.92066, -22.46136]}}, {"type": "Feature", "properties": {"nombre": "Avenida Ecuador", "tipo": "calle"}, "geometry": {"type": "Point", "coordinates": [-68.91905, -22.46626]}}, {"type": "Feature", "properties": {"nombre": "Salar de Loyoques", "tipo": "calle"}, "geometry": {"type": "Point", "coordinates": [-68.90023, -22.44863]}}, {"type": "Feature", "properties": {"nombre": "Inca Coya", "tipo": "calle"}, "geometry": {"type": "Point", "coordinates": [-68.90333, -22.44293]}}, {"type": "Feature", "properties": {"nombre": "Pasaje Los Payachatas", "tipo": "calle"}, "geometry": {"type": "Point", "coordinates": [-68.91693, -22.48452]}}, {"type": "Feature", "properties": {"nombre": "Pasaje Caleuche Nte", "tipo": "calle"}, "geometry": {"type": "Point", "coordinates": [-68.91583, -22.48405]}}, {"type": "Feature", "properties": {"nombre": "El Waman", "tipo": "calle"}, "geometry": {"type": "Point", "coordinates": [-68.91127, -22.48149]}}, {"type": "Feature", "properties": {"nombre": "Belisario Riquelme", "tipo": "calle"}, "geometry": {"type": "Point", "coordinates": [-68.90604, -22.44911]}}, {"type": "Feature", "properties": {"nombre": "Avenida Matta", "tipo": "calle"}, "geometry": {"type": "Point", "coordinates": [-68.92132, -22.4601]}}, {"type": "Feature", "properties": {"nombre": "Pasaje La Serena", "tipo": "calle"}, "geometry": {"type": "Point", "coordinates": [-68.91503, -22.48338]}}, {"type": "Feature", "properties": {"nombre": "Placilla", "tipo": "calle"}, "geometry": {"type": "Point", "coordinates": [-68.9095, -22.43841]}}, {"type": "Feature", "properties": {"nombre": "Los Tamarugos", "tipo": "calle"}, "geometry": {"type": "Point", "coordinates": [-68.91568, -22.45551]}}, {"type": "Feature", "properties": {"nombre": "Pasaje Vecinal", "tipo": "calle"}, "geometry": {"type": "Point", "coordinates": [-68.91249, -22.46]}}, {"type": "Feature", "properties": {"nombre": "Los Sauces", "tipo": "calle"}, "geometry": {"type": "Point", "coordinates": [-68.91449, -22.45628]}}, {"type": "Feature", "properties": {"nombre": "Avenida Los Chorrillos", "tipo": "calle"}, "geometry": {"type": "Point", "coordinates": [-68.90936, -22.45285]}}, {"type": "Feature", "properties": {"nombre": "Salar Llamará", "tipo": "calle"}, "geometry": {"type": "Point", "coordinates": [-68.89872, -22.44849]}}, {"type": "Feature", "properties": {"nombre": "Pasaje Tesoro del Loa", "tipo": "calle"}, "geometry": {"type": "Point", "coordinates": [-68.91218, -22.48208]}}, {"type": "Feature", "properties": {"nombre": "Segundo José Sepúlveda", "tipo": "calle"}, "geometry": {"type": "Point", "coordinates": [-68.90539, -22.4493]}}, {"type": "Feature", "properties": {"nombre": "4 Oriente", "tipo": "calle"}, "geometry": {"type": "Point", "coordinates": [-68.91157, -22.45407]}}, {"type": "Feature", "properties": {"nombre": "Avenida Salar de Atacama", "tipo": "calle"}, "geometry": {"type": "Point", "coordinates": [-68.90024, -22.44745]}}, {"type": "Feature", "properties": {"nombre": "Presidente Eduardo Frei Montalva", "tipo": "calle"}, "geometry": {"type": "Point", "coordinates": [-68.91574, -22.48461]}}, {"type": "Feature", "properties": {"nombre": "Soldado Carlos Fernández", "tipo": "calle"}, "geometry": {"type": "Point", "coordinates": [-68.90752, -22.44797]}}, {"type": "Feature", "properties": {"nombre": "Pasaje Salar de Pujsa", "tipo": "calle"}, "geometry": {"type": "Point", "coordinates": [-68.9005, -22.44775]}}, {"type": "Feature", "properties": {"nombre": "Los Pinos", "tipo": "calle"}, "geometry": {"type": "Point", "coordinates": [-68.91691, -22.45571]}}, {"type": "Feature", "properties": {"nombre": "Pasaje Salar Agua Amarga", "tipo": "calle"}, "geometry": {"type": "Point", "coordinates": [-68.89891, -22.44803]}}, {"type": "Feature", "properties": {"nombre": "Pasaje La Laguna del Inca", "tipo": "calle"}, "geometry": {"type": "Point", "coordinates": [-68.91668, -22.48622]}}, {"type": "Feature", "properties": {"nombre": "El Litio", "tipo": "calle"}, "geometry": {"type": "Point", "coordinates": [-68.90677, -22.4424]}}, {"type": "Feature", "properties": {"nombre": "Pasaje Los Comuneros", "tipo": "calle"}, "geometry": {"type": "Point", "coordinates": [-68.91332, -22.48362]}}, {"type": "Feature", "properties": {"nombre": "Pasaje Millalobo", "tipo": "calle"}, "geometry": {"type": "Point", "coordinates": [-68.91526, -22.48504]}}, {"type": "Feature", "properties": {"nombre": "Chañarcillo", "tipo": "calle"}, "geometry": {"type": "Point", "coordinates": [-68.90996, -22.43759]}}, {"type": "Feature", "properties": {"nombre": "Traro", "tipo": "calle"}, "geometry": {"type": "Point", "coordinates": [-68.90929, -22.47944]}}, {"type": "Feature", "properties": {"nombre": "Santa Fé", "tipo": "calle"}, "geometry": {"type": "Point", "coordinates": [-68.91804, -22.44429]}}, {"type": "Feature", "properties": {"nombre": "Pasaje Vado Lo Carvajal", "tipo": "calle"}, "geometry": {"type": "Point", "coordinates": [-68.90807, -22.44699]}}, {"type": "Feature", "properties": {"nombre": "El Tambo", "tipo": "calle"}, "geometry": {"type": "Point", "coordinates": [-68.90849, -22.43969]}}, {"type": "Feature", "properties": {"nombre": "Pasaje Salar de Ascotán", "tipo": "calle"}, "geometry": {"type": "Point", "coordinates": [-68.89988, -22.4461]}}, {"type": "Feature", "properties": {"nombre": "Valle de la Luna", "tipo": "calle"}, "geometry": {"type": "Point", "coordinates": [-68.91501, -22.43419]}}, {"type": "Feature", "properties": {"nombre": "1 Sur", "tipo": "calle"}, "geometry": {"type": "Point", "coordinates": [-68.91252, -22.45422]}}, {"type": "Feature", "properties": {"nombre": "Los Chañares", "tipo": "calle"}, "geometry": {"type": "Point", "coordinates": [-68.91627, -22.45574]}}, {"type": "Feature", "properties": {"nombre": "Teniente Merino", "tipo": "calle"}, "geometry": {"type": "Point", "coordinates": [-68.90427, -22.45384]}}, {"type": "Feature", "properties": {"nombre": "Túpac Yupanqui", "tipo": "calle"}, "geometry": {"type": "Point", "coordinates": [-68.90456, -22.44254]}}, {"type": "Feature", "properties": {"nombre": "Pasaje La Flor del Hielo", "tipo": "calle"}, "geometry": {"type": "Point", "coordinates": [-68.91415, -22.48425]}}, {"type": "Feature", "properties": {"nombre": "Alcalde Julio Fuentes Vega", "tipo": "calle"}, "geometry": {"type": "Point", "coordinates": [-68.90624, -22.44672]}}, {"type": "Feature", "properties": {"nombre": "Pasaje Salar de Tara", "tipo": "calle"}, "geometry": {"type": "Point", "coordinates": [-68.8999, -22.44723]}}, {"type": "Feature", "properties": {"nombre": "Soldado José Quiroga", "tipo": "calle"}, "geometry": {"type": "Point", "coordinates": [-68.90786, -22.448]}}, {"type": "Feature", "properties": {"nombre": "Del Ferrocarril", "tipo": "calle"}, "geometry": {"type": "Point", "coordinates": [-68.91799, -22.44225]}}, {"type": "Feature", "properties": {"nombre": "Rafael Ramírez", "tipo": "calle"}, "geometry": {"type": "Point", "coordinates": [-68.907, -22.45026]}}, {"type": "Feature", "properties": {"nombre": "Pasaje El Trauco", "tipo": "calle"}, "geometry": {"type": "Point", "coordinates": [-68.91547, -22.48368]}}, {"type": "Feature", "properties": {"nombre": "Tiltil Norte", "tipo": "calle"}, "geometry": {"type": "Point", "coordinates": [-68.91446, -22.44613]}}, {"type": "Feature", "properties": {"nombre": "Pasaje el Waman", "tipo": "calle"}, "geometry": {"type": "Point", "coordinates": [-68.91129, -22.4809]}}, {"type": "Feature", "properties": {"nombre": "Taira", "tipo": "calle"}, "geometry": {"type": "Point", "coordinates": [-68.90683, -22.44044]}}, {"type": "Feature", "properties": {"nombre": "1 Oriente", "tipo": "calle"}, "geometry": {"type": "Point", "coordinates": [-68.91432, -22.4546]}}, {"type": "Feature", "properties": {"nombre": "Malaquías Concha", "tipo": "calle"}, "geometry": {"type": "Point", "coordinates": [-68.9198, -22.4619]}}, {"type": "Feature", "properties": {"nombre": "Los Salares", "tipo": "calle"}, "geometry": {"type": "Point", "coordinates": [-68.91436, -22.43547]}}, {"type": "Feature", "properties": {"nombre": "Las Acacias", "tipo": "calle"}, "geometry": {"type": "Point", "coordinates": [-68.92044, -22.46374]}}, {"type": "Feature", "properties": {"nombre": "Los Aromos", "tipo": "calle"}, "geometry": {"type": "Point", "coordinates": [-68.91991, -22.46362]}}, {"type": "Feature", "properties": {"nombre": "Los Robles", "tipo": "calle"}, "geometry": {"type": "Point", "coordinates": [-68.921, -22.46378]}}, {"type": "Feature", "properties": {"nombre": "Oriente", "tipo": "calle"}, "geometry": {"type": "Point", "coordinates": [-68.9208, -22.47409]}}, {"type": "Feature", "properties": {"nombre": "Pedro Lagos", "tipo": "calle"}, "geometry": {"type": "Point", "coordinates": [-68.92164, -22.45585]}}, {"type": "Feature", "properties": {"nombre": "El Roble", "tipo": "calle"}, "geometry": {"type": "Point", "coordinates": [-68.92099, -22.4552]}}, {"type": "Feature", "properties": {"nombre": "Presidente Ibáñez", "tipo": "calle"}, "geometry": {"type": "Point", "coordinates": [-68.92106, -22.45649]}}, {"type": "Feature", "properties": {"nombre": "Inca de Oro", "tipo": "calle"}, "geometry": {"type": "Point", "coordinates": [-68.91556, -22.44107]}}, {"type": "Feature", "properties": {"nombre": "Gómez", "tipo": "calle"}, "geometry": {"type": "Point", "coordinates": [-68.92102, -22.45566]}}, {"type": "Feature", "properties": {"nombre": "Vía Parque Poniente", "tipo": "calle"}, "geometry": {"type": "Point", "coordinates": [-68.92519, -22.45407]}}, {"type": "Feature", "properties": {"nombre": "Nueva Poniente", "tipo": "calle"}, "geometry": {"type": "Point", "coordinates": [-68.91864, -22.44804]}}, {"type": "Feature", "properties": {"nombre": "Vecinal", "tipo": "calle"}, "geometry": {"type": "Point", "coordinates": [-68.91765, -22.46118]}}, {"type": "Feature", "properties": {"nombre": "2 Oriente", "tipo": "calle"}, "geometry": {"type": "Point", "coordinates": [-68.91345, -22.45447]}}, {"type": "Feature", "properties": {"nombre": "Feliciano Martínez", "tipo": "calle"}, "geometry": {"type": "Point", "coordinates": [-68.90511, -22.44846]}}, {"type": "Feature", "properties": {"nombre": "Condominio Bilbao", "tipo": "calle"}, "geometry": {"type": "Point", "coordinates": [-68.91829, -22.46055]}}, {"type": "Feature", "properties": {"nombre": "3 Sur", "tipo": "calle"}, "geometry": {"type": "Point", "coordinates": [-68.91375, -22.45545]}}, {"type": "Feature", "properties": {"nombre": "Pasaje La Piedra Feliz", "tipo": "calle"}, "geometry": {"type": "Point", "coordinates": [-68.91727, -22.48604]}}, {"type": "Feature", "properties": {"nombre": "Pasaje David Silverman", "tipo": "calle"}, "geometry": {"type": "Point", "coordinates": [-68.91729, -22.43154]}}, {"type": "Feature", "properties": {"nombre": "Periodista Carlos Berguer", "tipo": "calle"}, "geometry": {"type": "Point", "coordinates": [-68.92217, -22.43071]}}, {"type": "Feature", "properties": {"nombre": "Pasaje Club Chuqui", "tipo": "calle"}, "geometry": {"type": "Point", "coordinates": [-68.9168, -22.4318]}}, {"type": "Feature", "properties": {"nombre": "Pasaje El Minero", "tipo": "calle"}, "geometry": {"type": "Point", "coordinates": [-68.91714, -22.43202]}}, {"type": "Feature", "properties": {"nombre": "Pasaje El Monje", "tipo": "calle"}, "geometry": {"type": "Point", "coordinates": [-68.91653, -22.4322]}}, {"type": "Feature", "properties": {"nombre": "Pasaje Las Normac", "tipo": "calle"}, "geometry": {"type": "Point", "coordinates": [-68.91792, -22.4309]}}, {"type": "Feature", "properties": {"nombre": "Roy Glover", "tipo": "calle"}, "geometry": {"type": "Point", "coordinates": [-68.91618, -22.43178]}}, {"type": "Feature", "properties": {"nombre": "John Bradford", "tipo": "calle"}, "geometry": {"type": "Point", "coordinates": [-68.92033, -22.43023]}}, {"type": "Feature", "properties": {"nombre": "Haroldo Cabrera", "tipo": "calle"}, "geometry": {"type": "Point", "coordinates": [-68.91829, -22.43127]}}, {"type": "Feature", "properties": {"nombre": "Hojalar", "tipo": "calle"}, "geometry": {"type": "Point", "coordinates": [-68.90842, -22.43801]}}, {"type": "Feature", "properties": {"nombre": "Pocor", "tipo": "calle"}, "geometry": {"type": "Point", "coordinates": [-68.90807, -22.43849]}}, {"type": "Feature", "properties": {"nombre": "Pasaje Teatro Chilex", "tipo": "calle"}, "geometry": {"type": "Point", "coordinates": [-68.92313, -22.43027]}}, {"type": "Feature", "properties": {"nombre": "Pasaje Los Buques", "tipo": "calle"}, "geometry": {"type": "Point", "coordinates": [-68.92177, -22.43069]}}, {"type": "Feature", "properties": {"nombre": "Aymani", "tipo": "calle"}, "geometry": {"type": "Point", "coordinates": [-68.90928, -22.43902]}}, {"type": "Feature", "properties": {"nombre": "Zapaleri", "tipo": "calle"}, "geometry": {"type": "Point", "coordinates": [-68.91326, -22.43459]}}, {"type": "Feature", "properties": {"nombre": "Tocopuri", "tipo": "calle"}, "geometry": {"type": "Point", "coordinates": [-68.91325, -22.43427]}}, {"type": "Feature", "properties": {"nombre": "Pasaje Los Adobes", "tipo": "calle"}, "geometry": {"type": "Point", "coordinates": [-68.91761, -22.43126]}}, {"type": "Feature", "properties": {"nombre": "Pasaje Las Flores", "tipo": "calle"}, "geometry": {"type": "Point", "coordinates": [-68.91973, -22.4308]}}, {"type": "Feature", "properties": {"nombre": "Pasaje La Verbena", "tipo": "calle"}, "geometry": {"type": "Point", "coordinates": [-68.91806, -22.43164]}}, {"type": "Feature", "properties": {"nombre": "Pasaje Los Seiscientos", "tipo": "calle"}, "geometry": {"type": "Point", "coordinates": [-68.91912, -22.43108]}}, {"type": "Feature", "properties": {"nombre": "Las Terrazas", "tipo": "calle"}, "geometry": {"type": "Point", "coordinates": [-68.91116, -22.4383]}}, {"type": "Feature", "properties": {"nombre": "Pasaje Los Hundidos", "tipo": "calle"}, "geometry": {"type": "Point", "coordinates": [-68.92104, -22.43045]}}, {"type": "Feature", "properties": {"nombre": "Pasaje Teatro Variedades", "tipo": "calle"}, "geometry": {"type": "Point", "coordinates": [-68.92293, -22.43014]}}, {"type": "Feature", "properties": {"nombre": "Avenida Charles Brinckerhoff", "tipo": "calle"}, "geometry": {"type": "Point", "coordinates": [-68.92042, -22.43143]}}, {"type": "Feature", "properties": {"nombre": "Pasaje Villa Florencia", "tipo": "calle"}, "geometry": {"type": "Point", "coordinates": [-68.92005, -22.43073]}}, {"type": "Feature", "properties": {"nombre": "Pasaje Arauco", "tipo": "calle"}, "geometry": {"type": "Point", "coordinates": [-68.92081, -22.4309]}}, {"type": "Feature", "properties": {"nombre": "Pasaje El Bosque", "tipo": "calle"}, "geometry": {"type": "Point", "coordinates": [-68.9198, -22.43127]}}, {"type": "Feature", "properties": {"nombre": "Pasaje Descubridores de América", "tipo": "calle"}, "geometry": {"type": "Point", "coordinates": [-68.92096, -22.4303]}}, {"type": "Feature", "properties": {"nombre": "El Llano", "tipo": "calle"}, "geometry": {"type": "Point", "coordinates": [-68.91298, -22.43461]}}, {"type": "Feature", "properties": {"nombre": "Pasaje Los Lagos", "tipo": "calle"}, "geometry": {"type": "Point", "coordinates": [-68.9213, -22.43083]}}, {"type": "Feature", "properties": {"nombre": "Alana", "tipo": "calle"}, "geometry": {"type": "Point", "coordinates": [-68.90895, -22.43952]}}, {"type": "Feature", "properties": {"nombre": "Pasaje El Alba", "tipo": "calle"}, "geometry": {"type": "Point", "coordinates": [-68.91943, -22.43102]}}, {"type": "Feature", "properties": {"nombre": "El Mármol", "tipo": "calle"}, "geometry": {"type": "Point", "coordinates": [-68.91452, -22.43407]}}, {"type": "Feature", "properties": {"nombre": "Pasaje Bellavista", "tipo": "calle"}, "geometry": {"type": "Point", "coordinates": [-68.92048, -22.43097]}}, {"type": "Feature", "properties": {"nombre": "Las Canteras", "tipo": "calle"}, "geometry": {"type": "Point", "coordinates": [-68.9096, -22.44012]}}, {"type": "Feature", "properties": {"nombre": "Valle del Inca", "tipo": "calle"}, "geometry": {"type": "Point", "coordinates": [-68.9126, -22.43485]}}, {"type": "Feature", "properties": {"nombre": "Pasaje Club Obrero", "tipo": "calle"}, "geometry": {"type": "Point", "coordinates": [-68.92244, -22.43038]}}, {"type": "Feature", "properties": {"nombre": "Inca colla", "tipo": "calle"}, "geometry": {"type": "Point", "coordinates": [-68.9038, -22.4428]}}, {"type": "Feature", "properties": {"nombre": "Pasaje Volcán San Pedro", "tipo": "calle"}, "geometry": {"type": "Point", "coordinates": [-68.9077, -22.44512]}}, {"type": "Feature", "properties": {"nombre": "Avenida Almirante Óscar Flores", "tipo": "calle"}, "geometry": {"type": "Point", "coordinates": [-68.90424, -22.44478]}}, {"type": "Feature", "properties": {"nombre": "Pasaje Volcán San Pablo", "tipo": "calle"}, "geometry": {"type": "Point", "coordinates": [-68.90831, -22.44524]}}, {"type": "Feature", "properties": {"nombre": "Pasaje Alcalde Ballesteros Ávila", "tipo": "calle"}, "geometry": {"type": "Point", "coordinates": [-68.90432, -22.44623]}}, {"type": "Feature", "properties": {"nombre": "Pukará", "tipo": "calle"}, "geometry": {"type": "Point", "coordinates": [-68.90543, -22.44273]}}, {"type": "Feature", "properties": {"nombre": "Volcán Putana", "tipo": "calle"}, "geometry": {"type": "Point", "coordinates": [-68.90434, -22.44521]}}, {"type": "Feature", "properties": {"nombre": "Guayacán", "tipo": "calle"}, "geometry": {"type": "Point", "coordinates": [-68.90488, -22.44124]}}, {"type": "Feature", "properties": {"nombre": "Pasaje Volcán Isluga", "tipo": "calle"}, "geometry": {"type": "Point", "coordinates": [-68.90675, -22.44616]}}, {"type": "Feature", "properties": {"nombre": "Pasaje Volcán Linzor", "tipo": "calle"}, "geometry": {"type": "Point", "coordinates": [-68.90808, -22.44481]}}, {"type": "Feature", "properties": {"nombre": "Alcalde Bartolomé Oyanedel", "tipo": "calle"}, "geometry": {"type": "Point", "coordinates": [-68.90532, -22.44532]}}, {"type": "Feature", "properties": {"nombre": "Pasaje Volcán Chiliques", "tipo": "calle"}, "geometry": {"type": "Point", "coordinates": [-68.90433, -22.44707]}}, {"type": "Feature", "properties": {"nombre": "Pasaje Volcán Ojos del Salado", "tipo": "calle"}, "geometry": {"type": "Point", "coordinates": [-68.90384, -22.44628]}}, {"type": "Feature", "properties": {"nombre": "Pasaje Volcán Lastarria", "tipo": "calle"}, "geometry": {"type": "Point", "coordinates": [-68.9036, -22.44591]}}, {"type": "Feature", "properties": {"nombre": "Almirante Grau", "tipo": "calle"}, "geometry": {"type": "Point", "coordinates": [-68.90461, -22.44394]}}, {"type": "Feature", "properties": {"nombre": "Pasaje Volcán Socompa", "tipo": "calle"}, "geometry": {"type": "Point", "coordinates": [-68.90605, -22.44484]}}, {"type": "Feature", "properties": {"nombre": "Pasaje Volcán Apagado", "tipo": "calle"}, "geometry": {"type": "Point", "coordinates": [-68.90506, -22.44595]}}, {"type": "Feature", "properties": {"nombre": "Pasaje Volcán Copiapó", "tipo": "calle"}, "geometry": {"type": "Point", "coordinates": [-68.90811, -22.44583]}}, {"type": "Feature", "properties": {"nombre": "Tagua", "tipo": "calle"}, "geometry": {"type": "Point", "coordinates": [-68.90368, -22.44232]}}, {"type": "Feature", "properties": {"nombre": "Pasaje Volcán Guallatiri", "tipo": "calle"}, "geometry": {"type": "Point", "coordinates": [-68.90509, -22.44637]}}, {"type": "Feature", "properties": {"nombre": "Pasaje Volcán Jurique", "tipo": "calle"}, "geometry": {"type": "Point", "coordinates": [-68.90408, -22.44666]}}, {"type": "Feature", "properties": {"nombre": "Pasaje San Juan", "tipo": "calle"}, "geometry": {"type": "Point", "coordinates": [-68.90543, -22.44656]}}, {"type": "Feature", "properties": {"nombre": "Pasaje Volcán Irrupuntucu", "tipo": "calle"}, "geometry": {"type": "Point", "coordinates": [-68.90802, -22.44627]}}, {"type": "Feature", "properties": {"nombre": "Pasaje Volcán Lejía", "tipo": "calle"}, "geometry": {"type": "Point", "coordinates": [-68.90334, -22.44552]}}, {"type": "Feature", "properties": {"nombre": "Pasaje Volcán Parinacota", "tipo": "calle"}, "geometry": {"type": "Point", "coordinates": [-68.90431, -22.44533]}}, {"type": "Feature", "properties": {"nombre": "Pasaje Volcán Olca", "tipo": "calle"}, "geometry": {"type": "Point", "coordinates": [-68.90301, -22.44449]}}, {"type": "Feature", "properties": {"nombre": "Pasaje Volcán Pomarape", "tipo": "calle"}, "geometry": {"type": "Point", "coordinates": [-68.90434, -22.44414]}}, {"type": "Feature", "properties": {"nombre": "Radomiro Tomic", "tipo": "calle"}, "geometry": {"type": "Point", "coordinates": [-68.90913, -22.44399]}}, {"type": "Feature", "properties": {"nombre": "Avenida El Abra", "tipo": "calle"}, "geometry": {"type": "Point", "coordinates": [-68.91075, -22.44169]}}, {"type": "Feature", "properties": {"nombre": "Quelena", "tipo": "calle"}, "geometry": {"type": "Point", "coordinates": [-68.90877, -22.44056]}}, {"type": "Feature", "properties": {"nombre": "Avenida Chuquicamata", "tipo": "calle"}, "geometry": {"type": "Point", "coordinates": [-68.90833, -22.44397]}}, {"type": "Feature", "properties": {"nombre": "Pasaje El Teniente", "tipo": "calle"}, "geometry": {"type": "Point", "coordinates": [-68.90937, -22.44259]}}, {"type": "Feature", "properties": {"nombre": "Pasaje Toki", "tipo": "calle"}, "geometry": {"type": "Point", "coordinates": [-68.90901, -22.44296]}}, {"type": "Feature", "properties": {"nombre": "La Pampa", "tipo": "calle"}, "geometry": {"type": "Point", "coordinates": [-68.90812, -22.44219]}}, {"type": "Feature", "properties": {"nombre": "Avenida Mina Sur", "tipo": "calle"}, "geometry": {"type": "Point", "coordinates": [-68.90886, -22.44432]}}, {"type": "Feature", "properties": {"nombre": "Pator", "tipo": "calle"}, "geometry": {"type": "Point", "coordinates": [-68.90786, -22.4405]}}, {"type": "Feature", "properties": {"nombre": "Pasaje Gaby", "tipo": "calle"}, "geometry": {"type": "Point", "coordinates": [-68.90831, -22.44329]}}, {"type": "Feature", "properties": {"nombre": "San Bartolo", "tipo": "calle"}, "geometry": {"type": "Point", "coordinates": [-68.90757, -22.44089]}}, {"type": "Feature", "properties": {"nombre": "Palqui", "tipo": "calle"}, "geometry": {"type": "Point", "coordinates": [-68.90664, -22.44162]}}, {"type": "Feature", "properties": {"nombre": "Las Hualtatas", "tipo": "calle"}, "geometry": {"type": "Point", "coordinates": [-68.90765, -22.4416]}}, {"type": "Feature", "properties": {"nombre": "Cerro Colorado", "tipo": "calle"}, "geometry": {"type": "Point", "coordinates": [-68.91184, -22.43953]}}, {"type": "Feature", "properties": {"nombre": "Pasaje Irma", "tipo": "calle"}, "geometry": {"type": "Point", "coordinates": [-68.90984, -22.4413]}}, {"type": "Feature", "properties": {"nombre": "Pasaje Chuquin", "tipo": "calle"}, "geometry": {"type": "Point", "coordinates": [-68.9114, -22.44288]}}, {"type": "Feature", "properties": {"nombre": "San Fernando", "tipo": "calle"}, "geometry": {"type": "Point", "coordinates": [-68.91532, -22.44745]}}, {"type": "Feature", "properties": {"nombre": "Pasaje Santa Filomena", "tipo": "calle"}, "geometry": {"type": "Point", "coordinates": [-68.91102, -22.44272]}}, {"type": "Feature", "properties": {"nombre": "Doña Inés Sur", "tipo": "calle"}, "geometry": {"type": "Point", "coordinates": [-68.91167, -22.44229]}}, {"type": "Feature", "properties": {"nombre": "Pasaje Escondida", "tipo": "calle"}, "geometry": {"type": "Point", "coordinates": [-68.91125, -22.43979]}}, {"type": "Feature", "properties": {"nombre": "Pasaje Salvador", "tipo": "calle"}, "geometry": {"type": "Point", "coordinates": [-68.9106, -22.44002]}}, {"type": "Feature", "properties": {"nombre": "Condominio El Alto", "tipo": "calle"}, "geometry": {"type": "Point", "coordinates": [-68.91281, -22.44461]}}, {"type": "Feature", "properties": {"nombre": "Doña Inés Norte", "tipo": "calle"}, "geometry": {"type": "Point", "coordinates": [-68.91029, -22.44089]}}, {"type": "Feature", "properties": {"nombre": "Pasaje Ivan Zar", "tipo": "calle"}, "geometry": {"type": "Point", "coordinates": [-68.91319, -22.44031]}}, {"type": "Feature", "properties": {"nombre": "Pasaje Chuquicamata", "tipo": "calle"}, "geometry": {"type": "Point", "coordinates": [-68.91238, -22.43916]}}, {"type": "Feature", "properties": {"nombre": "Pasaje El Inca", "tipo": "calle"}, "geometry": {"type": "Point", "coordinates": [-68.91198, -22.44183]}}, {"type": "Feature", "properties": {"nombre": "Pasaje Andina", "tipo": "calle"}, "geometry": {"type": "Point", "coordinates": [-68.91154, -22.44146]}}, {"type": "Feature", "properties": {"nombre": "Comandante Neira", "tipo": "calle"}, "geometry": {"type": "Point", "coordinates": [-68.91214, -22.446]}}, {"type": "Feature", "properties": {"nombre": "Pasaje Altamira", "tipo": "calle"}, "geometry": {"type": "Point", "coordinates": [-68.91109, -22.43995]}}, {"type": "Feature", "properties": {"nombre": "Pasaje Lomas Bayas", "tipo": "calle"}, "geometry": {"type": "Point", "coordinates": [-68.91218, -22.44095]}}, {"type": "Feature", "properties": {"nombre": "Quebrada Blanca", "tipo": "calle"}, "geometry": {"type": "Point", "coordinates": [-68.91252, -22.44269]}}, {"type": "Feature", "properties": {"nombre": "Condominio El Alto - Manzana B", "tipo": "calle"}, "geometry": {"type": "Point", "coordinates": [-68.91241, -22.44416]}}, {"type": "Feature", "properties": {"nombre": "Condominio El Alto - Manzana C", "tipo": "calle"}, "geometry": {"type": "Point", "coordinates": [-68.91236, -22.4442]}}, {"type": "Feature", "properties": {"nombre": "Pasaje Lince", "tipo": "calle"}, "geometry": {"type": "Point", "coordinates": [-68.91013, -22.44199]}}, {"type": "Feature", "properties": {"nombre": "Pasaje La Tuna", "tipo": "calle"}, "geometry": {"type": "Point", "coordinates": [-68.91231, -22.44228]}}, {"type": "Feature", "properties": {"nombre": "Pasaje Saldivar", "tipo": "calle"}, "geometry": {"type": "Point", "coordinates": [-68.91353, -22.44061]}}, {"type": "Feature", "properties": {"nombre": "Pasaje El Tesoro", "tipo": "calle"}, "geometry": {"type": "Point", "coordinates": [-68.91284, -22.44156]}}, {"type": "Feature", "properties": {"nombre": "Av Las Industrias", "tipo": "calle"}, "geometry": {"type": "Point", "coordinates": [-68.8949, -22.43946]}}, {"type": "Feature", "properties": {"nombre": "Pasaje Volcán Sairecabur", "tipo": "calle"}, "geometry": {"type": "Point", "coordinates": [-68.90586, -22.44435]}}, {"type": "Feature", "properties": {"nombre": "Lascar", "tipo": "calle"}, "geometry": {"type": "Point", "coordinates": [-68.92356, -22.44139]}}, {"type": "Feature", "properties": {"nombre": "Pajonales", "tipo": "calle"}, "geometry": {"type": "Point", "coordinates": [-68.91947, -22.44171]}}, {"type": "Feature", "properties": {"nombre": "El Tatio", "tipo": "calle"}, "geometry": {"type": "Point", "coordinates": [-68.91944, -22.44009]}}, {"type": "Feature", "properties": {"nombre": "Mateo de Toro y Zambrano", "tipo": "calle"}, "geometry": {"type": "Point", "coordinates": [-68.91959, -22.44482]}}, {"type": "Feature", "properties": {"nombre": "Central Nte", "tipo": "calle"}, "geometry": {"type": "Point", "coordinates": [-68.92134, -22.43814]}}, {"type": "Feature", "properties": {"nombre": "Manio", "tipo": "calle"}, "geometry": {"type": "Point", "coordinates": [-68.92519, -22.43822]}}, {"type": "Feature", "properties": {"nombre": "Central", "tipo": "calle"}, "geometry": {"type": "Point", "coordinates": [-68.9215, -22.43841]}}, {"type": "Feature", "properties": {"nombre": "Los Arrecifes", "tipo": "calle"}, "geometry": {"type": "Point", "coordinates": [-68.92174, -22.43839]}}, {"type": "Feature", "properties": {"nombre": "Conchi Viejo", "tipo": "calle"}, "geometry": {"type": "Point", "coordinates": [-68.92466, -22.43413]}}, {"type": "Feature", "properties": {"nombre": "Cebollar", "tipo": "calle"}, "geometry": {"type": "Point", "coordinates": [-68.92302, -22.43702]}}, {"type": "Feature", "properties": {"nombre": "Conde Duque", "tipo": "calle"}, "geometry": {"type": "Point", "coordinates": [-68.92307, -22.43595]}}, {"type": "Feature", "properties": {"nombre": "Incahuasi", "tipo": "calle"}, "geometry": {"type": "Point", "coordinates": [-68.92391, -22.43409]}}, {"type": "Feature", "properties": {"nombre": "Inacaliri", "tipo": "calle"}, "geometry": {"type": "Point", "coordinates": [-68.92518, -22.43679]}}, {"type": "Feature", "properties": {"nombre": "Punta de Rieles", "tipo": "calle"}, "geometry": {"type": "Point", "coordinates": [-68.91817, -22.43394]}}, {"type": "Feature", "properties": {"nombre": "Baquedano", "tipo": "calle"}, "geometry": {"type": "Point", "coordinates": [-68.92426, -22.43208]}}, {"type": "Feature", "properties": {"nombre": "Pampa Unión", "tipo": "calle"}, "geometry": {"type": "Point", "coordinates": [-68.92359, -22.43183]}}, {"type": "Feature", "properties": {"nombre": "Ñandú", "tipo": "calle"}, "geometry": {"type": "Point", "coordinates": [-68.92619, -22.44315]}}, {"type": "Feature", "properties": {"nombre": "Plazoleta O'Higgins", "tipo": "place"}, "geometry": {"type": "Point", "coordinates": [-68.92472, -22.44555]}}, {"type": "Feature", "properties": {"nombre": "Antonio Varas", "tipo": "calle"}, "geometry": {"type": "Point", "coordinates": [-68.92459, -22.44638]}}, {"type": "Feature", "properties": {"nombre": "La Garza", "tipo": "calle"}, "geometry": {"type": "Point", "coordinates": [-68.92587, -22.44343]}}, {"type": "Feature", "properties": {"nombre": "Plaza José Miguel Carrera", "tipo": "place"}, "geometry": {"type": "Point", "coordinates": [-68.92293, -22.44175]}}, {"type": "Feature", "properties": {"nombre": "Colibrí", "tipo": "calle"}, "geometry": {"type": "Point", "coordinates": [-68.92537, -22.44328]}}, {"type": "Feature", "properties": {"nombre": "Sargento Aldea", "tipo": "calle"}, "geometry": {"type": "Point", "coordinates": [-68.92256, -22.45004]}}, {"type": "Feature", "properties": {"nombre": "4 Poniente", "tipo": "calle"}, "geometry": {"type": "Point", "coordinates": [-68.91982, -22.45368]}}, {"type": "Feature", "properties": {"nombre": "David Quiroz Cáceres", "tipo": "calle"}, "geometry": {"type": "Point", "coordinates": [-68.92234, -22.45222]}}, {"type": "Feature", "properties": {"nombre": "3 Poniente", "tipo": "calle"}, "geometry": {"type": "Point", "coordinates": [-68.91951, -22.45287]}}, {"type": "Feature", "properties": {"nombre": "1 Norte", "tipo": "calle"}, "geometry": {"type": "Point", "coordinates": [-68.9191, -22.45349]}}, {"type": "Feature", "properties": {"nombre": "3 Norte", "tipo": "calle"}, "geometry": {"type": "Point", "coordinates": [-68.91845, -22.45244]}}, {"type": "Feature", "properties": {"nombre": "4 Norte", "tipo": "calle"}, "geometry": {"type": "Point", "coordinates": [-68.91934, -22.45216]}}, {"type": "Feature", "properties": {"nombre": "2 Poniente", "tipo": "calle"}, "geometry": {"type": "Point", "coordinates": [-68.91895, -22.45278]}}, {"type": "Feature", "properties": {"nombre": "6 Norte", "tipo": "calle"}, "geometry": {"type": "Point", "coordinates": [-68.9188, -22.45052]}}, {"type": "Feature", "properties": {"nombre": "7 Norte", "tipo": "calle"}, "geometry": {"type": "Point", "coordinates": [-68.91934, -22.45003]}}, {"type": "Feature", "properties": {"nombre": "8 Norte", "tipo": "calle"}, "geometry": {"type": "Point", "coordinates": [-68.91958, -22.4495]}}, {"type": "Feature", "properties": {"nombre": "Condominio Matta", "tipo": "calle"}, "geometry": {"type": "Point", "coordinates": [-68.91916, -22.45878]}}, {"type": "Feature", "properties": {"nombre": "Los Nogales", "tipo": "calle"}, "geometry": {"type": "Point", "coordinates": [-68.91528, -22.45544]}}, {"type": "Feature", "properties": {"nombre": "Anexo Sokol", "tipo": "calle"}, "geometry": {"type": "Point", "coordinates": [-68.92393, -22.459]}}, {"type": "Feature", "properties": {"nombre": "Los Cipreses", "tipo": "calle"}, "geometry": {"type": "Point", "coordinates": [-68.91652, -22.45562]}}, {"type": "Feature", "properties": {"nombre": "Chorrillos", "tipo": "calle"}, "geometry": {"type": "Point", "coordinates": [-68.9077, -22.45245]}}, {"type": "Feature", "properties": {"nombre": "Pasaje Alcacia", "tipo": "calle"}, "geometry": {"type": "Point", "coordinates": [-68.90655, -22.4533]}}, {"type": "Feature", "properties": {"nombre": "Chañar", "tipo": "calle"}, "geometry": {"type": "Point", "coordinates": [-68.90749, -22.45249]}}, {"type": "Feature", "properties": {"nombre": "Malleco", "tipo": "calle"}, "geometry": {"type": "Point", "coordinates": [-68.92943, -22.4362]}}, {"type": "Feature", "properties": {"nombre": "Colchagua", "tipo": "calle"}, "geometry": {"type": "Point", "coordinates": [-68.92928, -22.43784]}}, {"type": "Feature", "properties": {"nombre": "Pasaje Parina", "tipo": "calle"}, "geometry": {"type": "Point", "coordinates": [-68.92754, -22.43403]}}, {"type": "Feature", "properties": {"nombre": "Pasaje Talca", "tipo": "calle"}, "geometry": {"type": "Point", "coordinates": [-68.92976, -22.43503]}}, {"type": "Feature", "properties": {"nombre": "Llanquihue", "tipo": "calle"}, "geometry": {"type": "Point", "coordinates": [-68.92801, -22.43818]}}, {"type": "Feature", "properties": {"nombre": "Pasaje Colchagua", "tipo": "calle"}, "geometry": {"type": "Point", "coordinates": [-68.929, -22.43573]}}, {"type": "Feature", "properties": {"nombre": "Altolari", "tipo": "calle"}, "geometry": {"type": "Point", "coordinates": [-68.93243, -22.43733]}}, {"type": "Feature", "properties": {"nombre": "Arica", "tipo": "calle"}, "geometry": {"type": "Point", "coordinates": [-68.92881, -22.43821]}}, {"type": "Feature", "properties": {"nombre": "Pasaje Victoria", "tipo": "calle"}, "geometry": {"type": "Point", "coordinates": [-68.92689, -22.43487]}}, {"type": "Feature", "properties": {"nombre": "Talabre", "tipo": "calle"}, "geometry": {"type": "Point", "coordinates": [-68.92736, -22.4365]}}, {"type": "Feature", "properties": {"nombre": "Pasaje Talabre", "tipo": "calle"}, "geometry": {"type": "Point", "coordinates": [-68.92664, -22.43407]}}, {"type": "Feature", "properties": {"nombre": "Putre", "tipo": "calle"}, "geometry": {"type": "Point", "coordinates": [-68.92737, -22.4373]}}, {"type": "Feature", "properties": {"nombre": "Pasaje Arica", "tipo": "calle"}, "geometry": {"type": "Point", "coordinates": [-68.92815, -22.43501]}}, {"type": "Feature", "properties": {"nombre": "Magallanes", "tipo": "calle"}, "geometry": {"type": "Point", "coordinates": [-68.92752, -22.43852]}}, {"type": "Feature", "properties": {"nombre": "Pasaje Llanquihue", "tipo": "calle"}, "geometry": {"type": "Point", "coordinates": [-68.92704, -22.434]}}, {"type": "Feature", "properties": {"nombre": "Chiloé", "tipo": "calle"}, "geometry": {"type": "Point", "coordinates": [-68.92709, -22.43786]}}, {"type": "Feature", "properties": {"nombre": "Tilopozo", "tipo": "calle"}, "geometry": {"type": "Point", "coordinates": [-68.9302, -22.43659]}}, {"type": "Feature", "properties": {"nombre": "Pasaje El Desierto", "tipo": "calle"}, "geometry": {"type": "Point", "coordinates": [-68.92694, -22.43351]}}, {"type": "Feature", "properties": {"nombre": "Pasaje Los Vilos", "tipo": "calle"}, "geometry": {"type": "Point", "coordinates": [-68.93063, -22.43461]}}, {"type": "Feature", "properties": {"nombre": "Argentina Puente", "tipo": "calle"}, "geometry": {"type": "Point", "coordinates": [-68.92714, -22.43759]}}, {"type": "Feature", "properties": {"nombre": "Pasaje Desierto", "tipo": "calle"}, "geometry": {"type": "Point", "coordinates": [-68.92781, -22.43357]}}, {"type": "Feature", "properties": {"nombre": "Pasaje Huara", "tipo": "calle"}, "geometry": {"type": "Point", "coordinates": [-68.93081, -22.43534]}}, {"type": "Feature", "properties": {"nombre": "Huara", "tipo": "calle"}, "geometry": {"type": "Point", "coordinates": [-68.93097, -22.43755]}}, {"type": "Feature", "properties": {"nombre": "Pasaje Genoveva", "tipo": "calle"}, "geometry": {"type": "Point", "coordinates": [-68.93328, -22.44074]}}, {"type": "Feature", "properties": {"nombre": "Honduras", "tipo": "calle"}, "geometry": {"type": "Point", "coordinates": [-68.93269, -22.43984]}}, {"type": "Feature", "properties": {"nombre": "Pasaje Atahualpa", "tipo": "calle"}, "geometry": {"type": "Point", "coordinates": [-68.93319, -22.44048]}}, {"type": "Feature", "properties": {"nombre": "Vitacura", "tipo": "calle"}, "geometry": {"type": "Point", "coordinates": [-68.93561, -22.44652]}}, {"type": "Feature", "properties": {"nombre": "10 de Julio", "tipo": "calle"}, "geometry": {"type": "Point", "coordinates": [-68.93904, -22.44553]}}, {"type": "Feature", "properties": {"nombre": "Yacimientos", "tipo": "calle"}, "geometry": {"type": "Point", "coordinates": [-68.93747, -22.44398]}}, {"type": "Feature", "properties": {"nombre": "Proyecto Torre Dos", "tipo": "calle"}, "geometry": {"type": "Point", "coordinates": [-68.93486, -22.44188]}}, {"type": "Feature", "properties": {"nombre": "Frei Bonn Ote.", "tipo": "calle"}, "geometry": {"type": "Point", "coordinates": [-68.93663, -22.44231]}}, {"type": "Feature", "properties": {"nombre": "Los Molinos", "tipo": "calle"}, "geometry": {"type": "Point", "coordinates": [-68.93689, -22.44516]}}, {"type": "Feature", "properties": {"nombre": "Colonia Oriente", "tipo": "calle"}, "geometry": {"type": "Point", "coordinates": [-68.93848, -22.4435]}}, {"type": "Feature", "properties": {"nombre": "11 de Septiembre", "tipo": "calle"}, "geometry": {"type": "Point", "coordinates": [-68.93566, -22.44543]}}, {"type": "Feature", "properties": {"nombre": "Atahualpa", "tipo": "calle"}, "geometry": {"type": "Point", "coordinates": [-68.93594, -22.44149]}}, {"type": "Feature", "properties": {"nombre": "Frei Bonn Oriente", "tipo": "calle"}, "geometry": {"type": "Point", "coordinates": [-68.93719, -22.44518]}}, {"type": "Feature", "properties": {"nombre": "Frei Bonn Pte", "tipo": "calle"}, "geometry": {"type": "Point", "coordinates": [-68.93825, -22.44522]}}, {"type": "Feature", "properties": {"nombre": "Proyecto Mina Sur", "tipo": "calle"}, "geometry": {"type": "Point", "coordinates": [-68.93475, -22.44381]}}, {"type": "Feature", "properties": {"nombre": "Malaquita", "tipo": "calle"}, "geometry": {"type": "Point", "coordinates": [-68.93462, -22.44299]}}, {"type": "Feature", "properties": {"nombre": "Las Rocas", "tipo": "calle"}, "geometry": {"type": "Point", "coordinates": [-68.93675, -22.44283]}}, {"type": "Feature", "properties": {"nombre": "Pasaje Proyecto Gaby", "tipo": "calle"}, "geometry": {"type": "Point", "coordinates": [-68.93517, -22.44273]}}, {"type": "Feature", "properties": {"nombre": "Proyecto Toki", "tipo": "calle"}, "geometry": {"type": "Point", "coordinates": [-68.93473, -22.44269]}}, {"type": "Feature", "properties": {"nombre": "Marcos Maturana", "tipo": "calle"}, "geometry": {"type": "Point", "coordinates": [-68.93518, -22.44551]}}, {"type": "Feature", "properties": {"nombre": "Proyecto Óxido", "tipo": "calle"}, "geometry": {"type": "Point", "coordinates": [-68.93502, -22.44358]}}, {"type": "Feature", "properties": {"nombre": "Petrohué Sur", "tipo": "calle"}, "geometry": {"type": "Point", "coordinates": [-68.94125, -22.45268]}}, {"type": "Feature", "properties": {"nombre": "Rupanco", "tipo": "calle"}, "geometry": {"type": "Point", "coordinates": [-68.94721, -22.4583]}}, {"type": "Feature", "properties": {"nombre": "Américo Vespucio", "tipo": "calle"}, "geometry": {"type": "Point", "coordinates": [-68.94336, -22.45241]}}, {"type": "Feature", "properties": {"nombre": "Pasaje Petrohué Sur", "tipo": "calle"}, "geometry": {"type": "Point", "coordinates": [-68.94371, -22.45299]}}, {"type": "Feature", "properties": {"nombre": "Antillanca", "tipo": "calle"}, "geometry": {"type": "Point", "coordinates": [-68.94218, -22.45435]}}, {"type": "Feature", "properties": {"nombre": "Licanray", "tipo": "calle"}, "geometry": {"type": "Point", "coordinates": [-68.94455, -22.45292]}}, {"type": "Feature", "properties": {"nombre": "Pasaje Maipú Norte", "tipo": "calle"}, "geometry": {"type": "Point", "coordinates": [-68.94054, -22.45299]}}, {"type": "Feature", "properties": {"nombre": "Calafquén", "tipo": "calle"}, "geometry": {"type": "Point", "coordinates": [-68.94355, -22.45184]}}, {"type": "Feature", "properties": {"nombre": "Ñielol", "tipo": "calle"}, "geometry": {"type": "Point", "coordinates": [-68.94207, -22.45305]}}, {"type": "Feature", "properties": {"nombre": "Angelmó", "tipo": "calle"}, "geometry": {"type": "Point", "coordinates": [-68.94467, -22.4544]}}, {"type": "Feature", "properties": {"nombre": "Petrohué", "tipo": "calle"}, "geometry": {"type": "Point", "coordinates": [-68.94352, -22.45224]}}, {"type": "Feature", "properties": {"nombre": "Antuco", "tipo": "calle"}, "geometry": {"type": "Point", "coordinates": [-68.94577, -22.45566]}}, {"type": "Feature", "properties": {"nombre": "Ñielol Poniente", "tipo": "calle"}, "geometry": {"type": "Point", "coordinates": [-68.94247, -22.45313]}}, {"type": "Feature", "properties": {"nombre": "Pasaje Petrohué", "tipo": "calle"}, "geometry": {"type": "Point", "coordinates": [-68.94637, -22.45238]}}, {"type": "Feature", "properties": {"nombre": "Hurtado de Mendoza", "tipo": "calle"}, "geometry": {"type": "Point", "coordinates": [-68.92556, -22.45554]}}, {"type": "Feature", "properties": {"nombre": "Isabel La Católica", "tipo": "calle"}, "geometry": {"type": "Point", "coordinates": [-68.94688, -22.45542]}}, {"type": "Feature", "properties": {"nombre": "Pucón Poniente", "tipo": "calle"}, "geometry": {"type": "Point", "coordinates": [-68.94633, -22.46176]}}, {"type": "Feature", "properties": {"nombre": "Rodrigo de Triana", "tipo": "calle"}, "geometry": {"type": "Point", "coordinates": [-68.94447, -22.45578]}}, {"type": "Feature", "properties": {"nombre": "Rupanco Interior", "tipo": "calle"}, "geometry": {"type": "Point", "coordinates": [-68.94723, -22.46104]}}, {"type": "Feature", "properties": {"nombre": "Pasaje Villarica", "tipo": "calle"}, "geometry": {"type": "Point", "coordinates": [-68.94718, -22.45299]}}, {"type": "Feature", "properties": {"nombre": "Antuco Oriente", "tipo": "calle"}, "geometry": {"type": "Point", "coordinates": [-68.94575, -22.45312]}}, {"type": "Feature", "properties": {"nombre": "Isabel La Católica Sur", "tipo": "calle"}, "geometry": {"type": "Point", "coordinates": [-68.94673, -22.4559]}}, {"type": "Feature", "properties": {"nombre": "Bayo", "tipo": "calle"}, "geometry": {"type": "Point", "coordinates": [-68.93431, -22.47573]}}, {"type": "Feature", "properties": {"nombre": "Los Cactus", "tipo": "calle"}, "geometry": {"type": "Point", "coordinates": [-68.93421, -22.4811]}}, {"type": "Feature", "properties": {"nombre": "Amancai", "tipo": "calle"}, "geometry": {"type": "Point", "coordinates": [-68.93625, -22.47584]}}, {"type": "Feature", "properties": {"nombre": "Maizales", "tipo": "calle"}, "geometry": {"type": "Point", "coordinates": [-68.93603, -22.47473]}}, {"type": "Feature", "properties": {"nombre": "Bastión de Chilenidad", "tipo": "calle"}, "geometry": {"type": "Point", "coordinates": [-68.93914, -22.46964]}}, {"type": "Feature", "properties": {"nombre": "Quinoa", "tipo": "calle"}, "geometry": {"type": "Point", "coordinates": [-68.93425, -22.48063]}}, {"type": "Feature", "properties": {"nombre": "Las Higueras", "tipo": "calle"}, "geometry": {"type": "Point", "coordinates": [-68.93793, -22.47179]}}, {"type": "Feature", "properties": {"nombre": "Paqui", "tipo": "calle"}, "geometry": {"type": "Point", "coordinates": [-68.93322, -22.47583]}}, {"type": "Feature", "properties": {"nombre": "Lequena", "tipo": "calle"}, "geometry": {"type": "Point", "coordinates": [-68.93288, -22.47677]}}, {"type": "Feature", "properties": {"nombre": "Polapi", "tipo": "calle"}, "geometry": {"type": "Point", "coordinates": [-68.93082, -22.4761]}}, {"type": "Feature", "properties": {"nombre": "Los Cedros", "tipo": "calle"}, "geometry": {"type": "Point", "coordinates": [-68.93748, -22.47132]}}, {"type": "Feature", "properties": {"nombre": "Santiago", "tipo": "calle"}, "geometry": {"type": "Point", "coordinates": [-68.93186, -22.47438]}}, {"type": "Feature", "properties": {"nombre": "Laguna Lejía", "tipo": "calle"}, "geometry": {"type": "Point", "coordinates": [-68.93529, -22.47614]}}, {"type": "Feature", "properties": {"nombre": "Candelaria", "tipo": "calle"}, "geometry": {"type": "Point", "coordinates": [-68.93317, -22.47272]}}, {"type": "Feature", "properties": {"nombre": "Los Abetos", "tipo": "calle"}, "geometry": {"type": "Point", "coordinates": [-68.93767, -22.47168]}}, {"type": "Feature", "properties": {"nombre": "Valparaíso", "tipo": "calle"}, "geometry": {"type": "Point", "coordinates": [-68.93323, -22.47388]}}, {"type": "Feature", "properties": {"nombre": "Ollague", "tipo": "calle"}, "geometry": {"type": "Point", "coordinates": [-68.9335, -22.47834]}}, {"type": "Feature", "properties": {"nombre": "Colorado", "tipo": "calle"}, "geometry": {"type": "Point", "coordinates": [-68.93268, -22.47905]}}, {"type": "Feature", "properties": {"nombre": "Llantén", "tipo": "calle"}, "geometry": {"type": "Point", "coordinates": [-68.93638, -22.47392]}}, {"type": "Feature", "properties": {"nombre": "Quitor", "tipo": "calle"}, "geometry": {"type": "Point", "coordinates": [-68.92996, -22.47494]}}, {"type": "Feature", "properties": {"nombre": "Palpana", "tipo": "calle"}, "geometry": {"type": "Point", "coordinates": [-68.93127, -22.4767]}}, {"type": "Feature", "properties": {"nombre": "Santa Bárbara", "tipo": "calle"}, "geometry": {"type": "Point", "coordinates": [-68.92888, -22.47579]}}, {"type": "Feature", "properties": {"nombre": "Turi", "tipo": "calle"}, "geometry": {"type": "Point", "coordinates": [-68.92848, -22.47543]}}, {"type": "Feature", "properties": {"nombre": "Schneider", "tipo": "calle"}, "geometry": {"type": "Point", "coordinates": [-68.93342, -22.47259]}}, {"type": "Feature", "properties": {"nombre": "Maitenes", "tipo": "calle"}, "geometry": {"type": "Point", "coordinates": [-68.93596, -22.47673]}}, {"type": "Feature", "properties": {"nombre": "Topain", "tipo": "calle"}, "geometry": {"type": "Point", "coordinates": [-68.92942, -22.47615]}}, {"type": "Feature", "properties": {"nombre": "Peine", "tipo": "calle"}, "geometry": {"type": "Point", "coordinates": [-68.93142, -22.47786]}}, {"type": "Feature", "properties": {"nombre": "Oasis Lasana", "tipo": "calle"}, "geometry": {"type": "Point", "coordinates": [-68.9368, -22.47129]}}, {"type": "Feature", "properties": {"nombre": "Platero", "tipo": "calle"}, "geometry": {"type": "Point", "coordinates": [-68.9326, -22.47576]}}, {"type": "Feature", "properties": {"nombre": "Osvaldo Muñoz", "tipo": "calle"}, "geometry": {"type": "Point", "coordinates": [-68.93043, -22.47299]}}, {"type": "Feature", "properties": {"nombre": "Solar", "tipo": "calle"}, "geometry": {"type": "Point", "coordinates": [-68.93511, -22.47268]}}, {"type": "Feature", "properties": {"nombre": "Solcor", "tipo": "calle"}, "geometry": {"type": "Point", "coordinates": [-68.93497, -22.4737]}}, {"type": "Feature", "properties": {"nombre": "Ciudad Heroica", "tipo": "calle"}, "geometry": {"type": "Point", "coordinates": [-68.93929, -22.46901]}}, {"type": "Feature", "properties": {"nombre": "Trapiche", "tipo": "calle"}, "geometry": {"type": "Point", "coordinates": [-68.92933, -22.47578]}}, {"type": "Feature", "properties": {"nombre": "Blanco", "tipo": "calle"}, "geometry": {"type": "Point", "coordinates": [-68.93003, -22.47948]}}, {"type": "Feature", "properties": {"nombre": "Condominio San Francisco", "tipo": "calle"}, "geometry": {"type": "Point", "coordinates": [-68.93435, -22.48212]}}, {"type": "Feature", "properties": {"nombre": "Quebrada Ichuña", "tipo": "calle"}, "geometry": {"type": "Point", "coordinates": [-68.93254, -22.48441]}}, {"type": "Feature", "properties": {"nombre": "Quebrada Viscachilla", "tipo": "calle"}, "geometry": {"type": "Point", "coordinates": [-68.93212, -22.4843]}}, {"type": "Feature", "properties": {"nombre": "Quebrada de Tiara", "tipo": "calle"}, "geometry": {"type": "Point", "coordinates": [-68.9314, -22.48432]}}, {"type": "Feature", "properties": {"nombre": "Quebrada Alpahuasi", "tipo": "calle"}, "geometry": {"type": "Point", "coordinates": [-68.93207, -22.48412]}}, {"type": "Feature", "properties": {"nombre": "Camino Vecinal", "tipo": "calle"}, "geometry": {"type": "Point", "coordinates": [-68.93127, -22.48267]}}, {"type": "Feature", "properties": {"nombre": "7 Oriente", "tipo": "calle"}, "geometry": {"type": "Point", "coordinates": [-68.91039, -22.45337]}}, {"type": "Feature", "properties": {"nombre": "3 Oriente", "tipo": "calle"}, "geometry": {"type": "Point", "coordinates": [-68.91569, -22.44975]}}, {"type": "Feature", "properties": {"nombre": "6 Oriente", "tipo": "calle"}, "geometry": {"type": "Point", "coordinates": [-68.91446, -22.45027]}}, {"type": "Feature", "properties": {"nombre": "Blister", "tipo": "calle"}, "geometry": {"type": "Point", "coordinates": [-68.91692, -22.46416]}}, {"type": "Feature", "properties": {"nombre": "10 Norte", "tipo": "calle"}, "geometry": {"type": "Point", "coordinates": [-68.9167, -22.44884]}}, {"type": "Feature", "properties": {"nombre": "Los Suspiros", "tipo": "calle"}, "geometry": {"type": "Point", "coordinates": [-68.90672, -22.46326]}}, {"type": "Feature", "properties": {"nombre": "Calcopirita", "tipo": "calle"}, "geometry": {"type": "Point", "coordinates": [-68.91801, -22.45751]}}, {"type": "Feature", "properties": {"nombre": "Embalse Conchi", "tipo": "calle"}, "geometry": {"type": "Point", "coordinates": [-68.91787, -22.45716]}}, {"type": "Feature", "properties": {"nombre": "Condominio San José de El Abra", "tipo": "calle"}, "geometry": {"type": "Point", "coordinates": [-68.918, -22.45649]}}, {"type": "Feature", "properties": {"nombre": "Diorita", "tipo": "calle"}, "geometry": {"type": "Point", "coordinates": [-68.9174, -22.4571]}}, {"type": "Feature", "properties": {"nombre": "Avenida Nueva", "tipo": "calle"}, "geometry": {"type": "Point", "coordinates": [-68.91362, -22.45146]}}, {"type": "Feature", "properties": {"nombre": "Guatín", "tipo": "calle"}, "geometry": {"type": "Point", "coordinates": [-68.92423, -22.47862]}}, {"type": "Feature", "properties": {"nombre": "Juan Palazuelos", "tipo": "calle"}, "geometry": {"type": "Point", "coordinates": [-68.92549, -22.4743]}}, {"type": "Feature", "properties": {"nombre": "Cucuter", "tipo": "calle"}, "geometry": {"type": "Point", "coordinates": [-68.92603, -22.47843]}}, {"type": "Feature", "properties": {"nombre": "San Juan", "tipo": "calle"}, "geometry": {"type": "Point", "coordinates": [-68.9282, -22.47723]}}, {"type": "Feature", "properties": {"nombre": "Cabaña", "tipo": "calle"}, "geometry": {"type": "Point", "coordinates": [-68.9272, -22.47851]}}, {"type": "Feature", "properties": {"nombre": "Catarpe", "tipo": "calle"}, "geometry": {"type": "Point", "coordinates": [-68.92583, -22.47907]}}, {"type": "Feature", "properties": {"nombre": "Antonio Toro", "tipo": "calle"}, "geometry": {"type": "Point", "coordinates": [-68.92537, -22.47467]}}, {"type": "Feature", "properties": {"nombre": "Tulor", "tipo": "calle"}, "geometry": {"type": "Point", "coordinates": [-68.92644, -22.47831]}}, {"type": "Feature", "properties": {"nombre": "Luis Camus", "tipo": "calle"}, "geometry": {"type": "Point", "coordinates": [-68.92526, -22.47505]}}, {"type": "Feature", "properties": {"nombre": "Copa Coya", "tipo": "calle"}, "geometry": {"type": "Point", "coordinates": [-68.92863, -22.47842]}}, {"type": "Feature", "properties": {"nombre": "Ecuador", "tipo": "calle"}, "geometry": {"type": "Point", "coordinates": [-68.91944, -22.46554]}}, {"type": "Feature", "properties": {"nombre": "Machuca", "tipo": "calle"}, "geometry": {"type": "Point", "coordinates": [-68.92428, -22.47831]}}, {"type": "Feature", "properties": {"nombre": "Santiago de Río Grande", "tipo": "calle"}, "geometry": {"type": "Point", "coordinates": [-68.92494, -22.47757]}}, {"type": "Feature", "properties": {"nombre": "Cablor", "tipo": "calle"}, "geometry": {"type": "Point", "coordinates": [-68.92454, -22.47758]}}, {"type": "Feature", "properties": {"nombre": "Cesáreo Aguirre", "tipo": "calle"}, "geometry": {"type": "Point", "coordinates": [-68.92391, -22.4748]}}, {"type": "Feature", "properties": {"nombre": "Francisco San Román", "tipo": "calle"}, "geometry": {"type": "Point", "coordinates": [-68.92401, -22.47438]}}, {"type": "Feature", "properties": {"nombre": "Volcán Tacora", "tipo": "calle"}, "geometry": {"type": "Point", "coordinates": [-68.92373, -22.4714]}}, {"type": "Feature", "properties": {"nombre": "Piedras Grandes", "tipo": "calle"}, "geometry": {"type": "Point", "coordinates": [-68.92865, -22.47688]}}, {"type": "Feature", "properties": {"nombre": "Cerro Polan", "tipo": "calle"}, "geometry": {"type": "Point", "coordinates": [-68.92687, -22.47817]}}, {"type": "Feature", "properties": {"nombre": "Larache", "tipo": "calle"}, "geometry": {"type": "Point", "coordinates": [-68.92504, -22.47844]}}, {"type": "Feature", "properties": {"nombre": "Lican", "tipo": "calle"}, "geometry": {"type": "Point", "coordinates": [-68.92524, -22.47673]}}, {"type": "Feature", "properties": {"nombre": "Lincoyán", "tipo": "calle"}, "geometry": {"type": "Point", "coordinates": [-68.92477, -22.47129]}}, {"type": "Feature", "properties": {"nombre": "Avenida Oriente Interior", "tipo": "calle"}, "geometry": {"type": "Point", "coordinates": [-68.91844, -22.47501]}}, {"type": "Feature", "properties": {"nombre": "Tambillo", "tipo": "calle"}, "geometry": {"type": "Point", "coordinates": [-68.92587, -22.47702]}}, {"type": "Feature", "properties": {"nombre": "Paniri", "tipo": "calle"}, "geometry": {"type": "Point", "coordinates": [-68.92881, -22.47883]}}, {"type": "Feature", "properties": {"nombre": "Parque El Loa", "tipo": "place"}, "geometry": {"type": "Point", "coordinates": [-68.92778, -22.48075]}}, {"type": "Feature", "properties": {"nombre": "Clotario Blest", "tipo": "calle"}, "geometry": {"type": "Point", "coordinates": [-68.93421, -22.43864]}}, {"type": "Feature", "properties": {"nombre": "Condominio Verdes Campiñas", "tipo": "calle"}, "geometry": {"type": "Point", "coordinates": [-68.94019, -22.46734]}}, {"type": "Feature", "properties": {"nombre": "Petrohué Norte", "tipo": "calle"}, "geometry": {"type": "Point", "coordinates": [-68.94975, -22.45262]}}, {"type": "Feature", "properties": {"nombre": "Auka Rasu", "tipo": "calle"}, "geometry": {"type": "Point", "coordinates": [-68.946, -22.45126]}}, {"type": "Feature", "properties": {"nombre": "Hauka Huali Poniente", "tipo": "calle"}, "geometry": {"type": "Point", "coordinates": [-68.94744, -22.44963]}}, {"type": "Feature", "properties": {"nombre": "Pasaje Calafquén", "tipo": "calle"}, "geometry": {"type": "Point", "coordinates": [-68.94959, -22.45603]}}, {"type": "Feature", "properties": {"nombre": "Kolke", "tipo": "calle"}, "geometry": {"type": "Point", "coordinates": [-68.94889, -22.44955]}}, {"type": "Feature", "properties": {"nombre": "Tarapacá Sur", "tipo": "calle"}, "geometry": {"type": "Point", "coordinates": [-68.94737, -22.45972]}}, {"type": "Feature", "properties": {"nombre": "Chacra Vieja", "tipo": "calle"}, "geometry": {"type": "Point", "coordinates": [-68.95009, -22.45186]}}, {"type": "Feature", "properties": {"nombre": "Provincia de Canton Norte", "tipo": "calle"}, "geometry": {"type": "Point", "coordinates": [-68.94726, -22.45051]}}, {"type": "Feature", "properties": {"nombre": "Pasaje Isabel La Católica", "tipo": "calle"}, "geometry": {"type": "Point", "coordinates": [-68.9488, -22.45547]}}, {"type": "Feature", "properties": {"nombre": "Hugo Vidal Zamorano", "tipo": "calle"}, "geometry": {"type": "Point", "coordinates": [-68.94844, -22.4545]}}, {"type": "Feature", "properties": {"nombre": "Palla Poniente", "tipo": "calle"}, "geometry": {"type": "Point", "coordinates": [-68.94949, -22.45055]}}, {"type": "Feature", "properties": {"nombre": "Kolke Oriente", "tipo": "calle"}, "geometry": {"type": "Point", "coordinates": [-68.94815, -22.44962]}}, {"type": "Feature", "properties": {"nombre": "Pasaje Palla Querida", "tipo": "calle"}, "geometry": {"type": "Point", "coordinates": [-68.94925, -22.45206]}}, {"type": "Feature", "properties": {"nombre": "Calle Tikan Kabur", "tipo": "calle"}, "geometry": {"type": "Point", "coordinates": [-68.94853, -22.44944]}}, {"type": "Feature", "properties": {"nombre": "Guillermo Cavour", "tipo": "calle"}, "geometry": {"type": "Point", "coordinates": [-68.94987, -22.45101]}}, {"type": "Feature", "properties": {"nombre": "Calle Carlos Díaz Ossa", "tipo": "calle"}, "geometry": {"type": "Point", "coordinates": [-68.95002, -22.44876]}}, {"type": "Feature", "properties": {"nombre": "Vivar", "tipo": "calle"}, "geometry": {"type": "Point", "coordinates": [-68.92504, -22.45509]}}, {"type": "Feature", "properties": {"nombre": "Avenida Parque Oriente", "tipo": "calle"}, "geometry": {"type": "Point", "coordinates": [-68.92288, -22.45648]}}, {"type": "Feature", "properties": {"nombre": "Camino Yaru", "tipo": "calle"}, "geometry": {"type": "Point", "coordinates": [-68.95591, -22.46936]}}, {"type": "Feature", "properties": {"nombre": "Pasaje Gaceta", "tipo": "calle"}, "geometry": {"type": "Point", "coordinates": [-68.94995, -22.45414]}}, {"type": "Feature", "properties": {"nombre": "Tikan Kabur Oriente", "tipo": "calle"}, "geometry": {"type": "Point", "coordinates": [-68.94921, -22.44966]}}, {"type": "Feature", "properties": {"nombre": "Errazuriz Sur", "tipo": "calle"}, "geometry": {"type": "Point", "coordinates": [-68.94824, -22.45053]}}, {"type": "Feature", "properties": {"nombre": "Felipe Lilayu Cosme", "tipo": "calle"}, "geometry": {"type": "Point", "coordinates": [-68.94905, -22.45092]}}, {"type": "Feature", "properties": {"nombre": "Pasaje Dos", "tipo": "calle"}, "geometry": {"type": "Point", "coordinates": [-68.94879, -22.45595]}}, {"type": "Feature", "properties": {"nombre": "Pasaje Ollantay Oriente", "tipo": "calle"}, "geometry": {"type": "Point", "coordinates": [-68.95064, -22.45058]}}, {"type": "Feature", "properties": {"nombre": "Tarapacá Norte", "tipo": "calle"}, "geometry": {"type": "Point", "coordinates": [-68.94741, -22.45927]}}, {"type": "Feature", "properties": {"nombre": "Nieves Caucota", "tipo": "calle"}, "geometry": {"type": "Point", "coordinates": [-68.95037, -22.45214]}}, {"type": "Feature", "properties": {"nombre": "Hauka Huali Sur", "tipo": "calle"}, "geometry": {"type": "Point", "coordinates": [-68.94724, -22.44974]}}, {"type": "Feature", "properties": {"nombre": "Federico Errazuríz Sur", "tipo": "calle"}, "geometry": {"type": "Point", "coordinates": [-68.95033, -22.45074]}}, {"type": "Feature", "properties": {"nombre": "Auka Rasu Poniente", "tipo": "calle"}, "geometry": {"type": "Point", "coordinates": [-68.94628, -22.45077]}}, {"type": "Feature", "properties": {"nombre": "Nueva Calama", "tipo": "calle"}, "geometry": {"type": "Point", "coordinates": [-68.95433, -22.46312]}}, {"type": "Feature", "properties": {"nombre": "Pasaje Guillermo Cavour", "tipo": "calle"}, "geometry": {"type": "Point", "coordinates": [-68.9502, -22.44986]}}, {"type": "Feature", "properties": {"nombre": "Pasaje Killa Antai (Paloma de la Luna)", "tipo": "calle"}, "geometry": {"type": "Point", "coordinates": [-68.95031, -22.44967]}}, {"type": "Feature", "properties": {"nombre": "Pasaje Felipe Lilayu Cosme Sur", "tipo": "calle"}, "geometry": {"type": "Point", "coordinates": [-68.95024, -22.45123]}}, {"type": "Feature", "properties": {"nombre": "Palla Oriente", "tipo": "calle"}, "geometry": {"type": "Point", "coordinates": [-68.94918, -22.45055]}}, {"type": "Feature", "properties": {"nombre": "Calle Nueva 2", "tipo": "calle"}, "geometry": {"type": "Point", "coordinates": [-68.92353, -22.45701]}}, {"type": "Feature", "properties": {"nombre": "Sofía", "tipo": "calle"}, "geometry": {"type": "Point", "coordinates": [-68.94923, -22.45557]}}, {"type": "Feature", "properties": {"nombre": "Rahue", "tipo": "calle"}, "geometry": {"type": "Point", "coordinates": [-68.94777, -22.4583]}}, {"type": "Feature", "properties": {"nombre": "Huayna Atacama", "tipo": "calle"}, "geometry": {"type": "Point", "coordinates": [-68.94914, -22.44808]}}, {"type": "Feature", "properties": {"nombre": "Isla Brac", "tipo": "calle"}, "geometry": {"type": "Point", "coordinates": [-68.93652, -22.4391]}}, {"type": "Feature", "properties": {"nombre": "Condominio Quetena III", "tipo": "calle"}, "geometry": {"type": "Point", "coordinates": [-68.94501, -22.44822]}}, {"type": "Feature", "properties": {"nombre": "Pasaje Víctor Hugo Véliz", "tipo": "calle"}, "geometry": {"type": "Point", "coordinates": [-68.93449, -22.43898]}}, {"type": "Feature", "properties": {"nombre": "Huaira Sur", "tipo": "calle"}, "geometry": {"type": "Point", "coordinates": [-68.94634, -22.44838]}}, {"type": "Feature", "properties": {"nombre": "Kamac Pacha Inti", "tipo": "calle"}, "geometry": {"type": "Point", "coordinates": [-68.94039, -22.44847]}}, {"type": "Feature", "properties": {"nombre": "Quetena", "tipo": "calle"}, "geometry": {"type": "Point", "coordinates": [-68.94312, -22.44811]}}, {"type": "Feature", "properties": {"nombre": "Pasaje Alejandro Cerutti", "tipo": "calle"}, "geometry": {"type": "Point", "coordinates": [-68.9336, -22.43899]}}, {"type": "Feature", "properties": {"nombre": "Ernesto Nuñes", "tipo": "calle"}, "geometry": {"type": "Point", "coordinates": [-68.94103, -22.44938]}}, {"type": "Feature", "properties": {"nombre": "Manuel Montt Sur", "tipo": "calle"}, "geometry": {"type": "Point", "coordinates": [-68.94348, -22.44794]}}, {"type": "Feature", "properties": {"nombre": "Toko Llama", "tipo": "calle"}, "geometry": {"type": "Point", "coordinates": [-68.94218, -22.45035]}}, {"type": "Feature", "properties": {"nombre": "Pedro Yutronic Vladislavic", "tipo": "calle"}, "geometry": {"type": "Point", "coordinates": [-68.93676, -22.43871]}}, {"type": "Feature", "properties": {"nombre": "Pasaje Jorge Alvear Urrutia Norte", "tipo": "calle"}, "geometry": {"type": "Point", "coordinates": [-68.94232, -22.44809]}}, {"type": "Feature", "properties": {"nombre": "Bolivia", "tipo": "calle"}, "geometry": {"type": "Point", "coordinates": [-68.93533, -22.43998]}}, {"type": "Feature", "properties": {"nombre": "Luis Emilio Recabarren", "tipo": "calle"}, "geometry": {"type": "Point", "coordinates": [-68.93576, -22.43892]}}, {"type": "Feature", "properties": {"nombre": "Pillan Apu Oriente", "tipo": "calle"}, "geometry": {"type": "Point", "coordinates": [-68.94584, -22.44939]}}, {"type": "Feature", "properties": {"nombre": "Kamac Pacha Inti (Gran Dios Sol)", "tipo": "calle"}, "geometry": {"type": "Point", "coordinates": [-68.94057, -22.44958]}}, {"type": "Feature", "properties": {"nombre": "Río Loa", "tipo": "calle"}, "geometry": {"type": "Point", "coordinates": [-68.94169, -22.45069]}}, {"type": "Feature", "properties": {"nombre": "Inmigrante", "tipo": "calle"}, "geometry": {"type": "Point", "coordinates": [-68.93682, -22.43947]}}, {"type": "Feature", "properties": {"nombre": "Pasaje Jorge Alvear Urrutia Sur", "tipo": "calle"}, "geometry": {"type": "Point", "coordinates": [-68.94232, -22.44823]}}, {"type": "Feature", "properties": {"nombre": "Huayna Atacama Oriente", "tipo": "calle"}, "geometry": {"type": "Point", "coordinates": [-68.94821, -22.44816]}}, {"type": "Feature", "properties": {"nombre": "Pasaje Cerro La Cruz", "tipo": "calle"}, "geometry": {"type": "Point", "coordinates": [-68.94491, -22.44935]}}, {"type": "Feature", "properties": {"nombre": "Inti Huaca", "tipo": "calle"}, "geometry": {"type": "Point", "coordinates": [-68.94096, -22.44938]}}, {"type": "Feature", "properties": {"nombre": "Pasaje Sapaliri", "tipo": "calle"}, "geometry": {"type": "Point", "coordinates": [-68.93728, -22.43861]}}, {"type": "Feature", "properties": {"nombre": "Pasaje Jorge Alvear", "tipo": "calle"}, "geometry": {"type": "Point", "coordinates": [-68.94069, -22.44807]}}, {"type": "Feature", "properties": {"nombre": "Kusi Hayla", "tipo": "calle"}, "geometry": {"type": "Point", "coordinates": [-68.94349, -22.45037]}}, {"type": "Feature", "properties": {"nombre": "Pasaje Vinka Ivanovic", "tipo": "calle"}, "geometry": {"type": "Point", "coordinates": [-68.93313, -22.43906]}}, {"type": "Feature", "properties": {"nombre": "Pillan Apu", "tipo": "calle"}, "geometry": {"type": "Point", "coordinates": [-68.94608, -22.44938]}}, {"type": "Feature", "properties": {"nombre": "Pasaje Kara Pampa", "tipo": "calle"}, "geometry": {"type": "Point", "coordinates": [-68.94051, -22.44919]}}, {"type": "Feature", "properties": {"nombre": "Esteban Tomic", "tipo": "calle"}, "geometry": {"type": "Point", "coordinates": [-68.93355, -22.43921]}}, {"type": "Feature", "properties": {"nombre": "Karama", "tipo": "calle"}, "geometry": {"type": "Point", "coordinates": [-68.93522, -22.43957]}}, {"type": "Feature", "properties": {"nombre": "Kara Pampa", "tipo": "calle"}, "geometry": {"type": "Point", "coordinates": [-68.94349, -22.44903]}}, {"type": "Feature", "properties": {"nombre": "Pasaje Agricultura", "tipo": "calle"}, "geometry": {"type": "Point", "coordinates": [-68.93524, -22.43959]}}, {"type": "Feature", "properties": {"nombre": "Esteban Tomic Romero", "tipo": "calle"}, "geometry": {"type": "Point", "coordinates": [-68.93584, -22.43905]}}, {"type": "Feature", "properties": {"nombre": "Tamen Tiquen", "tipo": "calle"}, "geometry": {"type": "Point", "coordinates": [-68.9426, -22.45035]}}, {"type": "Feature", "properties": {"nombre": "KKota", "tipo": "calle"}, "geometry": {"type": "Point", "coordinates": [-68.90115, -22.44946]}}, {"type": "Feature", "properties": {"nombre": "Taqui Kala", "tipo": "calle"}, "geometry": {"type": "Point", "coordinates": [-68.90067, -22.45121]}}, {"type": "Feature", "properties": {"nombre": "Taqui Kollo", "tipo": "calle"}, "geometry": {"type": "Point", "coordinates": [-68.8989, -22.45076]}}, {"type": "Feature", "properties": {"nombre": "Phujhu", "tipo": "calle"}, "geometry": {"type": "Point", "coordinates": [-68.90228, -22.44913]}}, {"type": "Feature", "properties": {"nombre": "Selqui", "tipo": "calle"}, "geometry": {"type": "Point", "coordinates": [-68.89958, -22.45365]}}, {"type": "Feature", "properties": {"nombre": "Pasaje Kollos Bayos", "tipo": "calle"}, "geometry": {"type": "Point", "coordinates": [-68.89862, -22.45038]}}, {"type": "Feature", "properties": {"nombre": "Kala", "tipo": "calle"}, "geometry": {"type": "Point", "coordinates": [-68.90008, -22.45334]}}, {"type": "Feature", "properties": {"nombre": "Pasaje Humur", "tipo": "calle"}, "geometry": {"type": "Point", "coordinates": [-68.90265, -22.45069]}}, {"type": "Feature", "properties": {"nombre": "Pasaje Cerro del Pajonal", "tipo": "calle"}, "geometry": {"type": "Point", "coordinates": [-68.89881, -22.45118]}}, {"type": "Feature", "properties": {"nombre": "Pasaje Hoire", "tipo": "calle"}, "geometry": {"type": "Point", "coordinates": [-68.90064, -22.45185]}}, {"type": "Feature", "properties": {"nombre": "Pasaje Calal", "tipo": "calle"}, "geometry": {"type": "Point", "coordinates": [-68.90169, -22.45215]}}, {"type": "Feature", "properties": {"nombre": "Pasaje Ichcai", "tipo": "calle"}, "geometry": {"type": "Point", "coordinates": [-68.89905, -22.45405]}}, {"type": "Feature", "properties": {"nombre": "Sanu Matara", "tipo": "calle"}, "geometry": {"type": "Point", "coordinates": [-68.90172, -22.45015]}}, {"type": "Feature", "properties": {"nombre": "Caur", "tipo": "calle"}, "geometry": {"type": "Point", "coordinates": [-68.90124, -22.45253]}}, {"type": "Feature", "properties": {"nombre": "Kullku", "tipo": "calle"}, "geometry": {"type": "Point", "coordinates": [-68.90058, -22.44965]}}, {"type": "Feature", "properties": {"nombre": "Taqui Uma", "tipo": "calle"}, "geometry": {"type": "Point", "coordinates": [-68.90042, -22.44933]}}, {"type": "Feature", "properties": {"nombre": "Taqui Huailla", "tipo": "calle"}, "geometry": {"type": "Point", "coordinates": [-68.90064, -22.45022]}}, {"type": "Feature", "properties": {"nombre": "Avenida Yaical", "tipo": "calle"}, "geometry": {"type": "Point", "coordinates": [-68.90086, -22.45215]}}, {"type": "Feature", "properties": {"nombre": "Mayu Juchuy", "tipo": "calle"}, "geometry": {"type": "Point", "coordinates": [-68.90002, -22.44984]}}, {"type": "Feature", "properties": {"nombre": "Lari", "tipo": "calle"}, "geometry": {"type": "Point", "coordinates": [-68.89977, -22.45391]}}, {"type": "Feature", "properties": {"nombre": "Pasaje Halar", "tipo": "calle"}, "geometry": {"type": "Point", "coordinates": [-68.90113, -22.45169]}}, {"type": "Feature", "properties": {"nombre": "Avenida Cari", "tipo": "calle"}, "geometry": {"type": "Point", "coordinates": [-68.89901, -22.45181]}}, {"type": "Feature", "properties": {"nombre": "Pasaje Camur", "tipo": "calle"}, "geometry": {"type": "Point", "coordinates": [-68.90009, -22.45203]}}, {"type": "Feature", "properties": {"nombre": "Pasaje Capin", "tipo": "calle"}, "geometry": {"type": "Point", "coordinates": [-68.90164, -22.45153]}}, {"type": "Feature", "properties": {"nombre": "Ancha Sacha", "tipo": "calle"}, "geometry": {"type": "Point", "coordinates": [-68.90087, -22.45065]}}, {"type": "Feature", "properties": {"nombre": "Pasaje Cerro del Cajón", "tipo": "calle"}, "geometry": {"type": "Point", "coordinates": [-68.89871, -22.45089]}}, {"type": "Feature", "properties": {"nombre": "Pasaje Tarar", "tipo": "calle"}, "geometry": {"type": "Point", "coordinates": [-68.90078, -22.45192]}}, {"type": "Feature", "properties": {"nombre": "Uma Urmana", "tipo": "calle"}, "geometry": {"type": "Point", "coordinates": [-68.90175, -22.44939]}}, {"type": "Feature", "properties": {"nombre": "Taqui Junchuy", "tipo": "calle"}, "geometry": {"type": "Point", "coordinates": [-68.89982, -22.45117]}}, {"type": "Feature", "properties": {"nombre": "Perka", "tipo": "calle"}, "geometry": {"type": "Point", "coordinates": [-68.90142, -22.45048]}}, {"type": "Feature", "properties": {"nombre": "Pasaje Puri", "tipo": "calle"}, "geometry": {"type": "Point", "coordinates": [-68.90245, -22.45117]}}, {"type": "Feature", "properties": {"nombre": "Salar de la Luna", "tipo": "calle"}, "geometry": {"type": "Point", "coordinates": [-68.8982, -22.45059]}}, {"type": "Feature", "properties": {"nombre": "Pirwa", "tipo": "calle"}, "geometry": {"type": "Point", "coordinates": [-68.90031, -22.45082]}}, {"type": "Feature", "properties": {"nombre": "Salar Pampa Blanca", "tipo": "calle"}, "geometry": {"type": "Point", "coordinates": [-68.90308, -22.44996]}}, {"type": "Feature", "properties": {"nombre": "Uma Kala", "tipo": "calle"}, "geometry": {"type": "Point", "coordinates": [-68.89945, -22.44999]}}, {"type": "Feature", "properties": {"nombre": "Arcaya", "tipo": "calle"}, "geometry": {"type": "Point", "coordinates": [-68.89924, -22.45188]}}, {"type": "Feature", "properties": {"nombre": "Pasaje Salar Quisquiro", "tipo": "calle"}, "geometry": {"type": "Point", "coordinates": [-68.90128, -22.44744]}}, {"type": "Feature", "properties": {"nombre": "Avenida Ichcu", "tipo": "calle"}, "geometry": {"type": "Point", "coordinates": [-68.90233, -22.45024]}}, {"type": "Feature", "properties": {"nombre": "Pasaje Kuru", "tipo": "calle"}, "geometry": {"type": "Point", "coordinates": [-68.90275, -22.45017]}}, {"type": "Feature", "properties": {"nombre": "Alberto Terrazas", "tipo": "calle"}, "geometry": {"type": "Point", "coordinates": [-68.9067, -22.43262]}}, {"type": "Feature", "properties": {"nombre": "Martin Vega Pizarro", "tipo": "calle"}, "geometry": {"type": "Point", "coordinates": [-68.90434, -22.43377]}}, {"type": "Feature", "properties": {"nombre": "Manuel Villegas Maldonado", "tipo": "calle"}, "geometry": {"type": "Point", "coordinates": [-68.90218, -22.43619]}}, {"type": "Feature", "properties": {"nombre": "Gilberto Gómez Contardo", "tipo": "calle"}, "geometry": {"type": "Point", "coordinates": [-68.90583, -22.43576]}}, {"type": "Feature", "properties": {"nombre": "Ricardo Cifuentes", "tipo": "calle"}, "geometry": {"type": "Point", "coordinates": [-68.89144, -22.43807]}}, {"type": "Feature", "properties": {"nombre": "Luis Callejas Rojas", "tipo": "calle"}, "geometry": {"type": "Point", "coordinates": [-68.90472, -22.43519]}}, {"type": "Feature", "properties": {"nombre": "Alcalde EdwinRowe", "tipo": "calle"}, "geometry": {"type": "Point", "coordinates": [-68.89759, -22.43811]}}, {"type": "Feature", "properties": {"nombre": "Pedro Vergara", "tipo": "calle"}, "geometry": {"type": "Point", "coordinates": [-68.89957, -22.43566]}}, {"type": "Feature", "properties": {"nombre": "Camino Yalquincha", "tipo": "calle"}, "geometry": {"type": "Point", "coordinates": [-68.87506, -22.45728]}}, {"type": "Feature", "properties": {"nombre": "Laguna Verde Norte", "tipo": "calle"}, "geometry": {"type": "Point", "coordinates": [-68.90238, -22.4799]}}, {"type": "Feature", "properties": {"nombre": "Pasaje El Copihue Rojo", "tipo": "calle"}, "geometry": {"type": "Point", "coordinates": [-68.91884, -22.48531]}}, {"type": "Feature", "properties": {"nombre": "Pasaje Laguna Meñiques sur", "tipo": "calle"}, "geometry": {"type": "Point", "coordinates": [-68.90265, -22.47808]}}, {"type": "Feature", "properties": {"nombre": "Laguna Verde Oriente", "tipo": "calle"}, "geometry": {"type": "Point", "coordinates": [-68.90221, -22.48002]}}, {"type": "Feature", "properties": {"nombre": "Laguna Tebinchique", "tipo": "calle"}, "geometry": {"type": "Point", "coordinates": [-68.90175, -22.48018]}}, {"type": "Feature", "properties": {"nombre": "Alcalde José Lira", "tipo": "calle"}, "geometry": {"type": "Point", "coordinates": [-68.90746, -22.47927]}}, {"type": "Feature", "properties": {"nombre": "Pasaje Laguna Meñiques norte", "tipo": "calle"}, "geometry": {"type": "Point", "coordinates": [-68.90149, -22.47906]}}, {"type": "Feature", "properties": {"nombre": "Pasaje Furia", "tipo": "calle"}, "geometry": {"type": "Point", "coordinates": [-68.91847, -22.48494]}}, {"type": "Feature", "properties": {"nombre": "Pasaje Laguna Barros Negros Poniente", "tipo": "calle"}, "geometry": {"type": "Point", "coordinates": [-68.90354, -22.47951]}}, {"type": "Feature", "properties": {"nombre": "Pasaje Laguna Barros Negros Oriente", "tipo": "calle"}, "geometry": {"type": "Point", "coordinates": [-68.90287, -22.47942]}}, {"type": "Feature", "properties": {"nombre": "Condominio El Peuco", "tipo": "calle"}, "geometry": {"type": "Point", "coordinates": [-68.92139, -22.48631]}}, {"type": "Feature", "properties": {"nombre": "Pasaje Lepún", "tipo": "calle"}, "geometry": {"type": "Point", "coordinates": [-68.91913, -22.48628]}}, {"type": "Feature", "properties": {"nombre": "Pasaje El Pillán", "tipo": "calle"}, "geometry": {"type": "Point", "coordinates": [-68.91814, -22.48478]}}, {"type": "Feature", "properties": {"nombre": "Laguna Salada", "tipo": "calle"}, "geometry": {"type": "Point", "coordinates": [-68.90249, -22.4791]}}, {"type": "Feature", "properties": {"nombre": "Socavones de Pica", "tipo": "calle"}, "geometry": {"type": "Point", "coordinates": [-68.91839, -22.48547]}}, {"type": "Feature", "properties": {"nombre": "Laguna Verde Poniente", "tipo": "calle"}, "geometry": {"type": "Point", "coordinates": [-68.90284, -22.48006]}}, {"type": "Feature", "properties": {"nombre": "Avenida Gobernardor Edmundo Checura", "tipo": "calle"}, "geometry": {"type": "Point", "coordinates": [-68.90975, -22.48]}}, {"type": "Feature", "properties": {"nombre": "Rubén Soto Gutiérrez", "tipo": "calle"}, "geometry": {"type": "Point", "coordinates": [-68.91219, -22.48137]}}, {"type": "Feature", "properties": {"nombre": "Alejandrina Olivares", "tipo": "calle"}, "geometry": {"type": "Point", "coordinates": [-68.90787, -22.47139]}}, {"type": "Feature", "properties": {"nombre": "Vicuña Mackenna", "tipo": "calle"}, "geometry": {"type": "Point", "coordinates": [-68.92754, -22.46333]}}, {"type": "Feature", "properties": {"nombre": "Campana de Oro", "tipo": "calle"}, "geometry": {"type": "Point", "coordinates": [-68.91275, -22.4823]}}, {"type": "Feature", "properties": {"nombre": "Pomaire", "tipo": "calle"}, "geometry": {"type": "Point", "coordinates": [-68.91403, -22.44635]}}, {"type": "Feature", "properties": {"nombre": "Caupolicán", "tipo": "calle"}, "geometry": {"type": "Point", "coordinates": [-68.9191, -22.4553]}}, {"type": "Feature", "properties": {"nombre": "Guacolda", "tipo": "calle"}, "geometry": {"type": "Point", "coordinates": [-68.91769, -22.45386]}}, {"type": "Feature", "properties": {"nombre": "5 Poniente", "tipo": "calle"}, "geometry": {"type": "Point", "coordinates": [-68.9205, -22.4531]}}, {"type": "Feature", "properties": {"nombre": "Michilla", "tipo": "calle"}, "geometry": {"type": "Point", "coordinates": [-68.91399, -22.44074]}}, {"type": "Feature", "properties": {"nombre": "Paso de Jama", "tipo": "calle"}, "geometry": {"type": "Point", "coordinates": [-68.91243, -22.43529]}}, {"type": "Feature", "properties": {"nombre": "Las Parinas", "tipo": "calle"}, "geometry": {"type": "Point", "coordinates": [-68.91326, -22.43403]}}, {"type": "Feature", "properties": {"nombre": "Los Flamencos", "tipo": "calle"}, "geometry": {"type": "Point", "coordinates": [-68.92621, -22.44268]}}, {"type": "Feature", "properties": {"nombre": "Dinamarca", "tipo": "calle"}, "geometry": {"type": "Point", "coordinates": [-68.9301, -22.44282]}}, {"type": "Feature", "properties": {"nombre": "Juegos Florales", "tipo": "calle"}, "geometry": {"type": "Point", "coordinates": [-68.94394, -22.46329]}}, {"type": "Feature", "properties": {"nombre": "Las Magnolias", "tipo": "calle"}, "geometry": {"type": "Point", "coordinates": [-68.92439, -22.47632]}}, {"type": "Feature", "properties": {"nombre": "Carlos Condell", "tipo": "calle"}, "geometry": {"type": "Point", "coordinates": [-68.92521, -22.47312]}}, {"type": "Feature", "properties": {"nombre": "Los Cardenales", "tipo": "calle"}, "geometry": {"type": "Point", "coordinates": [-68.92402, -22.47642]}}, {"type": "Feature", "properties": {"nombre": "Pasaje 5", "tipo": "calle"}, "geometry": {"type": "Point", "coordinates": [-68.91337, -22.4563]}}, {"type": "Feature", "properties": {"nombre": "Adolfo Joglar", "tipo": "calle"}, "geometry": {"type": "Point", "coordinates": [-68.94996, -22.4529]}}, {"type": "Feature", "properties": {"nombre": "Condominio Bilbao 2", "tipo": "calle"}, "geometry": {"type": "Point", "coordinates": [-68.91229, -22.45565]}}, {"type": "Feature", "properties": {"nombre": "Condominio Altos del Loa", "tipo": "calle"}, "geometry": {"type": "Point", "coordinates": [-68.90806, -22.45465]}}, {"type": "Feature", "properties": {"nombre": "Condominio Nuevo Oasis", "tipo": "calle"}, "geometry": {"type": "Point", "coordinates": [-68.90971, -22.45506]}}, {"type": "Feature", "properties": {"nombre": "Pasaje 7", "tipo": "calle"}, "geometry": {"type": "Point", "coordinates": [-68.91355, -22.45585]}}, {"type": "Feature", "properties": {"nombre": "Pasaje Casuarina", "tipo": "calle"}, "geometry": {"type": "Point", "coordinates": [-68.90677, -22.45279]}}, {"type": "Feature", "properties": {"nombre": "Pasaje Malvilla", "tipo": "calle"}, "geometry": {"type": "Point", "coordinates": [-68.9068, -22.45363]}}, {"type": "Feature", "properties": {"nombre": "Condominio Nuevo Oasis II", "tipo": "calle"}, "geometry": {"type": "Point", "coordinates": [-68.91004, -22.45533]}}, {"type": "Feature", "properties": {"nombre": "Violeta Vergara", "tipo": "calle"}, "geometry": {"type": "Point", "coordinates": [-68.95034, -22.45318]}}, {"type": "Feature", "properties": {"nombre": "Pasaje 6", "tipo": "calle"}, "geometry": {"type": "Point", "coordinates": [-68.91296, -22.45619]}}, {"type": "Feature", "properties": {"nombre": "Pasaje Gazania", "tipo": "calle"}, "geometry": {"type": "Point", "coordinates": [-68.9069, -22.45312]}}, {"type": "Feature", "properties": {"nombre": "Pasaje 4", "tipo": "calle"}, "geometry": {"type": "Point", "coordinates": [-68.91365, -22.45637]}}, {"type": "Feature", "properties": {"nombre": "Licancabur", "tipo": "calle"}, "geometry": {"type": "Point", "coordinates": [-68.93277, -22.45981]}}, {"type": "Feature", "properties": {"nombre": "Ollague Nte", "tipo": "calle"}, "geometry": {"type": "Point", "coordinates": [-68.9328, -22.45883]}}, {"type": "Feature", "properties": {"nombre": "General Bonilla", "tipo": "calle"}, "geometry": {"type": "Point", "coordinates": [-68.92088, -22.45381]}}, {"type": "Feature", "properties": {"nombre": "Pasaje Guías", "tipo": "calle"}, "geometry": {"type": "Point", "coordinates": [-68.92079, -22.45251]}}, {"type": "Feature", "properties": {"nombre": "Pasaje Sol", "tipo": "calle"}, "geometry": {"type": "Point", "coordinates": [-68.94585, -22.45677]}}, {"type": "Feature", "properties": {"nombre": "Pasaje Cobre", "tipo": "calle"}, "geometry": {"type": "Point", "coordinates": [-68.94554, -22.45724]}}, {"type": "Feature", "properties": {"nombre": "Pasaje 3", "tipo": "calle"}, "geometry": {"type": "Point", "coordinates": [-68.92949, -22.46527]}}, {"type": "Feature", "properties": {"nombre": "Miscanti", "tipo": "calle"}, "geometry": {"type": "Point", "coordinates": [-68.9282, -22.46645]}}, {"type": "Feature", "properties": {"nombre": "Condominio Barcelona", "tipo": "calle"}, "geometry": {"type": "Point", "coordinates": [-68.91861, -22.46074]}}, {"type": "Feature", "properties": {"nombre": "Berna", "tipo": "calle"}, "geometry": {"type": "Point", "coordinates": [-68.90969, -22.4649]}}, {"type": "Feature", "properties": {"nombre": "Lagar", "tipo": "calle"}, "geometry": {"type": "Point", "coordinates": [-68.9464, -22.46337]}}, {"type": "Feature", "properties": {"nombre": "Donatello", "tipo": "calle"}, "geometry": {"type": "Point", "coordinates": [-68.93328, -22.48354]}}, {"type": "Feature", "properties": {"nombre": "Quebrada Quinchamale", "tipo": "calle"}, "geometry": {"type": "Point", "coordinates": [-68.93294, -22.48451]}}, {"type": "Feature", "properties": {"nombre": "7º de Línea", "tipo": "calle"}, "geometry": {"type": "Point", "coordinates": [-68.93138, -22.47384]}}, {"type": "Feature", "properties": {"nombre": "Chipana", "tipo": "calle"}, "geometry": {"type": "Point", "coordinates": [-68.93293, -22.47273]}}, {"type": "Feature", "properties": {"nombre": "Borgoño", "tipo": "calle"}, "geometry": {"type": "Point", "coordinates": [-68.93204, -22.47277]}}, {"type": "Feature", "properties": {"nombre": "Pasaje Hopu", "tipo": "calle"}, "geometry": {"type": "Point", "coordinates": [-68.92097, -22.48705]}}, {"type": "Feature", "properties": {"nombre": "Pasaje Pincoya", "tipo": "calle"}, "geometry": {"type": "Point", "coordinates": [-68.91417, -22.48278]}}, {"type": "Feature", "properties": {"nombre": "Pasaje Ojos de Esmeralda", "tipo": "calle"}, "geometry": {"type": "Point", "coordinates": [-68.91248, -22.48173]}}, {"type": "Feature", "properties": {"nombre": "Cupo", "tipo": "calle"}, "geometry": {"type": "Point", "coordinates": [-68.92938, -22.47657]}}, {"type": "Feature", "properties": {"nombre": "Los Retamos", "tipo": "calle"}, "geometry": {"type": "Point", "coordinates": [-68.92366, -22.47671]}}, {"type": "Feature", "properties": {"nombre": "Azurita", "tipo": "calle"}, "geometry": {"type": "Point", "coordinates": [-68.92393, -22.47135]}}, {"type": "Feature", "properties": {"nombre": "Pasaje Latorre", "tipo": "calle"}, "geometry": {"type": "Point", "coordinates": [-68.92476, -22.46925]}}, {"type": "Feature", "properties": {"nombre": "Bío Bío", "tipo": "calle"}, "geometry": {"type": "Point", "coordinates": [-68.92351, -22.46885]}}, {"type": "Feature", "properties": {"nombre": "Sotomayor", "tipo": "calle"}, "geometry": {"type": "Point", "coordinates": [-68.93257, -22.46316]}}, {"type": "Feature", "properties": {"nombre": "Las Araucarias", "tipo": "calle"}, "geometry": {"type": "Point", "coordinates": [-68.93765, -22.47147]}}, {"type": "Feature", "properties": {"nombre": "Las Vegas", "tipo": "calle"}, "geometry": {"type": "Point", "coordinates": [-68.93512, -22.47681]}}, {"type": "Feature", "properties": {"nombre": "Rondas", "tipo": "calle"}, "geometry": {"type": "Point", "coordinates": [-68.94254, -22.46326]}}, {"type": "Feature", "properties": {"nombre": "Río Claro", "tipo": "calle"}, "geometry": {"type": "Point", "coordinates": [-68.94294, -22.46326]}}, {"type": "Feature", "properties": {"nombre": "La Poetisa", "tipo": "calle"}, "geometry": {"type": "Point", "coordinates": [-68.945, -22.46334]}}, {"type": "Feature", "properties": {"nombre": "Rocío", "tipo": "calle"}, "geometry": {"type": "Point", "coordinates": [-68.94605, -22.46335]}}, {"type": "Feature", "properties": {"nombre": "Latorre", "tipo": "calle"}, "geometry": {"type": "Point", "coordinates": [-68.92674, -22.45393]}}, {"type": "Feature", "properties": {"nombre": "G. López", "tipo": "calle"}, "geometry": {"type": "Point", "coordinates": [-68.92991, -22.46144]}}, {"type": "Feature", "properties": {"nombre": "Bautista", "tipo": "calle"}, "geometry": {"type": "Point", "coordinates": [-68.92841, -22.46121]}}, {"type": "Feature", "properties": {"nombre": "El Corregidor", "tipo": "calle"}, "geometry": {"type": "Point", "coordinates": [-68.92834, -22.45671]}}, {"type": "Feature", "properties": {"nombre": "Coronel Sotomayor", "tipo": "calle"}, "geometry": {"type": "Point", "coordinates": [-68.92144, -22.45627]}}, {"type": "Feature", "properties": {"nombre": "Los Algarrobos", "tipo": "calle"}, "geometry": {"type": "Point", "coordinates": [-68.91625, -22.45485]}}, {"type": "Feature", "properties": {"nombre": "Sendero A", "tipo": "calle"}, "geometry": {"type": "Point", "coordinates": [-68.91394, -22.45416]}}, {"type": "Feature", "properties": {"nombre": "Sendero B", "tipo": "calle"}, "geometry": {"type": "Point", "coordinates": [-68.91386, -22.45469]}}, {"type": "Feature", "properties": {"nombre": "Sendero C", "tipo": "calle"}, "geometry": {"type": "Point", "coordinates": [-68.91379, -22.45522]}}, {"type": "Feature", "properties": {"nombre": "2 Sur", "tipo": "calle"}, "geometry": {"type": "Point", "coordinates": [-68.91202, -22.45503]}}, {"type": "Feature", "properties": {"nombre": "Nuremberg", "tipo": "calle"}, "geometry": {"type": "Point", "coordinates": [-68.93778, -22.45119]}}, {"type": "Feature", "properties": {"nombre": "Bremen", "tipo": "calle"}, "geometry": {"type": "Point", "coordinates": [-68.937, -22.45137]}}, {"type": "Feature", "properties": {"nombre": "Independencia Sur", "tipo": "calle"}, "geometry": {"type": "Point", "coordinates": [-68.93744, -22.44234]}}, {"type": "Feature", "properties": {"nombre": "Los Minerales", "tipo": "calle"}, "geometry": {"type": "Point", "coordinates": [-68.93699, -22.44317]}}, {"type": "Feature", "properties": {"nombre": "Pasaje Cobrizo", "tipo": "calle"}, "geometry": {"type": "Point", "coordinates": [-68.93761, -22.44149]}}, {"type": "Feature", "properties": {"nombre": "Pasaje Chuquicamata Nte.", "tipo": "calle"}, "geometry": {"type": "Point", "coordinates": [-68.93337, -22.44027]}}, {"type": "Feature", "properties": {"nombre": "Pasaje Laguna Legia", "tipo": "calle"}, "geometry": {"type": "Point", "coordinates": [-68.9282, -22.43587]}}, {"type": "Feature", "properties": {"nombre": "Pasaje Inca Coya", "tipo": "calle"}, "geometry": {"type": "Point", "coordinates": [-68.93034, -22.43541]}}, {"type": "Feature", "properties": {"nombre": "Pasaje Casa Milla", "tipo": "calle"}, "geometry": {"type": "Point", "coordinates": [-68.91779, -22.43148]}}, {"type": "Feature", "properties": {"nombre": "Caracoles Poniente", "tipo": "calle"}, "geometry": {"type": "Point", "coordinates": [-68.9191, -22.43391]}}, {"type": "Feature", "properties": {"nombre": "Camarones Oriente", "tipo": "calle"}, "geometry": {"type": "Point", "coordinates": [-68.91971, -22.43381]}}, {"type": "Feature", "properties": {"nombre": "Granaderos", "tipo": "calle"}, "geometry": {"type": "Point", "coordinates": [-68.92532, -22.43764]}}, {"type": "Feature", "properties": {"nombre": "Miño", "tipo": "calle"}, "geometry": {"type": "Point", "coordinates": [-68.92504, -22.43759]}}, {"type": "Feature", "properties": {"nombre": "Ahumada", "tipo": "calle"}, "geometry": {"type": "Point", "coordinates": [-68.92012, -22.44671]}}, {"type": "Feature", "properties": {"nombre": "Aedo", "tipo": "calle"}, "geometry": {"type": "Point", "coordinates": [-68.92024, -22.44715]}}, {"type": "Feature", "properties": {"nombre": "Romilio Concha", "tipo": "calle"}, "geometry": {"type": "Point", "coordinates": [-68.91641, -22.45057]}}, {"type": "Feature", "properties": {"nombre": "Pasaje Exótica", "tipo": "calle"}, "geometry": {"type": "Point", "coordinates": [-68.91653, -22.45001]}}, {"type": "Feature", "properties": {"nombre": "9 Norte", "tipo": "calle"}, "geometry": {"type": "Point", "coordinates": [-68.91625, -22.44905]}}, {"type": "Feature", "properties": {"nombre": "Nueva Oriente", "tipo": "calle"}, "geometry": {"type": "Point", "coordinates": [-68.91708, -22.45063]}}, {"type": "Feature", "properties": {"nombre": "San Felipe", "tipo": "calle"}, "geometry": {"type": "Point", "coordinates": [-68.91874, -22.4467]}}, {"type": "Feature", "properties": {"nombre": "Comandante Neira Oriente", "tipo": "calle"}, "geometry": {"type": "Point", "coordinates": [-68.91168, -22.44611]}}, {"type": "Feature", "properties": {"nombre": "Avenida Regimiento", "tipo": "calle"}, "geometry": {"type": "Point", "coordinates": [-68.90774, -22.44921]}}, {"type": "Feature", "properties": {"nombre": "Pasaje El Parque", "tipo": "calle"}, "geometry": {"type": "Point", "coordinates": [-68.9083, -22.44437]}}, {"type": "Feature", "properties": {"nombre": "Pasaje Quebrada Blanca", "tipo": "calle"}, "geometry": {"type": "Point", "coordinates": [-68.90958, -22.4446]}}, {"type": "Feature", "properties": {"nombre": "Pasaje Spence", "tipo": "calle"}, "geometry": {"type": "Point", "coordinates": [-68.91101, -22.44044]}}, {"type": "Feature", "properties": {"nombre": "Pasaje Volcán Poruña", "tipo": "calle"}, "geometry": {"type": "Point", "coordinates": [-68.90654, -22.44552]}}, {"type": "Feature", "properties": {"nombre": "Pasaje Volcán Miñiques", "tipo": "calle"}, "geometry": {"type": "Point", "coordinates": [-68.90554, -22.44484]}}, {"type": "Feature", "properties": {"nombre": "Pasaje Volcán Puchulaiza", "tipo": "calle"}, "geometry": {"type": "Point", "coordinates": [-68.90454, -22.44745]}}, {"type": "Feature", "properties": {"nombre": "Hauka Huali Oriente", "tipo": "calle"}, "geometry": {"type": "Point", "coordinates": [-68.94703, -22.44827]}}, {"type": "Feature", "properties": {"nombre": "Hauka Huali", "tipo": "calle"}, "geometry": {"type": "Point", "coordinates": [-68.94746, -22.44812]}}, {"type": "Feature", "properties": {"nombre": "Diego de Almagro Sur", "tipo": "calle"}, "geometry": {"type": "Point", "coordinates": [-68.94638, -22.44614]}}, {"type": "Feature", "properties": {"nombre": "Ñusta Huayca Sur", "tipo": "calle"}, "geometry": {"type": "Point", "coordinates": [-68.94635, -22.44712]}}, {"type": "Feature", "properties": {"nombre": "Omar Petronovic", "tipo": "calle"}, "geometry": {"type": "Point", "coordinates": [-68.94711, -22.44681]}}, {"type": "Feature", "properties": {"nombre": "Manuel Montt Norte", "tipo": "calle"}, "geometry": {"type": "Point", "coordinates": [-68.94677, -22.44648]}}, {"type": "Feature", "properties": {"nombre": "Provincia de Canton Oriente", "tipo": "calle"}, "geometry": {"type": "Point", "coordinates": [-68.94701, -22.45081]}}, {"type": "Feature", "properties": {"nombre": "Provincia de Canton Poniente", "tipo": "calle"}, "geometry": {"type": "Point", "coordinates": [-68.94748, -22.45083]}}, {"type": "Feature", "properties": {"nombre": "Pasaje Paraíso", "tipo": "calle"}, "geometry": {"type": "Point", "coordinates": [-68.91559, -22.43775]}}, {"type": "Feature", "properties": {"nombre": "Dominicas", "tipo": "calle"}, "geometry": {"type": "Point", "coordinates": [-68.91536, -22.43728]}}, {"type": "Feature", "properties": {"nombre": "Condominio El Ferrocarril", "tipo": "calle"}, "geometry": {"type": "Point", "coordinates": [-68.91534, -22.43957]}}, {"type": "Feature", "properties": {"nombre": "Alfalfa", "tipo": "calle"}, "geometry": {"type": "Point", "coordinates": [-68.91535, -22.43792]}}, {"type": "Feature", "properties": {"nombre": "Pasaje Laguna de la Azufrera Poniente", "tipo": "calle"}, "geometry": {"type": "Point", "coordinates": [-68.90419, -22.47894]}}, {"type": "Feature", "properties": {"nombre": "Pasaje Laguna de la Azufrera Oriente", "tipo": "calle"}, "geometry": {"type": "Point", "coordinates": [-68.90351, -22.47883]}}, {"type": "Feature", "properties": {"nombre": "Pasaje Laguna de la Azufrera Sur", "tipo": "calle"}, "geometry": {"type": "Point", "coordinates": [-68.904, -22.47904]}}, {"type": "Feature", "properties": {"nombre": "Pasaje Laguna de la Azufrera Norte", "tipo": "calle"}, "geometry": {"type": "Point", "coordinates": [-68.90364, -22.47868]}}, {"type": "Feature", "properties": {"nombre": "Pasaje Apupunchau", "tipo": "calle"}, "geometry": {"type": "Point", "coordinates": [-68.9198, -22.48559]}}, {"type": "Feature", "properties": {"nombre": "Pasaje Laguna  Miscanti", "tipo": "calle"}, "geometry": {"type": "Point", "coordinates": [-68.90221, -22.47877]}}, {"type": "Feature", "properties": {"nombre": "Laguna Colorada", "tipo": "calle"}, "geometry": {"type": "Point", "coordinates": [-68.90165, -22.48081]}}, {"type": "Feature", "properties": {"nombre": "Ralún", "tipo": "calle"}, "geometry": {"type": "Point", "coordinates": [-68.94661, -22.4654]}}, {"type": "Feature", "properties": {"nombre": "Pasaje Comercio", "tipo": "calle"}, "geometry": {"type": "Point", "coordinates": [-68.94969, -22.45559]}}, {"type": "Feature", "properties": {"nombre": "Calle Ollantay", "tipo": "calle"}, "geometry": {"type": "Point", "coordinates": [-68.95089, -22.45261]}}, {"type": "Feature", "properties": {"nombre": "Tikan Kabur Norte", "tipo": "calle"}, "geometry": {"type": "Point", "coordinates": [-68.94942, -22.44912]}}, {"type": "Feature", "properties": {"nombre": "Tikan Kabur Sur", "tipo": "calle"}, "geometry": {"type": "Point", "coordinates": [-68.9494, -22.44985]}}, {"type": "Feature", "properties": {"nombre": "Tikan Kabur Poniente", "tipo": "calle"}, "geometry": {"type": "Point", "coordinates": [-68.94959, -22.44968]}}, {"type": "Feature", "properties": {"nombre": "Hauka Huali Norte", "tipo": "calle"}, "geometry": {"type": "Point", "coordinates": [-68.94726, -22.44913]}}, {"type": "Feature", "properties": {"nombre": "Pillan Apu Sur", "tipo": "calle"}, "geometry": {"type": "Point", "coordinates": [-68.94607, -22.44972]}}, {"type": "Feature", "properties": {"nombre": "Pillan Apu Poniente", "tipo": "calle"}, "geometry": {"type": "Point", "coordinates": [-68.94632, -22.44941]}}, {"type": "Feature", "properties": {"nombre": "Pillan Apu Norte", "tipo": "calle"}, "geometry": {"type": "Point", "coordinates": [-68.9461, -22.44907]}}, {"type": "Feature", "properties": {"nombre": "Santiago Humberstone Oriente", "tipo": "calle"}, "geometry": {"type": "Point", "coordinates": [-68.94124, -22.44872]}}, {"type": "Feature", "properties": {"nombre": "Sipas", "tipo": "calle"}, "geometry": {"type": "Point", "coordinates": [-68.95211, -22.45288]}}, {"type": "Feature", "properties": {"nombre": "Sicuri", "tipo": "calle"}, "geometry": {"type": "Point", "coordinates": [-68.95245, -22.45397]}}, {"type": "Feature", "properties": {"nombre": "Quate Quate", "tipo": "calle"}, "geometry": {"type": "Point", "coordinates": [-68.95123, -22.4527]}}, {"type": "Feature", "properties": {"nombre": "Awana (Telar)", "tipo": "calle"}, "geometry": {"type": "Point", "coordinates": [-68.95244, -22.4522]}}, {"type": "Feature", "properties": {"nombre": "Caucota", "tipo": "calle"}, "geometry": {"type": "Point", "coordinates": [-68.95228, -22.45228]}}, {"type": "Feature", "properties": {"nombre": "Chulki Kabur", "tipo": "calle"}, "geometry": {"type": "Point", "coordinates": [-68.94494, -22.44677]}}, {"type": "Feature", "properties": {"nombre": "Arauco Oriente", "tipo": "calle"}, "geometry": {"type": "Point", "coordinates": [-68.94526, -22.44601]}}, {"type": "Feature", "properties": {"nombre": "Condominio El Alto - Manzana D", "tipo": "calle"}, "geometry": {"type": "Point", "coordinates": [-68.91211, -22.44443]}}, {"type": "Feature", "properties": {"nombre": "Condominio El Alto - Manzana A", "tipo": "calle"}, "geometry": {"type": "Point", "coordinates": [-68.91261, -22.44396]}}, {"type": "Feature", "properties": {"nombre": "Tarar", "tipo": "calle"}, "geometry": {"type": "Point", "coordinates": [-68.89936, -22.45375]}}, {"type": "Feature", "properties": {"nombre": "Agretrans", "tipo": "calle"}, "geometry": {"type": "Point", "coordinates": [-68.94502, -22.46484]}}, {"type": "Feature", "properties": {"nombre": "Agtradel", "tipo": "calle"}, "geometry": {"type": "Point", "coordinates": [-68.94398, -22.46536]}}, {"type": "Feature", "properties": {"nombre": "Pasaje Jane Tabilo", "tipo": "calle"}, "geometry": {"type": "Point", "coordinates": [-68.94318, -22.46498]}}, {"type": "Feature", "properties": {"nombre": "Pasaje Trans Ayquina", "tipo": "calle"}, "geometry": {"type": "Point", "coordinates": [-68.9436, -22.46485]}}, {"type": "Feature", "properties": {"nombre": "Pasaje Trans D y F", "tipo": "calle"}, "geometry": {"type": "Point", "coordinates": [-68.94398, -22.46496]}}, {"type": "Feature", "properties": {"nombre": "Pasaje Línea 4", "tipo": "calle"}, "geometry": {"type": "Point", "coordinates": [-68.94437, -22.46506]}}, {"type": "Feature", "properties": {"nombre": "Pasaje Línea 22", "tipo": "calle"}, "geometry": {"type": "Point", "coordinates": [-68.94473, -22.46517]}}, {"type": "Feature", "properties": {"nombre": "Pasaje Línea 2", "tipo": "calle"}, "geometry": {"type": "Point", "coordinates": [-68.94275, -22.46454]}}, {"type": "Feature", "properties": {"nombre": "Agreducan", "tipo": "calle"}, "geometry": {"type": "Point", "coordinates": [-68.94589, -22.46465]}}, {"type": "Feature", "properties": {"nombre": "Pasaje Línea 32", "tipo": "calle"}, "geometry": {"type": "Point", "coordinates": [-68.9465, -22.46448]}}, {"type": "Feature", "properties": {"nombre": "Pasaje Línea 33", "tipo": "calle"}, "geometry": {"type": "Point", "coordinates": [-68.94302, -22.46493]}}, {"type": "Feature", "properties": {"nombre": "Asogreco", "tipo": "calle"}, "geometry": {"type": "Point", "coordinates": [-68.94606, -22.46554]}}, {"type": "Feature", "properties": {"nombre": "Eduardo Abaroa", "tipo": "calle"}, "geometry": {"type": "Point", "coordinates": [-68.92696, -22.46129]}}, {"type": "Feature", "properties": {"nombre": "Parque Periurbano", "tipo": "place"}, "geometry": {"type": "Point", "coordinates": [-68.91982, -22.42998]}}, {"type": "Feature", "properties": {"nombre": "Jaime Cerda Cuellar", "tipo": "calle"}, "geometry": {"type": "Point", "coordinates": [-68.95174, -22.4533]}}, {"type": "Feature", "properties": {"nombre": "Awana", "tipo": "calle"}, "geometry": {"type": "Point", "coordinates": [-68.95151, -22.45104]}}, {"type": "Feature", "properties": {"nombre": "Condominio Valle Loa", "tipo": "calle"}, "geometry": {"type": "Point", "coordinates": [-68.91811, -22.46201]}}, {"type": "Feature", "properties": {"nombre": "Condominio Quinta el Bosque", "tipo": "calle"}, "geometry": {"type": "Point", "coordinates": [-68.91725, -22.46373]}}, {"type": "Feature", "properties": {"nombre": "Línea 80", "tipo": "calle"}, "geometry": {"type": "Point", "coordinates": [-68.94527, -22.4652]}}, {"type": "Feature", "properties": {"nombre": "Alcalde Lira", "tipo": "calle"}, "geometry": {"type": "Point", "coordinates": [-68.9258, -22.45428]}}, {"type": "Feature", "properties": {"nombre": "Pasaje Killa Antai", "tipo": "calle"}, "geometry": {"type": "Point", "coordinates": [-68.94933, -22.44848]}}, {"type": "Feature", "properties": {"nombre": "Topater", "tipo": "calle"}, "geometry": {"type": "Point", "coordinates": [-68.90385, -22.45987]}}, {"type": "Feature", "properties": {"nombre": "Pasaje Cosca", "tipo": "calle"}, "geometry": {"type": "Point", "coordinates": [-68.93197, -22.45935]}}, {"type": "Feature", "properties": {"nombre": "Pasaje Hurtado de Mendoza", "tipo": "calle"}, "geometry": {"type": "Point", "coordinates": [-68.94896, -22.45671]}}, {"type": "Feature", "properties": {"nombre": "Mulchén", "tipo": "calle"}, "geometry": {"type": "Point", "coordinates": [-68.92892, -22.47398]}}, {"type": "Feature", "properties": {"nombre": "Andina", "tipo": "calle"}, "geometry": {"type": "Point", "coordinates": [-68.92961, -22.4739]}}, {"type": "Feature", "properties": {"nombre": "Parque de palo", "tipo": "place"}, "geometry": {"type": "Point", "coordinates": [-68.92705, -22.47178]}}, {"type": "Feature", "properties": {"nombre": "Parque Tarapacá", "tipo": "place"}, "geometry": {"type": "Point", "coordinates": [-68.94044, -22.45899]}}, {"type": "Feature", "properties": {"nombre": "Pasaje Lord Cochrane", "tipo": "calle"}, "geometry": {"type": "Point", "coordinates": [-68.9193, -22.44445]}}, {"type": "Feature", "properties": {"nombre": "Pasaje Línea 77", "tipo": "calle"}, "geometry": {"type": "Point", "coordinates": [-68.94636, -22.46482]}}, {"type": "Feature", "properties": {"nombre": "Línea 5", "tipo": "calle"}, "geometry": {"type": "Point", "coordinates": [-68.94514, -22.46517]}}, {"type": "Feature", "properties": {"nombre": "Hernán Cortés Interior", "tipo": "calle"}, "geometry": {"type": "Point", "coordinates": [-68.94349, -22.44834]}}, {"type": "Feature", "properties": {"nombre": "Pasaje Italia", "tipo": "calle"}, "geometry": {"type": "Point", "coordinates": [-68.93456, -22.44334]}}, {"type": "Feature", "properties": {"nombre": "Puna Kora (Flor de Altura)", "tipo": "calle"}, "geometry": {"type": "Point", "coordinates": [-68.93619, -22.4394]}}, {"type": "Feature", "properties": {"nombre": "Edificio Andes", "tipo": "calle"}, "geometry": {"type": "Point", "coordinates": [-68.92844, -22.4689]}}, {"type": "Feature", "properties": {"nombre": "La Ligua", "tipo": "calle"}, "geometry": {"type": "Point", "coordinates": [-68.92795, -22.47286]}}, {"type": "Feature", "properties": {"nombre": "Quilpué", "tipo": "calle"}, "geometry": {"type": "Point", "coordinates": [-68.92803, -22.47327]}}, {"type": "Feature", "properties": {"nombre": "Pasaje Huaytiquina", "tipo": "calle"}, "geometry": {"type": "Point", "coordinates": [-68.91969, -22.43414]}}, {"type": "Feature", "properties": {"nombre": "Pasaje Gabriela Mistral", "tipo": "calle"}, "geometry": {"type": "Point", "coordinates": [-68.9269, -22.47369]}}, {"type": "Feature", "properties": {"nombre": "10 de Mayo", "tipo": "calle"}, "geometry": {"type": "Point", "coordinates": [-68.92554, -22.47392]}}, {"type": "Feature", "properties": {"nombre": "Jacinto Cuadra", "tipo": "calle"}, "geometry": {"type": "Point", "coordinates": [-68.92377, -22.47449]}}, {"type": "Feature", "properties": {"nombre": "Avenida Circunvalación", "tipo": "calle"}, "geometry": {"type": "Point", "coordinates": [-68.90191, -22.4735]}}, {"type": "Feature", "properties": {"nombre": "Condominio Quetena", "tipo": "calle"}, "geometry": {"type": "Point", "coordinates": [-68.94477, -22.45006]}}, {"type": "Feature", "properties": {"nombre": "Plaza 23 de Marzo", "tipo": "place"}, "geometry": {"type": "Point", "coordinates": [-68.92737, -22.46242]}}, {"type": "Feature", "properties": {"nombre": "Ruta B 193", "tipo": "calle"}, "geometry": {"type": "Point", "coordinates": [-68.93622, -22.48087]}}, {"type": "Feature", "properties": {"nombre": "Martín Vega", "tipo": "calle"}, "geometry": {"type": "Point", "coordinates": [-68.90077, -22.43699]}}, {"type": "Feature", "properties": {"nombre": "La Flor", "tipo": "calle"}, "geometry": {"type": "Point", "coordinates": [-68.90772, -22.46499]}}, {"type": "Feature", "properties": {"nombre": "Avenida La Paz Interior", "tipo": "calle"}, "geometry": {"type": "Point", "coordinates": [-68.91957, -22.46348]}}, {"type": "Feature", "properties": {"nombre": "Condominio Valle Altiplánico", "tipo": "calle"}, "geometry": {"type": "Point", "coordinates": [-68.91151, -22.43288]}}, {"type": "Feature", "properties": {"nombre": "Plazoleta Churí", "tipo": "place"}, "geometry": {"type": "Point", "coordinates": [-68.93111, -22.4764]}}, {"type": "Feature", "properties": {"nombre": "Condominio Travesía del Desierto", "tipo": "calle"}, "geometry": {"type": "Point", "coordinates": [-68.91273, -22.43206]}}, {"type": "Feature", "properties": {"nombre": "Caletera", "tipo": "calle"}, "geometry": {"type": "Point", "coordinates": [-68.89807, -22.44716]}}, {"type": "Feature", "properties": {"nombre": "Til til Norte", "tipo": "calle"}, "geometry": {"type": "Point", "coordinates": [-68.9177, -22.44664]}}, {"type": "Feature", "properties": {"nombre": "Potrerillos", "tipo": "calle"}, "geometry": {"type": "Point", "coordinates": [-68.91582, -22.43675]}}, {"type": "Feature", "properties": {"nombre": "Zona verde plaza Puritama", "tipo": "place"}, "geometry": {"type": "Point", "coordinates": [-68.93064, -22.47554]}}, {"type": "Feature", "properties": {"nombre": "Condominio Doña Esperanza", "tipo": "calle"}, "geometry": {"type": "Point", "coordinates": [-68.91853, -22.4569]}}, {"type": "Feature", "properties": {"nombre": "Lincán", "tipo": "calle"}, "geometry": {"type": "Point", "coordinates": [-68.93171, -22.45976]}}, {"type": "Feature", "properties": {"nombre": "Auka Rasu Sur", "tipo": "calle"}, "geometry": {"type": "Point", "coordinates": [-68.946, -22.45108]}}, {"type": "Feature", "properties": {"nombre": "Auka Rasu Oriente", "tipo": "calle"}, "geometry": {"type": "Point", "coordinates": [-68.94577, -22.45075]}}, {"type": "Feature", "properties": {"nombre": "Auka Rasu Norte", "tipo": "calle"}, "geometry": {"type": "Point", "coordinates": [-68.94603, -22.45044]}}, {"type": "Feature", "properties": {"nombre": "Huaira Oriente", "tipo": "calle"}, "geometry": {"type": "Point", "coordinates": [-68.94596, -22.44809]}}, {"type": "Feature", "properties": {"nombre": "Huaira Norte", "tipo": "calle"}, "geometry": {"type": "Point", "coordinates": [-68.94617, -22.44782]}}, {"type": "Feature", "properties": {"nombre": "Huaira Poniente", "tipo": "calle"}, "geometry": {"type": "Point", "coordinates": [-68.94637, -22.4481]}}, {"type": "Feature", "properties": {"nombre": "Diego de Almagro Poniente", "tipo": "calle"}, "geometry": {"type": "Point", "coordinates": [-68.94643, -22.44591]}}, {"type": "Feature", "properties": {"nombre": "Diego de Almagro Norte", "tipo": "calle"}, "geometry": {"type": "Point", "coordinates": [-68.94621, -22.44571]}}, {"type": "Feature", "properties": {"nombre": "Diego de Almagro Oriente", "tipo": "calle"}, "geometry": {"type": "Point", "coordinates": [-68.94598, -22.44594]}}, {"type": "Feature", "properties": {"nombre": "Huayna Atacama Poniente", "tipo": "calle"}, "geometry": {"type": "Point", "coordinates": [-68.94859, -22.44817]}}, {"type": "Feature", "properties": {"nombre": "Huayna Atacama Sur", "tipo": "calle"}, "geometry": {"type": "Point", "coordinates": [-68.94839, -22.44849]}}, {"type": "Feature", "properties": {"nombre": "Huayna Atacama Norte", "tipo": "calle"}, "geometry": {"type": "Point", "coordinates": [-68.9484, -22.44785]}}, {"type": "Feature", "properties": {"nombre": "Ñusta Huayca Poniente", "tipo": "calle"}, "geometry": {"type": "Point", "coordinates": [-68.9464, -22.44696]}}, {"type": "Feature", "properties": {"nombre": "Ñusta Huayca Norte", "tipo": "calle"}, "geometry": {"type": "Point", "coordinates": [-68.94619, -22.44679]}}, {"type": "Feature", "properties": {"nombre": "Ñusta Huayca Oriente", "tipo": "calle"}, "geometry": {"type": "Point", "coordinates": [-68.94596, -22.44694]}}, {"type": "Feature", "properties": {"nombre": "Kolke Poniente", "tipo": "calle"}, "geometry": {"type": "Point", "coordinates": [-68.94855, -22.44947]}}, {"type": "Feature", "properties": {"nombre": "Pasaje Tikan Kabur Sur", "tipo": "calle"}, "geometry": {"type": "Point", "coordinates": [-68.94834, -22.44982]}}, {"type": "Feature", "properties": {"nombre": "Pasaje Pantano", "tipo": "calle"}, "geometry": {"type": "Point", "coordinates": [-68.95085, -22.45894]}}, {"type": "Feature", "properties": {"nombre": "Pasaje Tambillo", "tipo": "calle"}, "geometry": {"type": "Point", "coordinates": [-68.92617, -22.47679]}}, {"type": "Feature", "properties": {"nombre": "Granito Apolo", "tipo": "calle"}, "geometry": {"type": "Point", "coordinates": [-68.91694, -22.45703]}}, {"type": "Feature", "properties": {"nombre": "Brochantita", "tipo": "calle"}, "geometry": {"type": "Point", "coordinates": [-68.91765, -22.4568]}}, {"type": "Feature", "properties": {"nombre": "Francisco Martinic", "tipo": "calle"}, "geometry": {"type": "Point", "coordinates": [-68.89483, -22.43672]}}, {"type": "Feature", "properties": {"nombre": "Laguna Verde Sur", "tipo": "calle"}, "geometry": {"type": "Point", "coordinates": [-68.90274, -22.48026]}}, {"type": "Feature", "properties": {"nombre": "Pasaje Laguna Barros Negros Sur", "tipo": "calle"}, "geometry": {"type": "Point", "coordinates": [-68.90337, -22.47963]}}, {"type": "Feature", "properties": {"nombre": "Pasaje Laguna Barros Negros Norte", "tipo": "calle"}, "geometry": {"type": "Point", "coordinates": [-68.90301, -22.47927]}}, {"type": "Feature", "properties": {"nombre": "Pasaje Verdes Campinas", "tipo": "calle"}, "geometry": {"type": "Point", "coordinates": [-68.95177, -22.45965]}}, {"type": "Feature", "properties": {"nombre": "Parque Oasis", "tipo": "place"}, "geometry": {"type": "Point", "coordinates": [-68.93693, -22.47734]}}, {"type": "Feature", "properties": {"nombre": "Avenida Arturo Prat", "tipo": "calle"}, "geometry": {"type": "Point", "coordinates": [-68.93928, -22.44321]}}, {"type": "Feature", "properties": {"nombre": "Todos Por un Sueño", "tipo": "calle"}, "geometry": {"type": "Point", "coordinates": [-68.93919, -22.44272]}}, {"type": "Feature", "properties": {"nombre": "Manuel Henríquez", "tipo": "calle"}, "geometry": {"type": "Point", "coordinates": [-68.93995, -22.44197]}}, {"type": "Feature", "properties": {"nombre": "Alicia Araya", "tipo": "calle"}, "geometry": {"type": "Point", "coordinates": [-68.94006, -22.44254]}}, {"type": "Feature", "properties": {"nombre": "Esperanza", "tipo": "calle"}, "geometry": {"type": "Point", "coordinates": [-68.94042, -22.44185]}}, {"type": "Feature", "properties": {"nombre": "Pacha Kuti", "tipo": "calle"}, "geometry": {"type": "Point", "coordinates": [-68.94009, -22.44191]}}, {"type": "Feature", "properties": {"nombre": "Paola Soza", "tipo": "calle"}, "geometry": {"type": "Point", "coordinates": [-68.93974, -22.44196]}}, {"type": "Feature", "properties": {"nombre": "Unión Familiar", "tipo": "calle"}, "geometry": {"type": "Point", "coordinates": [-68.93947, -22.44228]}}, {"type": "Feature", "properties": {"nombre": "Oreja de Zorro", "tipo": "calle"}, "geometry": {"type": "Point", "coordinates": [-68.94102, -22.44169]}}, {"type": "Feature", "properties": {"nombre": "Flor de Yareta", "tipo": "calle"}, "geometry": {"type": "Point", "coordinates": [-68.9412, -22.44201]}}, {"type": "Feature", "properties": {"nombre": "Las Anaucas", "tipo": "calle"}, "geometry": {"type": "Point", "coordinates": [-68.94139, -22.44231]}}, {"type": "Feature", "properties": {"nombre": "Pasaje Frutillar", "tipo": "calle"}, "geometry": {"type": "Point", "coordinates": [-68.94979, -22.45415]}}, {"type": "Feature", "properties": {"nombre": "Tchacnar", "tipo": "calle"}, "geometry": {"type": "Point", "coordinates": [-68.94187, -22.44517]}}, {"type": "Feature", "properties": {"nombre": "Colo Colo Poniente", "tipo": "calle"}, "geometry": {"type": "Point", "coordinates": [-68.94387, -22.44457]}}, {"type": "Feature", "properties": {"nombre": "Beluinatur", "tipo": "calle"}, "geometry": {"type": "Point", "coordinates": [-68.94394, -22.44379]}}, {"type": "Feature", "properties": {"nombre": "Ruta 25", "tipo": "calle"}, "geometry": {"type": "Point", "coordinates": [-68.92581, -22.49375]}}, {"type": "Feature", "properties": {"nombre": "Calama", "tipo": "calle"}, "geometry": {"type": "Point", "coordinates": [-68.9404, -22.44418]}}, {"type": "Feature", "properties": {"nombre": "Estrella del Norte", "tipo": "calle"}, "geometry": {"type": "Point", "coordinates": [-68.93974, -22.44371]}}, {"type": "Feature", "properties": {"nombre": "Pasaje Vitacura", "tipo": "calle"}, "geometry": {"type": "Point", "coordinates": [-68.93555, -22.44617]}}, {"type": "Feature", "properties": {"nombre": "Pasaje Los Minerales", "tipo": "calle"}, "geometry": {"type": "Point", "coordinates": [-68.93854, -22.44291]}}, {"type": "Feature", "properties": {"nombre": "Pasaje Malaquita", "tipo": "calle"}, "geometry": {"type": "Point", "coordinates": [-68.93539, -22.44306]}}, {"type": "Feature", "properties": {"nombre": "Nazareth Sur", "tipo": "calle"}, "geometry": {"type": "Point", "coordinates": [-68.94733, -22.45841]}}, {"type": "Feature", "properties": {"nombre": "Nazareth Norte", "tipo": "calle"}, "geometry": {"type": "Point", "coordinates": [-68.94734, -22.45825]}}, {"type": "Feature", "properties": {"nombre": "Volcán Santa Rosa Sur", "tipo": "calle"}, "geometry": {"type": "Point", "coordinates": [-68.93447, -22.46515]}}], "_meta": {"ciudad": "Calama", "fuente": "OpenStreetMap (ODbL) — extracción puntual Overpass"}}