{"type": "FeatureCollection", "features": [{"type": "Feature", "properties": {"clase": "verde"}, "geometry": {"type": "Polygon", "coordinates": [[[-70.40159, -23.65427], [-70.40124, -23.654], [-70.40114, -23.65406], [-70.4014, -23.66136], [-70.40186, -23.66246], [-70.40159, -23.65427]]]}}, {"type": "Feature", "properties": {"clase": "verde"}, "geometry": {"type": "Polygon", "coordinates": [[[-70.39087, -23.66652], [-70.39045, -23.6667], [-70.39008, -23.66595], [-70.3905, -23.66578], [-70.39087, -23.66652]]]}}, {"type": "Feature", "properties": {"clase": "verde"}, "geometry": {"type": "Polygon", "coordinates": [[[-70.3894, -23.62499], [-70.38878, -23.62532], [-70.38927, -23.62611], [-70.38989, -23.62578], [-70.3894, -23.62499]]]}}, {"type": "Feature", "properties": {"clase": "verde"}, "geometry": {"type": "Polygon", "coordinates": [[[-70.38887, -23.63564], [-70.38881, -23.63653], [-70.3881, -23.63649], [-70.38816, -23.6356], [-70.38887, -23.63564]]]}}, {"type": "Feature", "properties": {"clase": "verde"}, "geometry": {"type": "Polygon", "coordinates": [[[-70.38485, -23.60404], [-70.38496, -23.60415], [-70.38466, -23.60711], [-70.38429, -23.60775], [-70.3847, -23.60405], [-70.38485, -23.60404]]]}}, {"type": "Feature", "properties": {"clase": "verde"}, "geometry": {"type": "Polygon", "coordinates": [[[-70.42232, -23.70316], [-70.42234, -23.70348], [-70.42216, -23.70349], [-70.42214, -23.70316], [-70.42232, -23.70316]]]}}, {"type": "Feature", "properties": {"clase": "verde"}, "geometry": {"type": "Polygon", "coordinates": [[[-70.41779, -23.69798], [-70.4177, -23.69802], [-70.41779, -23.69818], [-70.41779, -23.69798]]]}}, {"type": "Feature", "properties": {"clase": "verde"}, "geometry": {"type": "Polygon", "coordinates": [[[-70.4223, -23.70283], [-70.42232, -23.70316], [-70.42214, -23.70316], [-70.42211, -23.70284], [-70.4223, -23.70283]]]}}, {"type": "Feature", "properties": {"clase": "verde"}, "geometry": {"type": "Polygon", "coordinates": [[[-70.42314, -23.70294], [-70.42336, -23.70389], [-70.42269, -23.70402], [-70.42248, -23.70307], [-70.42314, -23.70294]]]}}, {"type": "Feature", "properties": {"clase": "verde"}, "geometry": {"type": "Polygon", "coordinates": [[[-70.41795, -23.6979], [-70.41785, -23.69794], [-70.41794, -23.69811], [-70.41804, -23.69807], [-70.41795, -23.6979]]]}}, {"type": "Feature", "properties": {"clase": "verde"}, "geometry": {"type": "Polygon", "coordinates": [[[-70.41651, -23.69799], [-70.4166, -23.69889], [-70.41588, -23.69896], [-70.41579, -23.69805], [-70.41651, -23.69799]]]}}, {"type": "Feature", "properties": {"clase": "verde"}, "geometry": {"type": "Polygon", "coordinates": [[[-70.42524, -23.70459], [-70.42495, -23.70473], [-70.42467, -23.70423], [-70.42496, -23.7041], [-70.42524, -23.70459]]]}}, {"type": "Feature", "properties": {"clase": "verde"}, "geometry": {"type": "Polygon", "coordinates": [[[-70.41817, -23.6978], [-70.41826, -23.69798], [-70.41817, -23.69801], [-70.41808, -23.69784], [-70.41817, -23.6978]]]}}, {"type": "Feature", "properties": {"clase": "verde"}, "geometry": {"type": "Polygon", "coordinates": [[[-70.40462, -23.66959], [-70.40505, -23.67047], [-70.40443, -23.67072], [-70.404, -23.66984], [-70.40462, -23.66959]]]}}, {"type": "Feature", "properties": {"clase": "verde"}, "geometry": {"type": "Polygon", "coordinates": [[[-70.41345, -23.67654], [-70.41328, -23.67692], [-70.41292, -23.67678], [-70.41309, -23.67639], [-70.41345, -23.67654]]]}}, {"type": "Feature", "properties": {"clase": "verde"}, "geometry": {"type": "Polygon", "coordinates": [[[-70.40869, -23.67146], [-70.40865, -23.6712], [-70.40975, -23.67116], [-70.41082, -23.67235], [-70.41131, -23.67273], [-70.41142, -23.67262], [-70.41199, -23.67298], [-70.41286, -23.67455], [-70.41195, -23.6748], [-70.41174, -23.67437], [-70.41181, -23.67424], [-70.41127, -23.67342], [-70.41113, -23.67343], [-70.4105, -23.6726], [-70.40869, -23.67146]]]}}, {"type": "Feature", "properties": {"clase": "verde"}, "geometry": {"type": "Polygon", "coordinates": [[[-70.41291, -23.67754], [-70.41195, -23.6748], [-70.41286, -23.67455], [-70.41327, -23.67536], [-70.41287, -23.67592], [-70.41352, -23.67617], [-70.41381, -23.67703], [-70.41416, -23.67717], [-70.41355, -23.67849], [-70.41363, -23.67885], [-70.41338, -23.67924], [-70.41291, -23.67754]]]}}, {"type": "Feature", "properties": {"clase": "verde"}, "geometry": {"type": "Polygon", "coordinates": [[[-70.41254, -23.67405], [-70.412, -23.67432], [-70.41141, -23.67335], [-70.41194, -23.67307], [-70.41254, -23.67405]]]}}, {"type": "Feature", "properties": {"clase": "verde"}, "geometry": {"type": "Polygon", "coordinates": [[[-70.40957, -23.67576], [-70.40976, -23.67674], [-70.40907, -23.67685], [-70.40888, -23.67588], [-70.40957, -23.67576]]]}}, {"type": "Feature", "properties": {"clase": "verde"}, "geometry": {"type": "Polygon", "coordinates": [[[-70.37933, -23.62758], [-70.37949, -23.62847], [-70.37894, -23.62855], [-70.37878, -23.62767], [-70.37933, -23.62758]]]}}, {"type": "Feature", "properties": {"clase": "verde"}, "geometry": {"type": "Polygon", "coordinates": [[[-70.37441, -23.62851], [-70.37453, -23.62882], [-70.37398, -23.629], [-70.37386, -23.62869], [-70.37441, -23.62851]]]}}, {"type": "Feature", "properties": {"clase": "verde"}, "geometry": {"type": "Polygon", "coordinates": [[[-70.37507, -23.62835], [-70.37469, -23.62845], [-70.37485, -23.62897], [-70.37523, -23.62887], [-70.37507, -23.62835]]]}}, {"type": "Feature", "properties": {"clase": "verde"}, "geometry": {"type": "Polygon", "coordinates": [[[-70.37341, -23.61783], [-70.37334, -23.61866], [-70.37277, -23.61862], [-70.37283, -23.6178], [-70.37341, -23.61783]]]}}, {"type": "Feature", "properties": {"clase": "verde"}, "geometry": {"type": "Polygon", "coordinates": [[[-70.3804, -23.62602], [-70.37999, -23.62611], [-70.3796, -23.62554], [-70.37993, -23.62535], [-70.3804, -23.62602]]]}}, {"type": "Feature", "properties": {"clase": "verde"}, "geometry": {"type": "Polygon", "coordinates": [[[-70.39546, -23.64121], [-70.39545, -23.64136], [-70.3948, -23.64129], [-70.39486, -23.64119], [-70.39546, -23.64121]]]}}, {"type": "Feature", "properties": {"clase": "verde"}, "geometry": {"type": "Polygon", "coordinates": [[[-70.3949, -23.62695], [-70.3949, -23.62714], [-70.39455, -23.62714], [-70.39454, -23.62689], [-70.39431, -23.62696], [-70.39418, -23.62639], [-70.39334, -23.62563], [-70.39468, -23.62501], [-70.39476, -23.62517], [-70.39522, -23.62499], [-70.39532, -23.62548], [-70.39499, -23.62548], [-70.3949, -23.62695]]]}}, {"type": "Feature", "properties": {"clase": "verde"}, "geometry": {"type": "Polygon", "coordinates": [[[-70.39362, -23.63564], [-70.39319, -23.63561], [-70.39313, -23.63641], [-70.39356, -23.63643], [-70.39362, -23.63564]]]}}, {"type": "Feature", "properties": {"clase": "verde"}, "geometry": {"type": "Polygon", "coordinates": [[[-70.39562, -23.63974], [-70.3956, -23.64007], [-70.39531, -23.64006], [-70.39533, -23.63973], [-70.39562, -23.63974]]]}}, {"type": "Feature", "properties": {"clase": "verde"}, "geometry": {"type": "Polygon", "coordinates": [[[-70.39774, -23.64355], [-70.39749, -23.64379], [-70.39697, -23.64303], [-70.39699, -23.6429], [-70.39714, -23.64288], [-70.39774, -23.64355]]]}}, {"type": "Feature", "properties": {"clase": "verde"}, "geometry": {"type": "Polygon", "coordinates": [[[-70.39687, -23.63823], [-70.39681, -23.63874], [-70.39693, -23.63871], [-70.39793, -23.63995], [-70.39826, -23.63997], [-70.3984, -23.64035], [-70.39811, -23.64049], [-70.39823, -23.64055], [-70.39887, -23.64021], [-70.39792, -23.63965], [-70.3974, -23.63908], [-70.39719, -23.63871], [-70.39711, -23.63802], [-70.39689, -23.63801], [-70.39687, -23.63823]]]}}, {"type": "Feature", "properties": {"clase": "verde"}, "geometry": {"type": "Polygon", "coordinates": [[[-70.3975, -23.64408], [-70.39714, -23.64354], [-70.39656, -23.64384], [-70.3975, -23.64408]]]}}, {"type": "Feature", "properties": {"clase": "verde"}, "geometry": {"type": "Polygon", "coordinates": [[[-70.39609, -23.62503], [-70.39598, -23.62463], [-70.39581, -23.62465], [-70.3958, -23.62454], [-70.39597, -23.62412], [-70.39587, -23.62409], [-70.396, -23.62335], [-70.39585, -23.62302], [-70.39515, -23.6225], [-70.39528, -23.62217], [-70.39474, -23.62199], [-70.39461, -23.62229], [-70.39411, -23.62209], [-70.39562, -23.6245], [-70.39602, -23.62508], [-70.39609, -23.62503]]]}}, {"type": "Feature", "properties": {"clase": "verde"}, "geometry": {"type": "Polygon", "coordinates": [[[-70.39245, -23.6048], [-70.39264, -23.60499], [-70.39239, -23.60521], [-70.39234, -23.60344], [-70.39247, -23.60238], [-70.39276, -23.60135], [-70.39373, -23.59977], [-70.39377, -23.5995], [-70.39375, -23.60004], [-70.39331, -23.60083], [-70.39327, -23.60215], [-70.39306, -23.60222], [-70.39245, -23.6048]]]}}, {"type": "Feature", "properties": {"clase": "verde"}, "geometry": {"type": "Polygon", "coordinates": [[[-70.39025, -23.58582], [-70.39012, -23.58798], [-70.39025, -23.58582]]]}}, {"type": "Feature", "properties": {"clase": "verde"}, "geometry": {"type": "Polygon", "coordinates": [[[-70.38135, -23.58227], [-70.38126, -23.58347], [-70.3792, -23.58332], [-70.37932, -23.58157], [-70.38025, -23.58163], [-70.3802, -23.58219], [-70.38135, -23.58227]]]}}, {"type": "Feature", "properties": {"clase": "verde"}, "geometry": {"type": "Polygon", "coordinates": [[[-70.39633, -23.63178], [-70.39705, -23.63131], [-70.3969, -23.63094], [-70.39702, -23.63071], [-70.39692, -23.63051], [-70.39708, -23.62752], [-70.39699, -23.62748], [-70.397, -23.62665], [-70.39654, -23.62588], [-70.39638, -23.63082], [-70.39597, -23.63203], [-70.39633, -23.63178]]]}}, {"type": "Feature", "properties": {"clase": "verde"}, "geometry": {"type": "Polygon", "coordinates": [[[-70.40385, -23.66417], [-70.4039, -23.66451], [-70.40411, -23.66479], [-70.40462, -23.66515], [-70.40473, -23.66506], [-70.40446, -23.66498], [-70.40395, -23.66448], [-70.40393, -23.66402], [-70.40422, -23.66303], [-70.40405, -23.66299], [-70.40411, -23.66212], [-70.404, -23.66198], [-70.40393, -23.66117], [-70.40402, -23.66103], [-70.40389, -23.66071], [-70.40395, -23.6598], [-70.40356, -23.65965], [-70.4032, -23.65829], [-70.4029, -23.65772], [-70.40283, -23.65675], [-70.40297, -23.65657], [-70.4029, -23.6562], [-70.40314, -23.65565], [-70.40309, -23.65552], [-70.40281, -23.65576], [-70.40263, -23.6557], [-70.40274, -23.65753], [-70.40298, -23.65866], [-70.40372, -23.66062], [-70.40385, -23.66417]]]}}, {"type": "Feature", "properties": {"clase": "verde"}, "geometry": {"type": "Polygon", "coordinates": [[[-70.42123, -23.69223], [-70.42172, -23.69277], [-70.42166, -23.69311], [-70.42151, -23.69325], [-70.42163, -23.69423], [-70.42131, -23.69254], [-70.42018, -23.68928], [-70.42045, -23.68941], [-70.42045, -23.68992], [-70.42101, -23.69156], [-70.42117, -23.69161], [-70.42124, -23.6918], [-70.42123, -23.69223]]]}}, {"type": "Feature", "properties": {"clase": "verde"}, "geometry": {"type": "Polygon", "coordinates": [[[-70.42011, -23.68889], [-70.41969, -23.688], [-70.41899, -23.68697], [-70.41803, -23.68595], [-70.41808, -23.68584], [-70.41873, -23.68604], [-70.41889, -23.68626], [-70.41902, -23.6869], [-70.41956, -23.6876], [-70.42011, -23.68889]]]}}, {"type": "Feature", "properties": {"clase": "verde"}, "geometry": {"type": "Polygon", "coordinates": [[[-70.40514, -23.67108], [-70.40449, -23.67134], [-70.40495, -23.67228], [-70.4056, -23.67201], [-70.40514, -23.67108]]]}}, {"type": "Feature", "properties": {"clase": "verde"}, "geometry": {"type": "Polygon", "coordinates": [[[-70.4227, -23.6959], [-70.42211, -23.69598], [-70.42223, -23.69675], [-70.42283, -23.69667], [-70.4227, -23.6959]]]}}, {"type": "Feature", "properties": {"clase": "verde"}, "geometry": {"type": "Polygon", "coordinates": [[[-70.41338, -23.67923], [-70.41428, -23.68203], [-70.41464, -23.68222], [-70.41521, -23.68294], [-70.41552, -23.68301], [-70.41551, -23.68332], [-70.41676, -23.68459], [-70.41694, -23.68461], [-70.41717, -23.68502], [-70.41798, -23.68583], [-70.41794, -23.68592], [-70.41426, -23.68204], [-70.41396, -23.68143], [-70.41338, -23.67923]]]}}, {"type": "Feature", "properties": {"clase": "verde"}, "geometry": {"type": "Polygon", "coordinates": [[[-70.39649, -23.63831], [-70.39595, -23.63825], [-70.39617, -23.6387], [-70.39649, -23.63831]]]}}, {"type": "Feature", "properties": {"clase": "verde"}, "geometry": {"type": "Polygon", "coordinates": [[[-70.38512, -23.59425], [-70.38501, -23.59252], [-70.38563, -23.59248], [-70.38545, -23.59615], [-70.3853, -23.59624], [-70.38512, -23.59425]]]}}, {"type": "Feature", "properties": {"clase": "verde"}, "geometry": {"type": "Polygon", "coordinates": [[[-70.39284, -23.5884], [-70.39276, -23.58814], [-70.39302, -23.58807], [-70.39311, -23.58833], [-70.39284, -23.5884]]]}}, {"type": "Feature", "properties": {"clase": "verde"}, "geometry": {"type": "Polygon", "coordinates": [[[-70.38295, -23.5977], [-70.38299, -23.59864], [-70.38232, -23.59867], [-70.38227, -23.59773], [-70.38295, -23.5977]]]}}, {"type": "Feature", "properties": {"clase": "verde"}, "geometry": {"type": "Polygon", "coordinates": [[[-70.38888, -23.57904], [-70.38902, -23.57905], [-70.38904, -23.57881], [-70.3889, -23.5788], [-70.38888, -23.57904]]]}}, {"type": "Feature", "properties": {"clase": "verde"}, "geometry": {"type": "Polygon", "coordinates": [[[-70.39324, -23.6014], [-70.39284, -23.60132], [-70.39268, -23.602], [-70.39308, -23.60208], [-70.39324, -23.6014]]]}}, {"type": "Feature", "properties": {"clase": "verde"}, "geometry": {"type": "Polygon", "coordinates": [[[-70.39263, -23.60297], [-70.39278, -23.603], [-70.39284, -23.60273], [-70.39269, -23.60271], [-70.39263, -23.60297]]]}}, {"type": "Feature", "properties": {"clase": "verde"}, "geometry": {"type": "Polygon", "coordinates": [[[-70.39276, -23.60231], [-70.3929, -23.60233], [-70.39284, -23.60257], [-70.3927, -23.60255], [-70.39276, -23.60231]]]}}, {"type": "Feature", "properties": {"clase": "verde"}, "geometry": {"type": "Polygon", "coordinates": [[[-70.39356, -23.58555], [-70.39363, -23.58406], [-70.39345, -23.58404], [-70.39338, -23.58545], [-70.3936, -23.5861], [-70.39356, -23.58555]]]}}, {"type": "Feature", "properties": {"clase": "verde"}, "geometry": {"type": "Polygon", "coordinates": [[[-70.41095, -23.68273], [-70.41128, -23.68255], [-70.41104, -23.68226], [-70.41085, -23.6823], [-70.41061, -23.68212], [-70.41095, -23.68273]]]}}, {"type": "Feature", "properties": {"clase": "verde"}, "geometry": {"type": "Polygon", "coordinates": [[[-70.41019, -23.68014], [-70.40985, -23.67947], [-70.41046, -23.68001], [-70.41019, -23.68014]]]}}, {"type": "Feature", "properties": {"clase": "verde"}, "geometry": {"type": "Polygon", "coordinates": [[[-70.41058, -23.68012], [-70.41028, -23.68023], [-70.41058, -23.68012]]]}}, {"type": "Feature", "properties": {"clase": "verde"}, "geometry": {"type": "Polygon", "coordinates": [[[-70.4087, -23.67989], [-70.40893, -23.67977], [-70.40884, -23.67962], [-70.4086, -23.67967], [-70.4087, -23.67989]]]}}, {"type": "Feature", "properties": {"clase": "verde"}, "geometry": {"type": "Polygon", "coordinates": [[[-70.39864, -23.64629], [-70.3981, -23.64698], [-70.39732, -23.64644], [-70.39796, -23.64578], [-70.39864, -23.64629]]]}}, {"type": "Feature", "properties": {"clase": "verde"}, "geometry": {"type": "Polygon", "coordinates": [[[-70.4009, -23.66489], [-70.40091, -23.6651], [-70.40131, -23.66509], [-70.4013, -23.66487], [-70.4009, -23.66489]]]}}, {"type": "Feature", "properties": {"clase": "verde"}, "geometry": {"type": "Polygon", "coordinates": [[[-70.39823, -23.65161], [-70.39789, -23.65196], [-70.39717, -23.65141], [-70.39753, -23.65105], [-70.39823, -23.65161]]]}}, {"type": "Feature", "properties": {"clase": "verde"}, "geometry": {"type": "Polygon", "coordinates": [[[-70.39683, -23.59238], [-70.39646, -23.59156], [-70.39476, -23.59204], [-70.39075, -23.59173], [-70.39046, -23.59194], [-70.39052, -23.59213], [-70.39075, -23.59217], [-70.39683, -23.59238]]]}}, {"type": "Feature", "properties": {"clase": "verde"}, "geometry": {"type": "Polygon", "coordinates": [[[-70.39022, -23.59204], [-70.39041, -23.59208], [-70.39038, -23.59189], [-70.38985, -23.59195], [-70.39022, -23.59204]]]}}, {"type": "Feature", "properties": {"clase": "verde"}, "geometry": {"type": "Polygon", "coordinates": [[[-70.38981, -23.59215], [-70.38987, -23.59204], [-70.39046, -23.59219], [-70.39001, -23.59223], [-70.38981, -23.59244], [-70.38981, -23.59215]]]}}, {"type": "Feature", "properties": {"clase": "verde"}, "geometry": {"type": "Polygon", "coordinates": [[[-70.40231, -23.64769], [-70.40238, -23.64757], [-70.40259, -23.64808], [-70.40279, -23.65007], [-70.40273, -23.65078], [-70.4026, -23.65115], [-70.4025, -23.65116], [-70.40242, -23.64811], [-70.40231, -23.64769]]]}}, {"type": "Feature", "properties": {"clase": "verde"}, "geometry": {"type": "Polygon", "coordinates": [[[-70.40271, -23.64483], [-70.40257, -23.64485], [-70.40271, -23.64483]]]}}, {"type": "Feature", "properties": {"clase": "verde"}, "geometry": {"type": "Polygon", "coordinates": [[[-70.40257, -23.64477], [-70.40247, -23.64469], [-70.40257, -23.64477]]]}}, {"type": "Feature", "properties": {"clase": "verde"}, "geometry": {"type": "Polygon", "coordinates": [[[-70.40268, -23.64457], [-70.40257, -23.64465], [-70.40268, -23.64473], [-70.40268, -23.64457]]]}}, {"type": "Feature", "properties": {"clase": "verde"}, "geometry": {"type": "Polygon", "coordinates": [[[-70.40289, -23.64463], [-70.40275, -23.64456], [-70.40282, -23.6447], [-70.40289, -23.64463]]]}}, {"type": "Feature", "properties": {"clase": "verde"}, "geometry": {"type": "Polygon", "coordinates": [[[-70.41183, -23.68247], [-70.4117, -23.68251], [-70.41177, -23.68271], [-70.4119, -23.68267], [-70.41183, -23.68247]]]}}, {"type": "Feature", "properties": {"clase": "verde"}, "geometry": {"type": "Polygon", "coordinates": [[[-70.41209, -23.68322], [-70.41197, -23.68326], [-70.41204, -23.68346], [-70.41216, -23.68342], [-70.41209, -23.68322]]]}}, {"type": "Feature", "properties": {"clase": "verde"}, "geometry": {"type": "Polygon", "coordinates": [[[-70.41095, -23.68299], [-70.41085, -23.68302], [-70.41093, -23.68323], [-70.41103, -23.68319], [-70.41095, -23.68299]]]}}, {"type": "Feature", "properties": {"clase": "verde"}, "geometry": {"type": "Polygon", "coordinates": [[[-70.412, -23.68296], [-70.41187, -23.683], [-70.41195, -23.68322], [-70.41208, -23.68318], [-70.412, -23.68296]]]}}, {"type": "Feature", "properties": {"clase": "verde"}, "geometry": {"type": "Polygon", "coordinates": [[[-70.41113, -23.68293], [-70.41103, -23.68297], [-70.41111, -23.68317], [-70.41121, -23.68313], [-70.41113, -23.68293]]]}}, {"type": "Feature", "properties": {"clase": "verde"}, "geometry": {"type": "Polygon", "coordinates": [[[-70.41192, -23.6827], [-70.41178, -23.68274], [-70.41186, -23.68295], [-70.41199, -23.68292], [-70.41192, -23.6827]]]}}, {"type": "Feature", "properties": {"clase": "verde"}, "geometry": {"type": "Polygon", "coordinates": [[[-70.41011, -23.68118], [-70.40989, -23.68097], [-70.41, -23.6809], [-70.4102, -23.68109], [-70.41011, -23.68118]]]}}, {"type": "Feature", "properties": {"clase": "verde"}, "geometry": {"type": "Polygon", "coordinates": [[[-70.40989, -23.68003], [-70.41, -23.68023], [-70.41016, -23.68016], [-70.41008, -23.67998], [-70.40989, -23.68003]]]}}, {"type": "Feature", "properties": {"clase": "verde"}, "geometry": {"type": "Polygon", "coordinates": [[[-70.433, -23.71499], [-70.43266, -23.71429], [-70.43271, -23.71462], [-70.433, -23.71499]]]}}, {"type": "Feature", "properties": {"clase": "verde"}, "geometry": {"type": "Polygon", "coordinates": [[[-70.42907, -23.71197], [-70.42899, -23.71178], [-70.43101, -23.71101], [-70.43107, -23.71127], [-70.42907, -23.71197]]]}}, {"type": "Feature", "properties": {"clase": "verde"}, "geometry": {"type": "Polygon", "coordinates": [[[-70.4064, -23.68732], [-70.40597, -23.68737], [-70.40603, -23.68777], [-70.40646, -23.68772], [-70.4064, -23.68732]]]}}, {"type": "Feature", "properties": {"clase": "verde"}, "geometry": {"type": "Polygon", "coordinates": [[[-70.39585, -23.64955], [-70.39597, -23.64942], [-70.39599, -23.64965], [-70.39585, -23.64955]]]}}, {"type": "Feature", "properties": {"clase": "verde"}, "geometry": {"type": "Polygon", "coordinates": [[[-70.39768, -23.66381], [-70.39794, -23.6638], [-70.39795, -23.66425], [-70.39768, -23.66381]]]}}, {"type": "Feature", "properties": {"clase": "verde"}, "geometry": {"type": "Polygon", "coordinates": [[[-70.39297, -23.64999], [-70.39264, -23.64967], [-70.39296, -23.64933], [-70.39297, -23.64999]]]}}, {"type": "Feature", "properties": {"clase": "verde"}, "geometry": {"type": "Polygon", "coordinates": [[[-70.40006, -23.66774], [-70.40029, -23.66819], [-70.39973, -23.66841], [-70.3995, -23.66798], [-70.40006, -23.66774]]]}}, {"type": "Feature", "properties": {"clase": "verde"}, "geometry": {"type": "Polygon", "coordinates": [[[-70.37557, -23.61501], [-70.37585, -23.61588], [-70.37649, -23.61571], [-70.3762, -23.61484], [-70.37557, -23.61501]]]}}, {"type": "Feature", "properties": {"clase": "verde"}, "geometry": {"type": "Polygon", "coordinates": [[[-70.39691, -23.64289], [-70.39678, -23.64212], [-70.39706, -23.64277], [-70.39691, -23.64289]]]}}, {"type": "Feature", "properties": {"clase": "verde"}, "geometry": {"type": "Polygon", "coordinates": [[[-70.39739, -23.64584], [-70.39732, -23.64592], [-70.3971, -23.64575], [-70.39717, -23.64567], [-70.39739, -23.64584]]]}}, {"type": "Feature", "properties": {"clase": "verde"}, "geometry": {"type": "Polygon", "coordinates": [[[-70.3972, -23.64611], [-70.39692, -23.64592], [-70.39701, -23.64582], [-70.39728, -23.64603], [-70.3972, -23.64611]]]}}, {"type": "Feature", "properties": {"clase": "verde"}, "geometry": {"type": "Polygon", "coordinates": [[[-70.39703, -23.64433], [-70.39694, -23.64435], [-70.39692, -23.64417], [-70.39733, -23.6441], [-70.39762, -23.64419], [-70.39703, -23.64433]]]}}, {"type": "Feature", "properties": {"clase": "verde"}, "geometry": {"type": "Polygon", "coordinates": [[[-70.39188, -23.60182], [-70.39204, -23.60135], [-70.39174, -23.60131], [-70.39165, -23.60178], [-70.39188, -23.60182]]]}}, {"type": "Feature", "properties": {"clase": "verde"}, "geometry": {"type": "Polygon", "coordinates": [[[-70.39212, -23.58326], [-70.39247, -23.58317], [-70.39239, -23.583], [-70.39208, -23.58312], [-70.39212, -23.58326]]]}}, {"type": "Feature", "properties": {"clase": "verde"}, "geometry": {"type": "Polygon", "coordinates": [[[-70.39182, -23.58275], [-70.3913, -23.58241], [-70.39167, -23.58242], [-70.39182, -23.58275]]]}}, {"type": "Feature", "properties": {"clase": "verde"}, "geometry": {"type": "Polygon", "coordinates": [[[-70.39576, -23.59469], [-70.39547, -23.5951], [-70.39545, -23.59461], [-70.39576, -23.59469]]]}}, {"type": "Feature", "properties": {"clase": "verde"}, "geometry": {"type": "Polygon", "coordinates": [[[-70.40041, -23.64602], [-70.40012, -23.64588], [-70.40041, -23.64602]]]}}, {"type": "Feature", "properties": {"clase": "verde"}, "geometry": {"type": "Polygon", "coordinates": [[[-70.39993, -23.64563], [-70.39903, -23.64491], [-70.39993, -23.64563]]]}}, {"type": "Feature", "properties": {"clase": "verde"}, "geometry": {"type": "Polygon", "coordinates": [[[-70.40167, -23.64687], [-70.40234, -23.64748], [-70.40167, -23.64687]]]}}, {"type": "Feature", "properties": {"clase": "verde"}, "geometry": {"type": "Polygon", "coordinates": [[[-70.4005, -23.64592], [-70.40004, -23.64564], [-70.4005, -23.64592]]]}}, {"type": "Feature", "properties": {"clase": "verde"}, "geometry": {"type": "Polygon", "coordinates": [[[-70.40215, -23.64748], [-70.40148, -23.64694], [-70.40215, -23.64748]]]}}, {"type": "Feature", "properties": {"clase": "verde"}, "geometry": {"type": "Polygon", "coordinates": [[[-70.40129, -23.64681], [-70.40094, -23.64646], [-70.40129, -23.64681]]]}}, {"type": "Feature", "properties": {"clase": "verde"}, "geometry": {"type": "Polygon", "coordinates": [[[-70.40106, -23.64637], [-70.40139, -23.64664], [-70.40106, -23.64637]]]}}, {"type": "Feature", "properties": {"clase": "verde"}, "geometry": {"type": "Polygon", "coordinates": [[[-70.40164, -23.64684], [-70.40152, -23.64678], [-70.40164, -23.64684]]]}}, {"type": "Feature", "properties": {"clase": "verde"}, "geometry": {"type": "Polygon", "coordinates": [[[-70.40145, -23.64669], [-70.40138, -23.64665], [-70.40145, -23.64669]]]}}, {"type": "Feature", "properties": {"clase": "verde"}, "geometry": {"type": "Polygon", "coordinates": [[[-70.40455, -23.64569], [-70.4046, -23.64582], [-70.40412, -23.6458], [-70.40436, -23.64534], [-70.40455, -23.64569]]]}}, {"type": "Feature", "properties": {"clase": "verde"}, "geometry": {"type": "Polygon", "coordinates": [[[-70.40215, -23.64452], [-70.40211, -23.64517], [-70.402, -23.64517], [-70.40215, -23.64452]]]}}, {"type": "Feature", "properties": {"clase": "verde"}, "geometry": {"type": "Polygon", "coordinates": [[[-70.40268, -23.64419], [-70.40229, -23.64441], [-70.40267, -23.64418], [-70.40307, -23.64424], [-70.40268, -23.64419]]]}}, {"type": "Feature", "properties": {"clase": "verde"}, "geometry": {"type": "Polygon", "coordinates": [[[-70.402, -23.64487], [-70.40203, -23.64479], [-70.402, -23.64487]]]}}, {"type": "Feature", "properties": {"clase": "verde"}, "geometry": {"type": "Polygon", "coordinates": [[[-70.40322, -23.64679], [-70.40332, -23.64667], [-70.40356, -23.64678], [-70.40364, -23.64781], [-70.40355, -23.64678], [-70.40322, -23.64679]]]}}, {"type": "Feature", "properties": {"clase": "verde"}, "geometry": {"type": "Polygon", "coordinates": [[[-70.40353, -23.67179], [-70.40399, -23.67268], [-70.40465, -23.67239], [-70.40419, -23.6715], [-70.40353, -23.67179]]]}}, {"type": "Feature", "properties": {"clase": "verde"}, "geometry": {"type": "Polygon", "coordinates": [[[-70.40306, -23.67091], [-70.40351, -23.67179], [-70.40414, -23.67152], [-70.40369, -23.67064], [-70.40306, -23.67091]]]}}, {"type": "Feature", "properties": {"clase": "verde"}, "geometry": {"type": "Polygon", "coordinates": [[[-70.40273, -23.65389], [-70.40272, -23.65326], [-70.40281, -23.65322], [-70.40302, -23.65336], [-70.40308, -23.65366], [-70.40292, -23.65387], [-70.40273, -23.65389]]]}}, {"type": "Feature", "properties": {"clase": "verde"}, "geometry": {"type": "Polygon", "coordinates": [[[-70.40156, -23.66564], [-70.40138, -23.66509], [-70.40097, -23.6652], [-70.40115, -23.66575], [-70.40156, -23.66564]]]}}, {"type": "Feature", "properties": {"clase": "verde"}, "geometry": {"type": "Polygon", "coordinates": [[[-70.38905, -23.62512], [-70.38899, -23.62501], [-70.38878, -23.62511], [-70.38884, -23.62522], [-70.38905, -23.62512]]]}}, {"type": "Feature", "properties": {"clase": "verde"}, "geometry": {"type": "Polygon", "coordinates": [[[-70.38938, -23.62496], [-70.38931, -23.62484], [-70.38905, -23.62497], [-70.38912, -23.62508], [-70.38938, -23.62496]]]}}, {"type": "Feature", "properties": {"clase": "verde"}, "geometry": {"type": "Polygon", "coordinates": [[[-70.3793, -23.6316], [-70.37906, -23.63175], [-70.37915, -23.63189], [-70.37941, -23.63173], [-70.3793, -23.6316]]]}}, {"type": "Feature", "properties": {"clase": "verde"}, "geometry": {"type": "Polygon", "coordinates": [[[-70.40613, -23.68635], [-70.40583, -23.68593], [-70.40609, -23.68579], [-70.40613, -23.68635]]]}}, {"type": "Feature", "properties": {"clase": "verde"}, "geometry": {"type": "Polygon", "coordinates": [[[-70.40597, -23.68681], [-70.40582, -23.68659], [-70.40548, -23.68685], [-70.40597, -23.68681]]]}}, {"type": "Feature", "properties": {"clase": "verde"}, "geometry": {"type": "Polygon", "coordinates": [[[-70.40753, -23.69156], [-70.40755, -23.69115], [-70.4079, -23.69132], [-70.40753, -23.69156]]]}}, {"type": "Feature", "properties": {"clase": "verde"}, "geometry": {"type": "Polygon", "coordinates": [[[-70.40624, -23.69091], [-70.40592, -23.69077], [-70.40608, -23.69043], [-70.40637, -23.69057], [-70.40624, -23.69091]]]}}, {"type": "Feature", "properties": {"clase": "verde"}, "geometry": {"type": "Polygon", "coordinates": [[[-70.38005, -23.63175], [-70.37995, -23.63194], [-70.37946, -23.63188], [-70.37977, -23.63149], [-70.38005, -23.63175]]]}}, {"type": "Feature", "properties": {"clase": "verde"}, "geometry": {"type": "Polygon", "coordinates": [[[-70.41188, -23.69316], [-70.41189, -23.69346], [-70.41209, -23.69345], [-70.41207, -23.69315], [-70.41188, -23.69316]]]}}, {"type": "Feature", "properties": {"clase": "verde"}, "geometry": {"type": "Polygon", "coordinates": [[[-70.4091, -23.69257], [-70.40894, -23.69261], [-70.40904, -23.69289], [-70.40921, -23.69285], [-70.4091, -23.69257]]]}}, {"type": "Feature", "properties": {"clase": "verde"}, "geometry": {"type": "Polygon", "coordinates": [[[-70.40991, -23.69302], [-70.40957, -23.69297], [-70.40957, -23.69322], [-70.41002, -23.6932], [-70.41001, -23.69298], [-70.40991, -23.69302]]]}}, {"type": "Feature", "properties": {"clase": "verde"}, "geometry": {"type": "Polygon", "coordinates": [[[-70.40613, -23.69264], [-70.40602, -23.6927], [-70.40616, -23.6929], [-70.40627, -23.69284], [-70.40613, -23.69264]]]}}, {"type": "Feature", "properties": {"clase": "verde"}, "geometry": {"type": "Polygon", "coordinates": [[[-70.40316, -23.69678], [-70.40307, -23.69712], [-70.4022, -23.6969], [-70.40231, -23.69655], [-70.40316, -23.69678]]]}}, {"type": "Feature", "properties": {"clase": "verde"}, "geometry": {"type": "Polygon", "coordinates": [[[-70.40196, -23.69654], [-70.40192, -23.69681], [-70.40155, -23.69677], [-70.40157, -23.6965], [-70.40196, -23.69654]]]}}, {"type": "Feature", "properties": {"clase": "verde"}, "geometry": {"type": "Polygon", "coordinates": [[[-70.40154, -23.6965], [-70.40128, -23.69649], [-70.40125, -23.69677], [-70.40151, -23.69678], [-70.40154, -23.6965]]]}}, {"type": "Feature", "properties": {"clase": "verde"}, "geometry": {"type": "Polygon", "coordinates": [[[-70.4005, -23.6966], [-70.40013, -23.69674], [-70.40026, -23.69703], [-70.40065, -23.69687], [-70.4005, -23.6966]]]}}, {"type": "Feature", "properties": {"clase": "verde"}, "geometry": {"type": "Polygon", "coordinates": [[[-70.42516, -23.70635], [-70.42499, -23.70635], [-70.42499, -23.70668], [-70.42516, -23.70667], [-70.42516, -23.70635]]]}}, {"type": "Feature", "properties": {"clase": "verde"}, "geometry": {"type": "Polygon", "coordinates": [[[-70.42499, -23.70635], [-70.42482, -23.70635], [-70.42481, -23.70667], [-70.42499, -23.70668], [-70.42499, -23.70635]]]}}, {"type": "Feature", "properties": {"clase": "verde"}, "geometry": {"type": "Polygon", "coordinates": [[[-70.42516, -23.70602], [-70.42499, -23.70602], [-70.42499, -23.70633], [-70.42516, -23.70633], [-70.42516, -23.70602]]]}}, {"type": "Feature", "properties": {"clase": "verde"}, "geometry": {"type": "Polygon", "coordinates": [[[-70.42499, -23.70602], [-70.42482, -23.70602], [-70.42482, -23.70633], [-70.42499, -23.70633], [-70.42499, -23.70602]]]}}, {"type": "Feature", "properties": {"clase": "verde"}, "geometry": {"type": "Polygon", "coordinates": [[[-70.42518, -23.70564], [-70.42502, -23.70564], [-70.42503, -23.70595], [-70.42519, -23.70595], [-70.42518, -23.70564]]]}}, {"type": "Feature", "properties": {"clase": "verde"}, "geometry": {"type": "Polygon", "coordinates": [[[-70.42502, -23.70564], [-70.42486, -23.70565], [-70.42487, -23.70596], [-70.42503, -23.70595], [-70.42502, -23.70564]]]}}, {"type": "Feature", "properties": {"clase": "verde"}, "geometry": {"type": "Polygon", "coordinates": [[[-70.42483, -23.70564], [-70.42467, -23.70565], [-70.42468, -23.70597], [-70.42485, -23.70596], [-70.42483, -23.70564]]]}}, {"type": "Feature", "properties": {"clase": "verde"}, "geometry": {"type": "Polygon", "coordinates": [[[-70.42467, -23.70565], [-70.42451, -23.70565], [-70.42453, -23.70597], [-70.42468, -23.70597], [-70.42467, -23.70565]]]}}, {"type": "Feature", "properties": {"clase": "verde"}, "geometry": {"type": "Polygon", "coordinates": [[[-70.42517, -23.70387], [-70.42491, -23.70399], [-70.42538, -23.70462], [-70.42542, -23.7043], [-70.42517, -23.70387]]]}}, {"type": "Feature", "properties": {"clase": "verde"}, "geometry": {"type": "Polygon", "coordinates": [[[-70.42646, -23.70928], [-70.42622, -23.70978], [-70.42556, -23.70951], [-70.4258, -23.70901], [-70.42646, -23.70928]]]}}, {"type": "Feature", "properties": {"clase": "verde"}, "geometry": {"type": "Polygon", "coordinates": [[[-70.41211, -23.69376], [-70.41197, -23.69377], [-70.41195, -23.69347], [-70.41209, -23.69346], [-70.41211, -23.69376]]]}}, {"type": "Feature", "properties": {"clase": "verde"}, "geometry": {"type": "Polygon", "coordinates": [[[-70.40943, -23.68948], [-70.40907, -23.68951], [-70.40912, -23.6897], [-70.40944, -23.68965], [-70.40943, -23.68948]]]}}, {"type": "Feature", "properties": {"clase": "verde"}, "geometry": {"type": "Polygon", "coordinates": [[[-70.4087, -23.68829], [-70.40836, -23.68831], [-70.40838, -23.68857], [-70.40872, -23.68856], [-70.4087, -23.68829]]]}}, {"type": "Feature", "properties": {"clase": "verde"}, "geometry": {"type": "Polygon", "coordinates": [[[-70.40856, -23.69262], [-70.40842, -23.69267], [-70.40872, -23.69384], [-70.40875, -23.69423], [-70.4086, -23.69457], [-70.40871, -23.69461], [-70.4089, -23.69405], [-70.40856, -23.69262]]]}}, {"type": "Feature", "properties": {"clase": "verde"}, "geometry": {"type": "Polygon", "coordinates": [[[-70.40828, -23.6914], [-70.40819, -23.69143], [-70.40848, -23.69244], [-70.40828, -23.6914]]]}}, {"type": "Feature", "properties": {"clase": "verde"}, "geometry": {"type": "Polygon", "coordinates": [[[-70.4078, -23.68912], [-70.40818, -23.69128], [-70.4078, -23.68912]]]}}, {"type": "Feature", "properties": {"clase": "verde"}, "geometry": {"type": "Polygon", "coordinates": [[[-70.40772, -23.68666], [-70.40762, -23.6867], [-70.40763, -23.68759], [-70.40772, -23.68666]]]}}, {"type": "Feature", "properties": {"clase": "verde"}, "geometry": {"type": "Polygon", "coordinates": [[[-70.40639, -23.68738], [-70.40625, -23.6874], [-70.40627, -23.68761], [-70.40642, -23.6876], [-70.40639, -23.68738]]]}}, {"type": "Feature", "properties": {"clase": "verde"}, "geometry": {"type": "Polygon", "coordinates": [[[-70.41261, -23.68789], [-70.41208, -23.68796], [-70.41221, -23.68893], [-70.41274, -23.68888], [-70.41261, -23.68789]]]}}, {"type": "Feature", "properties": {"clase": "verde"}, "geometry": {"type": "Polygon", "coordinates": [[[-70.42021, -23.68844], [-70.42023, -23.68863], [-70.42001, -23.68839], [-70.42021, -23.68844]]]}}, {"type": "Feature", "properties": {"clase": "verde"}, "geometry": {"type": "Polygon", "coordinates": [[[-70.4104, -23.67562], [-70.41023, -23.67567], [-70.41033, -23.67594], [-70.4105, -23.67589], [-70.4104, -23.67562]]]}}, {"type": "Feature", "properties": {"clase": "verde"}, "geometry": {"type": "Polygon", "coordinates": [[[-70.40991, -23.67505], [-70.40973, -23.67502], [-70.40991, -23.67505]]]}}, {"type": "Feature", "properties": {"clase": "verde"}, "geometry": {"type": "Polygon", "coordinates": [[[-70.40739, -23.67614], [-70.40709, -23.67625], [-70.40725, -23.67657], [-70.40754, -23.67665], [-70.40739, -23.67614]]]}}, {"type": "Feature", "properties": {"clase": "verde"}, "geometry": {"type": "Polygon", "coordinates": [[[-70.40581, -23.67576], [-70.40587, -23.67591], [-70.40554, -23.67597], [-70.40515, -23.6759], [-70.40461, -23.67557], [-70.40492, -23.67545], [-70.40502, -23.67572], [-70.40533, -23.67587], [-70.40581, -23.67576]]]}}, {"type": "Feature", "properties": {"clase": "verde"}, "geometry": {"type": "Polygon", "coordinates": [[[-70.41137, -23.67294], [-70.41115, -23.67279], [-70.41107, -23.67289], [-70.41129, -23.67304], [-70.41137, -23.67294]]]}}, {"type": "Feature", "properties": {"clase": "verde"}, "geometry": {"type": "Polygon", "coordinates": [[[-70.41111, -23.67274], [-70.41102, -23.67285], [-70.41077, -23.67267], [-70.41086, -23.67256], [-70.41111, -23.67274]]]}}, {"type": "Feature", "properties": {"clase": "verde"}, "geometry": {"type": "Polygon", "coordinates": [[[-70.41082, -23.67254], [-70.41073, -23.67264], [-70.41051, -23.67249], [-70.4106, -23.67239], [-70.41082, -23.67254]]]}}, {"type": "Feature", "properties": {"clase": "verde"}, "geometry": {"type": "Polygon", "coordinates": [[[-70.4075, -23.66994], [-70.40726, -23.67003], [-70.40739, -23.67039], [-70.40753, -23.67037], [-70.4075, -23.66994]]]}}, {"type": "Feature", "properties": {"clase": "verde"}, "geometry": {"type": "Polygon", "coordinates": [[[-70.40752, -23.67042], [-70.40741, -23.67044], [-70.40756, -23.67062], [-70.40752, -23.67042]]]}}, {"type": "Feature", "properties": {"clase": "verde"}, "geometry": {"type": "Polygon", "coordinates": [[[-70.40795, -23.67019], [-70.40798, -23.67066], [-70.40787, -23.67043], [-70.40795, -23.67019]]]}}, {"type": "Feature", "properties": {"clase": "verde"}, "geometry": {"type": "Polygon", "coordinates": [[[-70.40762, -23.67042], [-70.40759, -23.6706], [-70.40779, -23.67063], [-70.40762, -23.67042]]]}}, {"type": "Feature", "properties": {"clase": "verde"}, "geometry": {"type": "Polygon", "coordinates": [[[-70.40322, -23.66593], [-70.40313, -23.66597], [-70.40323, -23.66617], [-70.40332, -23.66613], [-70.40322, -23.66593]]]}}, {"type": "Feature", "properties": {"clase": "verde"}, "geometry": {"type": "Polygon", "coordinates": [[[-70.40306, -23.666], [-70.40297, -23.66604], [-70.40308, -23.66625], [-70.40317, -23.66621], [-70.40306, -23.666]]]}}, {"type": "Feature", "properties": {"clase": "verde"}, "geometry": {"type": "Polygon", "coordinates": [[[-70.40292, -23.66608], [-70.40283, -23.66611], [-70.40293, -23.66631], [-70.40301, -23.66627], [-70.40292, -23.66608]]]}}, {"type": "Feature", "properties": {"clase": "verde"}, "geometry": {"type": "Polygon", "coordinates": [[[-70.40259, -23.6662], [-70.40249, -23.66624], [-70.40258, -23.66644], [-70.40268, -23.6664], [-70.40259, -23.6662]]]}}, {"type": "Feature", "properties": {"clase": "verde"}, "geometry": {"type": "Polygon", "coordinates": [[[-70.40241, -23.66629], [-70.40231, -23.66633], [-70.4024, -23.66652], [-70.4025, -23.66648], [-70.40241, -23.66629]]]}}, {"type": "Feature", "properties": {"clase": "verde"}, "geometry": {"type": "Polygon", "coordinates": [[[-70.40155, -23.66566], [-70.40162, -23.66587], [-70.40114, -23.666], [-70.40107, -23.66579], [-70.40155, -23.66566]]]}}, {"type": "Feature", "properties": {"clase": "verde"}, "geometry": {"type": "Polygon", "coordinates": [[[-70.39054, -23.66509], [-70.39037, -23.66512], [-70.39041, -23.66538], [-70.39058, -23.66536], [-70.39054, -23.66509]]]}}, {"type": "Feature", "properties": {"clase": "verde"}, "geometry": {"type": "Polygon", "coordinates": [[[-70.39426, -23.66455], [-70.39413, -23.66459], [-70.39422, -23.66482], [-70.39435, -23.66477], [-70.39426, -23.66455]]]}}, {"type": "Feature", "properties": {"clase": "verde"}, "geometry": {"type": "Polygon", "coordinates": [[[-70.39116, -23.66544], [-70.3908, -23.66564], [-70.39067, -23.66483], [-70.39116, -23.66544]]]}}, {"type": "Feature", "properties": {"clase": "verde"}, "geometry": {"type": "Polygon", "coordinates": [[[-70.40015, -23.66829], [-70.4, -23.66836], [-70.40012, -23.66859], [-70.40027, -23.66852], [-70.40015, -23.66829]]]}}, {"type": "Feature", "properties": {"clase": "verde"}, "geometry": {"type": "Polygon", "coordinates": [[[-70.40807, -23.67248], [-70.4079, -23.67267], [-70.40775, -23.67237], [-70.40807, -23.67248]]]}}, {"type": "Feature", "properties": {"clase": "verde"}, "geometry": {"type": "Polygon", "coordinates": [[[-70.42252, -23.70256], [-70.42251, -23.7027], [-70.42216, -23.70267], [-70.42217, -23.70254], [-70.42252, -23.70256]]]}}, {"type": "Feature", "properties": {"clase": "verde"}, "geometry": {"type": "Polygon", "coordinates": [[[-70.4228, -23.70263], [-70.42264, -23.70263], [-70.42262, -23.70293], [-70.42278, -23.70293], [-70.4228, -23.70263]]]}}, {"type": "Feature", "properties": {"clase": "verde"}, "geometry": {"type": "Polygon", "coordinates": [[[-70.40588, -23.69217], [-70.40576, -23.69223], [-70.40611, -23.69248], [-70.40588, -23.69217]]]}}, {"type": "Feature", "properties": {"clase": "verde"}, "geometry": {"type": "Polygon", "coordinates": [[[-70.4065, -23.69262], [-70.40601, -23.69254], [-70.4063, -23.69284], [-70.40651, -23.69276], [-70.4065, -23.69262]]]}}, {"type": "Feature", "properties": {"clase": "verde"}, "geometry": {"type": "Polygon", "coordinates": [[[-70.40867, -23.68416], [-70.40849, -23.68417], [-70.4085, -23.68445], [-70.40868, -23.68444], [-70.40867, -23.68416]]]}}, {"type": "Feature", "properties": {"clase": "verde"}, "geometry": {"type": "Polygon", "coordinates": [[[-70.41241, -23.67431], [-70.4123, -23.67435], [-70.4124, -23.6746], [-70.41251, -23.67457], [-70.41241, -23.67431]]]}}, {"type": "Feature", "properties": {"clase": "verde"}, "geometry": {"type": "Polygon", "coordinates": [[[-70.41224, -23.67437], [-70.41213, -23.67441], [-70.41224, -23.67466], [-70.41235, -23.67462], [-70.41224, -23.67437]]]}}, {"type": "Feature", "properties": {"clase": "verde"}, "geometry": {"type": "Polygon", "coordinates": [[[-70.41209, -23.67443], [-70.41198, -23.67446], [-70.41209, -23.67471], [-70.41219, -23.67468], [-70.41209, -23.67443]]]}}, {"type": "Feature", "properties": {"clase": "verde"}, "geometry": {"type": "Polygon", "coordinates": [[[-70.41262, -23.67421], [-70.41246, -23.67426], [-70.41259, -23.67458], [-70.41275, -23.67452], [-70.41262, -23.67421]]]}}, {"type": "Feature", "properties": {"clase": "verde"}, "geometry": {"type": "Polygon", "coordinates": [[[-70.40364, -23.66357], [-70.40353, -23.66357], [-70.40353, -23.6637], [-70.40364, -23.6637], [-70.40364, -23.66357]]]}}, {"type": "Feature", "properties": {"clase": "verde"}, "geometry": {"type": "Polygon", "coordinates": [[[-70.40245, -23.65149], [-70.40241, -23.65194], [-70.40215, -23.65175], [-70.40245, -23.65149]]]}}, {"type": "Feature", "properties": {"clase": "verde"}, "geometry": {"type": "Polygon", "coordinates": [[[-70.3955, -23.64204], [-70.3955, -23.64221], [-70.3952, -23.64221], [-70.39519, -23.64205], [-70.3955, -23.64204]]]}}, {"type": "Feature", "properties": {"clase": "verde"}, "geometry": {"type": "Polygon", "coordinates": [[[-70.40048, -23.64993], [-70.40038, -23.64985], [-70.40019, -23.65005], [-70.4003, -23.65013], [-70.40048, -23.64993]]]}}, {"type": "Feature", "properties": {"clase": "verde"}, "geometry": {"type": "Polygon", "coordinates": [[[-70.39914, -23.64815], [-70.39908, -23.64822], [-70.39885, -23.64804], [-70.39914, -23.64815]]]}}, {"type": "Feature", "properties": {"clase": "verde"}, "geometry": {"type": "Polygon", "coordinates": [[[-70.40122, -23.64691], [-70.40115, -23.64686], [-70.40112, -23.64698], [-70.40122, -23.64691]]]}}, {"type": "Feature", "properties": {"clase": "verde"}, "geometry": {"type": "Polygon", "coordinates": [[[-70.40311, -23.64433], [-70.40267, -23.64428], [-70.40311, -23.64433]]]}}, {"type": "Feature", "properties": {"clase": "verde"}, "geometry": {"type": "Polygon", "coordinates": [[[-70.40241, -23.64458], [-70.40226, -23.64479], [-70.40241, -23.64458]]]}}, {"type": "Feature", "properties": {"clase": "verde"}, "geometry": {"type": "Polygon", "coordinates": [[[-70.39785, -23.64454], [-70.39772, -23.64468], [-70.39754, -23.64454], [-70.39767, -23.64439], [-70.39785, -23.64454]]]}}, {"type": "Feature", "properties": {"clase": "verde"}, "geometry": {"type": "Polygon", "coordinates": [[[-70.39953, -23.65083], [-70.39947, -23.65091], [-70.39933, -23.65081], [-70.39939, -23.65073], [-70.39953, -23.65083]]]}}, {"type": "Feature", "properties": {"clase": "verde"}, "geometry": {"type": "Polygon", "coordinates": [[[-70.39825, -23.65387], [-70.39818, -23.65395], [-70.39833, -23.65408], [-70.39841, -23.65401], [-70.39825, -23.65387]]]}}, {"type": "Feature", "properties": {"clase": "verde"}, "geometry": {"type": "Polygon", "coordinates": [[[-70.39705, -23.64643], [-70.39689, -23.64659], [-70.39665, -23.64639], [-70.39679, -23.64623], [-70.39705, -23.64643]]]}}, {"type": "Feature", "properties": {"clase": "verde"}, "geometry": {"type": "Polygon", "coordinates": [[[-70.39419, -23.65007], [-70.39401, -23.65026], [-70.3941, -23.65034], [-70.39428, -23.65015], [-70.39419, -23.65007]]]}}, {"type": "Feature", "properties": {"clase": "verde"}, "geometry": {"type": "Polygon", "coordinates": [[[-70.39556, -23.65109], [-70.39539, -23.65117], [-70.39556, -23.65109]]]}}, {"type": "Feature", "properties": {"clase": "verde"}, "geometry": {"type": "Polygon", "coordinates": [[[-70.39543, -23.65124], [-70.39527, -23.6513], [-70.39543, -23.65124]]]}}, {"type": "Feature", "properties": {"clase": "verde"}, "geometry": {"type": "Polygon", "coordinates": [[[-70.39546, -23.65103], [-70.39532, -23.65092], [-70.39511, -23.65115], [-70.39525, -23.65126], [-70.39546, -23.65103]]]}}, {"type": "Feature", "properties": {"clase": "verde"}, "geometry": {"type": "Polygon", "coordinates": [[[-70.40018, -23.65071], [-70.40008, -23.65082], [-70.40026, -23.65096], [-70.40035, -23.65086], [-70.40018, -23.65071]]]}}, {"type": "Feature", "properties": {"clase": "verde"}, "geometry": {"type": "Polygon", "coordinates": [[[-70.39667, -23.65522], [-70.39659, -23.6553], [-70.39673, -23.65543], [-70.39681, -23.65536], [-70.39667, -23.65522]]]}}, {"type": "Feature", "properties": {"clase": "verde"}, "geometry": {"type": "Polygon", "coordinates": [[[-70.39676, -23.65546], [-70.39689, -23.65557], [-70.39697, -23.6555], [-70.39684, -23.65538], [-70.39676, -23.65546]]]}}, {"type": "Feature", "properties": {"clase": "verde"}, "geometry": {"type": "Polygon", "coordinates": [[[-70.39294, -23.65103], [-70.3928, -23.65117], [-70.39299, -23.65143], [-70.39294, -23.65103]]]}}, {"type": "Feature", "properties": {"clase": "verde"}, "geometry": {"type": "Polygon", "coordinates": [[[-70.39743, -23.65805], [-70.39734, -23.65798], [-70.3972, -23.65813], [-70.39729, -23.6582], [-70.39743, -23.65805]]]}}, {"type": "Feature", "properties": {"clase": "verde"}, "geometry": {"type": "Polygon", "coordinates": [[[-70.40323, -23.65985], [-70.40305, -23.65989], [-70.40305, -23.65937], [-70.40323, -23.65985]]]}}, {"type": "Feature", "properties": {"clase": "verde"}, "geometry": {"type": "Polygon", "coordinates": [[[-70.4007, -23.66333], [-70.40057, -23.66333], [-70.40058, -23.66356], [-70.40071, -23.66356], [-70.4007, -23.66333]]]}}, {"type": "Feature", "properties": {"clase": "verde"}, "geometry": {"type": "Polygon", "coordinates": [[[-70.40794, -23.67973], [-70.40795, -23.67962], [-70.40783, -23.67962], [-70.40794, -23.67973]]]}}, {"type": "Feature", "properties": {"clase": "verde"}, "geometry": {"type": "Polygon", "coordinates": [[[-70.40822, -23.67948], [-70.40817, -23.67961], [-70.40829, -23.67957], [-70.40822, -23.67948]]]}}, {"type": "Feature", "properties": {"clase": "verde"}, "geometry": {"type": "Polygon", "coordinates": [[[-70.40861, -23.68083], [-70.4087, -23.68081], [-70.40861, -23.68083]]]}}, {"type": "Feature", "properties": {"clase": "verde"}, "geometry": {"type": "Polygon", "coordinates": [[[-70.40915, -23.6788], [-70.40919, -23.67887], [-70.40893, -23.67896], [-70.40879, -23.67892], [-70.40915, -23.6788]]]}}, {"type": "Feature", "properties": {"clase": "verde"}, "geometry": {"type": "Polygon", "coordinates": [[[-70.40892, -23.6791], [-70.40887, -23.67917], [-70.40892, -23.6791]]]}}, {"type": "Feature", "properties": {"clase": "verde"}, "geometry": {"type": "Polygon", "coordinates": [[[-70.40961, -23.67916], [-70.40949, -23.67925], [-70.40948, -23.67915], [-70.40961, -23.67916]]]}}, {"type": "Feature", "properties": {"clase": "verde"}, "geometry": {"type": "Polygon", "coordinates": [[[-70.40848, -23.67945], [-70.40833, -23.6795], [-70.40847, -23.67958], [-70.40848, -23.67945]]]}}, {"type": "Feature", "properties": {"clase": "verde"}, "geometry": {"type": "Polygon", "coordinates": [[[-70.40843, -23.67937], [-70.4083, -23.67944], [-70.40843, -23.67937]]]}}, {"type": "Feature", "properties": {"clase": "verde"}, "geometry": {"type": "Polygon", "coordinates": [[[-70.40949, -23.67946], [-70.40908, -23.67965], [-70.40949, -23.67946]]]}}, {"type": "Feature", "properties": {"clase": "verde"}, "geometry": {"type": "Polygon", "coordinates": [[[-70.40842, -23.67958], [-70.40833, -23.67954], [-70.40842, -23.67958]]]}}, {"type": "Feature", "properties": {"clase": "verde"}, "geometry": {"type": "Polygon", "coordinates": [[[-70.39393, -23.62851], [-70.39174, -23.62843], [-70.39062, -23.62822], [-70.38961, -23.62824], [-70.39169, -23.62809], [-70.39301, -23.62845], [-70.39393, -23.62851]]]}}, {"type": "Feature", "properties": {"clase": "verde"}, "geometry": {"type": "Polygon", "coordinates": [[[-70.41242, -23.69461], [-70.41245, -23.69495], [-70.41281, -23.69494], [-70.41242, -23.69461]]]}}, {"type": "Feature", "properties": {"clase": "verde"}, "geometry": {"type": "Polygon", "coordinates": [[[-70.40363, -23.67061], [-70.40306, -23.67084], [-70.40264, -23.67], [-70.40321, -23.66976], [-70.40363, -23.67061]]]}}, {"type": "Feature", "properties": {"clase": "verde"}, "geometry": {"type": "Polygon", "coordinates": [[[-70.38993, -23.5924], [-70.39005, -23.59226], [-70.39045, -23.59223], [-70.39043, -23.59242], [-70.38993, -23.5924]]]}}, {"type": "Feature", "properties": {"clase": "verde"}, "geometry": {"type": "Polygon", "coordinates": [[[-70.3899, -23.58955], [-70.38975, -23.59106], [-70.3899, -23.58955]]]}}, {"type": "Feature", "properties": {"clase": "verde"}, "geometry": {"type": "Polygon", "coordinates": [[[-70.38968, -23.5931], [-70.38957, -23.59687], [-70.38968, -23.5931]]]}}, {"type": "Feature", "properties": {"clase": "verde"}, "geometry": {"type": "Polygon", "coordinates": [[[-70.3893, -23.61838], [-70.3897, -23.62023], [-70.3893, -23.61838]]]}}, {"type": "Feature", "properties": {"clase": "verde"}, "geometry": {"type": "Polygon", "coordinates": [[[-70.38827, -23.61383], [-70.38874, -23.60804], [-70.38835, -23.61406], [-70.38827, -23.61383]]]}}, {"type": "Feature", "properties": {"clase": "verde"}, "geometry": {"type": "Polygon", "coordinates": [[[-70.39561, -23.59227], [-70.39534, -23.59224], [-70.39531, -23.5921], [-70.39548, -23.59208], [-70.39561, -23.59227]]]}}, {"type": "Feature", "properties": {"clase": "verde"}, "geometry": {"type": "Polygon", "coordinates": [[[-70.3951, -23.59221], [-70.3947, -23.59223], [-70.39493, -23.59211], [-70.3951, -23.59221]]]}}, {"type": "Feature", "properties": {"clase": "verde"}, "geometry": {"type": "Polygon", "coordinates": [[[-70.38986, -23.59157], [-70.39003, -23.58931], [-70.38982, -23.59162], [-70.39019, -23.59186], [-70.3906, -23.59173], [-70.38992, -23.59167], [-70.38986, -23.59157]]]}}, {"type": "Feature", "properties": {"clase": "verde"}, "geometry": {"type": "Polygon", "coordinates": [[[-70.39524, -23.59307], [-70.39523, -23.59328], [-70.39488, -23.59326], [-70.39489, -23.59306], [-70.39524, -23.59307]]]}}, {"type": "Feature", "properties": {"clase": "verde"}, "geometry": {"type": "Polygon", "coordinates": [[[-70.39045, -23.58483], [-70.39051, -23.58403], [-70.39041, -23.58407], [-70.39036, -23.5858], [-70.39045, -23.58483]]]}}, {"type": "Feature", "properties": {"clase": "verde"}, "geometry": {"type": "Polygon", "coordinates": [[[-70.39245, -23.5763], [-70.3923, -23.57629], [-70.39229, -23.57656], [-70.39244, -23.57657], [-70.39245, -23.5763]]]}}, {"type": "Feature", "properties": {"clase": "verde"}, "geometry": {"type": "Polygon", "coordinates": [[[-70.39093, -23.58197], [-70.39077, -23.58196], [-70.39076, -23.58218], [-70.39091, -23.58219], [-70.39093, -23.58197]]]}}, {"type": "Feature", "properties": {"clase": "verde"}, "geometry": {"type": "Polygon", "coordinates": [[[-70.41357, -23.69388], [-70.4136, -23.69417], [-70.4134, -23.69424], [-70.41324, -23.69415], [-70.41331, -23.69386], [-70.41357, -23.69388]]]}}, {"type": "Feature", "properties": {"clase": "verde"}, "geometry": {"type": "Polygon", "coordinates": [[[-70.37999, -23.62509], [-70.37986, -23.62515], [-70.37998, -23.62536], [-70.38011, -23.6253], [-70.37999, -23.62509]]]}}, {"type": "Feature", "properties": {"clase": "verde"}, "geometry": {"type": "Polygon", "coordinates": [[[-70.37733, -23.62395], [-70.37712, -23.62386], [-70.37705, -23.62398], [-70.37726, -23.62408], [-70.37733, -23.62395]]]}}, {"type": "Feature", "properties": {"clase": "verde"}, "geometry": {"type": "Polygon", "coordinates": [[[-70.38214, -23.58819], [-70.38201, -23.58818], [-70.38199, -23.58839], [-70.38212, -23.5884], [-70.38214, -23.58819]]]}}, {"type": "Feature", "properties": {"clase": "verde"}, "geometry": {"type": "Polygon", "coordinates": [[[-70.37934, -23.59159], [-70.3792, -23.59158], [-70.37917, -23.59181], [-70.37931, -23.59183], [-70.37934, -23.59159]]]}}, {"type": "Feature", "properties": {"clase": "verde"}, "geometry": {"type": "Polygon", "coordinates": [[[-70.3827, -23.58058], [-70.38249, -23.58056], [-70.38246, -23.58085], [-70.38267, -23.58086], [-70.3827, -23.58058]]]}}, {"type": "Feature", "properties": {"clase": "verde"}, "geometry": {"type": "Polygon", "coordinates": [[[-70.3787, -23.61315], [-70.37849, -23.61324], [-70.37854, -23.61335], [-70.37875, -23.61326], [-70.3787, -23.61315]]]}}, {"type": "Feature", "properties": {"clase": "verde"}, "geometry": {"type": "Polygon", "coordinates": [[[-70.38479, -23.64237], [-70.38467, -23.64238], [-70.38471, -23.64264], [-70.38484, -23.64262], [-70.38479, -23.64237]]]}}, {"type": "Feature", "properties": {"clase": "verde"}, "geometry": {"type": "Polygon", "coordinates": [[[-70.41676, -23.69417], [-70.41644, -23.69429], [-70.41637, -23.69412], [-70.41669, -23.69401], [-70.41676, -23.69417]]]}}, {"type": "Feature", "properties": {"clase": "verde"}, "geometry": {"type": "Polygon", "coordinates": [[[-70.41711, -23.69415], [-70.41697, -23.69418], [-70.41701, -23.69439], [-70.41715, -23.69437], [-70.41711, -23.69415]]]}}, {"type": "Feature", "properties": {"clase": "verde"}, "geometry": {"type": "Polygon", "coordinates": [[[-70.41706, -23.69409], [-70.41694, -23.69411], [-70.4169, -23.69393], [-70.41702, -23.69391], [-70.41706, -23.69409]]]}}, {"type": "Feature", "properties": {"clase": "verde"}, "geometry": {"type": "Polygon", "coordinates": [[[-70.43223, -23.71508], [-70.432, -23.71523], [-70.43239, -23.71564], [-70.43223, -23.71508]]]}}, {"type": "Feature", "properties": {"clase": "verde"}, "geometry": {"type": "Polygon", "coordinates": [[[-70.41398, -23.6802], [-70.41379, -23.68024], [-70.41389, -23.68061], [-70.41408, -23.68057], [-70.41398, -23.6802]]]}}, {"type": "Feature", "properties": {"clase": "verde"}, "geometry": {"type": "Polygon", "coordinates": [[[-70.41395, -23.68019], [-70.41379, -23.68022], [-70.4137, -23.6799], [-70.41386, -23.67986], [-70.41395, -23.68019]]]}}, {"type": "Feature", "properties": {"clase": "verde"}, "geometry": {"type": "Polygon", "coordinates": [[[-70.41375, -23.6795], [-70.4136, -23.67954], [-70.41368, -23.67982], [-70.41383, -23.67978], [-70.41375, -23.6795]]]}}, {"type": "Feature", "properties": {"clase": "verde"}, "geometry": {"type": "Polygon", "coordinates": [[[-70.38374, -23.57615], [-70.38371, -23.57645], [-70.38319, -23.5764], [-70.38322, -23.5761], [-70.38374, -23.57615]]]}}, {"type": "Feature", "properties": {"clase": "verde"}, "geometry": {"type": "Polygon", "coordinates": [[[-70.3839, -23.60462], [-70.38377, -23.6046], [-70.38374, -23.60484], [-70.38387, -23.60485], [-70.3839, -23.60462]]]}}, {"type": "Feature", "properties": {"clase": "verde"}, "geometry": {"type": "Polygon", "coordinates": [[[-70.38899, -23.59069], [-70.38871, -23.59068], [-70.38869, -23.59117], [-70.38897, -23.59118], [-70.38899, -23.59069]]]}}, {"type": "Feature", "properties": {"clase": "verde"}, "geometry": {"type": "Polygon", "coordinates": [[[-70.38109, -23.59676], [-70.38093, -23.59677], [-70.38095, -23.59704], [-70.38111, -23.59703], [-70.38109, -23.59676]]]}}, {"type": "Feature", "properties": {"clase": "verde"}, "geometry": {"type": "Polygon", "coordinates": [[[-70.38145, -23.59679], [-70.38133, -23.5968], [-70.38134, -23.59701], [-70.38146, -23.597], [-70.38145, -23.59679]]]}}, {"type": "Feature", "properties": {"clase": "verde"}, "geometry": {"type": "Polygon", "coordinates": [[[-70.38831, -23.6256], [-70.38824, -23.62549], [-70.38803, -23.62561], [-70.3881, -23.62571], [-70.38831, -23.6256]]]}}, {"type": "Feature", "properties": {"clase": "verde"}, "geometry": {"type": "Polygon", "coordinates": [[[-70.37897, -23.62724], [-70.37881, -23.62726], [-70.37886, -23.62753], [-70.37901, -23.62751], [-70.37897, -23.62724]]]}}, {"type": "Feature", "properties": {"clase": "verde"}, "geometry": {"type": "Polygon", "coordinates": [[[-70.37893, -23.62694], [-70.37877, -23.62696], [-70.3788, -23.62722], [-70.37896, -23.6272], [-70.37893, -23.62694]]]}}, {"type": "Feature", "properties": {"clase": "verde"}, "geometry": {"type": "Polygon", "coordinates": [[[-70.37568, -23.62878], [-70.37551, -23.62879], [-70.37553, -23.62902], [-70.3757, -23.62901], [-70.37568, -23.62878]]]}}, {"type": "Feature", "properties": {"clase": "verde"}, "geometry": {"type": "Polygon", "coordinates": [[[-70.38786, -23.63043], [-70.38767, -23.63042], [-70.38766, -23.63068], [-70.38785, -23.63069], [-70.38786, -23.63043]]]}}, {"type": "Feature", "properties": {"clase": "verde"}, "geometry": {"type": "Polygon", "coordinates": [[[-70.39528, -23.64019], [-70.39505, -23.64018], [-70.39505, -23.64031], [-70.39527, -23.64032], [-70.39528, -23.64019]]]}}, {"type": "Feature", "properties": {"clase": "verde"}, "geometry": {"type": "Polygon", "coordinates": [[[-70.40046, -23.65533], [-70.40032, -23.65547], [-70.40056, -23.65566], [-70.40069, -23.65552], [-70.40046, -23.65533]]]}}, {"type": "Feature", "properties": {"clase": "verde"}, "geometry": {"type": "Polygon", "coordinates": [[[-70.38691, -23.65783], [-70.38678, -23.65785], [-70.38683, -23.65808], [-70.38695, -23.65806], [-70.38691, -23.65783]]]}}, {"type": "Feature", "properties": {"clase": "verde"}, "geometry": {"type": "Polygon", "coordinates": [[[-70.39556, -23.66081], [-70.39545, -23.66082], [-70.39547, -23.66103], [-70.39557, -23.66103], [-70.39556, -23.66081]]]}}, {"type": "Feature", "properties": {"clase": "verde"}, "geometry": {"type": "Polygon", "coordinates": [[[-70.39538, -23.66082], [-70.39528, -23.66082], [-70.39529, -23.66103], [-70.3954, -23.66103], [-70.39538, -23.66082]]]}}, {"type": "Feature", "properties": {"clase": "verde"}, "geometry": {"type": "Polygon", "coordinates": [[[-70.39558, -23.6611], [-70.39547, -23.66111], [-70.3955, -23.66138], [-70.3956, -23.66137], [-70.39558, -23.6611]]]}}, {"type": "Feature", "properties": {"clase": "verde"}, "geometry": {"type": "Polygon", "coordinates": [[[-70.39542, -23.66113], [-70.39531, -23.66114], [-70.39533, -23.66138], [-70.39544, -23.66137], [-70.39542, -23.66113]]]}}, {"type": "Feature", "properties": {"clase": "verde"}, "geometry": {"type": "Polygon", "coordinates": [[[-70.40109, -23.66592], [-70.40094, -23.66606], [-70.40109, -23.66592]]]}}, {"type": "Feature", "properties": {"clase": "verde"}, "geometry": {"type": "Polygon", "coordinates": [[[-70.37925, -23.63301], [-70.37919, -23.63312], [-70.37897, -23.633], [-70.37904, -23.6329], [-70.37925, -23.63301]]]}}, {"type": "Feature", "properties": {"clase": "verde"}, "geometry": {"type": "Polygon", "coordinates": [[[-70.37855, -23.6337], [-70.37844, -23.63362], [-70.37825, -23.63382], [-70.37836, -23.6339], [-70.37855, -23.6337]]]}}, {"type": "Feature", "properties": {"clase": "verde"}, "geometry": {"type": "Polygon", "coordinates": [[[-70.37843, -23.63361], [-70.37832, -23.63352], [-70.37813, -23.63372], [-70.37824, -23.63381], [-70.37843, -23.63361]]]}}, {"type": "Feature", "properties": {"clase": "verde"}, "geometry": {"type": "Polygon", "coordinates": [[[-70.3783, -23.63351], [-70.3782, -23.63343], [-70.37802, -23.63364], [-70.37812, -23.63371], [-70.3783, -23.63351]]]}}, {"type": "Feature", "properties": {"clase": "verde"}, "geometry": {"type": "Polygon", "coordinates": [[[-70.37684, -23.63364], [-70.37665, -23.63359], [-70.37684, -23.63364]]]}}, {"type": "Feature", "properties": {"clase": "verde"}, "geometry": {"type": "Polygon", "coordinates": [[[-70.39717, -23.6399], [-70.39715, -23.64005], [-70.39687, -23.64001], [-70.39691, -23.63986], [-70.39717, -23.6399]]]}}, {"type": "Feature", "properties": {"clase": "verde"}, "geometry": {"type": "Polygon", "coordinates": [[[-70.39727, -23.64019], [-70.39714, -23.64021], [-70.39718, -23.64042], [-70.39731, -23.6404], [-70.39727, -23.64019]]]}}, {"type": "Feature", "properties": {"clase": "verde"}, "geometry": {"type": "Polygon", "coordinates": [[[-70.42633, -23.70556], [-70.42628, -23.70571], [-70.42599, -23.70561], [-70.42604, -23.70548], [-70.42633, -23.70556]]]}}, {"type": "Feature", "properties": {"clase": "verde"}, "geometry": {"type": "Polygon", "coordinates": [[[-70.42597, -23.70526], [-70.42581, -23.70525], [-70.42578, -23.70552], [-70.42594, -23.70553], [-70.42597, -23.70526]]]}}, {"type": "Feature", "properties": {"clase": "verde"}, "geometry": {"type": "Polygon", "coordinates": [[[-70.41394, -23.67947], [-70.41378, -23.67951], [-70.41387, -23.67978], [-70.41403, -23.67973], [-70.41394, -23.67947]]]}}, {"type": "Feature", "properties": {"clase": "verde"}, "geometry": {"type": "Polygon", "coordinates": [[[-70.40392, -23.66247], [-70.40384, -23.66233], [-70.40387, -23.66314], [-70.40392, -23.66247]]]}}, {"type": "Feature", "properties": {"clase": "verde"}, "geometry": {"type": "Polygon", "coordinates": [[[-70.40396, -23.66304], [-70.40389, -23.66381], [-70.40396, -23.66304]]]}}, {"type": "Feature", "properties": {"clase": "verde"}, "geometry": {"type": "Polygon", "coordinates": [[[-70.40384, -23.66175], [-70.40393, -23.66236], [-70.40384, -23.66175]]]}}, {"type": "Feature", "properties": {"clase": "verde"}, "geometry": {"type": "Polygon", "coordinates": [[[-70.40388, -23.66131], [-70.40388, -23.66176], [-70.40388, -23.66131]]]}}, {"type": "Feature", "properties": {"clase": "verde"}, "geometry": {"type": "Polygon", "coordinates": [[[-70.40388, -23.66009], [-70.40386, -23.66056], [-70.40372, -23.66005], [-70.40388, -23.66009]]]}}, {"type": "Feature", "properties": {"clase": "verde"}, "geometry": {"type": "Polygon", "coordinates": [[[-70.40285, -23.65594], [-70.40277, -23.65613], [-70.40285, -23.65594]]]}}, {"type": "Feature", "properties": {"clase": "verde"}, "geometry": {"type": "Polygon", "coordinates": [[[-70.39665, -23.6293], [-70.39661, -23.62955], [-70.39693, -23.62969], [-70.39665, -23.6293]]]}}, {"type": "Feature", "properties": {"clase": "verde"}, "geometry": {"type": "Polygon", "coordinates": [[[-70.39677, -23.62892], [-70.39663, -23.62914], [-70.39663, -23.62882], [-70.39677, -23.62892]]]}}, {"type": "Feature", "properties": {"clase": "verde"}, "geometry": {"type": "Polygon", "coordinates": [[[-70.39679, -23.62846], [-70.39666, -23.62826], [-70.39665, -23.62857], [-70.39679, -23.62846]]]}}, {"type": "Feature", "properties": {"clase": "verde"}, "geometry": {"type": "Polygon", "coordinates": [[[-70.39694, -23.62768], [-70.39671, -23.62783], [-70.39671, -23.62809], [-70.39694, -23.62768]]]}}, {"type": "Feature", "properties": {"clase": "verde"}, "geometry": {"type": "Polygon", "coordinates": [[[-70.39695, -23.62669], [-70.39693, -23.62751], [-70.39681, -23.62751], [-70.39671, -23.62738], [-70.39673, -23.62689], [-70.39686, -23.62673], [-70.39679, -23.62644], [-70.39695, -23.62669]]]}}, {"type": "Feature", "properties": {"clase": "verde"}, "geometry": {"type": "Polygon", "coordinates": [[[-70.39582, -23.62322], [-70.39577, -23.62311], [-70.39521, -23.62313], [-70.39566, -23.62415], [-70.39589, -23.62379], [-70.39582, -23.62322]]]}}, {"type": "Feature", "properties": {"clase": "verde"}, "geometry": {"type": "Polygon", "coordinates": [[[-70.39497, -23.62269], [-70.39488, -23.62264], [-70.39477, -23.62285], [-70.39526, -23.6236], [-70.39526, -23.6233], [-70.39513, -23.62324], [-70.39518, -23.62305], [-70.39497, -23.62269]]]}}, {"type": "Feature", "properties": {"clase": "verde"}, "geometry": {"type": "Polygon", "coordinates": [[[-70.3948, -23.62244], [-70.39469, -23.62269], [-70.39456, -23.62248], [-70.3948, -23.62244]]]}}, {"type": "Feature", "properties": {"clase": "verde"}, "geometry": {"type": "Polygon", "coordinates": [[[-70.38691, -23.6088], [-70.38657, -23.60877], [-70.38649, -23.60935], [-70.38685, -23.60939], [-70.38691, -23.6088]]]}}, {"type": "Feature", "properties": {"clase": "verde"}, "geometry": {"type": "Polygon", "coordinates": [[[-70.38653, -23.60949], [-70.38637, -23.60947], [-70.38632, -23.60978], [-70.38648, -23.6098], [-70.38653, -23.60949]]]}}, {"type": "Feature", "properties": {"clase": "verde"}, "geometry": {"type": "Polygon", "coordinates": [[[-70.38634, -23.60947], [-70.38614, -23.60945], [-70.38609, -23.60976], [-70.38629, -23.60979], [-70.38634, -23.60947]]]}}, {"type": "Feature", "properties": {"clase": "verde"}, "geometry": {"type": "Polygon", "coordinates": [[[-70.38678, -23.60953], [-70.38659, -23.60951], [-70.38655, -23.60978], [-70.38673, -23.6098], [-70.38678, -23.60953]]]}}, {"type": "Feature", "properties": {"clase": "verde"}, "geometry": {"type": "Polygon", "coordinates": [[[-70.38783, -23.60893], [-70.38765, -23.60923], [-70.38728, -23.60926], [-70.3875, -23.60937], [-70.38783, -23.60933], [-70.38783, -23.60893]]]}}, {"type": "Feature", "properties": {"clase": "verde"}, "geometry": {"type": "Polygon", "coordinates": [[[-70.41186, -23.68306], [-70.41203, -23.68347], [-70.41186, -23.68306]]]}}, {"type": "Feature", "properties": {"clase": "verde"}, "geometry": {"type": "Polygon", "coordinates": [[[-70.41143, -23.68119], [-70.41153, -23.68194], [-70.41169, -23.68196], [-70.41143, -23.68119]]]}}, {"type": "Feature", "properties": {"clase": "verde"}, "geometry": {"type": "Polygon", "coordinates": [[[-70.41055, -23.68075], [-70.41051, -23.68083], [-70.41045, -23.68073], [-70.41055, -23.68075]]]}}, {"type": "Feature", "properties": {"clase": "verde"}, "geometry": {"type": "Polygon", "coordinates": [[[-70.41048, -23.68052], [-70.41045, -23.68072], [-70.41038, -23.68055], [-70.41048, -23.68052]]]}}, {"type": "Feature", "properties": {"clase": "verde"}, "geometry": {"type": "Polygon", "coordinates": [[[-70.41105, -23.68365], [-70.41089, -23.68393], [-70.41111, -23.68384], [-70.41105, -23.68365]]]}}, {"type": "Feature", "properties": {"clase": "verde"}, "geometry": {"type": "Polygon", "coordinates": [[[-70.41123, -23.68342], [-70.41109, -23.68347], [-70.4113, -23.68358], [-70.41123, -23.68342]]]}}, {"type": "Feature", "properties": {"clase": "verde"}, "geometry": {"type": "Polygon", "coordinates": [[[-70.41152, -23.68362], [-70.41138, -23.68367], [-70.41148, -23.68393], [-70.41157, -23.6839], [-70.41152, -23.68362]]]}}, {"type": "Feature", "properties": {"clase": "verde"}, "geometry": {"type": "Polygon", "coordinates": [[[-70.41134, -23.68369], [-70.41127, -23.68381], [-70.41134, -23.68369]]]}}, {"type": "Feature", "properties": {"clase": "verde"}, "geometry": {"type": "Polygon", "coordinates": [[[-70.41143, -23.68392], [-70.41132, -23.68395], [-70.41137, -23.68404], [-70.41147, -23.68402], [-70.41143, -23.68392]]]}}, {"type": "Feature", "properties": {"clase": "verde"}, "geometry": {"type": "Polygon", "coordinates": [[[-70.41152, -23.68419], [-70.41144, -23.68427], [-70.41152, -23.68419]]]}}, {"type": "Feature", "properties": {"clase": "verde"}, "geometry": {"type": "Polygon", "coordinates": [[[-70.41125, -23.68417], [-70.41125, -23.68431], [-70.41125, -23.68417]]]}}, {"type": "Feature", "properties": {"clase": "verde"}, "geometry": {"type": "Polygon", "coordinates": [[[-70.4113, -23.684], [-70.41124, -23.68408], [-70.4113, -23.684]]]}}, {"type": "Feature", "properties": {"clase": "verde"}, "geometry": {"type": "Polygon", "coordinates": [[[-70.41148, -23.68405], [-70.4115, -23.68414], [-70.41138, -23.68408], [-70.41148, -23.68405]]]}}, {"type": "Feature", "properties": {"clase": "verde"}, "geometry": {"type": "Polygon", "coordinates": [[[-70.41134, -23.68321], [-70.4112, -23.68339], [-70.41138, -23.68333], [-70.41134, -23.68321]]]}}, {"type": "Feature", "properties": {"clase": "verde"}, "geometry": {"type": "Polygon", "coordinates": [[[-70.4108, -23.68285], [-70.41072, -23.68291], [-70.41065, -23.68279], [-70.4108, -23.68285]]]}}, {"type": "Feature", "properties": {"clase": "verde"}, "geometry": {"type": "Polygon", "coordinates": [[[-70.41096, -23.68143], [-70.41089, -23.68158], [-70.41096, -23.68143]]]}}, {"type": "Feature", "properties": {"clase": "verde"}, "geometry": {"type": "Polygon", "coordinates": [[[-70.40992, -23.67899], [-70.40959, -23.67875], [-70.40992, -23.67899]]]}}, {"type": "Feature", "properties": {"clase": "verde"}, "geometry": {"type": "Polygon", "coordinates": [[[-70.40993, -23.67901], [-70.40996, -23.67912], [-70.40993, -23.67901]]]}}, {"type": "Feature", "properties": {"clase": "verde"}, "geometry": {"type": "Polygon", "coordinates": [[[-70.41036, -23.68076], [-70.41016, -23.68085], [-70.41024, -23.68099], [-70.41038, -23.68094], [-70.41036, -23.68076]]]}}, {"type": "Feature", "properties": {"clase": "verde"}, "geometry": {"type": "Polygon", "coordinates": [[[-70.41127, -23.681], [-70.41121, -23.68109], [-70.41133, -23.68116], [-70.41127, -23.681]]]}}, {"type": "Feature", "properties": {"clase": "verde"}, "geometry": {"type": "Polygon", "coordinates": [[[-70.41106, -23.68202], [-70.41092, -23.68204], [-70.41102, -23.68218], [-70.41106, -23.68202]]]}}, {"type": "Feature", "properties": {"clase": "verde"}, "geometry": {"type": "Polygon", "coordinates": [[[-70.41109, -23.68186], [-70.41109, -23.68194], [-70.41109, -23.68186]]]}}, {"type": "Feature", "properties": {"clase": "verde"}, "geometry": {"type": "Polygon", "coordinates": [[[-70.41108, -23.68195], [-70.41112, -23.68206], [-70.41108, -23.68195]]]}}, {"type": "Feature", "properties": {"clase": "verde"}, "geometry": {"type": "Polygon", "coordinates": [[[-70.42324, -23.69882], [-70.42307, -23.69886], [-70.42316, -23.69915], [-70.42333, -23.6991], [-70.42324, -23.69882]]]}}, {"type": "Feature", "properties": {"clase": "verde"}, "geometry": {"type": "Polygon", "coordinates": [[[-70.42341, -23.69877], [-70.42326, -23.69881], [-70.42336, -23.69909], [-70.42351, -23.69905], [-70.42341, -23.69877]]]}}, {"type": "Feature", "properties": {"clase": "verde"}, "geometry": {"type": "Polygon", "coordinates": [[[-70.42195, -23.69425], [-70.42174, -23.6943], [-70.42185, -23.69468], [-70.42206, -23.69463], [-70.42195, -23.69425]]]}}, {"type": "Feature", "properties": {"clase": "verde"}, "geometry": {"type": "Polygon", "coordinates": [[[-70.42249, -23.70374], [-70.42231, -23.70373], [-70.42229, -23.70413], [-70.42247, -23.70414], [-70.42249, -23.70374]]]}}, {"type": "Feature", "properties": {"clase": "verde"}, "geometry": {"type": "Polygon", "coordinates": [[[-70.42208, -23.70164], [-70.42154, -23.70162], [-70.4215, -23.7024], [-70.42156, -23.70229], [-70.42205, -23.70232], [-70.42208, -23.70164]]]}}, {"type": "Feature", "properties": {"clase": "verde"}, "geometry": {"type": "Polygon", "coordinates": [[[-70.41888, -23.70754], [-70.41873, -23.70774], [-70.41801, -23.70723], [-70.41869, -23.70728], [-70.41888, -23.70754]]]}}, {"type": "Feature", "properties": {"clase": "verde"}, "geometry": {"type": "Polygon", "coordinates": [[[-70.41819, -23.70684], [-70.418, -23.70711], [-70.41831, -23.70713], [-70.41819, -23.70684]]]}}, {"type": "Feature", "properties": {"clase": "verde"}, "geometry": {"type": "Polygon", "coordinates": [[[-70.43006, -23.71196], [-70.43023, -23.71248], [-70.43033, -23.71248], [-70.43006, -23.71196]]]}}, {"type": "Feature", "properties": {"clase": "verde"}, "geometry": {"type": "Polygon", "coordinates": [[[-70.42922, -23.71343], [-70.42891, -23.71355], [-70.42943, -23.71363], [-70.42922, -23.71343]]]}}, {"type": "Feature", "properties": {"clase": "verde"}, "geometry": {"type": "Polygon", "coordinates": [[[-70.41076, -23.69631], [-70.41063, -23.69632], [-70.41064, -23.69657], [-70.41078, -23.69656], [-70.41076, -23.69631]]]}}, {"type": "Feature", "properties": {"clase": "verde"}, "geometry": {"type": "Polygon", "coordinates": [[[-70.41167, -23.69733], [-70.41121, -23.69737], [-70.41151, -23.6975], [-70.41167, -23.69733]]]}}, {"type": "Feature", "properties": {"clase": "verde"}, "geometry": {"type": "Polygon", "coordinates": [[[-70.41165, -23.6975], [-70.41138, -23.69757], [-70.4116, -23.69776], [-70.41165, -23.6975]]]}}, {"type": "Feature", "properties": {"clase": "verde"}, "geometry": {"type": "Polygon", "coordinates": [[[-70.41204, -23.69856], [-70.41189, -23.69852], [-70.41175, -23.69814], [-70.41204, -23.69856]]]}}, {"type": "Feature", "properties": {"clase": "verde"}, "geometry": {"type": "Polygon", "coordinates": [[[-70.41025, -23.68563], [-70.41022, -23.68597], [-70.41025, -23.68563]]]}}, {"type": "Feature", "properties": {"clase": "verde"}, "geometry": {"type": "Polygon", "coordinates": [[[-70.41, -23.68565], [-70.41009, -23.6859], [-70.41018, -23.68576], [-70.41, -23.68565]]]}}, {"type": "Feature", "properties": {"clase": "verde"}, "geometry": {"type": "Polygon", "coordinates": [[[-70.39184, -23.6039], [-70.39169, -23.6039], [-70.3917, -23.60414], [-70.39184, -23.60414], [-70.39184, -23.6039]]]}}, {"type": "Feature", "properties": {"clase": "verde"}, "geometry": {"type": "Polygon", "coordinates": [[[-70.39504, -23.64299], [-70.39486, -23.64299], [-70.39487, -23.64327], [-70.39505, -23.64326], [-70.39504, -23.64299]]]}}, {"type": "Feature", "properties": {"clase": "verde"}, "geometry": {"type": "Polygon", "coordinates": [[[-70.39501, -23.64338], [-70.39487, -23.64332], [-70.39475, -23.64359], [-70.39489, -23.64365], [-70.39501, -23.64338]]]}}, {"type": "Feature", "properties": {"clase": "verde"}, "geometry": {"type": "Polygon", "coordinates": [[[-70.3814, -23.63668], [-70.38118, -23.63673], [-70.38126, -23.63705], [-70.38149, -23.637], [-70.3814, -23.63668]]]}}, {"type": "Feature", "properties": {"clase": "verde"}, "geometry": {"type": "Polygon", "coordinates": [[[-70.39635, -23.66733], [-70.39604, -23.66746], [-70.39611, -23.6676], [-70.39642, -23.66746], [-70.39635, -23.66733]]]}}, {"type": "Feature", "properties": {"clase": "verde"}, "geometry": {"type": "Polygon", "coordinates": [[[-70.40886, -23.69499], [-70.40911, -23.69534], [-70.40855, -23.69537], [-70.40886, -23.69499]]]}}, {"type": "Feature", "properties": {"clase": "verde"}, "geometry": {"type": "Polygon", "coordinates": [[[-70.41225, -23.6945], [-70.41192, -23.69452], [-70.41191, -23.69428], [-70.41225, -23.6945]]]}}, {"type": "Feature", "properties": {"clase": "verde"}, "geometry": {"type": "Polygon", "coordinates": [[[-70.40523, -23.68613], [-70.40538, -23.68637], [-70.40523, -23.68645], [-70.40523, -23.68613]]]}}, {"type": "Feature", "properties": {"clase": "verde"}, "geometry": {"type": "Polygon", "coordinates": [[[-70.37724, -23.60922], [-70.37691, -23.60933], [-70.37706, -23.60948], [-70.37724, -23.60922]]]}}, {"type": "Feature", "properties": {"clase": "verde"}, "geometry": {"type": "Polygon", "coordinates": [[[-70.37757, -23.60867], [-70.37744, -23.60868], [-70.37747, -23.6089], [-70.3776, -23.60889], [-70.37757, -23.60867]]]}}, {"type": "Feature", "properties": {"clase": "verde"}, "geometry": {"type": "Polygon", "coordinates": [[[-70.37217, -23.60316], [-70.37202, -23.60321], [-70.37214, -23.60351], [-70.37229, -23.60347], [-70.37217, -23.60316]]]}}, {"type": "Feature", "properties": {"clase": "verde"}, "geometry": {"type": "Polygon", "coordinates": [[[-70.37368, -23.59894], [-70.37353, -23.59894], [-70.37354, -23.59918], [-70.37369, -23.59917], [-70.37368, -23.59894]]]}}, {"type": "Feature", "properties": {"clase": "agua"}, "geometry": {"type": "Polygon", "coordinates": [[[-70.36972, -23.59463], [-70.36987, -23.59463], [-70.36988, -23.59478], [-70.36972, -23.59479], [-70.36972, -23.59463]]]}}, {"type": "Feature", "properties": {"clase": "agua"}, "geometry": {"type": "Polygon", "coordinates": [[[-70.3701, -23.59522], [-70.37001, -23.595], [-70.36978, -23.5951], [-70.3699, -23.5953], [-70.3701, -23.59522]]]}}, {"type": "Feature", "properties": {"clase": "agua"}, "geometry": {"type": "Polygon", "coordinates": [[[-70.37033, -23.59511], [-70.37025, -23.59499], [-70.37012, -23.59508], [-70.37019, -23.59518], [-70.37033, -23.59511]]]}}, {"type": "Feature", "properties": {"clase": "verde"}, "geometry": {"type": "Polygon", "coordinates": [[[-70.37665, -23.59106], [-70.37608, -23.59123], [-70.37638, -23.5921], [-70.37696, -23.59194], [-70.37665, -23.59106]]]}}, {"type": "Feature", "properties": {"clase": "verde"}, "geometry": {"type": "Polygon", "coordinates": [[[-70.37644, -23.58843], [-70.37627, -23.58843], [-70.37627, -23.58873], [-70.37644, -23.58874], [-70.37644, -23.58843]]]}}, {"type": "Feature", "properties": {"clase": "verde"}, "geometry": {"type": "Polygon", "coordinates": [[[-70.37523, -23.58793], [-70.37504, -23.58792], [-70.37513, -23.58847], [-70.37524, -23.58847], [-70.37523, -23.58793]]]}}, {"type": "Feature", "properties": {"clase": "verde"}, "geometry": {"type": "Polygon", "coordinates": [[[-70.37523, -23.58853], [-70.37512, -23.58853], [-70.37521, -23.58906], [-70.37523, -23.58853]]]}}, {"type": "Feature", "properties": {"clase": "verde"}, "geometry": {"type": "Polygon", "coordinates": [[[-70.37388, -23.58671], [-70.37354, -23.58676], [-70.37365, -23.58731], [-70.37398, -23.58725], [-70.37388, -23.58671]]]}}, {"type": "Feature", "properties": {"clase": "verde"}, "geometry": {"type": "Polygon", "coordinates": [[[-70.37327, -23.58556], [-70.37289, -23.58562], [-70.373, -23.58621], [-70.37338, -23.58614], [-70.37327, -23.58556]]]}}, {"type": "Feature", "properties": {"clase": "verde"}, "geometry": {"type": "Polygon", "coordinates": [[[-70.37382, -23.58636], [-70.37274, -23.58617], [-70.37267, -23.58595], [-70.37295, -23.58523], [-70.37293, -23.5845], [-70.37359, -23.58375], [-70.3735, -23.58419], [-70.37375, -23.58525], [-70.37367, -23.58528], [-70.37382, -23.58636]]]}}, {"type": "Feature", "properties": {"clase": "verde"}, "geometry": {"type": "Polygon", "coordinates": [[[-70.37799, -23.58077], [-70.37757, -23.58074], [-70.37753, -23.58127], [-70.37794, -23.5813], [-70.37799, -23.58077]]]}}, {"type": "Feature", "properties": {"clase": "verde"}, "geometry": {"type": "Polygon", "coordinates": [[[-70.41519, -23.68621], [-70.4151, -23.68629], [-70.41528, -23.68649], [-70.41538, -23.68641], [-70.41519, -23.68621]]]}}, {"type": "Feature", "properties": {"clase": "verde"}, "geometry": {"type": "Polygon", "coordinates": [[[-70.43172, -23.71602], [-70.43134, -23.71632], [-70.43178, -23.71619], [-70.43172, -23.71602]]]}}, {"type": "Feature", "properties": {"clase": "verde"}, "geometry": {"type": "Polygon", "coordinates": [[[-70.4113, -23.67467], [-70.41112, -23.67461], [-70.41117, -23.67491], [-70.41132, -23.67487], [-70.4113, -23.67467]]]}}, {"type": "Feature", "properties": {"clase": "verde"}, "geometry": {"type": "Polygon", "coordinates": [[[-70.38486, -23.61269], [-70.38456, -23.61312], [-70.38485, -23.61313], [-70.38486, -23.61269]]]}}, {"type": "Feature", "properties": {"clase": "verde"}, "geometry": {"type": "Polygon", "coordinates": [[[-70.38218, -23.61243], [-70.3821, -23.61255], [-70.38235, -23.61269], [-70.38243, -23.61256], [-70.38218, -23.61243]]]}}, {"type": "Feature", "properties": {"clase": "verde"}, "geometry": {"type": "Polygon", "coordinates": [[[-70.3832, -23.61233], [-70.38307, -23.61226], [-70.38292, -23.61248], [-70.38305, -23.61255], [-70.3832, -23.61233]]]}}, {"type": "Feature", "properties": {"clase": "verde"}, "geometry": {"type": "Polygon", "coordinates": [[[-70.38393, -23.60826], [-70.38373, -23.60824], [-70.38372, -23.60836], [-70.38392, -23.60837], [-70.38393, -23.60826]]]}}, {"type": "Feature", "properties": {"clase": "verde"}, "geometry": {"type": "Polygon", "coordinates": [[[-70.38479, -23.59989], [-70.38449, -23.5999], [-70.3845, -23.60005], [-70.3848, -23.60004], [-70.38479, -23.59989]]]}}, {"type": "Feature", "properties": {"clase": "verde"}, "geometry": {"type": "Polygon", "coordinates": [[[-70.38368, -23.59157], [-70.38345, -23.59159], [-70.38346, -23.59169], [-70.38369, -23.59167], [-70.38368, -23.59157]]]}}, {"type": "Feature", "properties": {"clase": "verde"}, "geometry": {"type": "Polygon", "coordinates": [[[-70.38346, -23.58747], [-70.38332, -23.58749], [-70.38336, -23.58772], [-70.3835, -23.58769], [-70.38346, -23.58747]]]}}, {"type": "Feature", "properties": {"clase": "verde"}, "geometry": {"type": "Polygon", "coordinates": [[[-70.38358, -23.58607], [-70.38343, -23.58609], [-70.38348, -23.58631], [-70.38363, -23.58629], [-70.38358, -23.58607]]]}}, {"type": "Feature", "properties": {"clase": "verde"}, "geometry": {"type": "Polygon", "coordinates": [[[-70.38203, -23.58529], [-70.38178, -23.58528], [-70.38178, -23.58542], [-70.38203, -23.58543], [-70.38203, -23.58529]]]}}, {"type": "Feature", "properties": {"clase": "verde"}, "geometry": {"type": "Polygon", "coordinates": [[[-70.38226, -23.5829], [-70.3821, -23.58289], [-70.38207, -23.58318], [-70.38224, -23.58319], [-70.38226, -23.5829]]]}}, {"type": "Feature", "properties": {"clase": "verde"}, "geometry": {"type": "Polygon", "coordinates": [[[-70.39016, -23.65562], [-70.39004, -23.6557], [-70.39018, -23.65588], [-70.3903, -23.6558], [-70.39016, -23.65562]]]}}, {"type": "Feature", "properties": {"clase": "verde"}, "geometry": {"type": "Polygon", "coordinates": [[[-70.38821, -23.64842], [-70.38816, -23.64858], [-70.38821, -23.64842]]]}}, {"type": "Feature", "properties": {"clase": "verde"}, "geometry": {"type": "Polygon", "coordinates": [[[-70.38959, -23.6432], [-70.38934, -23.64319], [-70.38933, -23.64361], [-70.38959, -23.64361], [-70.38959, -23.6432]]]}}, {"type": "Feature", "properties": {"clase": "verde"}, "geometry": {"type": "Polygon", "coordinates": [[[-70.38835, -23.59133], [-70.38818, -23.59133], [-70.38818, -23.59161], [-70.38835, -23.59161], [-70.38835, -23.59133]]]}}, {"type": "Feature", "properties": {"clase": "verde"}, "geometry": {"type": "Polygon", "coordinates": [[[-70.38815, -23.59133], [-70.38797, -23.59133], [-70.38796, -23.59161], [-70.38814, -23.59161], [-70.38815, -23.59133]]]}}, {"type": "Feature", "properties": {"clase": "verde"}, "geometry": {"type": "Polygon", "coordinates": [[[-70.38596, -23.58755], [-70.38582, -23.58761], [-70.38594, -23.58784], [-70.38608, -23.58778], [-70.38596, -23.58755]]]}}, {"type": "Feature", "properties": {"clase": "verde"}, "geometry": {"type": "Polygon", "coordinates": [[[-70.38521, -23.58797], [-70.38506, -23.58803], [-70.38518, -23.58828], [-70.38534, -23.58822], [-70.38521, -23.58797]]]}}, {"type": "Feature", "properties": {"clase": "verde"}, "geometry": {"type": "Polygon", "coordinates": [[[-70.38532, -23.58216], [-70.38518, -23.58214], [-70.3849, -23.58539], [-70.38499, -23.5857], [-70.38532, -23.58216]]]}}, {"type": "Feature", "properties": {"clase": "verde"}, "geometry": {"type": "Polygon", "coordinates": [[[-70.42214, -23.70316], [-70.42196, -23.70317], [-70.42198, -23.70349], [-70.42216, -23.70349], [-70.42214, -23.70316]]]}}, {"type": "Feature", "properties": {"clase": "verde"}, "geometry": {"type": "Polygon", "coordinates": [[[-70.42211, -23.70284], [-70.42197, -23.70284], [-70.42196, -23.70317], [-70.42214, -23.70316], [-70.42211, -23.70284]]]}}, {"type": "Feature", "properties": {"clase": "verde"}, "geometry": {"type": "Polygon", "coordinates": [[[-70.38221, -23.61872], [-70.3821, -23.61877], [-70.38222, -23.61897], [-70.38233, -23.61891], [-70.38221, -23.61872]]]}}, {"type": "Feature", "properties": {"clase": "verde"}, "geometry": {"type": "Polygon", "coordinates": [[[-70.38183, -23.6189], [-70.38205, -23.61925], [-70.38232, -23.61906], [-70.38204, -23.61878], [-70.38183, -23.6189]]]}}, {"type": "Feature", "properties": {"clase": "verde"}, "geometry": {"type": "Polygon", "coordinates": [[[-70.38484, -23.62299], [-70.38472, -23.62305], [-70.38483, -23.62323], [-70.38495, -23.62317], [-70.38484, -23.62299]]]}}, {"type": "Feature", "properties": {"clase": "verde"}, "geometry": {"type": "Polygon", "coordinates": [[[-70.38774, -23.62757], [-70.38755, -23.62758], [-70.38756, -23.62788], [-70.38776, -23.62788], [-70.38774, -23.62757]]]}}, {"type": "Feature", "properties": {"clase": "verde"}, "geometry": {"type": "Polygon", "coordinates": [[[-70.38767, -23.63373], [-70.38766, -23.63386], [-70.38738, -23.63384], [-70.38739, -23.63371], [-70.38767, -23.63373]]]}}, {"type": "Feature", "properties": {"clase": "verde"}, "geometry": {"type": "Polygon", "coordinates": [[[-70.42144, -23.69934], [-70.4212, -23.69932], [-70.42144, -23.69934]]]}}, {"type": "Feature", "properties": {"clase": "verde"}, "geometry": {"type": "Polygon", "coordinates": [[[-70.3872, -23.64219], [-70.38703, -23.64224], [-70.38711, -23.64249], [-70.38728, -23.64245], [-70.3872, -23.64219]]]}}, {"type": "Feature", "properties": {"clase": "verde"}, "geometry": {"type": "Polygon", "coordinates": [[[-70.38898, -23.58859], [-70.3888, -23.58858], [-70.38878, -23.58883], [-70.38896, -23.58885], [-70.38898, -23.58859]]]}}, {"type": "Feature", "properties": {"clase": "verde"}, "geometry": {"type": "Polygon", "coordinates": [[[-70.38917, -23.58861], [-70.38899, -23.58859], [-70.38897, -23.58885], [-70.38914, -23.58886], [-70.38917, -23.58861]]]}}, {"type": "Feature", "properties": {"clase": "verde"}, "geometry": {"type": "Polygon", "coordinates": [[[-70.38896, -23.58885], [-70.38877, -23.58884], [-70.38876, -23.58908], [-70.38894, -23.58909], [-70.38896, -23.58885]]]}}, {"type": "Feature", "properties": {"clase": "verde"}, "geometry": {"type": "Polygon", "coordinates": [[[-70.39474, -23.63185], [-70.3945, -23.63184], [-70.39449, -23.63197], [-70.39473, -23.63198], [-70.39474, -23.63185]]]}}, {"type": "Feature", "properties": {"clase": "verde"}, "geometry": {"type": "Polygon", "coordinates": [[[-70.3938, -23.63842], [-70.39369, -23.63842], [-70.39369, -23.63861], [-70.3938, -23.63861], [-70.3938, -23.63842]]]}}, {"type": "Feature", "properties": {"clase": "verde"}, "geometry": {"type": "Polygon", "coordinates": [[[-70.38287, -23.64933], [-70.38267, -23.64938], [-70.38275, -23.64965], [-70.38295, -23.6496], [-70.38287, -23.64933]]]}}, {"type": "Feature", "properties": {"clase": "verde"}, "geometry": {"type": "Polygon", "coordinates": [[[-70.40275, -23.66612], [-70.40266, -23.66616], [-70.40276, -23.66635], [-70.40285, -23.66631], [-70.40275, -23.66612]]]}}, {"type": "Feature", "properties": {"clase": "verde"}, "geometry": {"type": "Polygon", "coordinates": [[[-70.40888, -23.68406], [-70.40869, -23.68407], [-70.40871, -23.68443], [-70.4089, -23.68442], [-70.40888, -23.68406]]]}}, {"type": "Feature", "properties": {"clase": "verde"}, "geometry": {"type": "Polygon", "coordinates": [[[-70.41174, -23.67294], [-70.41159, -23.67284], [-70.41141, -23.67308], [-70.41156, -23.67318], [-70.41174, -23.67294]]]}}, {"type": "Feature", "properties": {"clase": "verde"}, "geometry": {"type": "Polygon", "coordinates": [[[-70.41406, -23.68004], [-70.41403, -23.68022], [-70.41406, -23.68004]]]}}, {"type": "Feature", "properties": {"clase": "verde"}, "geometry": {"type": "Polygon", "coordinates": [[[-70.41411, -23.68022], [-70.41408, -23.68041], [-70.41411, -23.68022]]]}}, {"type": "Feature", "properties": {"clase": "verde"}, "geometry": {"type": "Polygon", "coordinates": [[[-70.42175, -23.69229], [-70.42162, -23.69233], [-70.4217, -23.69256], [-70.42183, -23.69252], [-70.42175, -23.69229]]]}}, {"type": "Feature", "properties": {"clase": "verde"}, "geometry": {"type": "Polygon", "coordinates": [[[-70.43457, -23.71623], [-70.43451, -23.71638], [-70.43457, -23.71623]]]}}, {"type": "Feature", "properties": {"clase": "verde"}, "geometry": {"type": "Polygon", "coordinates": [[[-70.39157, -23.66285], [-70.3914, -23.66291], [-70.39152, -23.66317], [-70.39168, -23.66311], [-70.39157, -23.66285]]]}}, {"type": "Feature", "properties": {"clase": "verde"}, "geometry": {"type": "Polygon", "coordinates": [[[-70.39072, -23.66104], [-70.39058, -23.66109], [-70.39064, -23.66132], [-70.3908, -23.66127], [-70.39072, -23.66104]]]}}, {"type": "Feature", "properties": {"clase": "verde"}, "geometry": {"type": "Polygon", "coordinates": [[[-70.38642, -23.65091], [-70.38623, -23.65103], [-70.3863, -23.65112], [-70.38649, -23.651], [-70.38642, -23.65091]]]}}, {"type": "Feature", "properties": {"clase": "verde"}, "geometry": {"type": "Polygon", "coordinates": [[[-70.38796, -23.63821], [-70.3878, -23.6382], [-70.38778, -23.63847], [-70.38793, -23.63848], [-70.38796, -23.63821]]]}}, {"type": "Feature", "properties": {"clase": "verde"}, "geometry": {"type": "Polygon", "coordinates": [[[-70.38333, -23.61544], [-70.38317, -23.61545], [-70.38319, -23.61569], [-70.38335, -23.61568], [-70.38333, -23.61544]]]}}, {"type": "Feature", "properties": {"clase": "verde"}, "geometry": {"type": "Polygon", "coordinates": [[[-70.40381, -23.67403], [-70.40337, -23.67421], [-70.40367, -23.67475], [-70.40366, -23.67425], [-70.40381, -23.67403]]]}}, {"type": "Feature", "properties": {"clase": "verde"}, "geometry": {"type": "Polygon", "coordinates": [[[-70.37908, -23.57702], [-70.37883, -23.577], [-70.37882, -23.57715], [-70.37907, -23.57717], [-70.37908, -23.57702]]]}}, {"type": "Feature", "properties": {"clase": "verde"}, "geometry": {"type": "Polygon", "coordinates": [[[-70.37676, -23.57681], [-70.37621, -23.57801], [-70.37632, -23.57799], [-70.37676, -23.57681]]]}}, {"type": "Feature", "properties": {"clase": "verde"}, "geometry": {"type": "Polygon", "coordinates": [[[-70.37625, -23.57816], [-70.37616, -23.57812], [-70.37561, -23.57946], [-70.37571, -23.5795], [-70.37625, -23.57816]]]}}, {"type": "Feature", "properties": {"clase": "verde"}, "geometry": {"type": "Polygon", "coordinates": [[[-70.37974, -23.58838], [-70.37955, -23.58838], [-70.37954, -23.58884], [-70.37973, -23.58884], [-70.37974, -23.58838]]]}}, {"type": "Feature", "properties": {"clase": "verde"}, "geometry": {"type": "Polygon", "coordinates": [[[-70.3872, -23.59379], [-70.38719, -23.59396], [-70.38687, -23.59395], [-70.38687, -23.59379], [-70.3872, -23.59379]]]}}, {"type": "Feature", "properties": {"clase": "verde"}, "geometry": {"type": "Polygon", "coordinates": [[[-70.41845, -23.6938], [-70.41833, -23.69381], [-70.41835, -23.69402], [-70.41848, -23.69401], [-70.41845, -23.6938]]]}}, {"type": "Feature", "properties": {"clase": "verde"}, "geometry": {"type": "Polygon", "coordinates": [[[-70.38723, -23.59575], [-70.38721, -23.59593], [-70.38691, -23.59591], [-70.38692, -23.59573], [-70.38723, -23.59575]]]}}, {"type": "Feature", "properties": {"clase": "verde"}, "geometry": {"type": "Polygon", "coordinates": [[[-70.41268, -23.67607], [-70.41267, -23.67625], [-70.41248, -23.67619], [-70.4121, -23.67498], [-70.41238, -23.67487], [-70.4128, -23.67585], [-70.41268, -23.67607]]]}}, {"type": "Feature", "properties": {"clase": "verde"}, "geometry": {"type": "Polygon", "coordinates": [[[-70.38297, -23.61089], [-70.38279, -23.61079], [-70.3823, -23.61152], [-70.38247, -23.61162], [-70.38297, -23.61089]]]}}, {"type": "Feature", "properties": {"clase": "verde"}, "geometry": {"type": "Polygon", "coordinates": [[[-70.38349, -23.60922], [-70.38321, -23.6092], [-70.38318, -23.6096], [-70.3833, -23.60962], [-70.38349, -23.60922]]]}}, {"type": "Feature", "properties": {"clase": "verde"}, "geometry": {"type": "Polygon", "coordinates": [[[-70.38083, -23.60907], [-70.38054, -23.60949], [-70.38058, -23.60893], [-70.38083, -23.60907]]]}}, {"type": "Feature", "properties": {"clase": "verde"}, "geometry": {"type": "Polygon", "coordinates": [[[-70.38364, -23.60787], [-70.38364, -23.60797], [-70.38324, -23.6079], [-70.38364, -23.60787]]]}}, {"type": "Feature", "properties": {"clase": "verde"}, "geometry": {"type": "Polygon", "coordinates": [[[-70.38422, -23.61147], [-70.38412, -23.61142], [-70.3839, -23.61174], [-70.38401, -23.61181], [-70.38422, -23.61147]]]}}, {"type": "Feature", "properties": {"clase": "verde"}, "geometry": {"type": "Polygon", "coordinates": [[[-70.38487, -23.61143], [-70.38487, -23.6117], [-70.38472, -23.61163], [-70.38487, -23.61143]]]}}, {"type": "Feature", "properties": {"clase": "verde"}, "geometry": {"type": "Polygon", "coordinates": [[[-70.3806, -23.61054], [-70.38044, -23.61046], [-70.38038, -23.61089], [-70.3806, -23.61054]]]}}, {"type": "Feature", "properties": {"clase": "verde"}, "geometry": {"type": "Polygon", "coordinates": [[[-70.38303, -23.61036], [-70.38287, -23.61026], [-70.38266, -23.61057], [-70.38283, -23.61066], [-70.38303, -23.61036]]]}}, {"type": "Feature", "properties": {"clase": "verde"}, "geometry": {"type": "Polygon", "coordinates": [[[-70.39899, -23.64816], [-70.39926, -23.64818], [-70.39893, -23.64792], [-70.39862, -23.64826], [-70.39885, -23.64804], [-70.39899, -23.64816]]]}}, {"type": "Feature", "properties": {"clase": "verde"}, "geometry": {"type": "Polygon", "coordinates": [[[-70.39318, -23.62297], [-70.39274, -23.62295], [-70.39249, -23.62323], [-70.39203, -23.62242], [-70.39028, -23.6216], [-70.3929, -23.62274], [-70.39281, -23.62279], [-70.39318, -23.62297]]]}}, {"type": "Feature", "properties": {"clase": "verde"}, "geometry": {"type": "Polygon", "coordinates": [[[-70.40239, -23.65496], [-70.40245, -23.65558], [-70.40261, -23.65513], [-70.40239, -23.65496]]]}}, {"type": "Feature", "properties": {"clase": "verde"}, "geometry": {"type": "Polygon", "coordinates": [[[-70.40921, -23.6972], [-70.40906, -23.69722], [-70.40921, -23.6972]]]}}, {"type": "Feature", "properties": {"clase": "verde"}, "geometry": {"type": "Polygon", "coordinates": [[[-70.40964, -23.69733], [-70.40937, -23.69734], [-70.40967, -23.6977], [-70.40964, -23.69733]]]}}, {"type": "Feature", "properties": {"clase": "verde"}, "geometry": {"type": "Polygon", "coordinates": [[[-70.40939, -23.69691], [-70.4093, -23.69694], [-70.40941, -23.6973], [-70.40939, -23.69691]]]}}, {"type": "Feature", "properties": {"clase": "verde"}, "geometry": {"type": "Polygon", "coordinates": [[[-70.41078, -23.69731], [-70.41083, -23.69765], [-70.411, -23.69751], [-70.41078, -23.69731]]]}}, {"type": "Feature", "properties": {"clase": "verde"}, "geometry": {"type": "Polygon", "coordinates": [[[-70.38345, -23.62891], [-70.38283, -23.62895], [-70.38343, -23.62948], [-70.38345, -23.62891]]]}}, {"type": "Feature", "properties": {"clase": "verde"}, "geometry": {"type": "Polygon", "coordinates": [[[-70.41118, -23.69092], [-70.41099, -23.69092], [-70.41098, -23.6905], [-70.41118, -23.69052], [-70.41118, -23.69092]]]}}, {"type": "Feature", "properties": {"clase": "verde"}, "geometry": {"type": "Polygon", "coordinates": [[[-70.40718, -23.66982], [-70.40793, -23.66994], [-70.40788, -23.66965], [-70.40775, -23.66973], [-70.40764, -23.66965], [-70.40771, -23.66953], [-70.40714, -23.66918], [-70.40585, -23.66633], [-70.40586, -23.66603], [-70.40558, -23.66586], [-70.4053, -23.66508], [-70.40496, -23.66497], [-70.40473, -23.66506], [-70.40462, -23.66515], [-70.40528, -23.66572], [-70.40718, -23.66982]]]}}, {"type": "Feature", "properties": {"clase": "verde"}, "geometry": {"type": "Polygon", "coordinates": [[[-70.38071, -23.58518], [-70.38072, -23.58499], [-70.38039, -23.58495], [-70.38037, -23.58514], [-70.38071, -23.58518]]]}}, {"type": "Feature", "properties": {"clase": "verde"}, "geometry": {"type": "Polygon", "coordinates": [[[-70.3803, -23.58515], [-70.38031, -23.58496], [-70.37994, -23.58492], [-70.37991, -23.58512], [-70.3803, -23.58515]]]}}, {"type": "Feature", "properties": {"clase": "verde"}, "geometry": {"type": "Polygon", "coordinates": [[[-70.37982, -23.58511], [-70.37984, -23.58492], [-70.37951, -23.58488], [-70.37949, -23.58509], [-70.37982, -23.58511]]]}}, {"type": "Feature", "properties": {"clase": "verde"}, "geometry": {"type": "Polygon", "coordinates": [[[-70.38506, -23.58768], [-70.38536, -23.58823], [-70.385, -23.58836], [-70.38506, -23.58768]]]}}, {"type": "Feature", "properties": {"clase": "verde"}, "geometry": {"type": "Polygon", "coordinates": [[[-70.38017, -23.59151], [-70.38016, -23.59209], [-70.38029, -23.59209], [-70.38031, -23.59151], [-70.38017, -23.59151]]]}}, {"type": "Feature", "properties": {"clase": "verde"}, "geometry": {"type": "Polygon", "coordinates": [[[-70.37476, -23.59933], [-70.37485, -23.6001], [-70.37485, -23.59938], [-70.37476, -23.59933]]]}}, {"type": "Feature", "properties": {"clase": "verde"}, "geometry": {"type": "Polygon", "coordinates": [[[-70.3748, -23.60016], [-70.37487, -23.60074], [-70.3748, -23.60016]]]}}, {"type": "Feature", "properties": {"clase": "verde"}, "geometry": {"type": "Polygon", "coordinates": [[[-70.37484, -23.60082], [-70.37492, -23.60153], [-70.37494, -23.60082], [-70.37484, -23.60082]]]}}, {"type": "Feature", "properties": {"clase": "verde"}, "geometry": {"type": "Polygon", "coordinates": [[[-70.37488, -23.60163], [-70.37494, -23.60251], [-70.37497, -23.60163], [-70.37488, -23.60163]]]}}, {"type": "Feature", "properties": {"clase": "verde"}, "geometry": {"type": "Polygon", "coordinates": [[[-70.3944, -23.64446], [-70.39429, -23.64459], [-70.39401, -23.64415], [-70.3944, -23.64446]]]}}, {"type": "Feature", "properties": {"clase": "verde"}, "geometry": {"type": "Polygon", "coordinates": [[[-70.37372, -23.62915], [-70.37373, -23.62933], [-70.37428, -23.62935], [-70.37555, -23.62921], [-70.37372, -23.62915]]]}}, {"type": "Feature", "properties": {"clase": "verde"}, "geometry": {"type": "Polygon", "coordinates": [[[-70.38729, -23.6421], [-70.38689, -23.64224], [-70.38705, -23.64265], [-70.38746, -23.64251], [-70.38729, -23.6421]]]}}, {"type": "Feature", "properties": {"clase": "verde"}, "geometry": {"type": "Polygon", "coordinates": [[[-70.40545, -23.66552], [-70.40582, -23.66565], [-70.40586, -23.66603], [-70.40558, -23.66586], [-70.40545, -23.66552]]]}}, {"type": "Feature", "properties": {"clase": "verde"}, "geometry": {"type": "Polygon", "coordinates": [[[-70.40399, -23.64488], [-70.40392, -23.64497], [-70.40421, -23.64517], [-70.40399, -23.64488]]]}}, {"type": "Feature", "properties": {"clase": "verde"}, "geometry": {"type": "Polygon", "coordinates": [[[-70.39668, -23.63814], [-70.39582, -23.63812], [-70.39596, -23.63904], [-70.39626, -23.63906], [-70.39668, -23.63859], [-70.39668, -23.63814]]]}}, {"type": "Feature", "properties": {"clase": "verde"}, "geometry": {"type": "Polygon", "coordinates": [[[-70.40363, -23.65971], [-70.40371, -23.65999], [-70.4039, -23.66007], [-70.40388, -23.65982], [-70.40363, -23.65971]]]}}, {"type": "Feature", "properties": {"clase": "verde"}, "geometry": {"type": "Polygon", "coordinates": [[[-70.37569, -23.57707], [-70.37557, -23.57702], [-70.37548, -23.57719], [-70.37559, -23.57725], [-70.37569, -23.57707]]]}}, {"type": "Feature", "properties": {"clase": "verde"}, "geometry": {"type": "Polygon", "coordinates": [[[-70.4067, -23.67086], [-70.40601, -23.67082], [-70.40645, -23.67173], [-70.40671, -23.67153], [-70.4067, -23.67086]]]}}, {"type": "Feature", "properties": {"clase": "verde"}, "geometry": {"type": "Polygon", "coordinates": [[[-70.39939, -23.65891], [-70.39941, -23.6588], [-70.39908, -23.65886], [-70.39939, -23.65891]]]}}, {"type": "Feature", "properties": {"clase": "verde"}, "geometry": {"type": "Polygon", "coordinates": [[[-70.40603, -23.68465], [-70.4057, -23.68466], [-70.40607, -23.68524], [-70.40603, -23.68465]]]}}, {"type": "Feature", "properties": {"clase": "verde"}, "geometry": {"type": "Polygon", "coordinates": [[[-70.40766, -23.67076], [-70.40805, -23.67092], [-70.40831, -23.67119], [-70.40828, -23.67133], [-70.40757, -23.671], [-70.40742, -23.67079], [-70.40766, -23.67076]]]}}, {"type": "Feature", "properties": {"clase": "verde"}, "geometry": {"type": "Polygon", "coordinates": [[[-70.40733, -23.67081], [-70.40741, -23.67094], [-70.4071, -23.67094], [-70.40733, -23.67081]]]}}, {"type": "Feature", "properties": {"clase": "verde"}, "geometry": {"type": "Polygon", "coordinates": [[[-70.40678, -23.67088], [-70.40681, -23.67149], [-70.40697, -23.67093], [-70.40678, -23.67088]]]}}, {"type": "Feature", "properties": {"clase": "verde"}, "geometry": {"type": "Polygon", "coordinates": [[[-70.39589, -23.59097], [-70.39577, -23.59102], [-70.39587, -23.59123], [-70.39599, -23.59119], [-70.39589, -23.59097]]]}}, {"type": "Feature", "properties": {"clase": "verde"}, "geometry": {"type": "Polygon", "coordinates": [[[-70.39576, -23.59071], [-70.39567, -23.59074], [-70.39577, -23.59096], [-70.39586, -23.59092], [-70.39576, -23.59071]]]}}, {"type": "Feature", "properties": {"clase": "verde"}, "geometry": {"type": "Polygon", "coordinates": [[[-70.38563, -23.61779], [-70.38566, -23.61808], [-70.38552, -23.61776], [-70.38563, -23.61779]]]}}, {"type": "Feature", "properties": {"clase": "verde"}, "geometry": {"type": "Polygon", "coordinates": [[[-70.38555, -23.61725], [-70.38555, -23.61762], [-70.38543, -23.61727], [-70.38555, -23.61725]]]}}, {"type": "Feature", "properties": {"clase": "verde"}, "geometry": {"type": "Polygon", "coordinates": [[[-70.38564, -23.61717], [-70.38545, -23.61709], [-70.38538, -23.61594], [-70.38564, -23.61717]]]}}, {"type": "Feature", "properties": {"clase": "verde"}, "geometry": {"type": "Polygon", "coordinates": [[[-70.374, -23.60359], [-70.37391, -23.6036], [-70.37403, -23.60448], [-70.374, -23.60359]]]}}, {"type": "Feature", "properties": {"clase": "verde"}, "geometry": {"type": "Polygon", "coordinates": [[[-70.38924, -23.57801], [-70.38892, -23.57798], [-70.38904, -23.57652], [-70.38935, -23.57654], [-70.38924, -23.57801]]]}}, {"type": "Feature", "properties": {"clase": "verde"}, "geometry": {"type": "Polygon", "coordinates": [[[-70.39079, -23.57656], [-70.38919, -23.57643], [-70.39079, -23.57656]]]}}, {"type": "Feature", "properties": {"clase": "verde"}, "geometry": {"type": "Polygon", "coordinates": [[[-70.38904, -23.57642], [-70.38796, -23.57635], [-70.38904, -23.57642]]]}}, {"type": "Feature", "properties": {"clase": "verde"}, "geometry": {"type": "Polygon", "coordinates": [[[-70.42208, -23.69468], [-70.42188, -23.69473], [-70.42197, -23.69505], [-70.42217, -23.695], [-70.42208, -23.69468]]]}}, {"type": "Feature", "properties": {"clase": "verde"}, "geometry": {"type": "Polygon", "coordinates": [[[-70.37494, -23.57634], [-70.37499, -23.57625], [-70.3748, -23.57619], [-70.37382, -23.5788], [-70.37395, -23.57879], [-70.37494, -23.57634]]]}}, {"type": "Feature", "properties": {"clase": "verde"}, "geometry": {"type": "Polygon", "coordinates": [[[-70.41542, -23.68579], [-70.41514, -23.68596], [-70.41498, -23.68521], [-70.41542, -23.68579]]]}}, {"type": "Feature", "properties": {"clase": "verde"}, "geometry": {"type": "Polygon", "coordinates": [[[-70.37951, -23.60603], [-70.37947, -23.60643], [-70.37967, -23.60655], [-70.37972, -23.60604], [-70.37951, -23.60603]]]}}, {"type": "Feature", "properties": {"clase": "verde"}, "geometry": {"type": "Polygon", "coordinates": [[[-70.37946, -23.60842], [-70.37932, -23.60835], [-70.3794, -23.60764], [-70.37954, -23.60767], [-70.37946, -23.60842]]]}}, {"type": "Feature", "properties": {"clase": "verde"}, "geometry": {"type": "Polygon", "coordinates": [[[-70.37972, -23.60594], [-70.37952, -23.60592], [-70.37966, -23.60488], [-70.37979, -23.60489], [-70.37981, -23.60504], [-70.37972, -23.60594]]]}}, {"type": "Feature", "properties": {"clase": "verde"}, "geometry": {"type": "Polygon", "coordinates": [[[-70.37923, -23.61091], [-70.37906, -23.61091], [-70.37929, -23.60844], [-70.37945, -23.60852], [-70.37923, -23.61091]]]}}, {"type": "Feature", "properties": {"clase": "verde"}, "geometry": {"type": "Polygon", "coordinates": [[[-70.37949, -23.60657], [-70.37941, -23.60752], [-70.37953, -23.60755], [-70.37962, -23.60667], [-70.37949, -23.60657]]]}}, {"type": "Feature", "properties": {"clase": "verde"}, "geometry": {"type": "Polygon", "coordinates": [[[-70.38158, -23.62536], [-70.38126, -23.62554], [-70.38169, -23.62618], [-70.38182, -23.6258], [-70.38158, -23.62536]]]}}, {"type": "Feature", "properties": {"clase": "verde"}, "geometry": {"type": "Polygon", "coordinates": [[[-70.38219, -23.61907], [-70.38188, -23.61896], [-70.38205, -23.61921], [-70.38219, -23.61907]]]}}, {"type": "Feature", "properties": {"clase": "verde"}, "geometry": {"type": "Polygon", "coordinates": [[[-70.38488, -23.61499], [-70.38487, -23.61531], [-70.38488, -23.61499]]]}}, {"type": "Feature", "properties": {"clase": "verde"}, "geometry": {"type": "Polygon", "coordinates": [[[-70.38182, -23.61438], [-70.38166, -23.61435], [-70.3818, -23.61458], [-70.38182, -23.61438]]]}}, {"type": "Feature", "properties": {"clase": "verde"}, "geometry": {"type": "Polygon", "coordinates": [[[-70.38193, -23.61433], [-70.38193, -23.61456], [-70.38193, -23.61433]]]}}, {"type": "Feature", "properties": {"clase": "verde"}, "geometry": {"type": "Polygon", "coordinates": [[[-70.38177, -23.61421], [-70.38158, -23.61422], [-70.38178, -23.61434], [-70.38177, -23.61421]]]}}, {"type": "Feature", "properties": {"clase": "verde"}, "geometry": {"type": "Polygon", "coordinates": [[[-70.3819, -23.61411], [-70.38186, -23.61433], [-70.3819, -23.61411]]]}}, {"type": "Feature", "properties": {"clase": "verde"}, "geometry": {"type": "Polygon", "coordinates": [[[-70.38167, -23.61391], [-70.38155, -23.61418], [-70.38171, -23.61402], [-70.38167, -23.61391]]]}}, {"type": "Feature", "properties": {"clase": "verde"}, "geometry": {"type": "Polygon", "coordinates": [[[-70.38195, -23.61397], [-70.38173, -23.6139], [-70.38185, -23.61406], [-70.38195, -23.61397]]]}}, {"type": "Feature", "properties": {"clase": "verde"}, "geometry": {"type": "Polygon", "coordinates": [[[-70.40974, -23.67152], [-70.40954, -23.67168], [-70.4098, -23.67181], [-70.40974, -23.67152]]]}}, {"type": "Feature", "properties": {"clase": "verde"}, "geometry": {"type": "Polygon", "coordinates": [[[-70.41032, -23.67214], [-70.41018, -23.67233], [-70.40931, -23.67184], [-70.4095, -23.67172], [-70.41032, -23.67214]]]}}, {"type": "Feature", "properties": {"clase": "verde"}, "geometry": {"type": "Polygon", "coordinates": [[[-70.41053, -23.67213], [-70.4101, -23.67194], [-70.4101, -23.67176], [-70.41024, -23.67175], [-70.41053, -23.67213]]]}}, {"type": "Feature", "properties": {"clase": "verde"}, "geometry": {"type": "Polygon", "coordinates": [[[-70.40998, -23.67175], [-70.40987, -23.67166], [-70.40998, -23.67175]]]}}, {"type": "Feature", "properties": {"clase": "verde"}, "geometry": {"type": "Polygon", "coordinates": [[[-70.40996, -23.6715], [-70.40981, -23.67151], [-70.40978, -23.67138], [-70.40991, -23.67134], [-70.40996, -23.6715]]]}}, {"type": "Feature", "properties": {"clase": "verde"}, "geometry": {"type": "Polygon", "coordinates": [[[-70.41084, -23.67247], [-70.41036, -23.67216], [-70.41024, -23.67231], [-70.41048, -23.67247], [-70.41058, -23.67236], [-70.41084, -23.67247]]]}}, {"type": "Feature", "properties": {"clase": "verde"}, "geometry": {"type": "Polygon", "coordinates": [[[-70.4112, -23.67273], [-70.41139, -23.67294], [-70.41134, -23.67308], [-70.41145, -23.67293], [-70.4112, -23.67273]]]}}, {"type": "Feature", "properties": {"clase": "verde"}, "geometry": {"type": "Polygon", "coordinates": [[[-70.41109, -23.67302], [-70.41097, -23.6731], [-70.41076, -23.67278], [-70.41109, -23.67302]]]}}, {"type": "Feature", "properties": {"clase": "verde"}, "geometry": {"type": "Polygon", "coordinates": [[[-70.41365, -23.67736], [-70.41346, -23.67729], [-70.41355, -23.6771], [-70.41327, -23.677], [-70.41312, -23.67735], [-70.41351, -23.67749], [-70.41341, -23.6777], [-70.41357, -23.67776], [-70.41365, -23.67736]]]}}, {"type": "Feature", "properties": {"clase": "verde"}, "geometry": {"type": "Polygon", "coordinates": [[[-70.41325, -23.67699], [-70.41267, -23.67682], [-70.41296, -23.67762], [-70.41325, -23.67699]]]}}, {"type": "Feature", "properties": {"clase": "verde"}, "geometry": {"type": "Polygon", "coordinates": [[[-70.41328, -23.67744], [-70.41313, -23.67739], [-70.41306, -23.67755], [-70.41322, -23.6776], [-70.41328, -23.67744]]]}}, {"type": "Feature", "properties": {"clase": "verde"}, "geometry": {"type": "Polygon", "coordinates": [[[-70.41356, -23.6778], [-70.41301, -23.67759], [-70.4131, -23.67823], [-70.41321, -23.67803], [-70.41341, -23.67811], [-70.41356, -23.6778]]]}}, {"type": "Feature", "properties": {"clase": "verde"}, "geometry": {"type": "Polygon", "coordinates": [[[-70.41362, -23.67671], [-70.41356, -23.67661], [-70.41343, -23.67694], [-70.41362, -23.67671]]]}}, {"type": "Feature", "properties": {"clase": "verde"}, "geometry": {"type": "Polygon", "coordinates": [[[-70.41304, -23.67624], [-70.41295, -23.67621], [-70.41277, -23.67663], [-70.41285, -23.67666], [-70.41304, -23.67624]]]}}, {"type": "Feature", "properties": {"clase": "verde"}, "geometry": {"type": "Polygon", "coordinates": [[[-70.41272, -23.67641], [-70.41252, -23.67634], [-70.41262, -23.67664], [-70.41272, -23.67641]]]}}, {"type": "Feature", "properties": {"clase": "verde"}, "geometry": {"type": "Polygon", "coordinates": [[[-70.4262, -23.70918], [-70.426, -23.70933], [-70.42571, -23.70923], [-70.42581, -23.70903], [-70.4262, -23.70918]]]}}, {"type": "Feature", "properties": {"clase": "verde"}, "geometry": {"type": "Polygon", "coordinates": [[[-70.42619, -23.70926], [-70.42604, -23.70936], [-70.42627, -23.70963], [-70.42636, -23.70945], [-70.42619, -23.70926]]]}}, {"type": "Feature", "properties": {"clase": "verde"}, "geometry": {"type": "Polygon", "coordinates": [[[-70.42576, -23.70932], [-70.42558, -23.7095], [-70.42595, -23.70966], [-70.42577, -23.70951], [-70.42576, -23.70932]]]}}, {"type": "Feature", "properties": {"clase": "verde"}, "geometry": {"type": "Polygon", "coordinates": [[[-70.42921, -23.71177], [-70.42904, -23.71186], [-70.42908, -23.71195], [-70.42926, -23.71188], [-70.42921, -23.71177]]]}}, {"type": "Feature", "properties": {"clase": "verde"}, "geometry": {"type": "Polygon", "coordinates": [[[-70.42943, -23.71175], [-70.42929, -23.71187], [-70.42943, -23.71175]]]}}, {"type": "Feature", "properties": {"clase": "verde"}, "geometry": {"type": "Polygon", "coordinates": [[[-70.42945, -23.71172], [-70.43046, -23.71124], [-70.42946, -23.71162], [-70.42945, -23.71172]]]}}, {"type": "Feature", "properties": {"clase": "verde"}, "geometry": {"type": "Polygon", "coordinates": [[[-70.43047, -23.71128], [-70.43036, -23.71139], [-70.43063, -23.71129], [-70.43047, -23.71128]]]}}, {"type": "Feature", "properties": {"clase": "verde"}, "geometry": {"type": "Polygon", "coordinates": [[[-70.43025, -23.7135], [-70.43034, -23.71376], [-70.43025, -23.7135]]]}}, {"type": "Feature", "properties": {"clase": "verde"}, "geometry": {"type": "Polygon", "coordinates": [[[-70.42911, -23.71352], [-70.42922, -23.71363], [-70.42896, -23.71357], [-70.42911, -23.71352]]]}}, {"type": "Feature", "properties": {"clase": "verde"}, "geometry": {"type": "Polygon", "coordinates": [[[-70.42919, -23.71347], [-70.4294, -23.71363], [-70.42919, -23.71347]]]}}, {"type": "Feature", "properties": {"clase": "verde"}, "geometry": {"type": "Polygon", "coordinates": [[[-70.39313, -23.58337], [-70.39313, -23.58393], [-70.39323, -23.58394], [-70.39313, -23.58337]]]}}, {"type": "Feature", "properties": {"clase": "verde"}, "geometry": {"type": "Polygon", "coordinates": [[[-70.38929, -23.59103], [-70.38918, -23.59102], [-70.38917, -23.59124], [-70.38928, -23.59124], [-70.38929, -23.59103]]]}}, {"type": "Feature", "properties": {"clase": "verde"}, "geometry": {"type": "Polygon", "coordinates": [[[-70.38954, -23.59104], [-70.38942, -23.59103], [-70.38941, -23.59125], [-70.38952, -23.59125], [-70.38954, -23.59104]]]}}, {"type": "Feature", "properties": {"clase": "verde"}, "geometry": {"type": "Polygon", "coordinates": [[[-70.38952, -23.59135], [-70.38938, -23.59135], [-70.38937, -23.59161], [-70.38952, -23.59161], [-70.38952, -23.59135]]]}}, {"type": "Feature", "properties": {"clase": "verde"}, "geometry": {"type": "Polygon", "coordinates": [[[-70.3893, -23.59134], [-70.38917, -23.59134], [-70.38917, -23.5916], [-70.3893, -23.5916], [-70.3893, -23.59134]]]}}, {"type": "Feature", "properties": {"clase": "verde"}, "geometry": {"type": "Polygon", "coordinates": [[[-70.38932, -23.59071], [-70.38922, -23.5907], [-70.38921, -23.59091], [-70.38931, -23.59092], [-70.38932, -23.59071]]]}}, {"type": "Feature", "properties": {"clase": "verde"}, "geometry": {"type": "Polygon", "coordinates": [[[-70.38953, -23.59071], [-70.38943, -23.59071], [-70.38942, -23.59092], [-70.38952, -23.59092], [-70.38953, -23.59071]]]}}, {"type": "Feature", "properties": {"clase": "verde"}, "geometry": {"type": "Polygon", "coordinates": [[[-70.39199, -23.59185], [-70.39166, -23.59196], [-70.3911, -23.5918], [-70.39199, -23.59185]]]}}, {"type": "Feature", "properties": {"clase": "verde"}, "geometry": {"type": "Polygon", "coordinates": [[[-70.39138, -23.59203], [-70.39121, -23.59195], [-70.39114, -23.59213], [-70.39174, -23.59213], [-70.39138, -23.59203]]]}}, {"type": "Feature", "properties": {"clase": "verde"}, "geometry": {"type": "Polygon", "coordinates": [[[-70.39207, -23.59212], [-70.39182, -23.59211], [-70.39207, -23.59212]]]}}, {"type": "Feature", "properties": {"clase": "verde"}, "geometry": {"type": "Polygon", "coordinates": [[[-70.39246, -23.59205], [-70.39228, -23.59194], [-70.39223, -23.59218], [-70.39242, -23.59219], [-70.39246, -23.59205]]]}}, {"type": "Feature", "properties": {"clase": "verde"}, "geometry": {"type": "Polygon", "coordinates": [[[-70.39306, -23.59199], [-70.39296, -23.59212], [-70.39284, -23.592], [-70.39306, -23.59199]]]}}, {"type": "Feature", "properties": {"clase": "verde"}, "geometry": {"type": "Polygon", "coordinates": [[[-70.39306, -23.59214], [-70.39262, -23.59217], [-70.39306, -23.59214]]]}}, {"type": "Feature", "properties": {"clase": "verde"}, "geometry": {"type": "Polygon", "coordinates": [[[-70.39347, -23.59217], [-70.39334, -23.59214], [-70.3934, -23.592], [-70.39375, -23.59205], [-70.39343, -23.59203], [-70.39347, -23.59217]]]}}, {"type": "Feature", "properties": {"clase": "verde"}, "geometry": {"type": "Polygon", "coordinates": [[[-70.39353, -23.59732], [-70.39342, -23.59726], [-70.39333, -23.59742], [-70.39344, -23.59748], [-70.39353, -23.59732]]]}}, {"type": "Feature", "properties": {"clase": "verde"}, "geometry": {"type": "Polygon", "coordinates": [[[-70.37496, -23.57627], [-70.37478, -23.57651], [-70.37496, -23.57627]]]}}, {"type": "Feature", "properties": {"clase": "verde"}, "geometry": {"type": "Polygon", "coordinates": [[[-70.37484, -23.57621], [-70.37472, -23.57649], [-70.37484, -23.57621]]]}}, {"type": "Feature", "properties": {"clase": "verde"}, "geometry": {"type": "Polygon", "coordinates": [[[-70.37479, -23.57656], [-70.37458, -23.57702], [-70.37479, -23.57656]]]}}, {"type": "Feature", "properties": {"clase": "verde"}, "geometry": {"type": "Polygon", "coordinates": [[[-70.37471, -23.57653], [-70.37463, -23.57667], [-70.37471, -23.57653]]]}}, {"type": "Feature", "properties": {"clase": "verde"}, "geometry": {"type": "Polygon", "coordinates": [[[-70.37464, -23.57671], [-70.37449, -23.57698], [-70.37464, -23.57671]]]}}, {"type": "Feature", "properties": {"clase": "verde"}, "geometry": {"type": "Polygon", "coordinates": [[[-70.37676, -23.57686], [-70.37665, -23.57716], [-70.37676, -23.57686]]]}}, {"type": "Feature", "properties": {"clase": "verde"}, "geometry": {"type": "Polygon", "coordinates": [[[-70.3767, -23.57682], [-70.37664, -23.57695], [-70.3767, -23.57682]]]}}, {"type": "Feature", "properties": {"clase": "verde"}, "geometry": {"type": "Polygon", "coordinates": [[[-70.37663, -23.57701], [-70.37657, -23.57713], [-70.37663, -23.57701]]]}}, {"type": "Feature", "properties": {"clase": "verde"}, "geometry": {"type": "Polygon", "coordinates": [[[-70.37643, -23.57768], [-70.37626, -23.57801], [-70.37643, -23.57768]]]}}, {"type": "Feature", "properties": {"clase": "verde"}, "geometry": {"type": "Polygon", "coordinates": [[[-70.37636, -23.57765], [-70.37628, -23.57781], [-70.37636, -23.57765]]]}}, {"type": "Feature", "properties": {"clase": "verde"}, "geometry": {"type": "Polygon", "coordinates": [[[-70.37628, -23.57787], [-70.37623, -23.578], [-70.37628, -23.57787]]]}}, {"type": "Feature", "properties": {"clase": "verde"}, "geometry": {"type": "Polygon", "coordinates": [[[-70.37816, -23.57906], [-70.37775, -23.57903], [-70.37773, -23.5792], [-70.37815, -23.57922], [-70.37816, -23.57906]]]}}, {"type": "Feature", "properties": {"clase": "verde"}, "geometry": {"type": "Polygon", "coordinates": [[[-70.37799, -23.57907], [-70.37798, -23.5792], [-70.37775, -23.57919], [-70.37777, -23.57905], [-70.37799, -23.57907]]]}}, {"type": "Feature", "properties": {"clase": "verde"}, "geometry": {"type": "Polygon", "coordinates": [[[-70.38097, -23.58266], [-70.38095, -23.58285], [-70.38054, -23.58282], [-70.38056, -23.58263], [-70.38097, -23.58266]]]}}, {"type": "Feature", "properties": {"clase": "verde"}, "geometry": {"type": "Polygon", "coordinates": [[[-70.38555, -23.59253], [-70.38518, -23.59269], [-70.38548, -23.59368], [-70.38555, -23.59253]]]}}, {"type": "Feature", "properties": {"clase": "verde"}, "geometry": {"type": "Polygon", "coordinates": [[[-70.37945, -23.6037], [-70.37929, -23.60374], [-70.37937, -23.60401], [-70.37953, -23.60397], [-70.37945, -23.6037]]]}}, {"type": "Feature", "properties": {"clase": "verde"}, "geometry": {"type": "Polygon", "coordinates": [[[-70.38477, -23.61294], [-70.38468, -23.61299], [-70.38477, -23.61294]]]}}, {"type": "Feature", "properties": {"clase": "verde"}, "geometry": {"type": "Polygon", "coordinates": [[[-70.38484, -23.61284], [-70.38484, -23.61275], [-70.38484, -23.61284]]]}}, {"type": "Feature", "properties": {"clase": "verde"}, "geometry": {"type": "Polygon", "coordinates": [[[-70.38159, -23.62547], [-70.38152, -23.6254], [-70.3813, -23.62554], [-70.38159, -23.62547]]]}}, {"type": "Feature", "properties": {"clase": "verde"}, "geometry": {"type": "Polygon", "coordinates": [[[-70.38274, -23.63322], [-70.38255, -23.63321], [-70.38254, -23.63351], [-70.38272, -23.63352], [-70.38274, -23.63322]]]}}, {"type": "Feature", "properties": {"clase": "verde"}, "geometry": {"type": "Polygon", "coordinates": [[[-70.38874, -23.64635], [-70.38859, -23.64631], [-70.38874, -23.64635]]]}}, {"type": "Feature", "properties": {"clase": "verde"}, "geometry": {"type": "Polygon", "coordinates": [[[-70.3887, -23.6468], [-70.38853, -23.64687], [-70.38867, -23.64718], [-70.38883, -23.64712], [-70.3887, -23.6468]]]}}, {"type": "Feature", "properties": {"clase": "verde"}, "geometry": {"type": "Polygon", "coordinates": [[[-70.4094, -23.68078], [-70.40933, -23.68061], [-70.40997, -23.68034], [-70.41004, -23.68054], [-70.4094, -23.68078]]]}}, {"type": "Feature", "properties": {"clase": "verde"}, "geometry": {"type": "Polygon", "coordinates": [[[-70.41014, -23.68192], [-70.41018, -23.68207], [-70.41014, -23.68192]]]}}, {"type": "Feature", "properties": {"clase": "verde"}, "geometry": {"type": "Polygon", "coordinates": [[[-70.41101, -23.68136], [-70.41094, -23.68132], [-70.41101, -23.68136]]]}}, {"type": "Feature", "properties": {"clase": "verde"}, "geometry": {"type": "Polygon", "coordinates": [[[-70.3985, -23.64453], [-70.39816, -23.64423], [-70.3985, -23.64453]]]}}, {"type": "Feature", "properties": {"clase": "verde"}, "geometry": {"type": "Polygon", "coordinates": [[[-70.39829, -23.64411], [-70.3987, -23.64461], [-70.39829, -23.64411]]]}}, {"type": "Feature", "properties": {"clase": "verde"}, "geometry": {"type": "Polygon", "coordinates": [[[-70.40937, -23.68087], [-70.40915, -23.68092], [-70.40927, -23.68103], [-70.40937, -23.68087]]]}}, {"type": "Feature", "properties": {"clase": "verde"}, "geometry": {"type": "Polygon", "coordinates": [[[-70.41005, -23.68135], [-70.41006, -23.68147], [-70.41005, -23.68135]]]}}, {"type": "Feature", "properties": {"clase": "verde"}, "geometry": {"type": "Polygon", "coordinates": [[[-70.41122, -23.68087], [-70.41109, -23.68076], [-70.41122, -23.68087]]]}}, {"type": "Feature", "properties": {"clase": "verde"}, "geometry": {"type": "Polygon", "coordinates": [[[-70.40874, -23.68], [-70.40865, -23.68013], [-70.40874, -23.68]]]}}, {"type": "Feature", "properties": {"clase": "verde"}, "geometry": {"type": "Polygon", "coordinates": [[[-70.40796, -23.68026], [-70.40803, -23.68042], [-70.40796, -23.68026]]]}}, {"type": "Feature", "properties": {"clase": "verde"}, "geometry": {"type": "Polygon", "coordinates": [[[-70.408, -23.67979], [-70.4081, -23.67996], [-70.408, -23.67979]]]}}, {"type": "Feature", "properties": {"clase": "verde"}, "geometry": {"type": "Polygon", "coordinates": [[[-70.40872, -23.67908], [-70.40868, -23.67915], [-70.40872, -23.67908]]]}}, {"type": "Feature", "properties": {"clase": "verde"}, "geometry": {"type": "Polygon", "coordinates": [[[-70.4087, -23.67941], [-70.40862, -23.67931], [-70.4087, -23.67941]]]}}, {"type": "Feature", "properties": {"clase": "verde"}, "geometry": {"type": "Polygon", "coordinates": [[[-70.40882, -23.67993], [-70.40884, -23.68018], [-70.40894, -23.68015], [-70.40882, -23.67993]]]}}, {"type": "Feature", "properties": {"clase": "verde"}, "geometry": {"type": "Polygon", "coordinates": [[[-70.37773, -23.59587], [-70.37757, -23.59588], [-70.37763, -23.59617], [-70.37773, -23.59587]]]}}, {"type": "Feature", "properties": {"clase": "verde"}, "geometry": {"type": "Polygon", "coordinates": [[[-70.37571, -23.59669], [-70.37546, -23.5967], [-70.37547, -23.59681], [-70.37572, -23.59681], [-70.37571, -23.59669]]]}}, {"type": "Feature", "properties": {"clase": "verde"}, "geometry": {"type": "Polygon", "coordinates": [[[-70.37452, -23.59933], [-70.3744, -23.5994], [-70.37452, -23.59933]]]}}, {"type": "Feature", "properties": {"clase": "verde"}, "geometry": {"type": "Polygon", "coordinates": [[[-70.37209, -23.59961], [-70.37219, -23.59969], [-70.37209, -23.59961]]]}}, {"type": "Feature", "properties": {"clase": "verde"}, "geometry": {"type": "Polygon", "coordinates": [[[-70.37249, -23.6019], [-70.37245, -23.60213], [-70.37249, -23.6019]]]}}, {"type": "Feature", "properties": {"clase": "verde"}, "geometry": {"type": "Polygon", "coordinates": [[[-70.3789, -23.60158], [-70.37872, -23.60159], [-70.3789, -23.60211], [-70.3789, -23.60158]]]}}, {"type": "Feature", "properties": {"clase": "verde"}, "geometry": {"type": "Polygon", "coordinates": [[[-70.3917, -23.61115], [-70.39156, -23.61121], [-70.3917, -23.61115]]]}}, {"type": "Feature", "properties": {"clase": "verde"}, "geometry": {"type": "Polygon", "coordinates": [[[-70.39137, -23.61119], [-70.39113, -23.61107], [-70.39129, -23.61072], [-70.39149, -23.61073], [-70.39159, -23.61057], [-70.39136, -23.61037], [-70.39144, -23.61019], [-70.39158, -23.61031], [-70.39155, -23.61049], [-70.39176, -23.61051], [-70.39162, -23.61054], [-70.39174, -23.61089], [-70.39153, -23.61088], [-70.39137, -23.61119]]]}}, {"type": "Feature", "properties": {"clase": "verde"}, "geometry": {"type": "Polygon", "coordinates": [[[-70.38783, -23.61157], [-70.38757, -23.61156], [-70.38749, -23.6126], [-70.38764, -23.6127], [-70.38778, -23.61257], [-70.38783, -23.61157]]]}}, {"type": "Feature", "properties": {"clase": "verde"}, "geometry": {"type": "Polygon", "coordinates": [[[-70.38807, -23.61155], [-70.38795, -23.61173], [-70.38782, -23.61275], [-70.38719, -23.6129], [-70.38767, -23.61304], [-70.38768, -23.61291], [-70.3881, -23.61284], [-70.38811, -23.61267], [-70.38797, -23.61266], [-70.38807, -23.61155]]]}}, {"type": "Feature", "properties": {"clase": "verde"}, "geometry": {"type": "Polygon", "coordinates": [[[-70.38713, -23.60953], [-70.38683, -23.60952], [-70.3868, -23.60978], [-70.38704, -23.6098], [-70.38713, -23.60953]]]}}, {"type": "Feature", "properties": {"clase": "verde"}, "geometry": {"type": "Polygon", "coordinates": [[[-70.38792, -23.61069], [-70.38796, -23.61012], [-70.38776, -23.61002], [-70.38754, -23.61105], [-70.38765, -23.61115], [-70.38766, -23.61071], [-70.38783, -23.61063], [-70.38781, -23.6111], [-70.3879, -23.6111], [-70.38792, -23.61069]]]}}, {"type": "Feature", "properties": {"clase": "verde"}, "geometry": {"type": "Polygon", "coordinates": [[[-70.38828, -23.60997], [-70.3879, -23.60994], [-70.38804, -23.61016], [-70.388, -23.61066], [-70.3881, -23.61066], [-70.38809, -23.61006], [-70.38826, -23.61006], [-70.38821, -23.6108], [-70.38828, -23.60997]]]}}, {"type": "Feature", "properties": {"clase": "verde"}, "geometry": {"type": "Polygon", "coordinates": [[[-70.38818, -23.61136], [-70.38804, -23.61148], [-70.38819, -23.61148], [-70.38818, -23.61136]]]}}, {"type": "Feature", "properties": {"clase": "verde"}, "geometry": {"type": "Polygon", "coordinates": [[[-70.38758, -23.61045], [-70.38739, -23.61044], [-70.38733, -23.61101], [-70.38702, -23.61105], [-70.38747, -23.61107], [-70.38758, -23.61045]]]}}, {"type": "Feature", "properties": {"clase": "verde"}, "geometry": {"type": "Polygon", "coordinates": [[[-70.37989, -23.62363], [-70.37965, -23.62363], [-70.37975, -23.62396], [-70.37989, -23.62363]]]}}, {"type": "Feature", "properties": {"clase": "verde"}, "geometry": {"type": "Polygon", "coordinates": [[[-70.38148, -23.62568], [-70.38139, -23.62569], [-70.38166, -23.62605], [-70.38148, -23.62568]]]}}, {"type": "Feature", "properties": {"clase": "verde"}, "geometry": {"type": "Polygon", "coordinates": [[[-70.38155, -23.62551], [-70.38134, -23.62562], [-70.38155, -23.62551]]]}}, {"type": "Feature", "properties": {"clase": "verde"}, "geometry": {"type": "Polygon", "coordinates": [[[-70.3816, -23.6256], [-70.38169, -23.62602], [-70.38175, -23.62583], [-70.3816, -23.6256]]]}}, {"type": "Feature", "properties": {"clase": "verde"}, "geometry": {"type": "Polygon", "coordinates": [[[-70.38537, -23.59393], [-70.38513, -23.59394], [-70.38516, -23.59433], [-70.3854, -23.59432], [-70.38537, -23.59393]]]}}, {"type": "Feature", "properties": {"clase": "verde"}, "geometry": {"type": "Polygon", "coordinates": [[[-70.38771, -23.59232], [-70.38753, -23.59232], [-70.38753, -23.59243], [-70.38781, -23.59266], [-70.38771, -23.59232]]]}}, {"type": "Feature", "properties": {"clase": "verde"}, "geometry": {"type": "Polygon", "coordinates": [[[-70.37366, -23.58585], [-70.3738, -23.58633], [-70.37352, -23.58625], [-70.37366, -23.58585]]]}}, {"type": "Feature", "properties": {"clase": "verde"}, "geometry": {"type": "Polygon", "coordinates": [[[-70.37358, -23.58548], [-70.37343, -23.5855], [-70.37347, -23.58576], [-70.37363, -23.58574], [-70.37358, -23.58548]]]}}, {"type": "Feature", "properties": {"clase": "verde"}, "geometry": {"type": "Polygon", "coordinates": [[[-70.37505, -23.58503], [-70.37521, -23.58522], [-70.37505, -23.58503]]]}}, {"type": "Feature", "properties": {"clase": "verde"}, "geometry": {"type": "Polygon", "coordinates": [[[-70.37544, -23.58547], [-70.37554, -23.58565], [-70.37544, -23.58547]]]}}, {"type": "Feature", "properties": {"clase": "verde"}, "geometry": {"type": "Polygon", "coordinates": [[[-70.3757, -23.58576], [-70.37553, -23.58556], [-70.3757, -23.58576]]]}}, {"type": "Feature", "properties": {"clase": "verde"}, "geometry": {"type": "Polygon", "coordinates": [[[-70.37521, -23.59007], [-70.37495, -23.59006], [-70.37495, -23.59022], [-70.3752, -23.59023], [-70.37521, -23.59007]]]}}, {"type": "Feature", "properties": {"clase": "verde"}, "geometry": {"type": "Polygon", "coordinates": [[[-70.37646, -23.59056], [-70.37626, -23.59055], [-70.37625, -23.59084], [-70.37645, -23.59084], [-70.37646, -23.59056]]]}}, {"type": "Feature", "properties": {"clase": "verde"}, "geometry": {"type": "Polygon", "coordinates": [[[-70.38274, -23.59678], [-70.38256, -23.59679], [-70.38258, -23.59706], [-70.38275, -23.59706], [-70.38274, -23.59678]]]}}, {"type": "Feature", "properties": {"clase": "verde"}, "geometry": {"type": "Polygon", "coordinates": [[[-70.39389, -23.58606], [-70.39374, -23.58611], [-70.39384, -23.58653], [-70.39389, -23.58606]]]}}, {"type": "Feature", "properties": {"clase": "verde"}, "geometry": {"type": "Polygon", "coordinates": [[[-70.39398, -23.58603], [-70.39397, -23.58647], [-70.39435, -23.58633], [-70.39398, -23.58603]]]}}, {"type": "Feature", "properties": {"clase": "verde"}, "geometry": {"type": "Polygon", "coordinates": [[[-70.39393, -23.58657], [-70.39411, -23.587], [-70.39393, -23.58657]]]}}, {"type": "Feature", "properties": {"clase": "verde"}, "geometry": {"type": "Polygon", "coordinates": [[[-70.39439, -23.5864], [-70.394, -23.58654], [-70.39418, -23.58697], [-70.39452, -23.58685], [-70.39439, -23.5864]]]}}, {"type": "Feature", "properties": {"clase": "verde"}, "geometry": {"type": "Polygon", "coordinates": [[[-70.39485, -23.58656], [-70.39467, -23.58656], [-70.39467, -23.58682], [-70.39486, -23.58682], [-70.39485, -23.58656]]]}}, {"type": "Feature", "properties": {"clase": "verde"}, "geometry": {"type": "Polygon", "coordinates": [[[-70.39452, -23.58639], [-70.39458, -23.58656], [-70.39484, -23.58646], [-70.39477, -23.5863], [-70.39452, -23.58639]]]}}, {"type": "Feature", "properties": {"clase": "verde"}, "geometry": {"type": "Polygon", "coordinates": [[[-70.39257, -23.60303], [-70.39277, -23.60306], [-70.39268, -23.60347], [-70.39249, -23.60342], [-70.39257, -23.60303]]]}}, {"type": "Feature", "properties": {"clase": "verde"}, "geometry": {"type": "Polygon", "coordinates": [[[-70.4018, -23.66265], [-70.40144, -23.66271], [-70.40148, -23.66367], [-70.40225, -23.66364], [-70.4018, -23.66265]]]}}, {"type": "Feature", "properties": {"clase": "verde"}, "geometry": {"type": "Polygon", "coordinates": [[[-70.40153, -23.66204], [-70.40142, -23.66186], [-70.40146, -23.66253], [-70.40174, -23.66256], [-70.40153, -23.66204]]]}}, {"type": "Feature", "properties": {"clase": "verde"}, "geometry": {"type": "Polygon", "coordinates": [[[-70.40129, -23.66171], [-70.40112, -23.66162], [-70.40129, -23.66171]]]}}, {"type": "Feature", "properties": {"clase": "verde"}, "geometry": {"type": "Polygon", "coordinates": [[[-70.39187, -23.6018], [-70.39202, -23.60136], [-70.39175, -23.60133], [-70.39166, -23.60176], [-70.39187, -23.6018]]]}}, {"type": "Feature", "properties": {"clase": "verde"}, "geometry": {"type": "Polygon", "coordinates": [[[-70.38521, -23.60098], [-70.38529, -23.59909], [-70.38498, -23.59909], [-70.38508, -23.60093], [-70.38476, -23.6039], [-70.38499, -23.60381], [-70.38521, -23.60098]]]}}, {"type": "Feature", "properties": {"clase": "verde"}, "geometry": {"type": "Polygon", "coordinates": [[[-70.3859, -23.62889], [-70.38694, -23.62896], [-70.387, -23.62859], [-70.38597, -23.62857], [-70.3859, -23.62889]]]}}, {"type": "Feature", "properties": {"clase": "verde"}, "geometry": {"type": "Polygon", "coordinates": [[[-70.38124, -23.61376], [-70.38171, -23.61354], [-70.38204, -23.61353], [-70.38197, -23.61457], [-70.38179, -23.61461], [-70.38124, -23.61376]]]}}, {"type": "Feature", "properties": {"clase": "verde"}, "geometry": {"type": "Polygon", "coordinates": [[[-70.39295, -23.65766], [-70.39251, -23.6581], [-70.39231, -23.65783], [-70.3927, -23.65742], [-70.39295, -23.65766]]]}}, {"type": "Feature", "properties": {"clase": "verde"}, "geometry": {"type": "Polygon", "coordinates": [[[-70.42321, -23.70191], [-70.42324, -23.70164], [-70.42298, -23.70109], [-70.42321, -23.70191]]]}}, {"type": "Feature", "properties": {"clase": "verde"}, "geometry": {"type": "Polygon", "coordinates": [[[-70.42288, -23.70104], [-70.42281, -23.70069], [-70.42298, -23.70095], [-70.42288, -23.70104]]]}}, {"type": "Feature", "properties": {"clase": "verde"}, "geometry": {"type": "Polygon", "coordinates": [[[-70.42219, -23.69715], [-70.42207, -23.69723], [-70.42204, -23.69704], [-70.42219, -23.69715]]]}}, {"type": "Feature", "properties": {"clase": "verde"}, "geometry": {"type": "Polygon", "coordinates": [[[-70.42197, -23.69547], [-70.42182, -23.69556], [-70.42175, -23.69498], [-70.4218, -23.6953], [-70.42197, -23.69547]]]}}, {"type": "Feature", "properties": {"clase": "verde"}, "geometry": {"type": "Polygon", "coordinates": [[[-70.40841, -23.67131], [-70.40829, -23.67143], [-70.40874, -23.67169], [-70.40841, -23.67131]]]}}, {"type": "Feature", "properties": {"clase": "verde"}, "geometry": {"type": "Polygon", "coordinates": [[[-70.40893, -23.68221], [-70.409, -23.68233], [-70.40893, -23.68221]]]}}, {"type": "Feature", "properties": {"clase": "verde"}, "geometry": {"type": "Polygon", "coordinates": [[[-70.40931, -23.6826], [-70.40947, -23.68343], [-70.40946, -23.68294], [-70.40931, -23.6826]]]}}, {"type": "Feature", "properties": {"clase": "verde"}, "geometry": {"type": "Polygon", "coordinates": [[[-70.40963, -23.68337], [-70.4094, -23.68256], [-70.40959, -23.68287], [-70.40963, -23.68337]]]}}, {"type": "Feature", "properties": {"clase": "verde"}, "geometry": {"type": "Polygon", "coordinates": [[[-70.40948, -23.68351], [-70.40941, -23.68423], [-70.40948, -23.68351]]]}}, {"type": "Feature", "properties": {"clase": "verde"}, "geometry": {"type": "Polygon", "coordinates": [[[-70.40964, -23.68346], [-70.40954, -23.68422], [-70.40964, -23.68429], [-70.40964, -23.68346]]]}}, {"type": "Feature", "properties": {"clase": "verde"}, "geometry": {"type": "Polygon", "coordinates": [[[-70.40962, -23.68439], [-70.40955, -23.68431], [-70.40956, -23.68464], [-70.40962, -23.68439]]]}}, {"type": "Feature", "properties": {"clase": "verde"}, "geometry": {"type": "Polygon", "coordinates": [[[-70.40971, -23.68499], [-70.40959, -23.68486], [-70.40987, -23.68561], [-70.40971, -23.68499]]]}}, {"type": "Feature", "properties": {"clase": "verde"}, "geometry": {"type": "Polygon", "coordinates": [[[-70.41165, -23.69793], [-70.41125, -23.6976], [-70.41165, -23.69793]]]}}, {"type": "Feature", "properties": {"clase": "verde"}, "geometry": {"type": "Polygon", "coordinates": [[[-70.41084, -23.69714], [-70.4105, -23.69679], [-70.41084, -23.69714]]]}}, {"type": "Feature", "properties": {"clase": "verde"}, "geometry": {"type": "Polygon", "coordinates": [[[-70.41046, -23.69661], [-70.41031, -23.69595], [-70.41046, -23.69661]]]}}, {"type": "Feature", "properties": {"clase": "verde"}, "geometry": {"type": "Polygon", "coordinates": [[[-70.41033, -23.69584], [-70.4103, -23.6952], [-70.41033, -23.69584]]]}}, {"type": "Feature", "properties": {"clase": "verde"}, "geometry": {"type": "Polygon", "coordinates": [[[-70.41028, -23.69502], [-70.41021, -23.69417], [-70.41028, -23.69502]]]}}, {"type": "Feature", "properties": {"clase": "verde"}, "geometry": {"type": "Polygon", "coordinates": [[[-70.4102, -23.69399], [-70.41012, -23.69329], [-70.4102, -23.69399]]]}}, {"type": "Feature", "properties": {"clase": "verde"}, "geometry": {"type": "Polygon", "coordinates": [[[-70.41017, -23.69289], [-70.41013, -23.69254], [-70.41017, -23.69289]]]}}, {"type": "Feature", "properties": {"clase": "verde"}, "geometry": {"type": "Polygon", "coordinates": [[[-70.41016, -23.69202], [-70.41012, -23.69129], [-70.41016, -23.69202]]]}}, {"type": "Feature", "properties": {"clase": "verde"}, "geometry": {"type": "Polygon", "coordinates": [[[-70.41014, -23.69114], [-70.41011, -23.69036], [-70.41014, -23.69114]]]}}, {"type": "Feature", "properties": {"clase": "verde"}, "geometry": {"type": "Polygon", "coordinates": [[[-70.41014, -23.69021], [-70.41009, -23.68902], [-70.41014, -23.69021]]]}}, {"type": "Feature", "properties": {"clase": "verde"}, "geometry": {"type": "Polygon", "coordinates": [[[-70.41012, -23.68886], [-70.41003, -23.68779], [-70.41012, -23.68886]]]}}, {"type": "Feature", "properties": {"clase": "verde"}, "geometry": {"type": "Polygon", "coordinates": [[[-70.41006, -23.68766], [-70.40993, -23.68616], [-70.41006, -23.68766]]]}}, {"type": "Feature", "properties": {"clase": "verde"}, "geometry": {"type": "Polygon", "coordinates": [[[-70.41732, -23.69485], [-70.41669, -23.69482], [-70.41732, -23.69485]]]}}, {"type": "Feature", "properties": {"clase": "verde"}, "geometry": {"type": "Polygon", "coordinates": [[[-70.41816, -23.6949], [-70.41766, -23.69487], [-70.41816, -23.6949]]]}}, {"type": "Feature", "properties": {"clase": "verde"}, "geometry": {"type": "Polygon", "coordinates": [[[-70.41886, -23.69494], [-70.41848, -23.69492], [-70.41886, -23.69494]]]}}, {"type": "Feature", "properties": {"clase": "verde"}, "geometry": {"type": "Polygon", "coordinates": [[[-70.41965, -23.69499], [-70.41918, -23.69496], [-70.41965, -23.69499]]]}}, {"type": "Feature", "properties": {"clase": "verde"}, "geometry": {"type": "Polygon", "coordinates": [[[-70.42037, -23.69503], [-70.41995, -23.69501], [-70.42037, -23.69503]]]}}, {"type": "Feature", "properties": {"clase": "verde"}, "geometry": {"type": "Polygon", "coordinates": [[[-70.42128, -23.69509], [-70.42065, -23.69508], [-70.42128, -23.69509]]]}}, {"type": "Feature", "properties": {"clase": "verde"}, "geometry": {"type": "Polygon", "coordinates": [[[-70.41689, -23.69611], [-70.41671, -23.69605], [-70.41681, -23.69573], [-70.41689, -23.69611]]]}}, {"type": "Feature", "properties": {"clase": "verde"}, "geometry": {"type": "Polygon", "coordinates": [[[-70.42102, -23.69389], [-70.42096, -23.69307], [-70.42088, -23.69285], [-70.42075, -23.69287], [-70.42085, -23.69323], [-70.42032, -23.6934], [-70.42032, -23.6935], [-70.42046, -23.69342], [-70.42095, -23.69354], [-70.42102, -23.69389]]]}}, {"type": "Feature", "properties": {"clase": "verde"}, "geometry": {"type": "Polygon", "coordinates": [[[-70.41851, -23.68992], [-70.41838, -23.68997], [-70.41847, -23.6902], [-70.41861, -23.69015], [-70.41851, -23.68992]]]}}, {"type": "Feature", "properties": {"clase": "verde"}, "geometry": {"type": "Polygon", "coordinates": [[[-70.41929, -23.68965], [-70.41941, -23.68996], [-70.41929, -23.68965]]]}}, {"type": "Feature", "properties": {"clase": "verde"}, "geometry": {"type": "Polygon", "coordinates": [[[-70.41763, -23.6891], [-70.41723, -23.68923], [-70.41757, -23.68982], [-70.41786, -23.68971], [-70.41763, -23.6891]]]}}, {"type": "Feature", "properties": {"clase": "verde"}, "geometry": {"type": "Polygon", "coordinates": [[[-70.41758, -23.68811], [-70.4173, -23.68827], [-70.41712, -23.68802], [-70.41731, -23.68819], [-70.41758, -23.68811]]]}}, {"type": "Feature", "properties": {"clase": "verde"}, "geometry": {"type": "Polygon", "coordinates": [[[-70.41683, -23.68751], [-70.41693, -23.68776], [-70.41683, -23.68751]]]}}, {"type": "Feature", "properties": {"clase": "verde"}, "geometry": {"type": "Polygon", "coordinates": [[[-70.41734, -23.6857], [-70.41721, -23.6858], [-70.41738, -23.68597], [-70.41752, -23.68587], [-70.41734, -23.6857]]]}}, {"type": "Feature", "properties": {"clase": "verde"}, "geometry": {"type": "Polygon", "coordinates": [[[-70.41908, -23.68783], [-70.4189, -23.68789], [-70.41896, -23.68802], [-70.41885, -23.68808], [-70.41921, -23.68807], [-70.41908, -23.68783]]]}}, {"type": "Feature", "properties": {"clase": "verde"}, "geometry": {"type": "Polygon", "coordinates": [[[-70.41864, -23.68723], [-70.41836, -23.6874], [-70.4184, -23.68751], [-70.41872, -23.68734], [-70.41864, -23.68723]]]}}, {"type": "Feature", "properties": {"clase": "verde"}, "geometry": {"type": "Polygon", "coordinates": [[[-70.41425, -23.68719], [-70.41413, -23.68706], [-70.41488, -23.68949], [-70.41492, -23.69049], [-70.416, -23.69397], [-70.41587, -23.69313], [-70.41501, -23.69051], [-70.41489, -23.68925], [-70.41425, -23.68719]]]}}, {"type": "Feature", "properties": {"clase": "verde"}, "geometry": {"type": "Polygon", "coordinates": [[[-70.4125, -23.68289], [-70.41251, -23.68315], [-70.4125, -23.68289]]]}}, {"type": "Feature", "properties": {"clase": "verde"}, "geometry": {"type": "Polygon", "coordinates": [[[-70.4126, -23.68319], [-70.41261, -23.6833], [-70.4126, -23.68319]]]}}, {"type": "Feature", "properties": {"clase": "verde"}, "geometry": {"type": "Polygon", "coordinates": [[[-70.41221, -23.68297], [-70.41304, -23.68414], [-70.41221, -23.68297]]]}}, {"type": "Feature", "properties": {"clase": "verde"}, "geometry": {"type": "Polygon", "coordinates": [[[-70.40732, -23.66963], [-70.40717, -23.66969], [-70.40722, -23.6698], [-70.40739, -23.66981], [-70.40732, -23.66963]]]}}, {"type": "Feature", "properties": {"clase": "verde"}, "geometry": {"type": "Polygon", "coordinates": [[[-70.40737, -23.6694], [-70.40743, -23.66954], [-70.40737, -23.6694]]]}}, {"type": "Feature", "properties": {"clase": "verde"}, "geometry": {"type": "Polygon", "coordinates": [[[-70.40195, -23.65609], [-70.40182, -23.6561], [-70.4018, -23.65576], [-70.40225, -23.65574], [-70.40229, -23.65607], [-70.40216, -23.65607], [-70.40214, -23.65583], [-70.40197, -23.65584], [-70.40195, -23.65609]]]}}, {"type": "Feature", "properties": {"clase": "verde"}, "geometry": {"type": "Polygon", "coordinates": [[[-70.4025, -23.65505], [-70.4024, -23.65497], [-70.40242, -23.65514], [-70.40257, -23.65514], [-70.4025, -23.65505]]]}}, {"type": "Feature", "properties": {"clase": "verde"}, "geometry": {"type": "Polygon", "coordinates": [[[-70.40251, -23.65536], [-70.40243, -23.65531], [-70.40246, -23.65554], [-70.40251, -23.65536]]]}}, {"type": "Feature", "properties": {"clase": "verde"}, "geometry": {"type": "Polygon", "coordinates": [[[-70.40255, -23.67701], [-70.40251, -23.67711], [-70.40236, -23.677], [-70.40255, -23.67701]]]}}, {"type": "Feature", "properties": {"clase": "verde"}, "geometry": {"type": "Polygon", "coordinates": [[[-70.39838, -23.67463], [-70.39828, -23.67457], [-70.39846, -23.6745], [-70.39838, -23.67463]]]}}, {"type": "Feature", "properties": {"clase": "verde"}, "geometry": {"type": "Polygon", "coordinates": [[[-70.39864, -23.6744], [-70.39854, -23.67441], [-70.39864, -23.6744]]]}}, {"type": "Feature", "properties": {"clase": "verde"}, "geometry": {"type": "Polygon", "coordinates": [[[-70.40073, -23.67509], [-70.40043, -23.67505], [-70.4005, -23.67494], [-70.40073, -23.67509]]]}}, {"type": "Feature", "properties": {"clase": "verde"}, "geometry": {"type": "Polygon", "coordinates": [[[-70.39803, -23.65171], [-70.39785, -23.6519], [-70.39723, -23.65144], [-70.39745, -23.65124], [-70.39769, -23.6516], [-70.39803, -23.65171]]]}}, {"type": "Feature", "properties": {"clase": "verde"}, "geometry": {"type": "Polygon", "coordinates": [[[-70.3982, -23.65159], [-70.39804, -23.65147], [-70.3982, -23.65159]]]}}, {"type": "Feature", "properties": {"clase": "verde"}, "geometry": {"type": "Polygon", "coordinates": [[[-70.39758, -23.65117], [-70.39758, -23.65108], [-70.39758, -23.65117]]]}}, {"type": "Feature", "properties": {"clase": "verde"}, "geometry": {"type": "Polygon", "coordinates": [[[-70.39841, -23.64638], [-70.39835, -23.64653], [-70.39828, -23.64648], [-70.39841, -23.64638]]]}}, {"type": "Feature", "properties": {"clase": "verde"}, "geometry": {"type": "Polygon", "coordinates": [[[-70.39798, -23.64665], [-70.39787, -23.64679], [-70.39798, -23.64665]]]}}, {"type": "Feature", "properties": {"clase": "verde"}, "geometry": {"type": "Polygon", "coordinates": [[[-70.39785, -23.64633], [-70.3975, -23.64635], [-70.39767, -23.64616], [-70.39785, -23.64633]]]}}, {"type": "Feature", "properties": {"clase": "verde"}, "geometry": {"type": "Polygon", "coordinates": [[[-70.39825, -23.64608], [-70.39817, -23.64617], [-70.398, -23.6461], [-70.39799, -23.64595], [-70.39825, -23.64608]]]}}, {"type": "Feature", "properties": {"clase": "verde"}, "geometry": {"type": "Polygon", "coordinates": [[[-70.39796, -23.6461], [-70.39774, -23.6461], [-70.39789, -23.64594], [-70.39796, -23.6461]]]}}, {"type": "Feature", "properties": {"clase": "verde"}, "geometry": {"type": "Polygon", "coordinates": [[[-70.39696, -23.64647], [-70.3968, -23.64631], [-70.39696, -23.64647]]]}}, {"type": "Feature", "properties": {"clase": "verde"}, "geometry": {"type": "Polygon", "coordinates": [[[-70.3962, -23.62859], [-70.39549, -23.62861], [-70.3962, -23.62859]]]}}, {"type": "Feature", "properties": {"clase": "verde"}, "geometry": {"type": "Polygon", "coordinates": [[[-70.395, -23.62856], [-70.39431, -23.62854], [-70.395, -23.62856]]]}}, {"type": "Feature", "properties": {"clase": "verde"}, "geometry": {"type": "Polygon", "coordinates": [[[-70.38864, -23.62833], [-70.38768, -23.62837], [-70.38864, -23.62833]]]}}, {"type": "Feature", "properties": {"clase": "verde"}, "geometry": {"type": "Polygon", "coordinates": [[[-70.387, -23.62856], [-70.38695, -23.62873], [-70.3863, -23.62866], [-70.38631, -23.62857], [-70.387, -23.62856]]]}}, {"type": "Feature", "properties": {"clase": "verde"}, "geometry": {"type": "Polygon", "coordinates": [[[-70.38699, -23.62877], [-70.38698, -23.62894], [-70.38628, -23.6289], [-70.38631, -23.62874], [-70.38699, -23.62877]]]}}, {"type": "Feature", "properties": {"clase": "verde"}, "geometry": {"type": "Polygon", "coordinates": [[[-70.38693, -23.6284], [-70.38156, -23.62868], [-70.38693, -23.6284]]]}}, {"type": "Feature", "properties": {"clase": "verde"}, "geometry": {"type": "Polygon", "coordinates": [[[-70.38053, -23.62872], [-70.37999, -23.62875], [-70.38053, -23.62872]]]}}, {"type": "Feature", "properties": {"clase": "verde"}, "geometry": {"type": "Polygon", "coordinates": [[[-70.38534, -23.59444], [-70.38518, -23.59445], [-70.38521, -23.5947], [-70.38536, -23.59468], [-70.38534, -23.59444]]]}}, {"type": "Feature", "properties": {"clase": "verde"}, "geometry": {"type": "Polygon", "coordinates": [[[-70.38282, -23.57641], [-70.38259, -23.57639], [-70.38258, -23.5765], [-70.38281, -23.57652], [-70.38282, -23.57641]]]}}, {"type": "Feature", "properties": {"clase": "verde"}, "geometry": {"type": "Polygon", "coordinates": [[[-70.3828, -23.57659], [-70.38258, -23.57657], [-70.38257, -23.57667], [-70.38279, -23.57669], [-70.3828, -23.57659]]]}}, {"type": "Feature", "properties": {"clase": "verde"}, "geometry": {"type": "Polygon", "coordinates": [[[-70.38311, -23.57649], [-70.38292, -23.5765], [-70.38311, -23.57649]]]}}, {"type": "Feature", "properties": {"clase": "verde"}, "geometry": {"type": "Polygon", "coordinates": [[[-70.38339, -23.57646], [-70.38317, -23.57644], [-70.38314, -23.57667], [-70.38337, -23.57669], [-70.38339, -23.57646]]]}}, {"type": "Feature", "properties": {"clase": "verde"}, "geometry": {"type": "Polygon", "coordinates": [[[-70.396, -23.59374], [-70.39598, -23.5939], [-70.3964, -23.59397], [-70.39646, -23.5938], [-70.3963, -23.59395], [-70.39621, -23.59375], [-70.396, -23.59374]]]}}, {"type": "Feature", "properties": {"clase": "verde"}, "geometry": {"type": "Polygon", "coordinates": [[[-70.38898, -23.60325], [-70.38895, -23.6035], [-70.38882, -23.60348], [-70.38898, -23.60325]]]}}, {"type": "Feature", "properties": {"clase": "verde"}, "geometry": {"type": "Polygon", "coordinates": [[[-70.38922, -23.6018], [-70.3893, -23.60102], [-70.38922, -23.6018]]]}}, {"type": "Feature", "properties": {"clase": "verde"}, "geometry": {"type": "Polygon", "coordinates": [[[-70.37876, -23.59439], [-70.37864, -23.59439], [-70.37864, -23.59419], [-70.37876, -23.59418], [-70.37876, -23.59439]]]}}, {"type": "Feature", "properties": {"clase": "verde"}, "geometry": {"type": "Polygon", "coordinates": [[[-70.37194, -23.59444], [-70.37168, -23.59445], [-70.37169, -23.59485], [-70.37195, -23.59484], [-70.37194, -23.59444]]]}}, {"type": "Feature", "properties": {"clase": "verde"}, "geometry": {"type": "Polygon", "coordinates": [[[-70.38543, -23.59495], [-70.38534, -23.59525], [-70.38543, -23.59495]]]}}, {"type": "Feature", "properties": {"clase": "verde"}, "geometry": {"type": "Polygon", "coordinates": [[[-70.38545, -23.5952], [-70.38543, -23.59548], [-70.38545, -23.5952]]]}}, {"type": "Feature", "properties": {"clase": "verde"}, "geometry": {"type": "Polygon", "coordinates": [[[-70.38544, -23.5955], [-70.38535, -23.59565], [-70.38544, -23.5955]]]}}, {"type": "Feature", "properties": {"clase": "verde"}, "geometry": {"type": "Polygon", "coordinates": [[[-70.38542, -23.59569], [-70.38533, -23.59585], [-70.38543, -23.59586], [-70.38542, -23.59569]]]}}, {"type": "Feature", "properties": {"clase": "verde"}, "geometry": {"type": "Polygon", "coordinates": [[[-70.38543, -23.59589], [-70.38533, -23.59588], [-70.38532, -23.59619], [-70.38542, -23.59615], [-70.38543, -23.59589]]]}}, {"type": "Feature", "properties": {"clase": "verde"}, "geometry": {"type": "Polygon", "coordinates": [[[-70.38533, -23.59549], [-70.38523, -23.59547], [-70.38525, -23.5958], [-70.38533, -23.59549]]]}}, {"type": "Feature", "properties": {"clase": "verde"}, "geometry": {"type": "Polygon", "coordinates": [[[-70.38503, -23.59813], [-70.38484, -23.59813], [-70.38484, -23.59826], [-70.38497, -23.59827], [-70.38503, -23.59813]]]}}, {"type": "Feature", "properties": {"clase": "verde"}, "geometry": {"type": "Polygon", "coordinates": [[[-70.38494, -23.5983], [-70.38484, -23.59833], [-70.38494, -23.5983]]]}}, {"type": "Feature", "properties": {"clase": "verde"}, "geometry": {"type": "Polygon", "coordinates": [[[-70.38533, -23.5982], [-70.38524, -23.59852], [-70.38533, -23.5982]]]}}, {"type": "Feature", "properties": {"clase": "verde"}, "geometry": {"type": "Polygon", "coordinates": [[[-70.38531, -23.59856], [-70.38513, -23.59892], [-70.3853, -23.5989], [-70.38531, -23.59856]]]}}, {"type": "Feature", "properties": {"clase": "verde"}, "geometry": {"type": "Polygon", "coordinates": [[[-70.38509, -23.59865], [-70.38504, -23.5989], [-70.38499, -23.59861], [-70.38509, -23.59865]]]}}, {"type": "Feature", "properties": {"clase": "verde"}, "geometry": {"type": "Polygon", "coordinates": [[[-70.38526, -23.59909], [-70.3851, -23.5991], [-70.3851, -23.59934], [-70.38526, -23.59933], [-70.38526, -23.59909]]]}}, {"type": "Feature", "properties": {"clase": "verde"}, "geometry": {"type": "Polygon", "coordinates": [[[-70.38525, -23.59935], [-70.3851, -23.59937], [-70.38513, -23.59973], [-70.38524, -23.59972], [-70.38525, -23.59935]]]}}, {"type": "Feature", "properties": {"clase": "verde"}, "geometry": {"type": "Polygon", "coordinates": [[[-70.38524, -23.59975], [-70.38514, -23.59976], [-70.38516, -23.60012], [-70.38524, -23.59975]]]}}, {"type": "Feature", "properties": {"clase": "verde"}, "geometry": {"type": "Polygon", "coordinates": [[[-70.38524, -23.60014], [-70.38517, -23.60051], [-70.38524, -23.60014]]]}}, {"type": "Feature", "properties": {"clase": "verde"}, "geometry": {"type": "Polygon", "coordinates": [[[-70.38522, -23.60054], [-70.38518, -23.60097], [-70.38522, -23.60054]]]}}, {"type": "Feature", "properties": {"clase": "verde"}, "geometry": {"type": "Polygon", "coordinates": [[[-70.38519, -23.60112], [-70.38516, -23.60129], [-70.38519, -23.60112]]]}}, {"type": "Feature", "properties": {"clase": "verde"}, "geometry": {"type": "Polygon", "coordinates": [[[-70.38518, -23.60134], [-70.38515, -23.60149], [-70.38518, -23.60134]]]}}, {"type": "Feature", "properties": {"clase": "verde"}, "geometry": {"type": "Polygon", "coordinates": [[[-70.38517, -23.60153], [-70.38513, -23.60168], [-70.38517, -23.60153]]]}}, {"type": "Feature", "properties": {"clase": "verde"}, "geometry": {"type": "Polygon", "coordinates": [[[-70.38517, -23.60171], [-70.38512, -23.60192], [-70.38517, -23.60171]]]}}, {"type": "Feature", "properties": {"clase": "verde"}, "geometry": {"type": "Polygon", "coordinates": [[[-70.38499, -23.60368], [-70.38489, -23.60366], [-70.38486, -23.60385], [-70.38499, -23.60368]]]}}, {"type": "Feature", "properties": {"clase": "verde"}, "geometry": {"type": "Polygon", "coordinates": [[[-70.385, -23.60327], [-70.38489, -23.60362], [-70.38497, -23.60364], [-70.385, -23.60327]]]}}, {"type": "Feature", "properties": {"clase": "verde"}, "geometry": {"type": "Polygon", "coordinates": [[[-70.38501, -23.60324], [-70.38504, -23.60288], [-70.38501, -23.60324]]]}}, {"type": "Feature", "properties": {"clase": "verde"}, "geometry": {"type": "Polygon", "coordinates": [[[-70.38508, -23.60249], [-70.38502, -23.60285], [-70.38508, -23.60249]]]}}, {"type": "Feature", "properties": {"clase": "verde"}, "geometry": {"type": "Polygon", "coordinates": [[[-70.38287, -23.57846], [-70.38292, -23.57857], [-70.38287, -23.57846]]]}}, {"type": "Feature", "properties": {"clase": "verde"}, "geometry": {"type": "Polygon", "coordinates": [[[-70.38288, -23.57832], [-70.38261, -23.57838], [-70.38252, -23.57826], [-70.38288, -23.57832]]]}}, {"type": "Feature", "properties": {"clase": "verde"}, "geometry": {"type": "Polygon", "coordinates": [[[-70.38227, -23.57818], [-70.38231, -23.57831], [-70.38227, -23.57818]]]}}, {"type": "Feature", "properties": {"clase": "verde"}, "geometry": {"type": "Polygon", "coordinates": [[[-70.38251, -23.57843], [-70.3823, -23.57838], [-70.38245, -23.57824], [-70.3826, -23.57839], [-70.38251, -23.57843]]]}}, {"type": "Feature", "properties": {"clase": "verde"}, "geometry": {"type": "Polygon", "coordinates": [[[-70.38245, -23.57794], [-70.38206, -23.57787], [-70.38232, -23.57777], [-70.38245, -23.57794]]]}}, {"type": "Feature", "properties": {"clase": "verde"}, "geometry": {"type": "Polygon", "coordinates": [[[-70.38306, -23.57819], [-70.38279, -23.57822], [-70.38248, -23.5779], [-70.38274, -23.57815], [-70.38306, -23.57819]]]}}, {"type": "Feature", "properties": {"clase": "verde"}, "geometry": {"type": "Polygon", "coordinates": [[[-70.38261, -23.57815], [-70.38237, -23.57811], [-70.38238, -23.57798], [-70.38261, -23.57815]]]}}, {"type": "Feature", "properties": {"clase": "verde"}, "geometry": {"type": "Polygon", "coordinates": [[[-70.37947, -23.58325], [-70.37925, -23.58323], [-70.37927, -23.58297], [-70.37947, -23.58325]]]}}, {"type": "Feature", "properties": {"clase": "verde"}, "geometry": {"type": "Polygon", "coordinates": [[[-70.38071, -23.57968], [-70.38057, -23.57967], [-70.38055, -23.57991], [-70.38069, -23.57992], [-70.38071, -23.57968]]]}}, {"type": "Feature", "properties": {"clase": "verde"}, "geometry": {"type": "Polygon", "coordinates": [[[-70.37888, -23.57957], [-70.37876, -23.57956], [-70.37874, -23.57976], [-70.37886, -23.57977], [-70.37888, -23.57957]]]}}, {"type": "Feature", "properties": {"clase": "verde"}, "geometry": {"type": "Polygon", "coordinates": [[[-70.37959, -23.57681], [-70.37924, -23.57679], [-70.37923, -23.57698], [-70.37958, -23.57699], [-70.37959, -23.57681]]]}}, {"type": "Feature", "properties": {"clase": "verde"}, "geometry": {"type": "Polygon", "coordinates": [[[-70.38041, -23.57776], [-70.38027, -23.57776], [-70.38026, -23.57797], [-70.38039, -23.57798], [-70.38041, -23.57776]]]}}, {"type": "Feature", "properties": {"clase": "verde"}, "geometry": {"type": "Polygon", "coordinates": [[[-70.38378, -23.57985], [-70.38362, -23.57982], [-70.38358, -23.58008], [-70.38374, -23.5801], [-70.38378, -23.57985]]]}}, {"type": "Feature", "properties": {"clase": "verde"}, "geometry": {"type": "Polygon", "coordinates": [[[-70.37334, -23.58439], [-70.37319, -23.58432], [-70.37328, -23.58422], [-70.37334, -23.58439]]]}}, {"type": "Feature", "properties": {"clase": "verde"}, "geometry": {"type": "Polygon", "coordinates": [[[-70.37348, -23.58482], [-70.37331, -23.58469], [-70.37339, -23.58449], [-70.37348, -23.58482]]]}}, {"type": "Feature", "properties": {"clase": "verde"}, "geometry": {"type": "Polygon", "coordinates": [[[-70.37314, -23.58481], [-70.373, -23.58486], [-70.37314, -23.58481]]]}}, {"type": "Feature", "properties": {"clase": "verde"}, "geometry": {"type": "Polygon", "coordinates": [[[-70.373, -23.58523], [-70.37293, -23.5849], [-70.373, -23.58523]]]}}, {"type": "Feature", "properties": {"clase": "verde"}, "geometry": {"type": "Polygon", "coordinates": [[[-70.37283, -23.58587], [-70.37277, -23.58593], [-70.37283, -23.58587]]]}}, {"type": "Feature", "properties": {"clase": "verde"}, "geometry": {"type": "Polygon", "coordinates": [[[-70.37286, -23.58602], [-70.3729, -23.58617], [-70.37286, -23.58602]]]}}, {"type": "Feature", "properties": {"clase": "verde"}, "geometry": {"type": "Polygon", "coordinates": [[[-70.37282, -23.58601], [-70.37272, -23.58608], [-70.37282, -23.58601]]]}}, {"type": "Feature", "properties": {"clase": "verde"}, "geometry": {"type": "Polygon", "coordinates": [[[-70.37367, -23.58619], [-70.37355, -23.58625], [-70.37369, -23.5863], [-70.37367, -23.58619]]]}}, {"type": "Feature", "properties": {"clase": "verde"}, "geometry": {"type": "Polygon", "coordinates": [[[-70.37367, -23.58614], [-70.37366, -23.58592], [-70.37367, -23.58614]]]}}, {"type": "Feature", "properties": {"clase": "verde"}, "geometry": {"type": "Polygon", "coordinates": [[[-70.37493, -23.58493], [-70.37481, -23.58479], [-70.37493, -23.58493]]]}}, {"type": "Feature", "properties": {"clase": "verde"}, "geometry": {"type": "Polygon", "coordinates": [[[-70.37463, -23.58461], [-70.37434, -23.58429], [-70.37463, -23.58461]]]}}, {"type": "Feature", "properties": {"clase": "verde"}, "geometry": {"type": "Polygon", "coordinates": [[[-70.3804, -23.5883], [-70.38033, -23.58852], [-70.3804, -23.5883]]]}}, {"type": "Feature", "properties": {"clase": "verde"}, "geometry": {"type": "Polygon", "coordinates": [[[-70.37695, -23.59204], [-70.37665, -23.59213], [-70.37683, -23.59262], [-70.37713, -23.59253], [-70.37695, -23.59204]]]}}, {"type": "Feature", "properties": {"clase": "verde"}, "geometry": {"type": "Polygon", "coordinates": [[[-70.37932, -23.60004], [-70.37915, -23.60005], [-70.37917, -23.60032], [-70.37934, -23.60031], [-70.37932, -23.60004]]]}}, {"type": "Feature", "properties": {"clase": "verde"}, "geometry": {"type": "Polygon", "coordinates": [[[-70.37854, -23.60066], [-70.37853, -23.60012], [-70.37854, -23.60066]]]}}, {"type": "Feature", "properties": {"clase": "verde"}, "geometry": {"type": "Polygon", "coordinates": [[[-70.37723, -23.6007], [-70.37708, -23.60071], [-70.3771, -23.60096], [-70.37725, -23.60094], [-70.37723, -23.6007]]]}}, {"type": "Feature", "properties": {"clase": "verde"}, "geometry": {"type": "Polygon", "coordinates": [[[-70.38454, -23.60738], [-70.38435, -23.60732], [-70.38433, -23.60766], [-70.38454, -23.60738]]]}}, {"type": "Feature", "properties": {"clase": "verde"}, "geometry": {"type": "Polygon", "coordinates": [[[-70.38466, -23.60699], [-70.38448, -23.60695], [-70.38436, -23.60729], [-70.38455, -23.60735], [-70.38466, -23.60699]]]}}, {"type": "Feature", "properties": {"clase": "verde"}, "geometry": {"type": "Polygon", "coordinates": [[[-70.38469, -23.60658], [-70.38458, -23.60656], [-70.38448, -23.60692], [-70.38464, -23.60696], [-70.38469, -23.60658]]]}}, {"type": "Feature", "properties": {"clase": "verde"}, "geometry": {"type": "Polygon", "coordinates": [[[-70.38468, -23.60656], [-70.38459, -23.60655], [-70.38472, -23.60619], [-70.38468, -23.60656]]]}}, {"type": "Feature", "properties": {"clase": "verde"}, "geometry": {"type": "Polygon", "coordinates": [[[-70.38474, -23.60616], [-70.38475, -23.6058], [-70.38474, -23.60616]]]}}, {"type": "Feature", "properties": {"clase": "verde"}, "geometry": {"type": "Polygon", "coordinates": [[[-70.38672, -23.60606], [-70.38643, -23.60589], [-70.38634, -23.60603], [-70.38663, -23.60619], [-70.38672, -23.60606]]]}}, {"type": "Feature", "properties": {"clase": "verde"}, "geometry": {"type": "Polygon", "coordinates": [[[-70.38114, -23.61161], [-70.38079, -23.6114], [-70.38114, -23.61161]]]}}, {"type": "Feature", "properties": {"clase": "verde"}, "geometry": {"type": "Polygon", "coordinates": [[[-70.38217, -23.61225], [-70.38131, -23.61175], [-70.38217, -23.61225]]]}}, {"type": "Feature", "properties": {"clase": "verde"}, "geometry": {"type": "Polygon", "coordinates": [[[-70.38062, -23.61134], [-70.38037, -23.61117], [-70.38062, -23.61134]]]}}, {"type": "Feature", "properties": {"clase": "verde"}, "geometry": {"type": "Polygon", "coordinates": [[[-70.38025, -23.61112], [-70.37992, -23.61108], [-70.38025, -23.61112]]]}}, {"type": "Feature", "properties": {"clase": "verde"}, "geometry": {"type": "Polygon", "coordinates": [[[-70.3797, -23.61105], [-70.37906, -23.61102], [-70.3797, -23.61105]]]}}, {"type": "Feature", "properties": {"clase": "verde"}, "geometry": {"type": "Polygon", "coordinates": [[[-70.38481, -23.61324], [-70.38403, -23.61326], [-70.38481, -23.61324]]]}}, {"type": "Feature", "properties": {"clase": "verde"}, "geometry": {"type": "Polygon", "coordinates": [[[-70.37955, -23.60747], [-70.37941, -23.60751], [-70.3795, -23.60658], [-70.37946, -23.60738], [-70.37955, -23.60747]]]}}, {"type": "Feature", "properties": {"clase": "verde"}, "geometry": {"type": "Polygon", "coordinates": [[[-70.38515, -23.60636], [-70.38503, -23.60635], [-70.38501, -23.60656], [-70.38513, -23.60657], [-70.38515, -23.60636]]]}}, {"type": "Feature", "properties": {"clase": "agua"}, "geometry": {"type": "Polygon", "coordinates": [[[-70.3722, -23.60611], [-70.37235, -23.60616], [-70.37228, -23.6063], [-70.37215, -23.60626], [-70.3722, -23.60611]]]}}, {"type": "Feature", "properties": {"clase": "verde"}, "geometry": {"type": "Polygon", "coordinates": [[[-70.37306, -23.60559], [-70.37295, -23.6056], [-70.3729, -23.60536], [-70.37306, -23.60559]]]}}, {"type": "Feature", "properties": {"clase": "verde"}, "geometry": {"type": "Polygon", "coordinates": [[[-70.37255, -23.60434], [-70.37241, -23.60435], [-70.37244, -23.60459], [-70.37258, -23.60458], [-70.37255, -23.60434]]]}}, {"type": "Feature", "properties": {"clase": "verde"}, "geometry": {"type": "Polygon", "coordinates": [[[-70.37477, -23.60625], [-70.37441, -23.60626], [-70.37443, -23.60679], [-70.37478, -23.60678], [-70.37477, -23.60625]]]}}, {"type": "Feature", "properties": {"clase": "verde"}, "geometry": {"type": "Polygon", "coordinates": [[[-70.3779, -23.62076], [-70.37796, -23.62086], [-70.37776, -23.62096], [-70.3777, -23.62086], [-70.3779, -23.62076]]]}}, {"type": "Feature", "properties": {"clase": "verde"}, "geometry": {"type": "Polygon", "coordinates": [[[-70.37807, -23.62035], [-70.3779, -23.62038], [-70.37796, -23.62064], [-70.37812, -23.62061], [-70.37807, -23.62035]]]}}, {"type": "Feature", "properties": {"clase": "verde"}, "geometry": {"type": "Polygon", "coordinates": [[[-70.37834, -23.6205], [-70.37822, -23.62056], [-70.37832, -23.62072], [-70.37843, -23.62066], [-70.37834, -23.6205]]]}}, {"type": "Feature", "properties": {"clase": "verde"}, "geometry": {"type": "Polygon", "coordinates": [[[-70.3876, -23.62381], [-70.38707, -23.62299], [-70.3876, -23.62381]]]}}, {"type": "Feature", "properties": {"clase": "verde"}, "geometry": {"type": "Polygon", "coordinates": [[[-70.37914, -23.62608], [-70.37897, -23.62617], [-70.37919, -23.62643], [-70.37932, -23.62637], [-70.37914, -23.62608]]]}}, {"type": "Feature", "properties": {"clase": "verde"}, "geometry": {"type": "Polygon", "coordinates": [[[-70.38001, -23.62548], [-70.37992, -23.6256], [-70.38013, -23.62573], [-70.38001, -23.62548]]]}}, {"type": "Feature", "properties": {"clase": "verde"}, "geometry": {"type": "Polygon", "coordinates": [[[-70.39642, -23.62605], [-70.39641, -23.62741], [-70.39642, -23.62605]]]}}, {"type": "Feature", "properties": {"clase": "verde"}, "geometry": {"type": "Polygon", "coordinates": [[[-70.39051, -23.62176], [-70.3902, -23.62171], [-70.39026, -23.62202], [-70.39051, -23.62176]]]}}, {"type": "Feature", "properties": {"clase": "verde"}, "geometry": {"type": "Polygon", "coordinates": [[[-70.39218, -23.60804], [-70.39222, -23.60455], [-70.39218, -23.60804]]]}}, {"type": "Feature", "properties": {"clase": "verde"}, "geometry": {"type": "Polygon", "coordinates": [[[-70.39202, -23.61555], [-70.39178, -23.61424], [-70.3919, -23.61201], [-70.39182, -23.6141], [-70.39202, -23.61555]]]}}, {"type": "Feature", "properties": {"clase": "verde"}, "geometry": {"type": "Polygon", "coordinates": [[[-70.39241, -23.61719], [-70.39261, -23.61972], [-70.39342, -23.62132], [-70.39263, -23.61964], [-70.39241, -23.61719]]]}}, {"type": "Feature", "properties": {"clase": "verde"}, "geometry": {"type": "Polygon", "coordinates": [[[-70.38938, -23.60004], [-70.38948, -23.59859], [-70.38938, -23.60004]]]}}, {"type": "Feature", "properties": {"clase": "verde"}, "geometry": {"type": "Polygon", "coordinates": [[[-70.38897, -23.60435], [-70.3889, -23.60473], [-70.38897, -23.60435]]]}}, {"type": "Feature", "properties": {"clase": "verde"}, "geometry": {"type": "Polygon", "coordinates": [[[-70.38898, -23.61689], [-70.38864, -23.61541], [-70.38898, -23.61689]]]}}, {"type": "Feature", "properties": {"clase": "verde"}, "geometry": {"type": "Polygon", "coordinates": [[[-70.38857, -23.60399], [-70.38848, -23.60398], [-70.38856, -23.60385], [-70.38857, -23.60399]]]}}, {"type": "Feature", "properties": {"clase": "verde"}, "geometry": {"type": "Polygon", "coordinates": [[[-70.38713, -23.60915], [-70.38698, -23.6092], [-70.38704, -23.60885], [-70.38721, -23.60886], [-70.3871, -23.60893], [-70.38713, -23.60915]]]}}, {"type": "Feature", "properties": {"clase": "verde"}, "geometry": {"type": "Polygon", "coordinates": [[[-70.38776, -23.60987], [-70.38835, -23.60996], [-70.38843, -23.60903], [-70.38827, -23.60909], [-70.38829, -23.60986], [-70.38776, -23.60987]]]}}, {"type": "Feature", "properties": {"clase": "verde"}, "geometry": {"type": "Polygon", "coordinates": [[[-70.38811, -23.60983], [-70.38813, -23.60922], [-70.38811, -23.60983]]]}}, {"type": "Feature", "properties": {"clase": "verde"}, "geometry": {"type": "Polygon", "coordinates": [[[-70.38604, -23.60944], [-70.38594, -23.60955], [-70.38608, -23.60957], [-70.38604, -23.60944]]]}}, {"type": "Feature", "properties": {"clase": "verde"}, "geometry": {"type": "Polygon", "coordinates": [[[-70.39687, -23.62871], [-70.39671, -23.62868], [-70.39687, -23.62871]]]}}, {"type": "Feature", "properties": {"clase": "verde"}, "geometry": {"type": "Polygon", "coordinates": [[[-70.38714, -23.61346], [-70.38713, -23.61361], [-70.38741, -23.61362], [-70.38738, -23.61347], [-70.38714, -23.61346]]]}}, {"type": "Feature", "properties": {"clase": "verde"}, "geometry": {"type": "Polygon", "coordinates": [[[-70.38775, -23.61556], [-70.38743, -23.61562], [-70.38746, -23.61575], [-70.38778, -23.61569], [-70.38775, -23.61556]]]}}, {"type": "Feature", "properties": {"clase": "verde"}, "geometry": {"type": "Polygon", "coordinates": [[[-70.3872, -23.61564], [-70.38727, -23.61627], [-70.3872, -23.61564]]]}}, {"type": "Feature", "properties": {"clase": "verde"}, "geometry": {"type": "Polygon", "coordinates": [[[-70.38601, -23.61755], [-70.38582, -23.61765], [-70.38579, -23.61756], [-70.38601, -23.61755]]]}}, {"type": "Feature", "properties": {"clase": "verde"}, "geometry": {"type": "Polygon", "coordinates": [[[-70.38613, -23.61755], [-70.38737, -23.61736], [-70.38613, -23.61755]]]}}, {"type": "Feature", "properties": {"clase": "verde"}, "geometry": {"type": "Polygon", "coordinates": [[[-70.38783, -23.61724], [-70.38751, -23.61734], [-70.38783, -23.61724]]]}}, {"type": "Feature", "properties": {"clase": "verde"}, "geometry": {"type": "Polygon", "coordinates": [[[-70.38841, -23.61542], [-70.38783, -23.61553], [-70.38786, -23.61568], [-70.38844, -23.61558], [-70.38841, -23.61542]]]}}, {"type": "Feature", "properties": {"clase": "verde"}, "geometry": {"type": "Polygon", "coordinates": [[[-70.38331, -23.6306], [-70.38317, -23.63059], [-70.38315, -23.63082], [-70.3833, -23.63082], [-70.38331, -23.6306]]]}}, {"type": "Feature", "properties": {"clase": "verde"}, "geometry": {"type": "Polygon", "coordinates": [[[-70.38689, -23.62914], [-70.38667, -23.62914], [-70.38667, -23.62925], [-70.38689, -23.62925], [-70.38689, -23.62914]]]}}, {"type": "Feature", "properties": {"clase": "agua"}, "geometry": {"type": "Polygon", "coordinates": [[[-70.37386, -23.63184], [-70.37382, -23.63173], [-70.37386, -23.63184]]]}}, {"type": "Feature", "properties": {"clase": "verde"}, "geometry": {"type": "Polygon", "coordinates": [[[-70.37919, -23.63113], [-70.37911, -23.63121], [-70.37919, -23.63113]]]}}, {"type": "Feature", "properties": {"clase": "verde"}, "geometry": {"type": "Polygon", "coordinates": [[[-70.3806, -23.63365], [-70.38024, -23.63343], [-70.3806, -23.63365]]]}}, {"type": "Feature", "properties": {"clase": "verde"}, "geometry": {"type": "Polygon", "coordinates": [[[-70.38119, -23.634], [-70.38099, -23.6339], [-70.38092, -23.63399], [-70.38112, -23.63411], [-70.38119, -23.634]]]}}, {"type": "Feature", "properties": {"clase": "verde"}, "geometry": {"type": "Polygon", "coordinates": [[[-70.38096, -23.63415], [-70.3806, -23.6338], [-70.38092, -23.6339], [-70.38096, -23.63415]]]}}, {"type": "Feature", "properties": {"clase": "verde"}, "geometry": {"type": "Polygon", "coordinates": [[[-70.3892, -23.63654], [-70.38906, -23.63651], [-70.38908, -23.63637], [-70.3892, -23.63654]]]}}, {"type": "Feature", "properties": {"clase": "verde"}, "geometry": {"type": "Polygon", "coordinates": [[[-70.38941, -23.63657], [-70.3893, -23.63652], [-70.38941, -23.63657]]]}}, {"type": "Feature", "properties": {"clase": "verde"}, "geometry": {"type": "Polygon", "coordinates": [[[-70.38953, -23.63647], [-70.38944, -23.63646], [-70.38949, -23.63655], [-70.38953, -23.63647]]]}}, {"type": "Feature", "properties": {"clase": "verde"}, "geometry": {"type": "Polygon", "coordinates": [[[-70.38781, -23.63422], [-70.38759, -23.63429], [-70.38759, -23.63411], [-70.38781, -23.63422]]]}}, {"type": "Feature", "properties": {"clase": "verde"}, "geometry": {"type": "Polygon", "coordinates": [[[-70.38784, -23.63376], [-70.38779, -23.63383], [-70.38784, -23.63376]]]}}, {"type": "Feature", "properties": {"clase": "verde"}, "geometry": {"type": "Polygon", "coordinates": [[[-70.39094, -23.66095], [-70.39072, -23.66099], [-70.39083, -23.66127], [-70.39105, -23.66118], [-70.39094, -23.66095]]]}}, {"type": "Feature", "properties": {"clase": "verde"}, "geometry": {"type": "Polygon", "coordinates": [[[-70.40948, -23.67544], [-70.40933, -23.67547], [-70.40938, -23.67572], [-70.40953, -23.6757], [-70.40948, -23.67544]]]}}, {"type": "Feature", "properties": {"clase": "verde"}, "geometry": {"type": "Polygon", "coordinates": [[[-70.40923, -23.67549], [-70.4091, -23.67551], [-70.40915, -23.67576], [-70.40929, -23.67573], [-70.40923, -23.67549]]]}}, {"type": "Feature", "properties": {"clase": "verde"}, "geometry": {"type": "Polygon", "coordinates": [[[-70.409, -23.67551], [-70.40883, -23.67554], [-70.40888, -23.67583], [-70.40906, -23.6758], [-70.409, -23.67551]]]}}, {"type": "Feature", "properties": {"clase": "verde"}, "geometry": {"type": "Polygon", "coordinates": [[[-70.40898, -23.67699], [-70.4089, -23.67702], [-70.40871, -23.6764], [-70.4089, -23.67655], [-70.40898, -23.67699]]]}}, {"type": "Feature", "properties": {"clase": "verde"}, "geometry": {"type": "Polygon", "coordinates": [[[-70.40947, -23.67454], [-70.40935, -23.67466], [-70.40919, -23.67436], [-70.40947, -23.67454]]]}}, {"type": "Feature", "properties": {"clase": "verde"}, "geometry": {"type": "Polygon", "coordinates": [[[-70.41145, -23.67493], [-70.41125, -23.67504], [-70.41139, -23.67499], [-70.41143, -23.67514], [-70.41152, -23.67511], [-70.41145, -23.67493]]]}}, {"type": "Feature", "properties": {"clase": "verde"}, "geometry": {"type": "Polygon", "coordinates": [[[-70.41177, -23.67469], [-70.41117, -23.67372], [-70.41177, -23.67469]]]}}, {"type": "Feature", "properties": {"clase": "verde"}, "geometry": {"type": "Polygon", "coordinates": [[[-70.41205, -23.6754], [-70.41182, -23.67491], [-70.41205, -23.6754]]]}}, {"type": "Feature", "properties": {"clase": "verde"}, "geometry": {"type": "Polygon", "coordinates": [[[-70.41212, -23.67567], [-70.41227, -23.67626], [-70.41212, -23.67567]]]}}, {"type": "Feature", "properties": {"clase": "verde"}, "geometry": {"type": "Polygon", "coordinates": [[[-70.4124, -23.67649], [-70.41248, -23.6769], [-70.4124, -23.67649]]]}}, {"type": "Feature", "properties": {"clase": "verde"}, "geometry": {"type": "Polygon", "coordinates": [[[-70.41313, -23.67869], [-70.41284, -23.67772], [-70.41313, -23.67869]]]}}, {"type": "Feature", "properties": {"clase": "verde"}, "geometry": {"type": "Polygon", "coordinates": [[[-70.41368, -23.68059], [-70.41323, -23.67898], [-70.41368, -23.68059]]]}}, {"type": "Feature", "properties": {"clase": "verde"}, "geometry": {"type": "Polygon", "coordinates": [[[-70.41392, -23.68156], [-70.41378, -23.68109], [-70.41398, -23.68181], [-70.4143, -23.68227], [-70.41392, -23.68156]]]}}, {"type": "Feature", "properties": {"clase": "verde"}, "geometry": {"type": "Polygon", "coordinates": [[[-70.41497, -23.68293], [-70.41824, -23.68639], [-70.41497, -23.68293]]]}}, {"type": "Feature", "properties": {"clase": "verde"}, "geometry": {"type": "Polygon", "coordinates": [[[-70.4192, -23.6875], [-70.41982, -23.68864], [-70.42092, -23.69179], [-70.41985, -23.68866], [-70.4192, -23.6875]]]}}, {"type": "Feature", "properties": {"clase": "verde"}, "geometry": {"type": "Polygon", "coordinates": [[[-70.40906, -23.67743], [-70.40908, -23.67758], [-70.40906, -23.67743]]]}}, {"type": "Feature", "properties": {"clase": "verde"}, "geometry": {"type": "Polygon", "coordinates": [[[-70.40922, -23.67737], [-70.40913, -23.6774], [-70.40922, -23.67764], [-70.40931, -23.67761], [-70.40922, -23.67737]]]}}, {"type": "Feature", "properties": {"clase": "verde"}, "geometry": {"type": "Polygon", "coordinates": [[[-70.40904, -23.67739], [-70.40896, -23.67727], [-70.40904, -23.67739]]]}}, {"type": "Feature", "properties": {"clase": "verde"}, "geometry": {"type": "Polygon", "coordinates": [[[-70.4092, -23.67733], [-70.40911, -23.67737], [-70.40904, -23.67721], [-70.4092, -23.67733]]]}}, {"type": "Feature", "properties": {"clase": "verde"}, "geometry": {"type": "Polygon", "coordinates": [[[-70.40752, -23.67651], [-70.40726, -23.67632], [-70.40737, -23.67617], [-70.40752, -23.67651]]]}}, {"type": "Feature", "properties": {"clase": "verde"}, "geometry": {"type": "Polygon", "coordinates": [[[-70.40733, -23.67643], [-70.40724, -23.67636], [-70.40724, -23.67653], [-70.40733, -23.67643]]]}}, {"type": "Feature", "properties": {"clase": "verde"}, "geometry": {"type": "Polygon", "coordinates": [[[-70.39976, -23.66833], [-70.39983, -23.66809], [-70.39967, -23.66801], [-70.3996, -23.66808], [-70.39976, -23.66833]]]}}, {"type": "Feature", "properties": {"clase": "verde"}, "geometry": {"type": "Polygon", "coordinates": [[[-70.39979, -23.66796], [-70.39972, -23.66802], [-70.39979, -23.66796]]]}}, {"type": "Feature", "properties": {"clase": "verde"}, "geometry": {"type": "Polygon", "coordinates": [[[-70.40018, -23.66822], [-70.40008, -23.66826], [-70.4001, -23.66811], [-70.40018, -23.66822]]]}}, {"type": "Feature", "properties": {"clase": "verde"}, "geometry": {"type": "Polygon", "coordinates": [[[-70.4072, -23.67055], [-70.40701, -23.67062], [-70.40704, -23.67072], [-70.4072, -23.67055]]]}}, {"type": "Feature", "properties": {"clase": "verde"}, "geometry": {"type": "Polygon", "coordinates": [[[-70.40716, -23.67028], [-70.40721, -23.67043], [-70.40716, -23.67028]]]}}, {"type": "Feature", "properties": {"clase": "verde"}, "geometry": {"type": "Polygon", "coordinates": [[[-70.40711, -23.67019], [-70.40681, -23.67023], [-70.40711, -23.67019]]]}}, {"type": "Feature", "properties": {"clase": "verde"}, "geometry": {"type": "Polygon", "coordinates": [[[-70.40307, -23.66369], [-70.40297, -23.66373], [-70.40307, -23.66369]]]}}, {"type": "Feature", "properties": {"clase": "verde"}, "geometry": {"type": "Polygon", "coordinates": [[[-70.40076, -23.65758], [-70.40063, -23.65771], [-70.40076, -23.65758]]]}}, {"type": "Feature", "properties": {"clase": "verde"}, "geometry": {"type": "Polygon", "coordinates": [[[-70.39659, -23.65838], [-70.39635, -23.65839], [-70.39637, -23.65864], [-70.39659, -23.65838]]]}}, {"type": "Feature", "properties": {"clase": "verde"}, "geometry": {"type": "Polygon", "coordinates": [[[-70.3966, -23.65835], [-70.39634, -23.65836], [-70.39633, -23.65812], [-70.3966, -23.65835]]]}}, {"type": "Feature", "properties": {"clase": "verde"}, "geometry": {"type": "Polygon", "coordinates": [[[-70.39582, -23.65603], [-70.39568, -23.65612], [-70.3958, -23.65642], [-70.396, -23.65628], [-70.39582, -23.65603]]]}}, {"type": "Feature", "properties": {"clase": "verde"}, "geometry": {"type": "Polygon", "coordinates": [[[-70.39662, -23.65836], [-70.39631, -23.65813], [-70.39635, -23.65866], [-70.39662, -23.65836]]]}}, {"type": "Feature", "properties": {"clase": "verde"}, "geometry": {"type": "Polygon", "coordinates": [[[-70.39547, -23.6527], [-70.39536, -23.65288], [-70.39519, -23.65274], [-70.39536, -23.65258], [-70.39547, -23.6527]]]}}, {"type": "Feature", "properties": {"clase": "verde"}, "geometry": {"type": "Polygon", "coordinates": [[[-70.40108, -23.6468], [-70.40101, -23.64675], [-70.40108, -23.6468]]]}}, {"type": "Feature", "properties": {"clase": "verde"}, "geometry": {"type": "Polygon", "coordinates": [[[-70.39896, -23.66868], [-70.3988, -23.66854], [-70.39888, -23.66845], [-70.39896, -23.66868]]]}}, {"type": "Feature", "properties": {"clase": "verde"}, "geometry": {"type": "Polygon", "coordinates": [[[-70.39882, -23.66739], [-70.39879, -23.6675], [-70.39882, -23.66739]]]}}, {"type": "Feature", "properties": {"clase": "verde"}, "geometry": {"type": "Polygon", "coordinates": [[[-70.39516, -23.62261], [-70.39526, -23.62312], [-70.39579, -23.6231], [-70.39544, -23.62272], [-70.39516, -23.62261]]]}}, {"type": "Feature", "properties": {"clase": "verde"}, "geometry": {"type": "Polygon", "coordinates": [[[-70.42162, -23.69608], [-70.42166, -23.69595], [-70.42175, -23.69606], [-70.42183, -23.69674], [-70.42157, -23.6973], [-70.42147, -23.69676], [-70.42162, -23.69608]]]}}, {"type": "Feature", "properties": {"clase": "verde"}, "geometry": {"type": "Polygon", "coordinates": [[[-70.39251, -23.64664], [-70.39238, -23.64675], [-70.39255, -23.6469], [-70.39251, -23.64664]]]}}, {"type": "Feature", "properties": {"clase": "verde"}, "geometry": {"type": "Polygon", "coordinates": [[[-70.39227, -23.64748], [-70.39215, -23.64756], [-70.3923, -23.64777], [-70.39243, -23.64769], [-70.39227, -23.64748]]]}}, {"type": "Feature", "properties": {"clase": "verde"}, "geometry": {"type": "Polygon", "coordinates": [[[-70.40668, -23.67137], [-70.40648, -23.67168], [-70.40667, -23.67155], [-70.40668, -23.67137]]]}}, {"type": "Feature", "properties": {"clase": "verde"}, "geometry": {"type": "Polygon", "coordinates": [[[-70.40668, -23.67088], [-70.40606, -23.67083], [-70.40668, -23.67088]]]}}, {"type": "Feature", "properties": {"clase": "verde"}, "geometry": {"type": "Polygon", "coordinates": [[[-70.3929, -23.64942], [-70.39269, -23.64968], [-70.39292, -23.64989], [-70.3929, -23.64942]]]}}, {"type": "Feature", "properties": {"clase": "verde"}, "geometry": {"type": "Polygon", "coordinates": [[[-70.39289, -23.64949], [-70.39275, -23.64964], [-70.39289, -23.64964], [-70.39289, -23.64949]]]}}, {"type": "Feature", "properties": {"clase": "verde"}, "geometry": {"type": "Polygon", "coordinates": [[[-70.39289, -23.64982], [-70.39289, -23.64969], [-70.39276, -23.64968], [-70.39289, -23.64982]]]}}, {"type": "Feature", "properties": {"clase": "verde"}, "geometry": {"type": "Polygon", "coordinates": [[[-70.39293, -23.65121], [-70.39295, -23.65131], [-70.39293, -23.65121]]]}}, {"type": "Feature", "properties": {"clase": "verde"}, "geometry": {"type": "Polygon", "coordinates": [[[-70.39291, -23.6511], [-70.39287, -23.65121], [-70.39291, -23.6511]]]}}, {"type": "Feature", "properties": {"clase": "verde"}, "geometry": {"type": "Polygon", "coordinates": [[[-70.40183, -23.66141], [-70.40171, -23.66135], [-70.40172, -23.66146], [-70.40183, -23.66141]]]}}, {"type": "Feature", "properties": {"clase": "verde"}, "geometry": {"type": "Polygon", "coordinates": [[[-70.40166, -23.66145], [-70.40154, -23.66145], [-70.40166, -23.66145]]]}}, {"type": "Feature", "properties": {"clase": "verde"}, "geometry": {"type": "Polygon", "coordinates": [[[-70.4018, -23.66085], [-70.40165, -23.66109], [-70.40182, -23.66133], [-70.4018, -23.66085]]]}}, {"type": "Feature", "properties": {"clase": "verde"}, "geometry": {"type": "Polygon", "coordinates": [[[-70.40157, -23.66079], [-70.40158, -23.6605], [-70.40142, -23.6605], [-70.40141, -23.6607], [-70.40157, -23.66079]]]}}, {"type": "Feature", "properties": {"clase": "verde"}, "geometry": {"type": "Polygon", "coordinates": [[[-70.40156, -23.66083], [-70.40141, -23.66075], [-70.40143, -23.6611], [-70.40156, -23.66083]]]}}, {"type": "Feature", "properties": {"clase": "verde"}, "geometry": {"type": "Polygon", "coordinates": [[[-70.40144, -23.66116], [-70.40157, -23.661], [-70.40165, -23.66121], [-70.40148, -23.66139], [-70.40144, -23.66116]]]}}, {"type": "Feature", "properties": {"clase": "verde"}, "geometry": {"type": "Polygon", "coordinates": [[[-70.40179, -23.66079], [-70.40178, -23.6605], [-70.40162, -23.6605], [-70.40168, -23.66087], [-70.40179, -23.66079]]]}}, {"type": "Feature", "properties": {"clase": "verde"}, "geometry": {"type": "Polygon", "coordinates": [[[-70.40183, -23.66157], [-70.40172, -23.66158], [-70.40184, -23.66186], [-70.40183, -23.66157]]]}}, {"type": "Feature", "properties": {"clase": "verde"}, "geometry": {"type": "Polygon", "coordinates": [[[-70.40169, -23.66158], [-70.40154, -23.6616], [-70.40167, -23.66198], [-70.40169, -23.66158]]]}}, {"type": "Feature", "properties": {"clase": "verde"}, "geometry": {"type": "Polygon", "coordinates": [[[-70.40829, -23.67121], [-70.40787, -23.67084], [-70.40746, -23.67082], [-70.40817, -23.67134], [-70.40829, -23.67121]]]}}, {"type": "Feature", "properties": {"clase": "verde"}, "geometry": {"type": "Polygon", "coordinates": [[[-70.3954, -23.57614], [-70.39486, -23.57582], [-70.39432, -23.57662], [-70.39482, -23.57694], [-70.3954, -23.57614]]]}}, {"type": "Feature", "properties": {"clase": "verde"}, "geometry": {"type": "Polygon", "coordinates": [[[-70.38912, -23.61762], [-70.38904, -23.61736], [-70.38912, -23.61762]]]}}, {"type": "Feature", "properties": {"clase": "verde"}, "geometry": {"type": "Polygon", "coordinates": [[[-70.3913, -23.57658], [-70.39118, -23.57648], [-70.39125, -23.57547], [-70.39135, -23.57545], [-70.3913, -23.57658]]]}}, {"type": "Feature", "properties": {"clase": "verde"}, "geometry": {"type": "Polygon", "coordinates": [[[-70.41412, -23.70454], [-70.41308, -23.70423], [-70.41385, -23.70484], [-70.41412, -23.70454]]]}}, {"type": "Feature", "properties": {"clase": "verde"}, "geometry": {"type": "Polygon", "coordinates": [[[-70.41371, -23.70431], [-70.41328, -23.70421], [-70.41264, -23.70376], [-70.41287, -23.70369], [-70.41371, -23.70431]]]}}, {"type": "Feature", "properties": {"clase": "verde"}, "geometry": {"type": "Polygon", "coordinates": [[[-70.37713, -23.62913], [-70.3774, -23.6298], [-70.37647, -23.62959], [-70.37634, -23.62946], [-70.37643, -23.62918], [-70.37713, -23.62913]]]}}, {"type": "Feature", "properties": {"clase": "verde"}, "geometry": {"type": "Polygon", "coordinates": [[[-70.37551, -23.62938], [-70.37612, -23.62924], [-70.37622, -23.62946], [-70.37551, -23.62938]]]}}, {"type": "Feature", "properties": {"clase": "verde"}, "geometry": {"type": "Polygon", "coordinates": [[[-70.37996, -23.60124], [-70.37992, -23.60063], [-70.37968, -23.6006], [-70.37973, -23.60126], [-70.37996, -23.60124]]]}}, {"type": "Feature", "properties": {"clase": "verde"}, "geometry": {"type": "Polygon", "coordinates": [[[-70.40227, -23.66912], [-70.40198, -23.66834], [-70.4027, -23.66793], [-70.40316, -23.66875], [-70.40227, -23.66912]]]}}, {"type": "Feature", "properties": {"clase": "verde"}, "geometry": {"type": "Polygon", "coordinates": [[[-70.40262, -23.66984], [-70.40333, -23.66954], [-70.40309, -23.66907], [-70.40238, -23.66937], [-70.40262, -23.66984]]]}}, {"type": "Feature", "properties": {"clase": "verde"}, "geometry": {"type": "Polygon", "coordinates": [[[-70.39475, -23.58576], [-70.39516, -23.58695], [-70.39494, -23.58751], [-70.39482, -23.58766], [-70.39437, -23.58703], [-70.39405, -23.58706], [-70.39373, -23.5864], [-70.39354, -23.58544], [-70.39363, -23.58406], [-70.39403, -23.58409], [-70.39366, -23.58475], [-70.39366, -23.58532], [-70.39408, -23.58567], [-70.39475, -23.58576]]]}}, {"type": "Feature", "properties": {"clase": "verde"}, "geometry": {"type": "Polygon", "coordinates": [[[-70.39512, -23.58687], [-70.39521, -23.58688], [-70.3953, -23.5877], [-70.39565, -23.58842], [-70.39571, -23.58913], [-70.396, -23.58969], [-70.3964, -23.59003], [-70.39649, -23.5903], [-70.397, -23.59066], [-70.39727, -23.59111], [-70.39737, -23.59208], [-70.39764, -23.59243], [-70.39762, -23.59361], [-70.39736, -23.5941], [-70.39742, -23.59448], [-70.39709, -23.59522], [-70.39722, -23.59566], [-70.39715, -23.59642], [-70.39685, -23.59659], [-70.39645, -23.59661], [-70.39566, -23.59715], [-70.39571, -23.59744], [-70.3955, -23.59761], [-70.39545, -23.59803], [-70.39498, -23.59847], [-70.39451, -23.59937], [-70.39376, -23.6], [-70.39377, -23.5995], [-70.3943, -23.59856], [-70.39672, -23.59566], [-70.3972, -23.59449], [-70.39722, -23.59268], [-70.39548, -23.58908], [-70.39558, -23.58875], [-70.3955, -23.58852], [-70.39482, -23.58766], [-70.39511, -23.58715], [-70.39512, -23.58687]]]}}, {"type": "Feature", "properties": {"clase": "verde"}, "geometry": {"type": "Polygon", "coordinates": [[[-70.38575, -23.65206], [-70.38541, -23.65178], [-70.38592, -23.65325], [-70.38616, -23.65522], [-70.38652, -23.6555], [-70.38633, -23.65355], [-70.38575, -23.65206]]]}}, {"type": "Feature", "properties": {"clase": "verde"}, "geometry": {"type": "Polygon", "coordinates": [[[-70.38785, -23.58044], [-70.38747, -23.58027], [-70.38729, -23.58034], [-70.38699, -23.58063], [-70.38694, -23.58087], [-70.38757, -23.58072], [-70.38836, -23.58126], [-70.38829, -23.5815], [-70.38854, -23.58168], [-70.38852, -23.58123], [-70.38811, -23.58092], [-70.38785, -23.58044]]]}}, {"type": "Feature", "properties": {"clase": "verde"}, "geometry": {"type": "Polygon", "coordinates": [[[-70.39272, -23.64442], [-70.39283, -23.64453], [-70.39263, -23.64473], [-70.39272, -23.64442]]]}}, {"type": "Feature", "properties": {"clase": "verde"}, "geometry": {"type": "Polygon", "coordinates": [[[-70.38968, -23.64373], [-70.38956, -23.644], [-70.38971, -23.64443], [-70.3896, -23.64449], [-70.38977, -23.64463], [-70.38968, -23.64373]]]}}, {"type": "Feature", "properties": {"clase": "verde"}, "geometry": {"type": "Polygon", "coordinates": [[[-70.38677, -23.64416], [-70.38662, -23.64424], [-70.38674, -23.6443], [-70.38663, -23.64442], [-70.38632, -23.64433], [-70.38638, -23.6449], [-70.38652, -23.6449], [-70.38695, -23.64446], [-70.38677, -23.64416]]]}}, {"type": "Feature", "properties": {"clase": "verde"}, "geometry": {"type": "Polygon", "coordinates": [[[-70.38447, -23.59342], [-70.38408, -23.59351], [-70.38447, -23.59342]]]}}, {"type": "Feature", "properties": {"clase": "verde"}, "geometry": {"type": "Polygon", "coordinates": [[[-70.38398, -23.59301], [-70.384, -23.5934], [-70.38391, -23.59341], [-70.38389, -23.59301], [-70.38398, -23.59301]]]}}, {"type": "Feature", "properties": {"clase": "verde"}, "geometry": {"type": "Polygon", "coordinates": [[[-70.38397, -23.59345], [-70.38397, -23.59395], [-70.38391, -23.59353], [-70.38346, -23.5935], [-70.38397, -23.59345]]]}}, {"type": "Feature", "properties": {"clase": "verde"}, "geometry": {"type": "Polygon", "coordinates": [[[-70.38541, -23.59731], [-70.38531, -23.59892], [-70.38498, -23.59895], [-70.38494, -23.5985], [-70.38523, -23.59781], [-70.3853, -23.59729], [-70.38541, -23.59731]]]}}, {"type": "Feature", "properties": {"clase": "verde"}, "geometry": {"type": "Polygon", "coordinates": [[[-70.38538, -23.59634], [-70.38541, -23.59714], [-70.38532, -23.59718], [-70.38526, -23.59639], [-70.38538, -23.59634]]]}}, {"type": "Feature", "properties": {"clase": "verde"}, "geometry": {"type": "Polygon", "coordinates": [[[-70.38189, -23.59314], [-70.38191, -23.59353], [-70.38182, -23.59354], [-70.3818, -23.59314], [-70.38189, -23.59314]]]}}, {"type": "Feature", "properties": {"clase": "verde"}, "geometry": {"type": "Polygon", "coordinates": [[[-70.38188, -23.59358], [-70.38194, -23.59407], [-70.38182, -23.59366], [-70.38137, -23.59362], [-70.38188, -23.59358]]]}}, {"type": "Feature", "properties": {"clase": "verde"}, "geometry": {"type": "Polygon", "coordinates": [[[-70.38238, -23.59355], [-70.38199, -23.59364], [-70.38238, -23.59355]]]}}, {"type": "Feature", "properties": {"clase": "verde"}, "geometry": {"type": "Polygon", "coordinates": [[[-70.3754, -23.5916], [-70.3748, -23.59172], [-70.37501, -23.59256], [-70.37561, -23.59243], [-70.3754, -23.5916]]]}}, {"type": "Feature", "properties": {"clase": "verde"}, "geometry": {"type": "Polygon", "coordinates": [[[-70.38363, -23.58227], [-70.38349, -23.58226], [-70.38346, -23.58251], [-70.3836, -23.58252], [-70.38363, -23.58227]]]}}, {"type": "Feature", "properties": {"clase": "verde"}, "geometry": {"type": "Polygon", "coordinates": [[[-70.38406, -23.64867], [-70.38366, -23.64902], [-70.3836, -23.64925], [-70.38458, -23.64955], [-70.38442, -23.64906], [-70.38421, -23.64912], [-70.38406, -23.64867]]]}}, {"type": "Feature", "properties": {"clase": "verde"}, "geometry": {"type": "Polygon", "coordinates": [[[-70.39267, -23.60941], [-70.39247, -23.61002], [-70.39233, -23.61008], [-70.39241, -23.60926], [-70.39252, -23.60914], [-70.39267, -23.60941]]]}}, {"type": "Feature", "properties": {"clase": "verde"}, "geometry": {"type": "Polygon", "coordinates": [[[-70.37366, -23.60472], [-70.37391, -23.60557], [-70.37404, -23.60556], [-70.3741, -23.60547], [-70.37366, -23.60472]]]}}, {"type": "Feature", "properties": {"clase": "verde"}, "geometry": {"type": "Polygon", "coordinates": [[[-70.37646, -23.58794], [-70.37647, -23.58841], [-70.37627, -23.58841], [-70.37627, -23.58797], [-70.37646, -23.58794]]]}}, {"type": "Feature", "properties": {"clase": "verde"}, "geometry": {"type": "Polygon", "coordinates": [[[-70.38365, -23.59021], [-70.38331, -23.59023], [-70.38332, -23.59036], [-70.38366, -23.59034], [-70.38365, -23.59021]]]}}, {"type": "Feature", "properties": {"clase": "verde"}, "geometry": {"type": "Polygon", "coordinates": [[[-70.38326, -23.59023], [-70.38292, -23.59025], [-70.38293, -23.59039], [-70.38327, -23.59037], [-70.38326, -23.59023]]]}}, {"type": "Feature", "properties": {"clase": "verde"}, "geometry": {"type": "Polygon", "coordinates": [[[-70.38161, -23.60282], [-70.38157, -23.60307], [-70.38131, -23.60303], [-70.38136, -23.60278], [-70.38161, -23.60282]]]}}, {"type": "Feature", "properties": {"clase": "verde"}, "geometry": {"type": "Polygon", "coordinates": [[[-70.38173, -23.60308], [-70.38161, -23.60306], [-70.38152, -23.60349], [-70.38164, -23.60351], [-70.38173, -23.60308]]]}}, {"type": "Feature", "properties": {"clase": "verde"}, "geometry": {"type": "Polygon", "coordinates": [[[-70.38466, -23.57692], [-70.38463, -23.57723], [-70.38457, -23.57709], [-70.38433, -23.57707], [-70.38436, -23.5769], [-70.38466, -23.57692]]]}}, {"type": "Feature", "properties": {"clase": "verde"}, "geometry": {"type": "Polygon", "coordinates": [[[-70.38391, -23.57832], [-70.38381, -23.57831], [-70.38368, -23.57914], [-70.38385, -23.57916], [-70.38391, -23.57832]]]}}, {"type": "Feature", "properties": {"clase": "verde"}, "geometry": {"type": "Polygon", "coordinates": [[[-70.39824, -23.64652], [-70.39822, -23.64665], [-70.39824, -23.64652]]]}}, {"type": "Feature", "properties": {"clase": "verde"}, "geometry": {"type": "Polygon", "coordinates": [[[-70.40276, -23.6564], [-70.40271, -23.6565], [-70.40276, -23.6564]]]}}, {"type": "Feature", "properties": {"clase": "verde"}, "geometry": {"type": "Polygon", "coordinates": [[[-70.40277, -23.6567], [-70.40272, -23.6568], [-70.40277, -23.6567]]]}}, {"type": "Feature", "properties": {"clase": "verde"}, "geometry": {"type": "Polygon", "coordinates": [[[-70.42118, -23.71228], [-70.42102, -23.71273], [-70.42028, -23.71249], [-70.42044, -23.71205], [-70.42118, -23.71228]]]}}, {"type": "Feature", "properties": {"clase": "verde"}, "geometry": {"type": "Polygon", "coordinates": [[[-70.42518, -23.70491], [-70.42508, -23.70499], [-70.42515, -23.70505], [-70.42525, -23.70498], [-70.42518, -23.70491]]]}}, {"type": "Feature", "properties": {"clase": "verde"}, "geometry": {"type": "Polygon", "coordinates": [[[-70.42528, -23.70459], [-70.42497, -23.70481], [-70.42528, -23.70459]]]}}, {"type": "Feature", "properties": {"clase": "verde"}, "geometry": {"type": "Polygon", "coordinates": [[[-70.42548, -23.70536], [-70.42516, -23.70518], [-70.42531, -23.70504], [-70.42556, -23.70519], [-70.42548, -23.70536]]]}}, {"type": "Feature", "properties": {"clase": "verde"}, "geometry": {"type": "Polygon", "coordinates": [[[-70.42544, -23.70542], [-70.42538, -23.7056], [-70.4256, -23.70568], [-70.42566, -23.70546], [-70.42544, -23.70542]]]}}, {"type": "Feature", "properties": {"clase": "verde"}, "geometry": {"type": "Polygon", "coordinates": [[[-70.42477, -23.70611], [-70.42468, -23.7063], [-70.42467, -23.70611], [-70.42477, -23.70611]]]}}, {"type": "Feature", "properties": {"clase": "verde"}, "geometry": {"type": "Polygon", "coordinates": [[[-70.42477, -23.70629], [-70.42478, -23.70647], [-70.42468, -23.70648], [-70.42477, -23.70629]]]}}, {"type": "Feature", "properties": {"clase": "verde"}, "geometry": {"type": "Polygon", "coordinates": [[[-70.40607, -23.68126], [-70.40627, -23.68176], [-70.406, -23.68187], [-70.40578, -23.68136], [-70.40607, -23.68126]]]}}, {"type": "Feature", "properties": {"clase": "verde"}, "geometry": {"type": "Polygon", "coordinates": [[[-70.43334, -23.71632], [-70.43339, -23.71649], [-70.43329, -23.71652], [-70.43324, -23.71634], [-70.43334, -23.71632]]]}}, {"type": "Feature", "properties": {"clase": "verde"}, "geometry": {"type": "Polygon", "coordinates": [[[-70.4332, -23.71636], [-70.43324, -23.71653], [-70.43314, -23.71655], [-70.4331, -23.71638], [-70.4332, -23.71636]]]}}, {"type": "Feature", "properties": {"clase": "verde"}, "geometry": {"type": "Polygon", "coordinates": [[[-70.43305, -23.71639], [-70.4331, -23.71656], [-70.433, -23.71659], [-70.43295, -23.71641], [-70.43305, -23.71639]]]}}, {"type": "Feature", "properties": {"clase": "verde"}, "geometry": {"type": "Polygon", "coordinates": [[[-70.42483, -23.70519], [-70.42467, -23.70527], [-70.42477, -23.70543], [-70.4247, -23.70557], [-70.42452, -23.70562], [-70.4254, -23.70569], [-70.42483, -23.70519]]]}}, {"type": "Feature", "properties": {"clase": "verde"}, "geometry": {"type": "Polygon", "coordinates": [[[-70.41084, -23.68259], [-70.41089, -23.68268], [-70.41084, -23.68259]]]}}, {"type": "Feature", "properties": {"clase": "verde"}, "geometry": {"type": "Polygon", "coordinates": [[[-70.41055, -23.68121], [-70.41048, -23.68141], [-70.41041, -23.68127], [-70.41055, -23.68121]]]}}, {"type": "Feature", "properties": {"clase": "verde"}, "geometry": {"type": "Polygon", "coordinates": [[[-70.4106, -23.68119], [-70.41063, -23.68144], [-70.4106, -23.68119]]]}}, {"type": "Feature", "properties": {"clase": "verde"}, "geometry": {"type": "Polygon", "coordinates": [[[-70.41055, -23.68142], [-70.41054, -23.68157], [-70.41064, -23.68155], [-70.41055, -23.68142]]]}}, {"type": "Feature", "properties": {"clase": "verde"}, "geometry": {"type": "Polygon", "coordinates": [[[-70.41024, -23.68034], [-70.41029, -23.68045], [-70.41008, -23.68053], [-70.41003, -23.68042], [-70.41024, -23.68034]]]}}, {"type": "Feature", "properties": {"clase": "verde"}, "geometry": {"type": "Polygon", "coordinates": [[[-70.41004, -23.68032], [-70.41002, -23.6804], [-70.41015, -23.68035], [-70.41004, -23.68032]]]}}, {"type": "Feature", "properties": {"clase": "verde"}, "geometry": {"type": "Polygon", "coordinates": [[[-70.39675, -23.59081], [-70.39691, -23.59097], [-70.39663, -23.59114], [-70.39656, -23.591], [-70.39675, -23.59081]]]}}, {"type": "Feature", "properties": {"clase": "verde"}, "geometry": {"type": "Polygon", "coordinates": [[[-70.39699, -23.59096], [-70.39668, -23.59125], [-70.39699, -23.59124], [-70.39711, -23.59105], [-70.39699, -23.59096]]]}}, {"type": "Feature", "properties": {"clase": "verde"}, "geometry": {"type": "Polygon", "coordinates": [[[-70.39556, -23.58879], [-70.39559, -23.58902], [-70.39548, -23.58894], [-70.39556, -23.58879]]]}}, {"type": "Feature", "properties": {"clase": "verde"}, "geometry": {"type": "Polygon", "coordinates": [[[-70.42091, -23.69765], [-70.42066, -23.6979], [-70.42121, -23.69762], [-70.4215, -23.69739], [-70.42145, -23.69723], [-70.42117, -23.69733], [-70.42091, -23.69765]]]}}, {"type": "Feature", "properties": {"clase": "verde"}, "geometry": {"type": "Polygon", "coordinates": [[[-70.42139, -23.69672], [-70.42138, -23.69696], [-70.42123, -23.69696], [-70.42092, -23.69735], [-70.42072, -23.6975], [-70.42041, -23.69751], [-70.42139, -23.69672]]]}}, {"type": "Feature", "properties": {"clase": "verde"}, "geometry": {"type": "Polygon", "coordinates": [[[-70.42048, -23.6978], [-70.42048, -23.69793], [-70.41933, -23.69848], [-70.42048, -23.6978]]]}}, {"type": "Feature", "properties": {"clase": "verde"}, "geometry": {"type": "Polygon", "coordinates": [[[-70.42039, -23.69759], [-70.42048, -23.69766], [-70.41921, -23.69833], [-70.42039, -23.69759]]]}}, {"type": "Feature", "properties": {"clase": "verde"}, "geometry": {"type": "Polygon", "coordinates": [[[-70.41919, -23.69852], [-70.41927, -23.69858], [-70.4183, -23.69895], [-70.41919, -23.69852]]]}}, {"type": "Feature", "properties": {"clase": "verde"}, "geometry": {"type": "Polygon", "coordinates": [[[-70.41911, -23.69829], [-70.41824, -23.69882], [-70.41873, -23.69866], [-70.41911, -23.69829]]]}}, {"type": "Feature", "properties": {"clase": "verde"}, "geometry": {"type": "Polygon", "coordinates": [[[-70.39452, -23.59886], [-70.39432, -23.59876], [-70.39448, -23.59848], [-70.39468, -23.59858], [-70.39452, -23.59886]]]}}, {"type": "Feature", "properties": {"clase": "verde"}, "geometry": {"type": "Polygon", "coordinates": [[[-70.38632, -23.58466], [-70.38629, -23.58441], [-70.38654, -23.58442], [-70.38653, -23.58464], [-70.38632, -23.58466]]]}}, {"type": "Feature", "properties": {"clase": "verde"}, "geometry": {"type": "Polygon", "coordinates": [[[-70.38623, -23.58475], [-70.38635, -23.58489], [-70.38616, -23.58481], [-70.38623, -23.58475]]]}}], "_meta": {"ciudad": "Antofagasta", "fuente": "OpenStreetMap (ODbL) — extracción puntual Overpass"}}